time(UTC),poa_global,poa_direct,poa_diffuse,poa_sky_diffuse,poa_ground_diffuse,cell_temp
2021-01-01 00:00:00+00:00,0.0,0.0,0.0,0.0,0.0,16.85
2021-01-01 01:00:00+00:00,0.0,0.0,0.0,0.0,0.0,16.78
2021-01-01 02:00:00+00:00,0.0,0.0,0.0,0.0,0.0,16.71
2021-01-01 03:00:00+00:00,0.0,0.0,0.0,0.0,0.0,16.64
2021-01-01 04:00:00+00:00,20.89470958122162,0.0,20.89470958122162,20.526279441628827,0.3684301395927936,17.22779354161846
2021-01-01 05:00:00+00:00,173.21893703595475,22.872235844768678,150.34670119118607,147.41600689897066,2.9306942922154033,21.9560963310477
2021-01-01 06:00:00+00:00,241.94057650259782,12.864315565782759,229.07626093681506,224.85606115602488,4.220199780790181,24.05480566036064
2021-01-01 07:00:00+00:00,387.75909211824643,45.15904280174242,342.600049316504,335.88457268119896,6.71547663530501,28.596875171679113
2021-01-01 08:00:00+00:00,485.8123052376242,69.67884859819785,416.13345663942636,407.72655072689986,8.40690591252647,33.04619832571877
2021-01-01 09:00:00+00:00,671.5130192614783,210.41305627110586,461.0999629903725,449.71212231204976,11.38784067832271,39.13456053951178
2021-01-01 10:00:00+00:00,817.240785860217,415.62630812886283,401.61447773135416,388.1332839871633,13.481193744190856,44.453071681625715
2021-01-01 11:00:00+00:00,545.9633217146263,117.71263730351134,428.25068441111495,418.9227031496065,9.327981261508455,38.22289286034236
2021-01-01 12:00:00+00:00,618.1424592683984,282.5064252409005,335.63603402749783,325.6214329603846,10.014601067113206,39.778141478008365
2021-01-01 13:00:00+00:00,406.8872182792701,137.17938748204787,269.70783079722224,263.10958193360585,6.598248863616393,33.31329333786436
2021-01-01 14:00:00+00:00,155.18475932125625,14.452881165950435,140.73187815530582,138.08587988004848,2.6459982752573357,25.137078954336403
2021-01-01 15:00:00+00:00,30.392304845413268,0.0,30.392304845413268,29.85640646055102,0.5358983848622452,19.912106424396118
2021-01-01 16:00:00+00:00,0.0,0.0,0.0,0.0,0.0,18.04
2021-01-01 17:00:00+00:00,0.0,0.0,0.0,0.0,0.0,17.49
2021-01-01 18:00:00+00:00,0.0,0.0,0.0,0.0,0.0,16.95
2021-01-01 19:00:00+00:00,0.0,0.0,0.0,0.0,0.0,16.59
2021-01-01 20:00:00+00:00,0.0,0.0,0.0,0.0,0.0,16.26
2021-01-01 21:00:00+00:00,0.0,0.0,0.0,0.0,0.0,16.02
2021-01-01 22:00:00+00:00,0.0,0.0,0.0,0.0,0.0,15.85
2021-01-01 23:00:00+00:00,0.0,0.0,0.0,0.0,0.0,15.65
2021-01-02 00:00:00+00:00,0.0,0.0,0.0,0.0,0.0,15.45
2021-01-02 01:00:00+00:00,0.0,0.0,0.0,0.0,0.0,15.33
2021-01-02 02:00:00+00:00,0.0,0.0,0.0,0.0,0.0,15.17
2021-01-02 03:00:00+00:00,0.0,0.0,0.0,0.0,0.0,14.87
2021-01-02 04:00:00+00:00,76.03897855304521,29.283053039655865,46.75592551338935,45.71762239271875,1.0383031206706,17.148670225498087
2021-01-02 05:00:00+00:00,335.07348961433524,197.7458536573529,137.3276359569823,132.48780366869516,4.839832288287152,26.88793834398685
2021-01-02 06:00:00+00:00,647.3200643729256,521.1310398315125,126.18902454141312,116.62658773652743,9.562436804885687,38.452362985378755
2021-01-02 07:00:00+00:00,860.7779076312474,731.8710880448525,128.90681958639493,115.6935750346352,13.213244551759733,46.626891189660704
2021-01-02 08:00:00+00:00,1023.2824341965713,901.8587814595179,121.42365273705343,105.4304353138208,15.993217423232629,52.07155147851848
2021-01-02 09:00:00+00:00,1081.9269164130371,940.7712128684148,141.1557035446223,124.09068935166518,17.06501419295712,54.20389145350595
2021-01-02 10:00:00+00:00,1101.563412511684,971.4028994954449,130.160513016239,112.89453692895854,17.26597608728046,55.38564230950345
2021-01-02 11:00:00+00:00,1033.9503089030584,906.9788204282326,126.9714884748259,111.02851152517411,15.942976949651793,53.961207124160225
2021-01-02 12:00:00+00:00,902.4306053214049,786.3347611935968,116.09584412780805,102.63139720814414,13.46444691966391,50.004410036416
2021-01-02 13:00:00+00:00,700.766023562212,592.9190633926313,107.84696016958068,97.96633369868304,9.880626470897646,43.44605513884394
2021-01-02 14:00:00+00:00,446.8176334353202,357.186063574913,89.63156986040721,83.97114317029974,5.660426690107465,35.456318957204786
2021-01-02 15:00:00+00:00,168.5888126843181,128.77783722573122,39.810975458586896,38.253520777580995,1.5574546810059,26.946042969493664
2021-01-02 16:00:00+00:00,0.0,0.0,0.0,0.0,0.0,20.75
2021-01-02 17:00:00+00:00,0.0,0.0,0.0,0.0,0.0,19.44
2021-01-02 18:00:00+00:00,0.0,0.0,0.0,0.0,0.0,18.58
2021-01-02 19:00:00+00:00,0.0,0.0,0.0,0.0,0.0,18.01
2021-01-02 20:00:00+00:00,0.0,0.0,0.0,0.0,0.0,17.51
2021-01-02 21:00:00+00:00,0.0,0.0,0.0,0.0,0.0,17.26
2021-01-02 22:00:00+00:00,0.0,0.0,0.0,0.0,0.0,16.64
2021-01-02 23:00:00+00:00,0.0,0.0,0.0,0.0,0.0,16.18
2021-01-03 00:00:00+00:00,0.0,0.0,0.0,0.0,0.0,15.75
2021-01-03 01:00:00+00:00,0.0,0.0,0.0,0.0,0.0,15.32
2021-01-03 02:00:00+00:00,0.0,0.0,0.0,0.0,0.0,15.05
2021-01-03 03:00:00+00:00,0.0,0.0,0.0,0.0,0.0,14.86
2021-01-03 04:00:00+00:00,45.78462072032116,6.79423966355458,38.99038105676658,38.253520777580995,0.7368602791855872,16.337871889222658
2021-01-03 05:00:00+00:00,415.92615656908833,325.44530812942367,90.4808484396647,84.90415587219196,5.576692567472739,29.8012528675969
2021-01-03 06:00:00+00:00,638.6444431400972,503.2090257023967,135.43541743770058,125.95671475544962,9.478702682250962,38.116144682912314
2021-01-03 07:00:00+00:00,780.5289270918536,563.0074571218414,217.52146997001213,205.26279441628827,12.258675553723858,44.07266530534413
2021-01-03 08:00:00+00:00,1014.3379654886243,881.8186412760259,132.51932421259838,116.62658773652743,15.892736476070958,52.77514288194665
2021-01-03 09:00:00+00:00,1050.1550082360518,864.5998719647228,185.5551362713291,168.87529904249172,16.679837228837382,54.776960137932704
2021-01-03 10:00:00+00:00,1106.162572555178,976.8513381181964,129.31123443698152,111.96152422706633,17.349710209915187,57.15207023841793
2021-01-03 11:00:00+00:00,1019.0938597997483,875.4956109361319,143.5982488636164,127.82274015923406,15.775508704382343,55.175158104579786
2021-01-03 12:00:00+00:00,896.0950900968436,771.6523721255865,124.44271797125718,111.02851152517411,13.414206446083075,51.33505606348242
2021-01-03 13:00:00+00:00,695.394837409667,581.983294677787,113.41154273188012,103.56440991003636,9.847132821843754,44.781111500936014
2021-01-03 14:00:00+00:00,430.8542718921061,330.1270305561539,100.72724133595219,95.16729559300639,5.559945742945794,36.21278742123897
2021-01-03 15:00:00+00:00,156.17912192128725,112.66958930418537,43.50953261710188,41.98557158514987,1.5239610319520096,27.382041236589167
2021-01-03 16:00:00+00:00,0.0,0.0,0.0,0.0,0.0,21.39
2021-01-03 17:00:00+00:00,0.0,0.0,0.0,0.0,0.0,19.89
2021-01-03 18:00:00+00:00,0.0,0.0,0.0,0.0,0.0,18.86
2021-01-03 19:00:00+00:00,0.0,0.0,0.0,0.0,0.0,18.17
2021-01-03 20:00:00+00:00,0.0,0.0,0.0,0.0,0.0,17.57
2021-01-03 21:00:00+00:00,0.0,0.0,0.0,0.0,0.0,17.01
2021-01-03 22:00:00+00:00,0.0,0.0,0.0,0.0,0.0,16.53
2021-01-03 23:00:00+00:00,0.0,0.0,0.0,0.0,0.0,15.96
2021-01-04 00:00:00+00:00,0.0,0.0,0.0,0.0,0.0,15.59
2021-01-04 01:00:00+00:00,0.0,0.0,0.0,0.0,0.0,15.14
2021-01-04 02:00:00+00:00,0.0,0.0,0.0,0.0,0.0,14.86
2021-01-04 03:00:00+00:00,0.0,0.0,0.0,0.0,0.0,14.46
2021-01-04 04:00:00+00:00,163.62161893356006,127.54269428254204,36.07892465101802,34.52146997001212,1.5574546810059,19.560246016200438
2021-01-04 05:00:00+00:00,280.019908660588,123.6683979977852,156.35151066280278,152.08107040843177,4.2704402543710165,25.10231655565504
2021-01-04 06:00:00+00:00,440.8062085620952,176.14380876683708,264.6623997952581,257.51150572225254,7.150894073005584,32.132541403354345
2021-01-04 07:00:00+00:00,710.2462277623449,427.3516908333864,282.8945369289586,271.50669625063585,11.38784067832271,42.083510887181944
2021-01-04 08:00:00+00:00,1026.3958381224531,900.2233877533039,126.17245036914925,110.09549882328189,16.076951545867356,53.537654851916564
2021-01-04 09:00:00+00:00,815.2135216717588,399.55361293844055,415.6599087333182,402.12847451554654,13.531434217771691,48.7280082535944
2021-01-04 10:00:00+00:00,962.583264236062,661.5570711205646,301.0261931154973,285.5018867790191,15.524306336478165,54.09724786416145
2021-01-04 11:00:00+00:00,683.5677576007106,260.7045685633921,422.8631890373184,411.45860153446876,11.404587502849655,46.02058282339063
2021-01-04 12:00:00+00:00,904.1203314954284,779.5436389279557,124.57669256747275,111.02851152517411,13.548181042298635,51.848743598518794
2021-01-04 13:00:00+00:00,722.8645056865239,622.180204290596,100.68430139592795,90.50223208354528,10.182069312382659,45.6414476695611
2021-01-04 14:00:00+00:00,465.1388131630234,379.02158539133484,86.11722777168862,80.23909236273087,5.8781354089577516,37.58003938861586
2021-01-04 15:00:00+00:00,193.15750278140513,155.04508448133322,38.11241830007191,36.387495373796554,1.7249229262753516,28.865629719723692
2021-01-04 16:00:00+00:00,0.0,0.0,0.0,0.0,0.0,21.79
2021-01-04 17:00:00+00:00,0.0,0.0,0.0,0.0,0.0,20.18
2021-01-04 18:00:00+00:00,0.0,0.0,0.0,0.0,0.0,18.92
2021-01-04 19:00:00+00:00,0.0,0.0,0.0,0.0,0.0,18.09
2021-01-04 20:00:00+00:00,0.0,0.0,0.0,0.0,0.0,17.29
2021-01-04 21:00:00+00:00,0.0,0.0,0.0,0.0,0.0,16.69
2021-01-04 22:00:00+00:00,0.0,0.0,0.0,0.0,0.0,16.15
2021-01-04 23:00:00+00:00,0.0,0.0,0.0,0.0,0.0,15.7
2021-01-05 00:00:00+00:00,0.0,0.0,0.0,0.0,0.0,15.28
2021-01-05 01:00:00+00:00,0.0,0.0,0.0,0.0,0.0,14.8
2021-01-05 02:00:00+00:00,0.0,0.0,0.0,0.0,0.0,14.5
2021-01-05 03:00:00+00:00,0.0,0.0,0.0,0.0,0.0,14.04
2021-01-05 04:00:00+00:00,114.2316537662654,70.9733235170677,43.258330249197705,41.98557158514987,1.2727586640478323,17.47628949890006
2021-01-05 05:00:00+00:00,282.531756287492,128.9625369058389,153.56921938165308,149.2820323027551,4.287187078897961,25.243069554915422
2021-01-05 06:00:00+00:00,315.09541795438366,51.27516885708945,263.8202490972942,258.4445184241448,5.375730673149397,28.761835306074136
2021-01-05 07:00:00+00:00,662.2012823607427,350.086718303257,312.11456405748567,301.36310271118685,10.751461346298793,39.874135876370076
2021-01-05 08:00:00+00:00,986.9860547352142,827.7442986582804,159.24175607693385,143.6839560914018,15.557799985532055,50.92647433784464
2021-01-05 09:00:00+00:00,1086.7007531172067,945.4278218008957,141.27293131631092,124.09068935166518,17.182241964645737,55.585049030232014
2021-01-05 10:00:00+00:00,1114.6775144925641,991.7466475480855,122.93086694447848,105.4304353138208,17.500431630657694,57.30016590869351
2021-01-05 11:00:00+00:00,930.3618974017523,682.3882631695127,247.97363423223965,233.25317547305485,14.720458759184798,52.00447611399358
2021-01-05 12:00:00+00:00,899.467746700971,774.9412946070792,124.5264520938919,111.02851152517411,13.4979405687178,50.24804958353766
2021-01-05 13:00:00+00:00,700.0558445042938,585.6108081233598,114.445036380934,104.49742261192857,9.947613769005425,43.62404298618633
2021-01-05 14:00:00+00:00,248.39130744557627,81.22882132418657,167.1624861213897,163.2772228311384,3.8852632902512774,30.537935255082576
2021-01-05 15:00:00+00:00,165.80365479613994,122.21038805640332,43.593266739736606,41.98557158514987,1.6076951545867355,27.20486482388804
2021-01-05 16:00:00+00:00,0.0,0.0,0.0,0.0,0.0,21.05
2021-01-05 17:00:00+00:00,0.0,0.0,0.0,0.0,0.0,19.63
2021-01-05 18:00:00+00:00,0.0,0.0,0.0,0.0,0.0,18.59
2021-01-05 19:00:00+00:00,0.0,0.0,0.0,0.0,0.0,18.34
2021-01-05 20:00:00+00:00,0.0,0.0,0.0,0.0,0.0,17.71
2021-01-05 21:00:00+00:00,0.0,0.0,0.0,0.0,0.0,17.2
2021-01-05 22:00:00+00:00,0.0,0.0,0.0,0.0,0.0,16.9
2021-01-05 23:00:00+00:00,0.0,0.0,0.0,0.0,0.0,16.38
2021-01-06 00:00:00+00:00,0.0,0.0,0.0,0.0,0.0,15.96
2021-01-06 01:00:00+00:00,0.0,0.0,0.0,0.0,0.0,15.8
2021-01-06 02:00:00+00:00,0.0,0.0,0.0,0.0,0.0,15.57
2021-01-06 03:00:00+00:00,0.0,0.0,0.0,0.0,0.0,15.21
2021-01-06 04:00:00+00:00,52.42810225762931,11.50470849897051,40.923393758658804,40.119546181365436,0.8038475772933678,16.782846947742357
2021-01-06 05:00:00+00:00,285.0200444120593,134.2331163115559,150.78692810050336,146.48299419707845,4.303933903424906,25.841253498704383
2021-01-06 06:00:00+00:00,654.2564068808828,540.1128133414338,114.14359353944899,104.49742261192857,9.646170927520412,38.94116401295607
2021-01-06 07:00:00+00:00,831.2364847655149,677.4732587185689,153.76322604694596,140.88491798572514,12.87830806122083,45.86887286487832
2021-01-06 08:00:00+00:00,967.1367422986624,789.4859345517883,177.65080774687405,162.34421012924616,15.306597617627878,51.26453388548027
2021-01-06 09:00:00+00:00,1074.0321995021263,926.3956475178394,147.636551984287,130.62177826491072,17.014773719376283,56.037908288384074
2021-01-06 10:00:00+00:00,1037.2993691682727,833.2681939288956,204.0311752393771,187.53555308033611,16.495622159040984,55.86296488851347
2021-01-06 11:00:00+00:00,932.849935885605,692.3069096194491,240.54302626615578,225.7890738579171,14.753952408238687,52.84420241146965
2021-01-06 12:00:00+00:00,877.5763728278241,736.5068944677764,141.06947836004767,127.82274015923406,13.246738200813622,50.90958035806677
2021-01-06 13:00:00+00:00,691.4832640868557,573.3899110209875,118.09335306586816,108.22947341949745,9.8638796463707,45.21162845049513
2021-01-06 14:00:00+00:00,391.1510180722237,265.5003829776127,125.65063509461098,120.35863854409631,5.291996550514671,35.610867377732525
2021-01-06 15:00:00+00:00,169.252527006594,125.6257666178035,43.626760388790494,41.98557158514987,1.641188803640626,28.012096330169452
2021-01-06 16:00:00+00:00,0.0,0.0,0.0,0.0,0.0,21.83
2021-01-06 17:00:00+00:00,0.0,0.0,0.0,0.0,0.0,20.5
2021-01-06 18:00:00+00:00,0.0,0.0,0.0,0.0,0.0,19.37
2021-01-06 19:00:00+00:00,0.0,0.0,0.0,0.0,0.0,18.52
2021-01-06 20:00:00+00:00,0.0,0.0,0.0,0.0,0.0,17.66
2021-01-06 21:00:00+00:00,0.0,0.0,0.0,0.0,0.0,16.96
2021-01-06 22:00:00+00:00,0.0,0.0,0.0,0.0,0.0,16.39
2021-01-06 23:00:00+00:00,0.0,0.0,0.0,0.0,0.0,15.92
2021-01-07 00:00:00+00:00,0.0,0.0,0.0,0.0,0.0,15.46
2021-01-07 01:00:00+00:00,0.0,0.0,0.0,0.0,0.0,15.06
2021-01-07 02:00:00+00:00,0.0,0.0,0.0,0.0,0.0,14.67
2021-01-07 03:00:00+00:00,0.0,0.0,0.0,0.0,0.0,14.32
2021-01-07 04:00:00+00:00,107.94856162242084,64.74047184680397,43.20808977561687,41.98557158514987,1.2225181904669968,17.611414945566956
2021-01-07 05:00:00+00:00,367.3383981532254,252.1183710246983,115.22002712852711,110.09549882328189,5.124528305245219,27.855679301904402
2021-01-07 06:00:00+00:00,657.5890541812049,545.2612455719595,112.32780860924538,102.63139720814414,9.696411401101248,39.20321158300634
2021-01-07 07:00:00+00:00,859.4096881509034,731.4023876173468,128.00730053355662,114.76056233274299,13.246738200813622,46.665411648126906
2021-01-07 08:00:00+00:00,1012.8907419906299,881.2709368308698,131.61980515976006,115.6935750346352,15.92623012512485,52.76729521665134
2021-01-07 09:00:00+00:00,1101.2760611931722,972.830852159975,128.44520903319707,111.02851152517411,17.416697508022967,57.197751336991416
2021-01-07 10:00:00+00:00,1116.5591959764631,993.5613417338768,122.99785424258627,105.4304353138208,17.567418928765473,58.750414373686496
2021-01-07 11:00:00+00:00,1051.2022751339096,930.4269390817904,120.77533605211927,104.49742261192857,16.277913440190698,57.35536389659821
2021-01-07 12:00:00+00:00,914.75504756669,799.324266948343,115.43078061834694,101.69838450625191,13.732396112095033,52.78233566000229
2021-01-07 13:00:00+00:00,708.3055731162862,597.4586129467054,110.84696016958068,100.7653718043597,10.081588365220988,46.43228921761056
2021-01-07 14:00:00+00:00,459.00750778855763,369.15822920930015,89.84927857925749,83.97114317029974,5.8781354089577516,38.28265505365945
2021-01-07 15:00:00+00:00,173.57471125071368,128.96469768645014,44.610013564263554,42.918584287042094,1.6914292772214614,29.10446247573473
2021-01-07 16:00:00+00:00,0.0,0.0,0.0,0.0,0.0,22.64
2021-01-07 17:00:00+00:00,0.0,0.0,0.0,0.0,0.0,20.9
2021-01-07 18:00:00+00:00,0.0,0.0,0.0,0.0,0.0,19.61
2021-01-07 19:00:00+00:00,0.0,0.0,0.0,0.0,0.0,18.55
2021-01-07 20:00:00+00:00,0.0,0.0,0.0,0.0,0.0,17.73
2021-01-07 21:00:00+00:00,0.0,0.0,0.0,0.0,0.0,17.06
2021-01-07 22:00:00+00:00,0.0,0.0,0.0,0.0,0.0,16.47
2021-01-07 23:00:00+00:00,0.0,0.0,0.0,0.0,0.0,15.89
2021-01-08 00:00:00+00:00,0.0,0.0,0.0,0.0,0.0,15.44
2021-01-08 01:00:00+00:00,0.0,0.0,0.0,0.0,0.0,15.09
2021-01-08 02:00:00+00:00,0.0,0.0,0.0,0.0,0.0,14.68
2021-01-08 03:00:00+00:00,0.0,0.0,0.0,0.0,0.0,14.33
2021-01-08 04:00:00+00:00,102.61472870267421,60.389892102530396,42.22483660014382,41.05255888325765,1.1722777168861613,17.424174122499338
2021-01-08 05:00:00+00:00,376.1450600513916,269.2551599417867,106.88990010960491,101.69838450625191,5.191515603353,28.61713464936361
2021-01-08 06:00:00+00:00,650.7414770789252,537.5643898904223,113.17708718850288,103.56440991003636,9.612677278466522,39.66886596065338
2021-01-08 07:00:00+00:00,841.9431880004956,702.0244310611904,139.91875693930518,126.88972745734183,13.029029481963336,47.52156181283016
2021-01-08 08:00:00+00:00,1000.0562387732971,862.0728129455609,137.98342582773614,122.22466394788074,15.758761879855397,54.8800441198878
2021-01-08 09:00:00+00:00,1088.3575282943466,952.6156858912811,135.7418424030654,118.49261314031186,17.249229262753516,59.876161146428274
2021-01-08 10:00:00+00:00,1068.3493610209598,902.136289121463,166.21307189949667,149.2820323027551,16.93103959674156,60.43619768982205
2021-01-08 11:00:00+00:00,646.5045099486471,213.89733275084959,432.6071771977975,421.7217412552832,10.885435942514356,47.6288330793394
2021-01-08 12:00:00+00:00,411.20693225400066,56.109287673304976,355.09764458069566,348.01373780579786,7.0839067748978035,39.55307313522552
2021-01-08 13:00:00+00:00,537.2868486584163,300.4258053785116,236.86104327990466,228.58811196359375,8.27293131631091,42.937267105556884
2021-01-08 14:00:00+00:00,464.22345087705594,376.1732104034751,88.05024047358084,82.1051177665153,5.945122707065532,39.389282112726114
2021-01-08 15:00:00+00:00,157.29817316403546,109.0230960903108,48.27507707372465,46.65063509461097,1.6244419791136806,28.756204180156082
2021-01-08 16:00:00+00:00,0.0,0.0,0.0,0.0,0.0,22.68
2021-01-08 17:00:00+00:00,0.0,0.0,0.0,0.0,0.0,21.21
2021-01-08 18:00:00+00:00,0.0,0.0,0.0,0.0,0.0,20.07
2021-01-08 19:00:00+00:00,0.0,0.0,0.0,0.0,0.0,19.95
2021-01-08 20:00:00+00:00,0.0,0.0,0.0,0.0,0.0,19.1
2021-01-08 21:00:00+00:00,0.0,0.0,0.0,0.0,0.0,18.55
2021-01-08 22:00:00+00:00,0.0,0.0,0.0,0.0,0.0,18.0
2021-01-08 23:00:00+00:00,0.0,0.0,0.0,0.0,0.0,17.73
2021-01-09 00:00:00+00:00,0.0,0.0,0.0,0.0,0.0,17.09
2021-01-09 01:00:00+00:00,0.0,0.0,0.0,0.0,0.0,16.65
2021-01-09 02:00:00+00:00,0.0,0.0,0.0,0.0,0.0,16.28
2021-01-09 03:00:00+00:00,0.0,0.0,0.0,0.0,0.0,16.39
2021-01-09 04:00:00+00:00,43.140479696385974,6.9993772188768855,36.14110247750909,35.45448267190434,0.6866198056047517,17.33409095008909
2021-01-09 05:00:00+00:00,27.543026266155774,0.0,27.543026266155774,27.057368354874363,0.48565791128140967,18.39869671356533
2021-01-09 06:00:00+00:00,112.07162411746141,0.0,112.07162411746141,110.09549882328189,1.976125294179529,23.161460728543553
2021-01-09 07:00:00+00:00,133.9160932251022,0.0,133.9160932251022,131.55479096680293,2.361302258299268,23.187162268402577
2021-01-09 08:00:00+00:00,143.41368848929386,0.0,143.41368848929386,140.88491798572514,2.5287705035687194,23.577528386729
2021-01-09 09:00:00+00:00,499.5538639864401,57.94436837896572,441.60949560747434,432.9178936779898,8.69160192948454,36.003657349291366
2021-01-09 10:00:00+00:00,846.6086772686306,459.4367448562705,387.17193241236004,373.20508075688775,13.966851655472265,48.5558688838777
2021-01-09 11:00:00+00:00,804.514311302064,450.85191150680583,353.6623997952581,340.54963619066007,13.112763604598062,49.512454109146624
2021-01-09 12:00:00+00:00,153.86104327990464,0.0,153.86104327990464,151.14805770653953,2.712985573365116,28.9447027407176
2021-01-09 13:00:00+00:00,81.67931927204816,0.0,81.67931927204816,80.23909236273087,1.440226909317284,27.31434901859487
2021-01-09 14:00:00+00:00,64.58364779650319,0.0,64.58364779650319,63.44486372867092,1.138784067832271,26.00469593610046
2021-01-09 15:00:00+00:00,47.36203622352603,4.589363885609739,42.77267233791629,41.98557158514987,0.7871007527664226,23.65422943721125
2021-01-09 16:00:00+00:00,0.0,0.0,0.0,0.0,0.0,20.39
2021-01-09 17:00:00+00:00,0.0,0.0,0.0,0.0,0.0,19.07
2021-01-09 18:00:00+00:00,0.0,0.0,0.0,0.0,0.0,18.03
2021-01-09 19:00:00+00:00,0.0,0.0,0.0,0.0,0.0,17.13
2021-01-09 20:00:00+00:00,0.0,0.0,0.0,0.0,0.0,16.45
2021-01-09 21:00:00+00:00,0.0,0.0,0.0,0.0,0.0,15.99
2021-01-09 22:00:00+00:00,0.0,0.0,0.0,0.0,0.0,15.81
2021-01-09 23:00:00+00:00,0.0,0.0,0.0,0.0,0.0,15.71
2021-01-10 00:00:00+00:00,0.0,0.0,0.0,0.0,0.0,15.85
2021-01-10 01:00:00+00:00,0.0,0.0,0.0,0.0,0.0,15.66
2021-01-10 02:00:00+00:00,0.0,0.0,0.0,0.0,0.0,15.92
2021-01-10 03:00:00+00:00,0.0,0.0,0.0,0.0,0.0,15.97
2021-01-10 04:00:00+00:00,6.6483166849341515,0.0,6.6483166849341515,6.531088913245536,0.11722777168861613,16.171005673981625
2021-01-10 05:00:00+00:00,45.588457268119896,0.0,45.588457268119896,44.78460969082653,0.8038475772933678,18.416980570538346
2021-01-10 06:00:00+00:00,136.7653718043597,0.0,136.7653718043597,134.35382907247958,2.411542731880103,22.473636170379155
2021-01-10 07:00:00+00:00,160.5093599648388,0.0,160.5093599648388,157.6791466197851,2.8302133450537323,24.536458969450116
2021-01-10 08:00:00+00:00,162.40887901767712,0.0,162.40887901767712,159.5451720235695,2.8637069941076225,25.342052865769023
2021-01-10 09:00:00+00:00,220.3442101292462,0.0,220.3442101292462,216.4589468389949,3.8852632902512774,28.393678773267432
2021-01-10 10:00:00+00:00,496.52342213423486,54.96416700034139,441.5592551338935,432.9178936779898,8.641361455903704,37.53380996582647
2021-01-10 11:00:00+00:00,126.31801701374889,0.0,126.31801701374889,124.09068935166518,2.2273276620837064,26.341194734790182
2021-01-10 12:00:00+00:00,93.07643358907814,0.0,93.07643358907814,91.4352447854375,1.641188803640626,25.061067824821826
2021-01-10 13:00:00+00:00,210.6997371789792,3.6019199460205042,207.0978172329587,203.39676901250382,3.7010482204548807,27.201870473205428
2021-01-10 14:00:00+00:00,106.37306695894642,0.0,106.37306695894642,104.49742261192857,1.875644347017858,23.08690546499564
2021-01-10 15:00:00+00:00,13.296633369868303,0.0,13.296633369868303,13.062177826491071,0.23445554337723226,19.390475890960364
2021-01-10 16:00:00+00:00,0.0,0.0,0.0,0.0,0.0,17.53
2021-01-10 17:00:00+00:00,0.0,0.0,0.0,0.0,0.0,17.0
2021-01-10 18:00:00+00:00,0.0,0.0,0.0,0.0,0.0,16.73
2021-01-10 19:00:00+00:00,0.0,0.0,0.0,0.0,0.0,16.07
2021-01-10 20:00:00+00:00,0.0,0.0,0.0,0.0,0.0,15.74
2021-01-10 21:00:00+00:00,0.0,0.0,0.0,0.0,0.0,15.24
2021-01-10 22:00:00+00:00,0.0,0.0,0.0,0.0,0.0,15.11
2021-01-10 23:00:00+00:00,0.0,0.0,0.0,0.0,0.0,14.87
2021-01-11 00:00:00+00:00,0.0,0.0,0.0,0.0,0.0,14.9
2021-01-11 01:00:00+00:00,0.0,0.0,0.0,0.0,0.0,14.58
2021-01-11 02:00:00+00:00,0.0,0.0,0.0,0.0,0.0,14.35
2021-01-11 03:00:00+00:00,0.0,0.0,0.0,0.0,0.0,14.26
2021-01-11 04:00:00+00:00,19.944950054802455,0.0,19.944950054802455,19.593266739736606,0.3516833150658484,15.405322733898782
2021-01-11 05:00:00+00:00,332.25147845431263,208.0697544464561,124.18172400785652,119.42562584220408,4.756098165652426,27.202534897274404
2021-01-11 06:00:00+00:00,454.16195159125175,208.00908441309545,246.15286717815627,238.85125168440817,7.30161549374809,32.52762139983699
2021-01-11 07:00:00+00:00,526.8628781040072,170.92308282534762,355.9397952786596,347.0807251039056,8.85907017475399,36.36156731830184
2021-01-11 08:00:00+00:00,556.709243130843,128.2408500008777,428.46839312996525,418.9227031496065,9.545689980358743,38.98755899891254
2021-01-11 09:00:00+00:00,509.5900751832264,64.08106052291376,445.5090146603127,436.6499444855587,8.85907017475399,37.97623521372989
2021-01-11 10:00:00+00:00,705.955569079608,248.0350116874153,457.92055739219273,445.98007150448086,11.9404858877119,44.574455634415635
2021-01-11 11:00:00+00:00,214.6456529707312,0.0,214.6456529707312,210.8608706276416,3.7847823430896064,28.296331008717264
2021-01-11 12:00:00+00:00,157.66008138558132,0.0,157.66008138558132,154.88010851410843,2.779972871472897,26.829359784902277
2021-01-11 13:00:00+00:00,561.5888442375873,341.22058675025755,220.3682574873297,211.7938833295338,8.574374157795923,38.973525059796
2021-01-11 14:00:00+00:00,143.80803616795538,6.9589302409609655,136.8491059269944,134.35382907247958,2.495276854514829,25.21335514947231
2021-01-11 15:00:00+00:00,185.31755911469418,141.52333048063423,43.79422863405995,41.98557158514987,1.8086570489100775,24.464170670650127
2021-01-11 16:00:00+00:00,0.0,0.0,0.0,0.0,0.0,18.04
2021-01-11 17:00:00+00:00,0.0,0.0,0.0,0.0,0.0,17.36
2021-01-11 18:00:00+00:00,0.0,0.0,0.0,0.0,0.0,16.87
2021-01-11 19:00:00+00:00,0.0,0.0,0.0,0.0,0.0,17.27
2021-01-11 20:00:00+00:00,0.0,0.0,0.0,0.0,0.0,16.71
2021-01-11 21:00:00+00:00,0.0,0.0,0.0,0.0,0.0,16.31
2021-01-11 22:00:00+00:00,0.0,0.0,0.0,0.0,0.0,16.15
2021-01-11 23:00:00+00:00,0.0,0.0,0.0,0.0,0.0,16.04
2021-01-12 00:00:00+00:00,0.0,0.0,0.0,0.0,0.0,15.89
2021-01-12 01:00:00+00:00,0.0,0.0,0.0,0.0,0.0,15.75
2021-01-12 02:00:00+00:00,0.0,0.0,0.0,0.0,0.0,15.67
2021-01-12 03:00:00+00:00,0.0,0.0,0.0,0.0,0.0,15.46
2021-01-12 04:00:00+00:00,18.995190528383294,0.0,18.995190528383294,18.66025403784439,0.33493649053890323,16.043809626486475
2021-01-12 05:00:00+00:00,56.98557158514988,0.0,56.98557158514988,55.98076211353317,1.0048094716167097,18.631092729934036
2021-01-12 06:00:00+00:00,260.8452006183575,23.07038252302747,237.77481809533003,233.25317547305485,4.521642622275194,26.501187139400756
2021-01-12 07:00:00+00:00,540.437508359575,188.02880199416083,352.4087063654141,343.34867429633675,9.060032069077332,34.30811658761644
2021-01-12 08:00:00+00:00,599.7587739963262,172.4865332890676,427.2722407072586,417.05667774582207,10.215562961436548,37.273291582828485
2021-01-12 09:00:00+00:00,381.0675179576407,10.493834408897015,370.57368354874365,363.8749537379656,6.698729810778064,32.740014341253115
2021-01-12 10:00:00+00:00,575.8858690705175,110.644803602636,465.2410654678815,455.3101985234031,9.930866944478481,39.2370439583639
2021-01-12 11:00:00+00:00,386.08683483633814,18.245202095163414,367.84163274117475,361.0759156322889,6.765717108885846,33.476799587274435
2021-01-12 12:00:00+00:00,649.5755947655616,316.2027004588783,333.37289430668335,322.8223948547079,10.550499451975451,40.53423533619114
2021-01-12 13:00:00+00:00,308.57172162627415,42.9859280723572,265.585793553917,260.3105438279292,5.275249725987726,30.105913356331026
2021-01-12 14:00:00+00:00,198.426117722869,34.64880856559907,163.77730915726994,160.47818472546174,3.2991244318081967,26.864585532944748
2021-01-12 15:00:00+00:00,124.50737344577892,68.90216935313208,55.605204092646844,54.114736709748726,1.4904673828981194,24.055801220754972
2021-01-12 16:00:00+00:00,0.0,0.0,0.0,0.0,0.0,19.29
2021-01-12 17:00:00+00:00,0.0,0.0,0.0,0.0,0.0,18.59
2021-01-12 18:00:00+00:00,0.0,0.0,0.0,0.0,0.0,18.03
2021-01-12 19:00:00+00:00,0.0,0.0,0.0,0.0,0.0,17.88
2021-01-12 20:00:00+00:00,0.0,0.0,0.0,0.0,0.0,17.33
2021-01-12 21:00:00+00:00,0.0,0.0,0.0,0.0,0.0,16.79
2021-01-12 22:00:00+00:00,0.0,0.0,0.0,0.0,0.0,16.7
2021-01-12 23:00:00+00:00,0.0,0.0,0.0,0.0,0.0,16.45
2021-01-13 00:00:00+00:00,0.0,0.0,0.0,0.0,0.0,16.0
2021-01-13 01:00:00+00:00,0.0,0.0,0.0,0.0,0.0,15.89
2021-01-13 02:00:00+00:00,0.0,0.0,0.0,0.0,0.0,15.6
2021-01-13 03:00:00+00:00,0.0,0.0,0.0,0.0,0.0,15.28
2021-01-13 04:00:00+00:00,8.54783573777248,0.0,8.54783573777248,8.397114317029974,0.15072142074250644,15.115841205826776
2021-01-13 05:00:00+00:00,148.3216498887335,13.288328891942692,135.03332099679082,132.48780366869516,2.5455173280956647,21.694774504912353
2021-01-13 06:00:00+00:00,223.98834322667875,9.208715659731993,214.77962756694674,210.8608706276416,3.918756939305168,25.569005580328994
2021-01-13 07:00:00+00:00,366.72384956325595,34.72187645810528,332.0019731051507,325.6214329603846,6.3805401447661065,30.995724392578826
2021-01-13 08:00:00+00:00,669.0617405977941,255.66265317561349,413.3990874221806,402.12847451554654,11.270612906634094,40.337559392339266
2021-01-13 09:00:00+00:00,886.6747058142317,536.1869021455366,350.48780366869516,335.88457268119896,14.60323098749618,47.54577606159188
2021-01-13 10:00:00+00:00,1047.1138093302138,860.5586730588847,186.5551362713291,169.80831174438393,16.74682452694516,53.10617520910559
2021-01-13 11:00:00+00:00,892.4357063928128,608.4430069263694,283.9926994664434,269.64067084685144,14.352028619592003,49.511651082384624
2021-01-13 12:00:00+00:00,704.0301716700244,398.84381084281426,305.18636082721014,293.8990010960491,11.28735973116104,44.01227766067891
2021-01-13 13:00:00+00:00,626.5905370676932,446.5044845353816,180.08605253231153,170.74132444627614,9.344728086035401,40.67042035812771
2021-01-13 14:00:00+00:00,337.7752947569543,180.77065793760067,157.00463681935364,152.08107040843177,4.923566410921877,32.06813135321148
2021-01-13 15:00:00+00:00,97.82373438312058,39.58696043006652,58.236773953054055,56.913774815425384,1.3229991376286678,24.38370855874516
2021-01-13 16:00:00+00:00,0.0,0.0,0.0,0.0,0.0,20.41
2021-01-13 17:00:00+00:00,0.0,0.0,0.0,0.0,0.0,19.47
2021-01-13 18:00:00+00:00,0.0,0.0,0.0,0.0,0.0,18.34
2021-01-13 19:00:00+00:00,0.0,0.0,0.0,0.0,0.0,17.99
2021-01-13 20:00:00+00:00,0.0,0.0,0.0,0.0,0.0,17.37
2021-01-13 21:00:00+00:00,0.0,0.0,0.0,0.0,0.0,17.1
2021-01-13 22:00:00+00:00,0.0,0.0,0.0,0.0,0.0,16.69
2021-01-13 23:00:00+00:00,0.0,0.0,0.0,0.0,0.0,16.33
2021-01-14 00:00:00+00:00,0.0,0.0,0.0,0.0,0.0,16.17
2021-01-14 01:00:00+00:00,0.0,0.0,0.0,0.0,0.0,15.9
2021-01-14 02:00:00+00:00,0.0,0.0,0.0,0.0,0.0,15.58
2021-01-14 03:00:00+00:00,0.0,0.0,0.0,0.0,0.0,15.27
2021-01-14 04:00:00+00:00,30.882520013645486,2.372987396543605,28.509532617101883,27.990381056766584,0.5191515603353,16.005382402162027
2021-01-14 05:00:00+00:00,143.70776137472896,10.607453079830355,133.1003082948986,130.62177826491072,2.478530029987884,21.53094464159788
2021-01-14 06:00:00+00:00,639.3363937350524,526.2430406691842,113.09335306586816,103.56440991003636,9.528943155831797,38.36877617814904
2021-01-14 07:00:00+00:00,720.348086328261,462.46067728059603,257.887409047665,246.31535329954593,11.572055748119107,40.78760484618668
2021-01-14 08:00:00+00:00,1012.6707196562511,891.1968264456168,121.47389321063426,105.4304353138208,16.043457896813464,49.93214482157569
2021-01-14 09:00:00+00:00,1091.2396937545006,961.8614720194114,129.3782217350893,111.96152422706633,17.416697508022967,53.31764766619347
2021-01-14 10:00:00+00:00,1123.6496161758816,1013.4627373918823,110.18687878399938,92.36825748732973,17.81862129666965,55.031197736153636
2021-01-14 11:00:00+00:00,1041.3449002114837,913.0719688951727,128.27293131631092,111.96152422706633,16.311407089244586,53.21322776357225
2021-01-14 12:00:00+00:00,920.0511507331175,808.1179653789623,111.93318535415531,97.96633369868304,13.966851655472265,49.73499357624287
2021-01-14 13:00:00+00:00,715.6645202659989,605.4993704304063,110.16514983559264,99.83235910246748,10.332790733125165,43.815701135234455
2021-01-14 14:00:00+00:00,478.00539171385304,391.5532274516255,86.45216426222753,80.23909236273087,6.213071899496655,36.23843857713384
2021-01-14 15:00:00+00:00,176.87426184164747,128.39822287359948,48.476038968047995,46.65063509461097,1.8254038734370226,27.258479430789865
2021-01-14 16:00:00+00:00,0.0,0.0,0.0,0.0,0.0,21.07
2021-01-14 17:00:00+00:00,0.0,0.0,0.0,0.0,0.0,19.9
2021-01-14 18:00:00+00:00,0.0,0.0,0.0,0.0,0.0,18.93
2021-01-14 19:00:00+00:00,0.0,0.0,0.0,0.0,0.0,18.04
2021-01-14 20:00:00+00:00,0.0,0.0,0.0,0.0,0.0,17.57
2021-01-14 21:00:00+00:00,0.0,0.0,0.0,0.0,0.0,17.06
2021-01-14 22:00:00+00:00,0.0,0.0,0.0,0.0,0.0,16.69
2021-01-14 23:00:00+00:00,0.0,0.0,0.0,0.0,0.0,16.4
2021-01-15 00:00:00+00:00,0.0,0.0,0.0,0.0,0.0,16.19
2021-01-15 01:00:00+00:00,0.0,0.0,0.0,0.0,0.0,16.29
2021-01-15 02:00:00+00:00,0.0,0.0,0.0,0.0,0.0,16.02
2021-01-15 03:00:00+00:00,0.0,0.0,0.0,0.0,0.0,15.54
2021-01-15 04:00:00+00:00,90.7028639224593,52.34405272609992,38.358811196359376,37.32050807568878,1.0383031206706,18.012382873386585
2021-01-15 05:00:00+00:00,386.5175251106448,296.3381195124651,90.17940559817968,84.90415587219196,5.275249725987726,29.30609188753052
2021-01-15 06:00:00+00:00,657.4963495530151,557.2307187702608,100.26563078275431,90.50223208354528,9.763398699209029,39.50179020491636
2021-01-15 07:00:00+00:00,851.810003964724,727.5180074142094,124.29199655051468,111.02851152517411,13.263485025340568,47.050417152232754
2021-01-15 08:00:00+00:00,1015.5005424908147,894.892674683965,120.60786780684981,104.49742261192857,16.110445194921244,53.27437270750981
2021-01-15 09:00:00+00:00,1088.8076554421734,952.8983447938385,135.90931064833484,118.49261314031186,17.416697508022967,56.2473129575313
2021-01-15 10:00:00+00:00,1065.6107124333676,889.0005262168409,176.6101862165266,159.5451720235695,17.06501419295712,55.95041040302041
2021-01-15 11:00:00+00:00,1005.224166331891,834.4680681662385,170.75609816565245,154.88010851410843,15.875989651544014,54.2135504240737
2021-01-15 12:00:00+00:00,919.5781992196742,802.9464567070039,116.63174251267029,102.63139720814414,14.000345304526155,50.97806509830436
2021-01-15 13:00:00+00:00,700.509816528474,576.4834507607136,124.02636576776037,113.82754963085077,10.198816136909603,43.89300733794484
2021-01-15 14:00:00+00:00,474.95170123784663,385.70049886994246,89.25120236790418,83.03813046840753,6.213071899496655,36.33543654534397
2021-01-15 15:00:00+00:00,165.08951900660122,111.98191017814601,53.1076088284552,51.31569860407207,1.7919102243831322,26.619147152409237
2021-01-15 16:00:00+00:00,0.0,0.0,0.0,0.0,0.0,20.73
2021-01-15 17:00:00+00:00,0.0,0.0,0.0,0.0,0.0,19.65
2021-01-15 18:00:00+00:00,0.0,0.0,0.0,0.0,0.0,18.8
2021-01-15 19:00:00+00:00,0.0,0.0,0.0,0.0,0.0,18.58
2021-01-15 20:00:00+00:00,0.0,0.0,0.0,0.0,0.0,18.11
2021-01-15 21:00:00+00:00,0.0,0.0,0.0,0.0,0.0,17.49
2021-01-15 22:00:00+00:00,0.0,0.0,0.0,0.0,0.0,17.17
2021-01-15 23:00:00+00:00,0.0,0.0,0.0,0.0,0.0,16.94
2021-01-16 00:00:00+00:00,0.0,0.0,0.0,0.0,0.0,16.52
2021-01-16 01:00:00+00:00,0.0,0.0,0.0,0.0,0.0,16.2
2021-01-16 02:00:00+00:00,0.0,0.0,0.0,0.0,0.0,15.92
2021-01-16 03:00:00+00:00,0.0,0.0,0.0,0.0,0.0,15.58
2021-01-16 04:00:00+00:00,77.35821628084166,38.15012650522479,39.20808977561687,38.253520777580995,0.9545689980358742,17.663432966407104
2021-01-16 05:00:00+00:00,371.617208609374,273.1746632903799,98.4425453189941,93.30127018922194,5.141275129772165,29.528055345950726
2021-01-16 06:00:00+00:00,593.8936761849307,439.3004094451941,154.5932667397366,145.54998149518622,9.043285244550388,38.14680872462839
2021-01-16 07:00:00+00:00,845.4059403963332,717.4488803363574,127.95706005997577,114.76056233274299,13.196497727232787,47.64259614803544
2021-01-16 08:00:00+00:00,991.6914596590204,848.0597171463502,143.6317425126703,127.82274015923406,15.809002353436233,53.550917466839486
2021-01-16 09:00:00+00:00,931.7422766429964,609.4745001028284,322.26777654016803,306.96117892254017,15.306597617627878,52.177422963523256
2021-01-16 10:00:00+00:00,934.4663249596751,603.7846872779502,330.681637681725,315.3582932395702,15.323344442154823,52.362834409797706
2021-01-16 11:00:00+00:00,752.6155049869853,348.24029227062516,404.37521271636024,391.8653347947322,12.509877921628036,46.438609180370335
2021-01-16 12:00:00+00:00,828.6271946575205,617.8999533215683,210.7272413359522,197.7986928011505,12.928548534801665,48.643225378594224
2021-01-16 13:00:00+00:00,434.78958266662295,148.7013843768977,286.08819828972526,278.9707978657736,7.117400423951693,36.65551529805638
2021-01-16 14:00:00+00:00,175.57558249539045,17.69779239095882,157.87779010443163,154.88010851410843,2.9976815903231837,28.82878324405904
2021-01-16 15:00:00+00:00,92.05119268734526,31.965140155033712,60.08605253231155,58.779800219209825,1.3062523131017225,25.287498569760267
2021-01-16 16:00:00+00:00,0.0,0.0,0.0,0.0,0.0,21.14
2021-01-16 17:00:00+00:00,0.0,0.0,0.0,0.0,0.0,19.89
2021-01-16 18:00:00+00:00,0.0,0.0,0.0,0.0,0.0,18.9
2021-01-16 19:00:00+00:00,0.0,0.0,0.0,0.0,0.0,18.68
2021-01-16 20:00:00+00:00,0.0,0.0,0.0,0.0,0.0,18.06
2021-01-16 21:00:00+00:00,0.0,0.0,0.0,0.0,0.0,17.37
2021-01-16 22:00:00+00:00,0.0,0.0,0.0,0.0,0.0,16.99
2021-01-16 23:00:00+00:00,0.0,0.0,0.0,0.0,0.0,16.67
2021-01-17 00:00:00+00:00,0.0,0.0,0.0,0.0,0.0,16.43
2021-01-17 01:00:00+00:00,0.0,0.0,0.0,0.0,0.0,16.24
2021-01-17 02:00:00+00:00,0.0,0.0,0.0,0.0,0.0,16.1
2021-01-17 03:00:00+00:00,0.0,0.0,0.0,0.0,0.0,15.81
2021-01-17 04:00:00+00:00,52.929153203927925,16.72106342831106,36.20808977561687,35.45448267190434,0.7536071037125323,16.99883420476838
2021-01-17 05:00:00+00:00,120.82072599471046,3.950063771572376,116.87066222313808,114.76056233274299,2.1100998903950905,21.446335066552493
2021-01-17 06:00:00+00:00,571.9563356298795,401.75305532587936,170.20328030400017,161.41119742735395,8.79208287664621,38.239667050672544
2021-01-17 07:00:00+00:00,812.6581208980006,652.4475400604438,160.21058083755676,147.41600689897066,12.794573938586103,47.5152983956656
2021-01-17 08:00:00+00:00,635.4220948062588,206.6307025386649,428.7913922675939,417.9896904477143,10.801701819879629,43.51211088084854
2021-01-17 09:00:00+00:00,1043.642533403207,857.9199288866083,185.72260451659855,168.87529904249172,16.847305474106832,56.54864630828976
2021-01-17 10:00:00+00:00,952.7399369447712,642.3166295122439,310.4233074325273,294.83201379794133,15.591293634585945,54.05747725003826
2021-01-17 11:00:00+00:00,963.382044629855,741.795905771412,221.5861388584431,206.19580711818048,15.390331740262603,54.259341942639104
2021-01-17 12:00:00+00:00,749.0705657821563,465.6066368192817,283.4639289628747,271.50669625063585,11.957232712238845,47.23942918839781
2021-01-17 13:00:00+00:00,481.39908625325654,205.88740787874093,275.5116783745156,267.77464544306696,7.737032931448665,38.790144083737474
2021-01-17 14:00:00+00:00,311.3184881940108,139.58661003870498,171.7318781553058,167.00927363870727,4.722604516598536,33.58349849371265
2021-01-17 15:00:00+00:00,194.38686079441615,147.6261258094101,46.76073498500606,44.78460969082653,1.976125294179529,29.18000761684954
2021-01-17 16:00:00+00:00,0.0,0.0,0.0,0.0,0.0,22.06
2021-01-17 17:00:00+00:00,0.0,0.0,0.0,0.0,0.0,20.7
2021-01-17 18:00:00+00:00,0.0,0.0,0.0,0.0,0.0,19.61
2021-01-17 19:00:00+00:00,0.0,0.0,0.0,0.0,0.0,19.1
2021-01-17 20:00:00+00:00,0.0,0.0,0.0,0.0,0.0,18.47
2021-01-17 21:00:00+00:00,0.0,0.0,0.0,0.0,0.0,17.96
2021-01-17 22:00:00+00:00,0.0,0.0,0.0,0.0,0.0,17.61
2021-01-17 23:00:00+00:00,0.0,0.0,0.0,0.0,0.0,17.07
2021-01-18 00:00:00+00:00,0.0,0.0,0.0,0.0,0.0,16.7
2021-01-18 01:00:00+00:00,0.0,0.0,0.0,0.0,0.0,16.35
2021-01-18 02:00:00+00:00,0.0,0.0,0.0,0.0,0.0,16.06
2021-01-18 03:00:00+00:00,0.0,0.0,0.0,0.0,0.0,15.68
2021-01-18 04:00:00+00:00,7.598076211353317,0.0,7.598076211353317,7.464101615137755,0.1339745962155613,15.70878775718829
2021-01-18 05:00:00+00:00,126.88773174029201,5.251525060531165,121.63620667976085,119.42562584220408,2.2105808375567615,21.680476255652287
2021-01-18 06:00:00+00:00,233.79868870703285,11.387491279678876,222.41119742735398,218.32497224277935,4.086225184574619,27.358079953285703
2021-01-18 07:00:00+00:00,539.7479974503688,182.64073392643965,357.1072635239291,348.01373780579786,9.093525718131223,39.47029759416981
2021-01-18 08:00:00+00:00,736.9220991802624,348.5923174658663,388.32978171439606,376.00411886256444,12.32566285183164,47.630695684174896
2021-01-18 09:00:00+00:00,939.4649932659881,631.0584326579877,308.40656060800035,292.9659883941569,15.440572213843438,55.40271416696989
2021-01-18 10:00:00+00:00,883.6764548748824,510.7628527117202,372.9136021631623,358.2768775266122,14.63672463655007,55.087008805376186
2021-01-18 11:00:00+00:00,862.550055755795,538.7225061249442,323.8275496308508,309.76021702821686,14.067332602633936,54.890460028183035
2021-01-18 12:00:00+00:00,300.1674336759859,6.591259065302339,293.57617461068355,288.3009248846958,5.275249725987726,36.78649251052283
2021-01-18 13:00:00+00:00,93.07643358907814,0.0,93.07643358907814,91.4352447854375,1.641188803640626,29.6264773575836
2021-01-18 14:00:00+00:00,272.2494532143972,94.42190358354644,177.82754963085077,173.5403625519528,4.287187078897961,33.79731010118481
2021-01-18 15:00:00+00:00,45.79254153234953,2.08685649254102,43.705685039808515,42.918584287042094,0.7871007527664226,25.582844288150973
2021-01-18 16:00:00+00:00,0.0,0.0,0.0,0.0,0.0,22.57
2021-01-18 17:00:00+00:00,0.0,0.0,0.0,0.0,0.0,20.99
2021-01-18 18:00:00+00:00,0.0,0.0,0.0,0.0,0.0,20.0
2021-01-18 19:00:00+00:00,0.0,0.0,0.0,0.0,0.0,19.3
2021-01-18 20:00:00+00:00,0.0,0.0,0.0,0.0,0.0,18.9
2021-01-18 21:00:00+00:00,0.0,0.0,0.0,0.0,0.0,18.33
2021-01-18 22:00:00+00:00,0.0,0.0,0.0,0.0,0.0,17.8
2021-01-18 23:00:00+00:00,0.0,0.0,0.0,0.0,0.0,17.45
2021-01-19 00:00:00+00:00,0.0,0.0,0.0,0.0,0.0,17.0
2021-01-19 01:00:00+00:00,0.0,0.0,0.0,0.0,0.0,16.67
2021-01-19 02:00:00+00:00,0.0,0.0,0.0,0.0,0.0,16.28
2021-01-19 03:00:00+00:00,0.0,0.0,0.0,0.0,0.0,15.74
2021-01-19 04:00:00+00:00,45.29596214052003,11.970644593214546,33.32531754730549,32.65544456622768,0.6698729810778065,16.943149223192442
2021-01-19 05:00:00+00:00,254.9389015728981,107.30269489313726,147.63620667976085,143.6839560914018,3.952250588359058,25.767596915071007
2021-01-19 06:00:00+00:00,483.02680721786896,253.24949806059905,229.77730915726994,222.05702305034822,7.720286106921719,35.06651731421968
2021-01-19 07:00:00+00:00,667.4594133379894,371.97160966929425,295.48780366869516,284.5688740771269,10.918929591568245,42.525261860201894
2021-01-19 08:00:00+00:00,824.9204495976757,502.49482375547154,322.4256258422041,308.82720432632465,13.59842151587947,48.57255396882677
2021-01-19 09:00:00+00:00,1039.2623435111843,853.5564858191127,185.70585769207162,168.87529904249172,16.83055864957989,56.50814872846456
2021-01-19 10:00:00+00:00,990.3283819198816,725.0700516706838,265.25833024919774,249.1143914052226,16.143938843975135,55.68810776043989
2021-01-19 11:00:00+00:00,894.514301279962,601.0240065493268,293.49029473063507,278.9707978657736,14.519496864861456,52.72583841913809
2021-01-19 12:00:00+00:00,679.3651169313819,348.27210917003976,331.09300776134205,320.0233567490313,11.069651012310752,45.546904914335606
2021-01-19 13:00:00+00:00,359.63281027515325,73.64990240420636,285.9829078709469,279.9038105676658,6.0790973032810935,35.44632936799525
2021-01-19 14:00:00+00:00,326.99939585474135,159.74836613910023,167.2510297156411,162.34421012924616,4.906819586394932,34.18004433471727
2021-01-19 15:00:00+00:00,57.534229207945856,6.19697430773013,51.337254900215726,50.38268590217985,0.9545689980358742,25.567957480767696
2021-01-19 16:00:00+00:00,0.0,0.0,0.0,0.0,0.0,22.46
2021-01-19 17:00:00+00:00,0.0,0.0,0.0,0.0,0.0,21.11
2021-01-19 18:00:00+00:00,0.0,0.0,0.0,0.0,0.0,20.23
2021-01-19 19:00:00+00:00,0.0,0.0,0.0,0.0,0.0,19.68
2021-01-19 20:00:00+00:00,0.0,0.0,0.0,0.0,0.0,19.09
2021-01-19 21:00:00+00:00,0.0,0.0,0.0,0.0,0.0,18.55
2021-01-19 22:00:00+00:00,0.0,0.0,0.0,0.0,0.0,18.07
2021-01-19 23:00:00+00:00,0.0,0.0,0.0,0.0,0.0,17.52
2021-01-20 00:00:00+00:00,0.0,0.0,0.0,0.0,0.0,16.92
2021-01-20 01:00:00+00:00,0.0,0.0,0.0,0.0,0.0,16.28
2021-01-20 02:00:00+00:00,0.0,0.0,0.0,0.0,0.0,15.97
2021-01-20 03:00:00+00:00,0.0,0.0,0.0,0.0,0.0,15.62
2021-01-20 04:00:00+00:00,88.2095672862419,52.70003466914002,35.50953261710188,34.52146997001212,0.9880626470897645,18.0365490156969
2021-01-20 05:00:00+00:00,363.7488661631984,263.49053591400065,100.25833024919771,95.16729559300639,5.091034656191329,29.997703138272474
2021-01-20 06:00:00+00:00,612.7008781751707,480.23196708841624,132.46891108675447,123.15767664977297,9.31123443698151,40.269721424167074
2021-01-20 07:00:00+00:00,815.9290143053768,655.6012056961314,160.32780860924538,147.41600689897066,12.91180171027472,46.727949581332794
2021-01-20 08:00:00+00:00,998.4064439068611,861.104828413113,137.3016154937481,121.29165124598852,16.009964247759573,53.017720064806845
2021-01-20 09:00:00+00:00,1079.4787861538884,931.4235635564278,148.05522259746064,130.62177826491072,17.433444332549914,56.68939316295853
2021-01-20 10:00:00+00:00,1121.1464322527595,998.6629200988917,122.48351215386768,104.49742261192857,17.986089541939105,58.52291095002
2021-01-20 11:00:00+00:00,1059.9565344290068,939.6285531674984,120.32798126150847,103.56440991003636,16.763571351472105,57.351676780166216
2021-01-20 12:00:00+00:00,921.2285018437746,800.680493453739,120.54800839003556,106.36344801571302,14.184560374322551,52.82100983568967
2021-01-20 13:00:00+00:00,718.3563030469944,602.3753682811981,115.98093476579625,105.4304353138208,10.550499451975451,46.440903315068866
2021-01-20 14:00:00+00:00,480.05462802290174,388.7531851814167,91.30144284148501,84.90415587219196,6.397286969293051,38.873449151767154
2021-01-20 15:00:00+00:00,189.53234457691389,139.00606513528504,50.52627944162883,48.51666049839541,2.0096189432334195,29.627138482934498
2021-01-20 16:00:00+00:00,0.0,0.0,0.0,0.0,0.0,22.71
2021-01-20 17:00:00+00:00,0.0,0.0,0.0,0.0,0.0,21.21
2021-01-20 18:00:00+00:00,0.0,0.0,0.0,0.0,0.0,20.04
2021-01-20 19:00:00+00:00,0.0,0.0,0.0,0.0,0.0,19.27
2021-01-20 20:00:00+00:00,0.0,0.0,0.0,0.0,0.0,18.51
2021-01-20 21:00:00+00:00,0.0,0.0,0.0,0.0,0.0,17.91
2021-01-20 22:00:00+00:00,0.0,0.0,0.0,0.0,0.0,17.4
2021-01-20 23:00:00+00:00,0.0,0.0,0.0,0.0,0.0,16.92
2021-01-21 00:00:00+00:00,0.0,0.0,0.0,0.0,0.0,16.39
2021-01-21 01:00:00+00:00,0.0,0.0,0.0,0.0,0.0,16.01
2021-01-21 02:00:00+00:00,0.0,0.0,0.0,0.0,0.0,15.56
2021-01-21 03:00:00+00:00,0.0,0.0,0.0,0.0,0.0,15.14
2021-01-21 04:00:00+00:00,66.50033874888823,31.141527552528842,35.358811196359376,34.52146997001212,0.837341226347258,17.01593608444391
2021-01-21 05:00:00+00:00,373.85792106154236,284.7120091124166,89.14591194912579,83.97114317029974,5.174768778826055,29.073882400965722
2021-01-21 06:00:00+00:00,633.4733321214667,524.0785362141136,109.39479590735317,99.83235910246748,9.562436804885687,39.517232067569815
2021-01-21 07:00:00+00:00,837.3565943152514,708.4665215533835,128.890072761868,115.6935750346352,13.196497727232787,45.74689446903401
2021-01-21 08:00:00+00:00,971.7665673103863,812.4243302862908,159.3422370240955,143.6839560914018,15.658280932693726,51.028777357025625
2021-01-21 09:00:00+00:00,1051.4128446528002,874.8026584362735,176.6101862165266,159.5451720235695,17.06501419295712,54.43471883970644
2021-01-21 10:00:00+00:00,1058.1274366881507,871.1871234527019,186.94031323544883,169.80831174438393,17.1320014910649,54.553761726772
2021-01-21 11:00:00+00:00,919.8664604229841,644.6344959415467,275.2319644814374,260.3105438279292,14.92142065350814,50.91823151303775
2021-01-21 12:00:00+00:00,752.8232018378533,467.35927287497856,285.46392896287466,273.3727216544203,12.091207308454406,45.98696005796879
2021-01-21 13:00:00+00:00,525.9608725703806,264.7577649186435,261.20310765173707,252.84644221279146,8.356665438945635,38.80305831377472
2021-01-21 14:00:00+00:00,374.8614677922408,222.00274292201294,152.85872487022783,147.41600689897066,5.442717971257178,33.799740419631554
2021-01-21 15:00:00+00:00,111.64411280323421,48.55806027092266,63.08605253231155,61.57883832488648,1.5072142074250645,25.672490590527143
2021-01-21 16:00:00+00:00,0.0,0.0,0.0,0.0,0.0,21.23
2021-01-21 17:00:00+00:00,0.0,0.0,0.0,0.0,0.0,19.99
2021-01-21 18:00:00+00:00,0.0,0.0,0.0,0.0,0.0,19.16
2021-01-21 19:00:00+00:00,0.0,0.0,0.0,0.0,0.0,18.75
2021-01-21 20:00:00+00:00,0.0,0.0,0.0,0.0,0.0,18.13
2021-01-21 21:00:00+00:00,0.0,0.0,0.0,0.0,0.0,17.55
2021-01-21 22:00:00+00:00,0.0,0.0,0.0,0.0,0.0,17.05
2021-01-21 23:00:00+00:00,0.0,0.0,0.0,0.0,0.0,16.64
2021-01-22 00:00:00+00:00,0.0,0.0,0.0,0.0,0.0,16.18
2021-01-22 01:00:00+00:00,0.0,0.0,0.0,0.0,0.0,15.93
2021-01-22 02:00:00+00:00,0.0,0.0,0.0,0.0,0.0,15.6
2021-01-22 03:00:00+00:00,0.0,0.0,0.0,0.0,0.0,15.32
2021-01-22 04:00:00+00:00,29.004768863768284,2.39475529950473,26.610013564263554,26.124355652982143,0.48565791128140967,15.971638318265995
2021-01-22 05:00:00+00:00,158.34752539701603,19.431432171913833,138.9160932251022,136.21985447626403,2.696238748838171,21.84696335497579
2021-01-22 06:00:00+00:00,338.51829662769006,74.3296173908031,264.18867923688697,258.4445184241448,5.744160812742191,29.124185905431172
2021-01-22 07:00:00+00:00,334.91367357909036,20.2250806683349,314.68859291075546,308.82720432632465,5.861388584430807,29.686979841581078
2021-01-22 08:00:00+00:00,448.9983905933073,44.63047841050377,404.36791218280354,396.5303983041932,7.837513878610336,33.674127896681945
2021-01-22 09:00:00+00:00,899.7002799482675,550.7268183682909,348.9734615799766,334.01854727741454,14.95491430256203,46.37846457716596
2021-01-22 10:00:00+00:00,918.115906814989,572.6232936746771,345.49261314031185,330.28649646984564,15.206116670466207,47.51460773429943
2021-01-22 11:00:00+00:00,969.8870144216899,755.5472684595343,214.33974596215563,198.73170550304275,15.60804045911289,48.56730844037747
2021-01-22 12:00:00+00:00,850.7004512413689,663.8128695414408,186.8875816999281,173.5403625519528,13.347219147975293,44.98254498630909
2021-01-22 13:00:00+00:00,654.0747396204852,483.71592842412576,170.3588111963594,160.47818472546174,9.880626470897646,39.66335340754959
2021-01-22 14:00:00+00:00,458.15071108604616,355.82058406712395,102.3301270189222,96.1003082948986,6.2298187240236,34.09810144117463
2021-01-22 15:00:00+00:00,62.21373627605726,8.010455972057098,54.20328030400017,53.18172400785651,1.0215562961436548,23.08065260489624
2021-01-22 16:00:00+00:00,0.0,0.0,0.0,0.0,0.0,20.17
2021-01-22 17:00:00+00:00,0.0,0.0,0.0,0.0,0.0,19.34
2021-01-22 18:00:00+00:00,0.0,0.0,0.0,0.0,0.0,18.74
2021-01-22 19:00:00+00:00,0.0,0.0,0.0,0.0,0.0,18.06
2021-01-22 20:00:00+00:00,0.0,0.0,0.0,0.0,0.0,17.65
2021-01-22 21:00:00+00:00,0.0,0.0,0.0,0.0,0.0,17.02
2021-01-22 22:00:00+00:00,0.0,0.0,0.0,0.0,0.0,16.7
2021-01-22 23:00:00+00:00,0.0,0.0,0.0,0.0,0.0,16.24
2021-01-23 00:00:00+00:00,0.0,0.0,0.0,0.0,0.0,15.9
2021-01-23 01:00:00+00:00,0.0,0.0,0.0,0.0,0.0,15.67
2021-01-23 02:00:00+00:00,0.0,0.0,0.0,0.0,0.0,15.65
2021-01-23 03:00:00+00:00,0.0,0.0,0.0,0.0,0.0,15.55
2021-01-23 04:00:00+00:00,37.61992991709599,7.177384598101882,30.442545318994103,29.85640646055102,0.5861388584430807,16.75374510348423
2021-01-23 05:00:00+00:00,153.76145349309158,16.778372969881612,136.98308052320996,134.35382907247958,2.6292514507303903,20.810512086361506
2021-01-23 06:00:00+00:00,282.0745789268048,33.68493779559449,248.3896411312103,243.51631519386927,4.873325937341042,25.617147172769034
2021-01-23 07:00:00+00:00,442.17459129974276,82.80899752661598,359.36559377312676,351.7457886133667,7.619805159760048,30.507210802789796
2021-01-23 08:00:00+00:00,656.4594292053039,231.96467030757833,424.4947588977256,413.3246269382532,11.170131959472423,37.20408743556178
2021-01-23 09:00:00+00:00,767.6067616732059,323.5426107415641,444.0641509316418,431.0518682742054,13.01228265743639,40.76258609158187
2021-01-23 10:00:00+00:00,696.4097673320209,221.72847495482216,474.6812923771988,462.7743001385408,11.90699223865801,39.48735722484234
2021-01-23 11:00:00+00:00,840.4639933526573,491.64606266504006,348.8179306876173,334.95155997930675,13.866370708310594,44.21894397412196
2021-01-23 12:00:00+00:00,864.3076528576703,691.2142997918021,173.09335306586814,159.5451720235695,13.548181042298635,45.1312799798058
2021-01-23 13:00:00+00:00,639.7172857767878,455.49725864826064,184.2200271285271,174.47337525384503,9.746651874682083,39.48664330917347
2021-01-23 14:00:00+00:00,478.2785152262504,386.92683191118454,91.35168331506586,84.90415587219196,6.447527442873887,34.96299142567784
2021-01-23 15:00:00+00:00,197.38492084466827,148.64093268418915,48.74398816047911,46.65063509461097,2.093353065868145,26.642274062771328
2021-01-23 16:00:00+00:00,0.0,0.0,0.0,0.0,0.0,20.01
2021-01-23 17:00:00+00:00,0.0,0.0,0.0,0.0,0.0,18.94
2021-01-23 18:00:00+00:00,0.0,0.0,0.0,0.0,0.0,18.08
2021-01-23 19:00:00+00:00,0.0,0.0,0.0,0.0,0.0,17.68
2021-01-23 20:00:00+00:00,0.0,0.0,0.0,0.0,0.0,17.01
2021-01-23 21:00:00+00:00,0.0,0.0,0.0,0.0,0.0,16.49
2021-01-23 22:00:00+00:00,0.0,0.0,0.0,0.0,0.0,16.03
2021-01-23 23:00:00+00:00,0.0,0.0,0.0,0.0,0.0,15.55
2021-01-24 00:00:00+00:00,0.0,0.0,0.0,0.0,0.0,15.16
2021-01-24 01:00:00+00:00,0.0,0.0,0.0,0.0,0.0,14.65
2021-01-24 02:00:00+00:00,0.0,0.0,0.0,0.0,0.0,14.4
2021-01-24 03:00:00+00:00,0.0,0.0,0.0,0.0,0.0,14.13
2021-01-24 04:00:00+00:00,97.7549237797787,66.89370784761097,30.86121593216773,29.85640646055102,1.0048094716167097,17.164079494697294
2021-01-24 05:00:00+00:00,331.5847247253632,218.5656594911594,113.01906523420377,108.22947341949745,4.789591814706316,26.441918624179312
2021-01-24 06:00:00+00:00,507.2012978964903,291.05074912801086,216.15054876847944,208.06183252196493,8.088716246514513,32.94327030593771
2021-01-24 07:00:00+00:00,790.6554906056066,610.9856176245288,179.66987298107782,167.00927363870727,12.660599342370542,42.301098596685826
2021-01-24 08:00:00+00:00,996.493218918013,864.7059455129835,131.7872734050295,115.6935750346352,16.0936983703943,49.61832269890837
2021-01-24 09:00:00+00:00,1093.1155769613229,964.3354314375867,128.780145523736,111.02851152517411,17.75163399856187,53.55791424806499
2021-01-24 10:00:00+00:00,1115.449757625679,992.9160049982306,122.53375262744851,104.49742261192857,18.03633001551994,54.708746335314345
2021-01-24 11:00:00+00:00,1009.7405251946244,838.649490538433,171.09103465619134,154.88010851410843,16.210926142082915,52.67175631491883
2021-01-24 12:00:00+00:00,913.7356640079643,787.5560857575215,126.17957825044277,111.96152422706633,14.218054023376443,49.60790811007644
2021-01-24 13:00:00+00:00,691.3837449318517,550.3956822847618,140.98806264708978,130.62177826491072,10.366284382179055,43.187787807176065
2021-01-24 14:00:00+00:00,486.33331878251374,396.7304330995437,89.60288568297004,83.03813046840753,6.564755214562504,36.902325823896376
2021-01-24 15:00:00+00:00,204.80500085170044,156.92703809500577,47.87796275669468,45.71762239271875,2.160340363975926,27.997964118493957
2021-01-24 16:00:00+00:00,0.0,0.0,0.0,0.0,0.0,20.95
2021-01-24 17:00:00+00:00,0.0,0.0,0.0,0.0,0.0,19.65
2021-01-24 18:00:00+00:00,0.0,0.0,0.0,0.0,0.0,18.87
2021-01-24 19:00:00+00:00,0.0,0.0,0.0,0.0,0.0,18.75
2021-01-24 20:00:00+00:00,0.0,0.0,0.0,0.0,0.0,18.14
2021-01-24 21:00:00+00:00,0.0,0.0,0.0,0.0,0.0,17.59
2021-01-24 22:00:00+00:00,0.0,0.0,0.0,0.0,0.0,17.13
2021-01-24 23:00:00+00:00,0.0,0.0,0.0,0.0,0.0,16.68
2021-01-25 00:00:00+00:00,0.0,0.0,0.0,0.0,0.0,16.28
2021-01-25 01:00:00+00:00,0.0,0.0,0.0,0.0,0.0,15.89
2021-01-25 02:00:00+00:00,0.0,0.0,0.0,0.0,0.0,15.63
2021-01-25 03:00:00+00:00,0.0,0.0,0.0,0.0,0.0,15.29
2021-01-25 04:00:00+00:00,69.25910341996374,35.766317627388794,33.492785792574935,32.65544456622768,0.837341226347258,17.106857635478615
2021-01-25 05:00:00+00:00,314.5982431696368,193.3495318636725,121.24871130596429,116.62658773652743,4.622123569436865,25.942393962418453
2021-01-25 06:00:00+00:00,500.06475375565174,281.19890100413033,218.86585275152137,210.8608706276416,8.004982123879786,33.706428417103524
2021-01-25 07:00:00+00:00,755.129928702389,538.5917119078498,216.5382167945391,204.32978171439606,12.208435080143023,40.79823669752072
2021-01-25 08:00:00+00:00,820.5075543424517,490.567586411529,329.9399679309227,316.2913059414624,13.648661989460306,43.7117044236243
2021-01-25 09:00:00+00:00,864.4198375569424,479.51104486539674,384.9087926915456,370.4060426512111,14.50275004033451,46.181234181271805
2021-01-25 10:00:00+00:00,1009.3573804421396,758.5918359855169,250.76554445662276,234.18618817494706,16.57935628167571,50.85814357911924
2021-01-25 11:00:00+00:00,844.1484883894814,493.3640513509178,350.7844370385635,336.8175853830912,13.966851655472265,47.31312141395918
2021-01-25 12:00:00+00:00,808.3908639864743,568.7569757163902,239.63388827008404,226.72208655980933,12.91180171027472,46.523556905071224
2021-01-25 13:00:00+00:00,528.5684524383643,264.46582573378885,264.1026267045754,255.64548031846812,8.457146386107306,38.120286353901896
2021-01-25 14:00:00+00:00,356.716655142459,192.77900562121312,163.93764952124585,158.6121593216773,5.325490199568561,32.48619654033739
2021-01-25 15:00:00+00:00,112.53168250383945,46.596351392270414,65.93533111156903,64.37787643056313,1.5574546810059,24.841097440169417
2021-01-25 16:00:00+00:00,0.0,0.0,0.0,0.0,0.0,20.36
2021-01-25 17:00:00+00:00,0.0,0.0,0.0,0.0,0.0,19.27
2021-01-25 18:00:00+00:00,0.0,0.0,0.0,0.0,0.0,18.43
2021-01-25 19:00:00+00:00,0.0,0.0,0.0,0.0,0.0,18.11
2021-01-25 20:00:00+00:00,0.0,0.0,0.0,0.0,0.0,17.49
2021-01-25 21:00:00+00:00,0.0,0.0,0.0,0.0,0.0,17.11
2021-01-25 22:00:00+00:00,0.0,0.0,0.0,0.0,0.0,16.64
2021-01-25 23:00:00+00:00,0.0,0.0,0.0,0.0,0.0,16.16
2021-01-26 00:00:00+00:00,0.0,0.0,0.0,0.0,0.0,15.86
2021-01-26 01:00:00+00:00,0.0,0.0,0.0,0.0,0.0,15.54
2021-01-26 02:00:00+00:00,0.0,0.0,0.0,0.0,0.0,15.14
2021-01-26 03:00:00+00:00,0.0,0.0,0.0,0.0,0.0,15.05
2021-01-26 04:00:00+00:00,9.497595264191647,0.0,9.497595264191647,9.330127018922195,0.16746824526945162,14.914187987946038
2021-01-26 05:00:00+00:00,275.59310577459036,135.15305151753614,140.44005425705421,136.21985447626403,4.220199780790181,24.827496385638796
2021-01-26 06:00:00+00:00,623.6062317757318,510.49613188533664,113.1100998903951,103.56440991003636,9.545689980358743,37.30836811455449
2021-01-26 07:00:00+00:00,839.1220313606119,711.930515757259,127.19151560335301,113.82754963085077,13.363965972502239,45.93179119593959
2021-01-26 08:00:00+00:00,1001.7715257274152,870.7665436035354,131.0049821238798,114.76056233274299,16.244419791136806,52.074916239900205
2021-01-26 09:00:00+00:00,1093.168378206759,957.7734096471426,135.39496855961625,117.55960043841965,17.8353681211966,55.66310690993714
2021-01-26 10:00:00+00:00,1123.3227679252811,1001.5210661054016,121.80170181987964,103.56440991003636,18.237291909843282,56.95219753163617
2021-01-26 11:00:00+00:00,1063.2675080907622,943.604590338715,119.66291775204736,102.63139720814414,17.03152054390323,55.26080585768069
2021-01-26 12:00:00+00:00,932.494099893585,816.2427248734177,116.25137502016726,101.69838450625191,14.552990513915345,51.468672732263826
2021-01-26 13:00:00+00:00,728.5215322083769,615.9544585841376,112.56707362423933,101.69838450625191,10.86868911798741,45.33090275872985
2021-01-26 14:00:00+00:00,484.10792814865766,392.6055234128493,91.50240473580835,84.90415587219196,6.598248863616393,38.00550380411975
2021-01-26 15:00:00+00:00,196.67271442746656,144.12968816131078,52.54302626615578,50.38268590217985,2.160340363975926,29.133503160943096
2021-01-26 16:00:00+00:00,0.0,0.0,0.0,0.0,0.0,22.12
2021-01-26 17:00:00+00:00,0.0,0.0,0.0,0.0,0.0,20.59
2021-01-26 18:00:00+00:00,0.0,0.0,0.0,0.0,0.0,19.39
2021-01-26 19:00:00+00:00,0.0,0.0,0.0,0.0,0.0,18.7
2021-01-26 20:00:00+00:00,0.0,0.0,0.0,0.0,0.0,17.96
2021-01-26 21:00:00+00:00,0.0,0.0,0.0,0.0,0.0,17.32
2021-01-26 22:00:00+00:00,0.0,0.0,0.0,0.0,0.0,16.72
2021-01-26 23:00:00+00:00,0.0,0.0,0.0,0.0,0.0,16.13
2021-01-27 00:00:00+00:00,0.0,0.0,0.0,0.0,0.0,15.64
2021-01-27 01:00:00+00:00,0.0,0.0,0.0,0.0,0.0,15.16
2021-01-27 02:00:00+00:00,0.0,0.0,0.0,0.0,0.0,14.72
2021-01-27 03:00:00+00:00,0.0,0.0,0.0,0.0,0.0,14.27
2021-01-27 04:00:00+00:00,61.89559246435077,28.453047145356667,33.4425453189941,32.65544456622768,0.7871007527664226,15.677389208742374
2021-01-27 05:00:00+00:00,376.59874809173385,295.7662163370033,80.83253175473055,75.57402885326977,5.258502901460781,28.37468987175548
2021-01-27 06:00:00+00:00,634.1051804516578,532.0405115632268,102.06466888843097,92.36825748732973,9.696411401101248,38.59552395094737
2021-01-27 07:00:00+00:00,837.5806092717031,714.121144475919,123.45946479578413,110.09549882328189,13.363965972502239,47.15446678604043
2021-01-27 08:00:00+00:00,994.3481282633247,863.4268802620796,130.92124800124506,114.76056233274299,16.16068566850208,53.20602986735434
2021-01-27 09:00:00+00:00,1078.887716234347,937.1458738312815,141.7418424030654,124.09068935166518,17.6511530514002,55.83613981417561
2021-01-27 10:00:00+00:00,1115.5867840851158,992.9358036859787,122.65098039913713,104.49742261192857,18.153557787208555,57.153228307775194
2021-01-27 11:00:00+00:00,1050.4563625036255,923.4800645571829,126.97629794644261,110.09549882328189,16.880799123160724,54.957281551631844
2021-01-27 12:00:00+00:00,914.3857528569979,788.0889468348665,126.29680602213139,111.96152422706633,14.335281795065058,50.790921947574695
2021-01-27 13:00:00+00:00,714.0049117257377,593.1914452052108,120.81346652052679,110.09549882328189,10.717967697244903,44.651360772350756
2021-01-27 14:00:00+00:00,477.04074172729577,382.7895393593916,94.25120236790418,87.70319397786862,6.548008390035558,37.821297824329186
2021-01-27 15:00:00+00:00,197.11909773298464,144.5593246423019,52.559773090682725,50.38268590217985,2.177087188502871,29.17616471522522
2021-01-27 16:00:00+00:00,0.0,0.0,0.0,0.0,0.0,22.27
2021-01-27 17:00:00+00:00,0.0,0.0,0.0,0.0,0.0,20.84
2021-01-27 18:00:00+00:00,0.0,0.0,0.0,0.0,0.0,19.78
2021-01-27 19:00:00+00:00,0.0,0.0,0.0,0.0,0.0,19.11
2021-01-27 20:00:00+00:00,0.0,0.0,0.0,0.0,0.0,18.34
2021-01-27 21:00:00+00:00,0.0,0.0,0.0,0.0,0.0,17.75
2021-01-27 22:00:00+00:00,0.0,0.0,0.0,0.0,0.0,17.16
2021-01-27 23:00:00+00:00,0.0,0.0,0.0,0.0,0.0,16.67
2021-01-28 00:00:00+00:00,0.0,0.0,0.0,0.0,0.0,16.22
2021-01-28 01:00:00+00:00,0.0,0.0,0.0,0.0,0.0,15.75
2021-01-28 02:00:00+00:00,0.0,0.0,0.0,0.0,0.0,15.27
2021-01-28 03:00:00+00:00,0.0,0.0,0.0,0.0,0.0,14.9
2021-01-28 04:00:00+00:00,58.462301096942255,25.98626212889427,32.47603896804799,31.72243186433546,0.7536071037125323,16.392424466056458
2021-01-28 05:00:00+00:00,363.3442286261716,277.98060795819555,85.3636206679761,80.23909236273087,5.124528305245219,28.277669374101105
2021-01-28 06:00:00+00:00,623.8885566961104,519.1420774736914,104.74647922241903,95.16729559300639,9.579183629412633,38.64973850062184
2021-01-28 07:00:00+00:00,826.4297698736261,698.4392161645965,127.99055370902967,114.76056233274299,13.229991376286678,45.506225468803706
2021-01-28 08:00:00+00:00,983.0729098369009,844.8215348167336,138.25137502016727,122.22466394788074,16.02671107228652,51.594101849939676
2021-01-28 09:00:00+00:00,1079.1965290293401,943.9522818904663,135.24424713887373,117.55960043841965,17.684646700454092,55.08949682171108
2021-01-28 10:00:00+00:00,1103.178118631918,974.146770740278,129.03134789164017,111.02851152517411,18.00283636646605,56.273323887246654
2021-01-28 11:00:00+00:00,1032.8855704063642,893.0648033522808,139.8207670540834,123.15767664977297,16.663090404310434,54.817720193496285
2021-01-28 12:00:00+00:00,903.7025882404964,772.8579464805925,130.84464175990388,116.62658773652743,14.218054023376443,51.281336293462644
2021-01-28 13:00:00+00:00,704.8076416926925,578.4798330834471,126.32780860924538,115.6935750346352,10.634233574610178,45.12257761898175
2021-01-28 14:00:00+00:00,473.33921088863167,378.1717426433622,95.16746824526946,88.63620667976085,6.531261565508613,37.73182549519543
2021-01-28 15:00:00+00:00,190.89624605835726,137.4369539148362,53.45929214352105,51.31569860407207,2.1435935394489807,28.7938901717207
2021-01-28 16:00:00+00:00,0.0,0.0,0.0,0.0,0.0,21.97
2021-01-28 17:00:00+00:00,0.0,0.0,0.0,0.0,0.0,20.42
2021-01-28 18:00:00+00:00,0.0,0.0,0.0,0.0,0.0,19.34
2021-01-28 19:00:00+00:00,0.0,0.0,0.0,0.0,0.0,19.22
2021-01-28 20:00:00+00:00,0.0,0.0,0.0,0.0,0.0,18.57
2021-01-28 21:00:00+00:00,0.0,0.0,0.0,0.0,0.0,17.85
2021-01-28 22:00:00+00:00,0.0,0.0,0.0,0.0,0.0,17.26
2021-01-28 23:00:00+00:00,0.0,0.0,0.0,0.0,0.0,16.74
2021-01-29 00:00:00+00:00,0.0,0.0,0.0,0.0,0.0,16.26
2021-01-29 01:00:00+00:00,0.0,0.0,0.0,0.0,0.0,15.8
2021-01-29 02:00:00+00:00,0.0,0.0,0.0,0.0,0.0,15.4
2021-01-29 03:00:00+00:00,0.0,0.0,0.0,0.0,0.0,15.09
2021-01-29 04:00:00+00:00,59.77088068609294,28.227854419937163,31.543026266155774,30.78941916244324,0.7536071037125323,16.65571726493545
2021-01-29 05:00:00+00:00,370.65551495455026,291.739249077185,78.91626587736528,73.70800344948533,5.208262427879945,28.711316073050615
2021-01-29 06:00:00+00:00,616.8797816444242,508.4682389125441,108.4115427318801,98.89934640057525,9.512196331304851,38.685206286162185
2021-01-29 07:00:00+00:00,823.2904416537324,695.3166347692297,127.97380688450272,114.76056233274299,13.213244551759733,46.15490518181111
2021-01-29 08:00:00+00:00,979.8002431640548,841.5656149684145,138.2346281956403,122.22466394788074,16.009964247759573,52.290276488763055
2021-01-29 09:00:00+00:00,1076.7412025758317,940.5639427350659,136.17725984076594,118.49261314031186,17.684646700454092,56.41482920323946
2021-01-29 10:00:00+00:00,1088.0782146980487,945.2358913478217,142.84232335022705,125.0237020535574,17.81862129666965,57.19986342857668
2021-01-29 11:00:00+00:00,1036.3841288287476,903.0107165652751,133.37341226347257,116.62658773652743,16.74682452694516,56.017012253890485
2021-01-29 12:00:00+00:00,896.188500059584,759.8127693864346,136.3757306731494,122.22466394788074,14.151066725268661,51.71653356248969
2021-01-29 13:00:00+00:00,692.2278171481644,554.821083887901,137.4067332602634,126.88972745734183,10.517005802921561,44.13627285882127
2021-01-29 14:00:00+00:00,412.9294528839444,275.39604556102205,137.53340732292236,131.55479096680293,5.9786163561194225,35.53369959513206
2021-01-29 15:00:00+00:00,191.37619889941087,137.90015993136288,53.476038968047995,51.31569860407207,2.160340363975926,28.14536151732443
2021-01-29 16:00:00+00:00,0.0,0.0,0.0,0.0,0.0,21.56
2021-01-29 17:00:00+00:00,0.0,0.0,0.0,0.0,0.0,20.44
2021-01-29 18:00:00+00:00,0.0,0.0,0.0,0.0,0.0,19.54
2021-01-29 19:00:00+00:00,0.0,0.0,0.0,0.0,0.0,18.9
2021-01-29 20:00:00+00:00,0.0,0.0,0.0,0.0,0.0,18.39
2021-01-29 21:00:00+00:00,0.0,0.0,0.0,0.0,0.0,17.81
2021-01-29 22:00:00+00:00,0.0,0.0,0.0,0.0,0.0,17.36
2021-01-29 23:00:00+00:00,0.0,0.0,0.0,0.0,0.0,16.8
2021-01-30 00:00:00+00:00,0.0,0.0,0.0,0.0,0.0,16.4
2021-01-30 01:00:00+00:00,0.0,0.0,0.0,0.0,0.0,15.99
2021-01-30 02:00:00+00:00,0.0,0.0,0.0,0.0,0.0,15.64
2021-01-30 03:00:00+00:00,0.0,0.0,0.0,0.0,0.0,15.21
2021-01-30 04:00:00+00:00,46.89399213987842,16.384459522776535,30.509532617101883,29.85640646055102,0.6531261565508613,16.45758767053695
2021-01-30 05:00:00+00:00,361.2765538044368,277.7789585402451,83.49759526419165,78.37306695894642,5.124528305245219,28.426257395084917
2021-01-30 06:00:00+00:00,517.2201129214781,315.7968054889508,201.42330743252728,193.13362929168943,8.289678140837855,35.60275947646578
2021-01-30 07:00:00+00:00,731.7868893170842,499.6051653092277,232.1817240078565,220.19099764656377,11.990726361292735,43.083579635386926
2021-01-30 08:00:00+00:00,892.947542205141,643.9571611483743,248.99038105676658,234.18618817494706,14.804192881819523,48.6486455531069
2021-01-30 09:00:00+00:00,983.0765560459372,725.0646186930269,258.01193735291025,241.65028979008483,16.36164756282542,51.95175762086655
2021-01-30 10:00:00+00:00,1072.9872346466748,915.4009231359686,157.58631151070617,139.9519052838329,17.634406226873256,55.02583749212387
2021-01-30 11:00:00+00:00,989.2153690621618,798.6148017888686,190.60056727329322,174.47337525384503,16.12719201944819,53.268658311699085
2021-01-30 12:00:00+00:00,889.5271962752511,745.7376044605447,143.78959181470634,129.6887655630185,14.100826251687826,50.14357294238669
2021-01-30 13:00:00+00:00,712.294187612278,594.2127718993202,118.08141571295792,107.29646071760523,10.784954995352685,44.84347890116446
2021-01-30 14:00:00+00:00,475.0296262811961,381.6611961416033,93.36843013959279,86.7701812759764,6.598248863616393,36.94987382458337
2021-01-30 15:00:00+00:00,137.21214715594232,70.09260097457688,67.11954618136544,65.31088913245536,1.8086570489100775,26.686361326852605
2021-01-30 16:00:00+00:00,0.0,0.0,0.0,0.0,0.0,21.42
2021-01-30 17:00:00+00:00,0.0,0.0,0.0,0.0,0.0,20.1
2021-01-30 18:00:00+00:00,0.0,0.0,0.0,0.0,0.0,19.26
2021-01-30 19:00:00+00:00,0.0,0.0,0.0,0.0,0.0,19.16
2021-01-30 20:00:00+00:00,0.0,0.0,0.0,0.0,0.0,18.57
2021-01-30 21:00:00+00:00,0.0,0.0,0.0,0.0,0.0,17.98
2021-01-30 22:00:00+00:00,0.0,0.0,0.0,0.0,0.0,17.49
2021-01-30 23:00:00+00:00,0.0,0.0,0.0,0.0,0.0,16.96
2021-01-31 00:00:00+00:00,0.0,0.0,0.0,0.0,0.0,16.45
2021-01-31 01:00:00+00:00,0.0,0.0,0.0,0.0,0.0,15.95
2021-01-31 02:00:00+00:00,0.0,0.0,0.0,0.0,0.0,15.44
2021-01-31 03:00:00+00:00,0.0,0.0,0.0,0.0,0.0,14.98
2021-01-31 04:00:00+00:00,59.47225578346817,27.929229517312393,31.543026266155774,30.78941916244324,0.7536071037125323,16.456295919153774
2021-01-31 05:00:00+00:00,371.1855268102727,291.28600775743433,79.89951905283834,74.64101615137756,5.258502901460781,28.102808557685734
2021-01-31 06:00:00+00:00,609.428194588317,492.6530311884608,116.77516339985618,107.29646071760523,9.478702682250962,36.22702407539036
2021-01-31 07:00:00+00:00,824.9340815722896,693.1277429330563,131.80633863923327,118.49261314031186,13.313725498921404,44.0386055528343
2021-01-31 08:00:00+00:00,976.2856142765122,826.8213400091114,149.46427426740084,133.42081637058737,16.043457896813464,49.67393657146322
2021-01-31 09:00:00+00:00,1080.6900725964024,939.6970278254329,140.99304477096956,123.15767664977297,17.8353681211966,53.69809986055498
2021-01-31 10:00:00+00:00,1105.3302170080792,969.6003119579241,135.72990505015514,117.55960043841965,18.1703046117355,55.06611351019281
2021-01-31 11:00:00+00:00,1053.890412759745,926.6964060944522,127.1940066652929,110.09549882328189,17.09850784201101,54.37186908439062
2021-01-31 12:00:00+00:00,912.4972032931007,781.4013591652927,131.09584412780805,116.62658773652743,14.46925639128062,50.65856374548852
2021-01-31 13:00:00+00:00,706.1993147576236,575.0724680427015,131.12684671492204,120.35863854409631,10.768208170825739,44.6441391372246
2021-01-31 14:00:00+00:00,467.70111172199506,363.15327598422255,104.54783573777249,97.96633369868304,6.5815020390894485,37.67771879993757
2021-01-31 15:00:00+00:00,186.85588891096438,129.63105231082056,57.22483660014382,55.04774941164094,2.177087188502871,28.935336244546335
2021-01-31 16:00:00+00:00,0.0,0.0,0.0,0.0,0.0,19.27
2021-01-31 17:00:00+00:00,0.0,0.0,0.0,0.0,0.0,19.04
2021-01-31 18:00:00+00:00,0.0,0.0,0.0,0.0,0.0,18.81
2021-01-31 19:00:00+00:00,0.0,0.0,0.0,0.0,0.0,18.59
2021-01-31 20:00:00+00:00,0.0,0.0,0.0,0.0,0.0,18.36
2021-01-31 21:00:00+00:00,0.0,0.0,0.0,0.0,0.0,18.13
2021-01-31 22:00:00+00:00,0.0,0.0,0.0,0.0,0.0,17.91
2021-01-31 23:00:00+00:00,0.0,0.0,0.0,0.0,0.0,17.68
2021-02-01 00:00:00+00:00,0.0,0.0,0.0,0.0,0.0,17.45
2021-02-01 01:00:00+00:00,0.0,0.0,0.0,0.0,0.0,17.22
2021-02-01 02:00:00+00:00,0.0,0.0,0.0,0.0,0.0,17.0
2021-02-01 03:00:00+00:00,0.0,0.0,0.0,0.0,0.0,16.77
2021-02-01 04:00:00+00:00,46.70022215982917,16.190689542727284,30.509532617101883,29.85640646055102,0.6531261565508613,17.917941900153586
2021-02-01 05:00:00+00:00,353.7605849031337,260.0165967426546,93.74398816047912,88.63620667976085,5.107781480718274,26.81956751518533
2021-02-01 06:00:00+00:00,603.1289626364648,473.3251150591715,129.80384757729337,120.35863854409631,9.445209033197072,34.10589735590085
2021-02-01 07:00:00+00:00,819.954638987255,672.3038312403809,147.65080774687405,134.35382907247958,13.296978674394458,40.49707026679147
2021-02-01 08:00:00+00:00,972.1354497110137,801.2118833000918,170.9235664109219,154.88010851410843,16.043457896813464,49.5165858449798
2021-02-01 09:00:00+00:00,1069.9820603788778,902.0321282001956,167.94993217868225,150.21504500464732,17.734887174034927,53.49911879800327
2021-02-01 10:00:00+00:00,1087.786665516579,919.6022777945194,168.18438772205948,150.21504500464732,17.969342717412157,55.0718492868952
2021-02-01 11:00:00+00:00,1023.8304613015348,850.3542496812237,173.47621162031106,156.74613391789285,16.730077702418217,54.13421409207764
2021-02-01 12:00:00+00:00,895.3719125751439,734.5871302320543,160.78478234308963,146.48299419707845,14.301788146011168,50.90090263780339
2021-02-01 13:00:00+00:00,695.3712509573996,543.7851120989566,151.5861388584431,140.88491798572514,10.701220872717958,45.27105450728506
2021-02-01 14:00:00+00:00,468.83757028750654,362.37346867236874,106.46410161513776,99.83235910246748,6.631742512670284,38.374123905897754
2021-02-01 15:00:00+00:00,173.86779084526688,112.04487803376976,61.82291281149713,59.71281292110204,2.1100998903950905,29.133429272174876
2021-02-01 16:00:00+00:00,0.0,0.0,0.0,0.0,0.0,22.66
2021-02-01 17:00:00+00:00,0.0,0.0,0.0,0.0,0.0,21.15
2021-02-01 18:00:00+00:00,0.0,0.0,0.0,0.0,0.0,20.02
2021-02-01 19:00:00+00:00,0.0,0.0,0.0,0.0,0.0,19.27
2021-02-01 20:00:00+00:00,0.0,0.0,0.0,0.0,0.0,18.39
2021-02-01 21:00:00+00:00,0.0,0.0,0.0,0.0,0.0,17.65
2021-02-01 22:00:00+00:00,0.0,0.0,0.0,0.0,0.0,16.98
2021-02-01 23:00:00+00:00,0.0,0.0,0.0,0.0,0.0,16.35
2021-02-02 00:00:00+00:00,0.0,0.0,0.0,0.0,0.0,15.83
2021-02-02 01:00:00+00:00,0.0,0.0,0.0,0.0,0.0,15.37
2021-02-02 02:00:00+00:00,0.0,0.0,0.0,0.0,0.0,14.93
2021-02-02 03:00:00+00:00,0.0,0.0,0.0,0.0,0.0,14.55
2021-02-02 04:00:00+00:00,62.779007981026425,32.15224759223592,30.626760388790498,29.85640646055102,0.7703539282394775,16.133184117654608
2021-02-02 05:00:00+00:00,355.6620387470891,268.4323926753286,87.22964607176053,82.1051177665153,5.124528305245219,27.398268015161918
2021-02-02 06:00:00+00:00,592.130073097212,460.5941747123497,131.53589838486226,122.22466394788074,9.31123443698151,37.33598599319479
2021-02-02 07:00:00+00:00,811.9747114694939,669.0894481792426,142.8852632902513,129.6887655630185,13.196497727232787,46.02083575843503
2021-02-02 08:00:00+00:00,975.6782186740522,826.1469571085436,149.53126156550863,133.42081637058737,16.110445194921244,51.828995920961106
2021-02-02 09:00:00+00:00,1067.5332372031246,913.5952423773525,153.93799482577202,136.21985447626403,17.71814034950798,55.43509677811934
2021-02-02 10:00:00+00:00,1098.6179714196196,957.3067369826382,141.31123443698152,123.15767664977297,18.153557787208555,57.170067243107596
2021-02-02 11:00:00+00:00,1034.43042497102,889.7101388640983,144.72028610692172,127.82274015923406,16.897545947687668,55.924233431727984
2021-02-02 12:00:00+00:00,894.5900406015705,746.8674360849719,147.72260451659855,133.42081637058737,14.301788146011168,51.765622884605634
2021-02-02 13:00:00+00:00,694.1528383033764,553.7795986921668,140.37323961120953,129.6887655630185,10.684474048191014,45.52858484266636
2021-02-02 14:00:00+00:00,456.3765772003592,345.3646398474489,111.01193735291024,104.49742261192857,6.514514740981668,38.267265212577634
2021-02-02 15:00:00+00:00,178.9044535417233,119.84708518684894,59.05736835487436,56.913774815425384,2.1435935394489807,29.627652064437772
2021-02-02 16:00:00+00:00,0.0,0.0,0.0,0.0,0.0,23.22
2021-02-02 17:00:00+00:00,0.0,0.0,0.0,0.0,0.0,21.76
2021-02-02 18:00:00+00:00,0.0,0.0,0.0,0.0,0.0,20.8
2021-02-02 19:00:00+00:00,0.0,0.0,0.0,0.0,0.0,20.32
2021-02-02 20:00:00+00:00,0.0,0.0,0.0,0.0,0.0,19.41
2021-02-02 21:00:00+00:00,0.0,0.0,0.0,0.0,0.0,18.78
2021-02-02 22:00:00+00:00,0.0,0.0,0.0,0.0,0.0,18.27
2021-02-02 23:00:00+00:00,0.0,0.0,0.0,0.0,0.0,17.9
2021-02-03 00:00:00+00:00,0.0,0.0,0.0,0.0,0.0,17.58
2021-02-03 01:00:00+00:00,0.0,0.0,0.0,0.0,0.0,17.24
2021-02-03 02:00:00+00:00,0.0,0.0,0.0,0.0,0.0,16.94
2021-02-03 03:00:00+00:00,0.0,0.0,0.0,0.0,0.0,16.48
2021-02-03 04:00:00+00:00,57.940847170010855,27.347580430274245,30.59326673973661,29.85640646055102,0.7368602791855872,18.045823534777643
2021-02-03 05:00:00+00:00,326.8419154263152,224.05249626387197,102.78941916244325,97.96633369868304,4.823085463760206,27.788058689003552
2021-02-03 06:00:00+00:00,566.6412292776063,417.6962792228038,148.94495005480246,139.9519052838329,8.993044770969552,36.71780043231249
2021-02-03 07:00:00+00:00,735.6434438815357,511.7081127699667,223.93533111156904,211.7938833295338,12.141447782035241,43.53756237733659
2021-02-03 08:00:00+00:00,934.335986842832,745.2713179544011,189.06466888843096,173.5403625519528,15.524306336478165,51.0167763432487
2021-02-03 09:00:00+00:00,1043.5648832538145,874.1006089864136,169.46427426740084,152.08107040843177,17.38320385896908,55.23652188027161
2021-02-03 10:00:00+00:00,956.8397049911312,647.796765051107,309.04293994002427,292.9659883941569,16.076951545867356,53.43160378468338
2021-02-03 11:00:00+00:00,916.0033803527093,635.8049095203259,280.19847083238346,264.97560733739033,15.222863494993153,52.203380411889896
2021-02-03 12:00:00+00:00,786.5988765152682,525.555936575244,261.0429399400242,248.18137870333035,12.861561236693884,48.41021858874728
2021-02-03 13:00:00+00:00,628.1158888453805,428.81693706583536,199.29895177954512,189.40157848412053,9.89737329542459,43.007880603979885
2021-02-03 14:00:00+00:00,212.17272898803571,32.23276105711305,179.93996793092268,176.33940065762945,3.6005672732932097,31.035130464007583
2021-02-03 15:00:00+00:00,190.8054029666993,136.3293639986513,54.476038968047995,52.248711305964285,2.2273276620837064,29.351442313808374
2021-02-03 16:00:00+00:00,0.0,0.0,0.0,0.0,0.0,22.71
2021-02-03 17:00:00+00:00,0.0,0.0,0.0,0.0,0.0,21.47
2021-02-03 18:00:00+00:00,0.0,0.0,0.0,0.0,0.0,20.37
2021-02-03 19:00:00+00:00,0.0,0.0,0.0,0.0,0.0,19.86
2021-02-03 20:00:00+00:00,0.0,0.0,0.0,0.0,0.0,19.06
2021-02-03 21:00:00+00:00,0.0,0.0,0.0,0.0,0.0,18.39
2021-02-03 22:00:00+00:00,0.0,0.0,0.0,0.0,0.0,17.81
2021-02-03 23:00:00+00:00,0.0,0.0,0.0,0.0,0.0,17.27
2021-02-04 00:00:00+00:00,0.0,0.0,0.0,0.0,0.0,16.82
2021-02-04 01:00:00+00:00,0.0,0.0,0.0,0.0,0.0,16.33
2021-02-04 02:00:00+00:00,0.0,0.0,0.0,0.0,0.0,15.79
2021-02-04 03:00:00+00:00,0.0,0.0,0.0,0.0,0.0,15.39
2021-02-04 04:00:00+00:00,83.50161991297634,56.48968256006609,27.011937352910238,26.124355652982143,0.8875816999280935,17.584323597229538
2021-02-04 05:00:00+00:00,351.6124673077994,265.33258076245806,86.27988654534136,81.17210506462308,5.107781480718274,28.326639072311632
2021-02-04 06:00:00+00:00,601.5095519030863,484.73438850323004,116.77516339985618,107.29646071760523,9.478702682250962,38.484202773509
2021-02-04 07:00:00+00:00,814.6482003318896,680.9925831133988,133.65561721849076,120.35863854409631,13.296978674394458,47.473102704252035
2021-02-04 08:00:00+00:00,968.8260191620545,820.261263947492,148.56475521456252,132.48780366869516,16.076951545867356,53.86500560588236
2021-02-04 09:00:00+00:00,1061.4220555582028,907.5008075569579,153.92124800124506,136.21985447626403,17.701393524981036,57.8251527727041
2021-02-04 10:00:00+00:00,1086.6274284148785,937.952573309921,148.6748551049576,130.62177826491072,18.053076840046884,59.33306408440051
2021-02-04 11:00:00+00:00,1029.0561325495976,883.4028337407836,145.65329880881393,128.75575286112627,16.897545947687668,57.513654536344816
2021-02-04 12:00:00+00:00,883.4814762216924,729.3115169144831,154.16995930720935,139.9519052838329,14.218054023376443,52.751399682715565
2021-02-04 13:00:00+00:00,694.8776362832785,559.1024728834224,135.77516339985618,125.0237020535574,10.751461346298793,46.61364107283495
2021-02-04 14:00:00+00:00,455.82512182826923,347.57872893198174,108.24639289628747,101.69838450625191,6.548008390035558,39.082663554730374
2021-02-04 15:00:00+00:00,187.77455229265007,131.43248792081764,56.342064371832436,54.114736709748726,2.2273276620837064,30.37403267869543
2021-02-04 16:00:00+00:00,0.0,0.0,0.0,0.0,0.0,23.61
2021-02-04 17:00:00+00:00,0.0,0.0,0.0,0.0,0.0,22.1
2021-02-04 18:00:00+00:00,0.0,0.0,0.0,0.0,0.0,20.81
2021-02-04 19:00:00+00:00,0.0,0.0,0.0,0.0,0.0,20.51
2021-02-04 20:00:00+00:00,0.0,0.0,0.0,0.0,0.0,19.68
2021-02-04 21:00:00+00:00,0.0,0.0,0.0,0.0,0.0,19.05
2021-02-04 22:00:00+00:00,0.0,0.0,0.0,0.0,0.0,18.38
2021-02-04 23:00:00+00:00,0.0,0.0,0.0,0.0,0.0,18.01
2021-02-05 00:00:00+00:00,0.0,0.0,0.0,0.0,0.0,17.56
2021-02-05 01:00:00+00:00,0.0,0.0,0.0,0.0,0.0,17.01
2021-02-05 02:00:00+00:00,0.0,0.0,0.0,0.0,0.0,16.5
2021-02-05 03:00:00+00:00,0.0,0.0,0.0,0.0,0.0,16.02
2021-02-05 04:00:00+00:00,63.276317596209275,33.582569909311,29.693747686898277,28.9233937586588,0.7703539282394775,17.603916541108436
2021-02-05 05:00:00+00:00,337.02724795715574,244.36699391931134,92.6602540378444,87.70319397786862,4.957060059975768,27.723221768616906
2021-02-05 06:00:00+00:00,583.7905669493631,456.96997254754274,126.82059440182033,117.55960043841965,9.260993963400674,37.1354288367844
2021-02-05 07:00:00+00:00,797.8526190301563,654.1515708097015,143.70104822045488,130.62177826491072,13.079269955544172,47.04701486100633
2021-02-05 08:00:00+00:00,949.0745719342992,786.7825753837845,162.29199655051468,146.48299419707845,15.809002353436233,54.415341453399954
2021-02-05 09:00:00+00:00,1053.6569333532325,897.9533940708376,155.7035392823948,138.08587988004848,17.61765940234631,59.39312018862127
2021-02-05 10:00:00+00:00,1072.2739043842134,916.3191627339145,155.95474165029896,138.08587988004848,17.868861770250486,60.86927256595575
2021-02-05 11:00:00+00:00,1008.910359409904,851.3958446689223,157.5145147409817,140.88491798572514,16.629596755256546,58.28056238374887
2021-02-05 12:00:00+00:00,802.891018510765,558.3576111878426,244.53340732292236,231.3871500692704,13.146257253651951,52.36167682344989
2021-02-05 13:00:00+00:00,664.4284331247824,501.94758468511765,162.48084843966473,152.08107040843177,10.399778031232945,47.412043191228875
2021-02-05 14:00:00+00:00,436.3387613655297,316.14741841443976,120.19134295108994,113.82754963085077,6.363793320239162,39.3791110980147
2021-02-05 15:00:00+00:00,198.3939439654802,145.7001962785819,52.693747686898284,50.38268590217985,2.3110617847184325,31.373043071008762
2021-02-05 16:00:00+00:00,0.0,0.0,0.0,0.0,0.0,24.21
2021-02-05 17:00:00+00:00,0.0,0.0,0.0,0.0,0.0,22.6
2021-02-05 18:00:00+00:00,0.0,0.0,0.0,0.0,0.0,21.33
2021-02-05 19:00:00+00:00,0.0,0.0,0.0,0.0,0.0,20.75
2021-02-05 20:00:00+00:00,0.0,0.0,0.0,0.0,0.0,20.09
2021-02-05 21:00:00+00:00,0.0,0.0,0.0,0.0,0.0,19.43
2021-02-05 22:00:00+00:00,0.0,0.0,0.0,0.0,0.0,18.76
2021-02-05 23:00:00+00:00,0.0,0.0,0.0,0.0,0.0,18.17
2021-02-06 00:00:00+00:00,0.0,0.0,0.0,0.0,0.0,17.59
2021-02-06 01:00:00+00:00,0.0,0.0,0.0,0.0,0.0,17.07
2021-02-06 02:00:00+00:00,0.0,0.0,0.0,0.0,0.0,16.56
2021-02-06 03:00:00+00:00,0.0,0.0,0.0,0.0,0.0,15.92
2021-02-06 04:00:00+00:00,46.35872117026125,17.73196078147075,28.6267603887905,27.990381056766584,0.6363793320239162,16.94369297828331
2021-02-06 05:00:00+00:00,312.2284706104048,206.77398793850048,105.45448267190434,100.7653718043597,4.689110867544645,28.050027782493615
2021-02-06 06:00:00+00:00,485.0515695934335,272.7670462287385,212.28452336469502,204.32978171439606,7.954741650298952,36.1824320565508
2021-02-06 07:00:00+00:00,777.7495585828997,620.3212690264926,157.42828955640707,144.616968793294,12.811320763113049,47.46662631869335
2021-02-06 08:00:00+00:00,786.0256430427246,440.5091551965923,345.51648784613235,332.1525218736301,13.363965972502239,49.07724603247321
2021-02-06 09:00:00+00:00,299.17425082203687,0.0,299.17425082203687,293.8990010960491,5.275249725987726,34.562324893690516
2021-02-06 10:00:00+00:00,224.14324823492282,0.0,224.14324823492282,220.19099764656377,3.952250588359058,33.23183904281573
2021-02-06 11:00:00+00:00,401.1235072817203,17.135962591419716,383.9875446903006,376.93713156445665,7.050413125843913,38.90024655160091
2021-02-06 12:00:00+00:00,630.9887442120291,261.1111267598605,369.8776174521686,359.2098902285045,10.667727223664068,46.51755495795301
2021-02-06 13:00:00+00:00,196.7591457209471,1.0919364540722551,195.66720926687483,192.2006165897972,3.4665926770776485,30.349624815967314
2021-02-06 14:00:00+00:00,41.78941916244324,0.0,41.78941916244324,41.05255888325765,0.7368602791855872,23.668319403546302
2021-02-06 15:00:00+00:00,62.186142309588355,5.150330250857641,57.03581205873071,55.98076211353317,1.0550499451975452,24.056168859664776
2021-02-06 16:00:00+00:00,0.0,0.0,0.0,0.0,0.0,19.47
2021-02-06 17:00:00+00:00,0.0,0.0,0.0,0.0,0.0,17.87
2021-02-06 18:00:00+00:00,0.0,0.0,0.0,0.0,0.0,16.98
2021-02-06 19:00:00+00:00,0.0,0.0,0.0,0.0,0.0,17.78
2021-02-06 20:00:00+00:00,0.0,0.0,0.0,0.0,0.0,17.25
2021-02-06 21:00:00+00:00,0.0,0.0,0.0,0.0,0.0,16.94
2021-02-06 22:00:00+00:00,0.0,0.0,0.0,0.0,0.0,16.77
2021-02-06 23:00:00+00:00,0.0,0.0,0.0,0.0,0.0,16.62
2021-02-07 00:00:00+00:00,0.0,0.0,0.0,0.0,0.0,16.18
2021-02-07 01:00:00+00:00,0.0,0.0,0.0,0.0,0.0,15.83
2021-02-07 02:00:00+00:00,0.0,0.0,0.0,0.0,0.0,15.61
2021-02-07 03:00:00+00:00,0.0,0.0,0.0,0.0,0.0,15.63
2021-02-07 04:00:00+00:00,35.43011725978758,8.769863221943192,26.66025403784439,26.124355652982143,0.5358983848622452,16.763334373021785
2021-02-07 05:00:00+00:00,130.99611499129435,8.35990831153351,122.63620667976085,120.35863854409631,2.277568135664542,21.451963619727092
2021-02-07 06:00:00+00:00,172.03284375351836,1.0593821735418307,170.97346157997654,167.94228634059948,3.0311752393770743,24.747188281501597
2021-02-07 07:00:00+00:00,657.3295629383617,372.88719027163074,284.44237266673105,273.3727216544203,11.069651012310752,40.578693706084294
2021-02-07 08:00:00+00:00,612.0868045335798,178.83131065084808,433.2554938827317,422.6547539571754,10.600739925556287,40.65720413932006
2021-02-07 09:00:00+00:00,399.6042855452973,12.834449573847051,386.7698359714502,379.7361696701333,7.033666301316968,35.3791671223786
2021-02-07 10:00:00+00:00,156.71032185916215,0.0,156.71032185916215,153.9470958122162,2.7632260469459515,28.619166445226117
2021-02-07 11:00:00+00:00,213.69589344431205,0.0,213.69589344431205,209.92785792574938,3.7680355185626615,30.484517781207515
2021-02-07 12:00:00+00:00,404.6799396125921,40.26891483750119,364.4110247750909,357.34386482472,7.067159950370858,37.419317150337754
2021-02-07 13:00:00+00:00,363.9369356188796,68.45643248374101,295.4805031351386,289.233937586588,6.246565548550545,36.155974320887886
2021-02-07 14:00:00+00:00,377.1858350230911,224.02566731137824,153.16016771171286,147.41600689897066,5.744160812742191,35.64522721923544
2021-02-07 15:00:00+00:00,39.88990010960491,0.0,39.88990010960491,39.18653347947321,0.7033666301316968,24.807885597584168
2021-02-07 16:00:00+00:00,0.0,0.0,0.0,0.0,0.0,21.93
2021-02-07 17:00:00+00:00,0.0,0.0,0.0,0.0,0.0,19.51
2021-02-07 18:00:00+00:00,0.0,0.0,0.0,0.0,0.0,18.41
2021-02-07 19:00:00+00:00,0.0,0.0,0.0,0.0,0.0,18.34
2021-02-07 20:00:00+00:00,0.0,0.0,0.0,0.0,0.0,17.66
2021-02-07 21:00:00+00:00,0.0,0.0,0.0,0.0,0.0,17.06
2021-02-07 22:00:00+00:00,0.0,0.0,0.0,0.0,0.0,16.74
2021-02-07 23:00:00+00:00,0.0,0.0,0.0,0.0,0.0,16.41
2021-02-08 00:00:00+00:00,0.0,0.0,0.0,0.0,0.0,16.16
2021-02-08 01:00:00+00:00,0.0,0.0,0.0,0.0,0.0,16.08
2021-02-08 02:00:00+00:00,0.0,0.0,0.0,0.0,0.0,16.03
2021-02-08 03:00:00+00:00,0.0,0.0,0.0,0.0,0.0,16.11
2021-02-08 04:00:00+00:00,3.7990381056766584,0.0,3.7990381056766584,3.7320508075688776,0.06698729810778065,16.06392501349434
2021-02-08 05:00:00+00:00,24.69374768689828,0.0,24.69374768689828,24.258330249197705,0.4354174377005742,17.768560210861942
2021-02-08 06:00:00+00:00,84.52859785130565,0.0,84.52859785130565,83.03813046840753,1.4904673828981194,21.236885391468974
2021-02-08 07:00:00+00:00,122.51897890807223,0.0,122.51897890807223,120.35863854409631,2.160340363975926,21.848843625375867
2021-02-08 08:00:00+00:00,139.61465038361717,0.0,139.61465038361717,137.15286717815624,2.4617832054609385,22.565406361837326
2021-02-08 09:00:00+00:00,266.88242692378526,0.0,266.88242692378526,262.17656923171364,4.70585769207159,27.192375426369313
2021-02-08 10:00:00+00:00,161.45911949125798,0.0,161.45911949125798,158.6121593216773,2.8469601695806777,23.857207247375857
2021-02-08 11:00:00+00:00,174.7557528611263,0.0,174.7557528611263,171.67433714816838,3.08141571295791,24.207683138336222
2021-02-08 12:00:00+00:00,298.7073935331628,5.147965747006262,293.55942778615656,288.3009248846958,5.258502901460781,27.81696916387203
2021-02-08 13:00:00+00:00,228.53436364608635,4.324128113055742,224.2102355330306,220.19099764656377,4.019237886466839,25.196248136074736
2021-02-08 14:00:00+00:00,169.5963783381484,10.835816005405436,158.76056233274298,155.81312121600064,2.9474411167423487,23.120514810316642
2021-02-08 15:00:00+00:00,50.134873250843356,1.6803905789390103,48.454482671904344,47.58364779650319,0.8708348754011483,18.795704780632814
2021-02-08 16:00:00+00:00,0.0,0.0,0.0,0.0,0.0,17.0
2021-02-08 17:00:00+00:00,0.0,0.0,0.0,0.0,0.0,16.64
2021-02-08 18:00:00+00:00,0.0,0.0,0.0,0.0,0.0,16.32
2021-02-08 19:00:00+00:00,0.0,0.0,0.0,0.0,0.0,16.14
2021-02-08 20:00:00+00:00,0.0,0.0,0.0,0.0,0.0,16.0
2021-02-08 21:00:00+00:00,0.0,0.0,0.0,0.0,0.0,15.97
2021-02-08 22:00:00+00:00,0.0,0.0,0.0,0.0,0.0,15.59
2021-02-08 23:00:00+00:00,0.0,0.0,0.0,0.0,0.0,15.42
2021-02-09 00:00:00+00:00,0.0,0.0,0.0,0.0,0.0,15.14
2021-02-09 01:00:00+00:00,0.0,0.0,0.0,0.0,0.0,15.05
2021-02-09 02:00:00+00:00,0.0,0.0,0.0,0.0,0.0,14.8
2021-02-09 03:00:00+00:00,0.0,0.0,0.0,0.0,0.0,14.59
2021-02-09 04:00:00+00:00,3.7990381056766584,0.0,3.7990381056766584,3.7320508075688776,0.06698729810778065,14.402134686058165
2021-02-09 05:00:00+00:00,107.8134837141721,2.3566826325909336,105.45680108158116,103.56440991003636,1.8923911715448032,19.093038982205815
2021-02-09 06:00:00+00:00,197.90487906924488,3.1539356797352855,194.7509433895096,191.26760388790498,3.4833395016045934,23.984901983568154
2021-02-09 07:00:00+00:00,258.4788125550684,2.0102467728400524,256.4685657822283,251.91342951089925,4.555136271329084,26.44391269552551
2021-02-09 08:00:00+00:00,481.0865074934376,61.204253221915366,419.8822542715222,411.45860153446876,8.423652737053416,33.535933789532
2021-02-09 09:00:00+00:00,251.6862745010786,0.0,251.6862745010786,247.24836600143814,4.437908499640468,28.588033942150354
2021-02-09 10:00:00+00:00,588.7507742466333,105.43078412773382,483.31999011889957,473.03743985935523,10.28255025954433,38.63336677205266
2021-02-09 11:00:00+00:00,788.9863262399199,401.400532686003,387.5857935539169,374.13809345877996,13.447700095136964,44.325468711962976
2021-02-09 12:00:00+00:00,535.1675641383306,142.48859017080858,392.67897396752204,383.4682204777022,9.210753489819838,37.18996641213876
2021-02-09 13:00:00+00:00,444.1329392289564,146.48015837693166,297.6527808520247,290.1669502884802,7.4858305635444875,33.60457826239844
2021-02-09 14:00:00+00:00,69.33244542859902,0.0,69.33244542859902,68.10992723813202,1.2225181904669968,23.030847385833454
2021-02-09 15:00:00+00:00,195.12483353643836,141.46457949859396,53.66025403784439,51.31569860407207,2.3445554337723227,25.667833688253307
2021-02-09 16:00:00+00:00,0.0,0.0,0.0,0.0,0.0,19.44
2021-02-09 17:00:00+00:00,0.0,0.0,0.0,0.0,0.0,18.78
2021-02-09 18:00:00+00:00,0.0,0.0,0.0,0.0,0.0,18.26
2021-02-09 19:00:00+00:00,0.0,0.0,0.0,0.0,0.0,18.26
2021-02-09 20:00:00+00:00,0.0,0.0,0.0,0.0,0.0,17.84
2021-02-09 21:00:00+00:00,0.0,0.0,0.0,0.0,0.0,17.55
2021-02-09 22:00:00+00:00,0.0,0.0,0.0,0.0,0.0,17.25
2021-02-09 23:00:00+00:00,0.0,0.0,0.0,0.0,0.0,17.03
2021-02-10 00:00:00+00:00,0.0,0.0,0.0,0.0,0.0,16.96
2021-02-10 01:00:00+00:00,0.0,0.0,0.0,0.0,0.0,16.87
2021-02-10 02:00:00+00:00,0.0,0.0,0.0,0.0,0.0,16.72
2021-02-10 03:00:00+00:00,0.0,0.0,0.0,0.0,0.0,16.63
2021-02-10 04:00:00+00:00,6.6483166849341515,0.0,6.6483166849341515,6.531088913245536,0.11722777168861613,16.48817652219332
2021-02-10 05:00:00+00:00,329.0564646188979,241.07802091504155,87.97844370385636,83.03813046840753,4.940313235448823,27.425409608216793
2021-02-10 06:00:00+00:00,279.0453337301879,33.47147752918117,245.57385620100672,240.71727708819262,4.856579112814097,26.840338237547364
2021-02-10 07:00:00+00:00,504.7684267567804,144.29754256487522,360.47088419190516,351.7457886133667,8.72509557853843,32.70748325002364
2021-02-10 08:00:00+00:00,495.6354815451482,70.83696139626072,424.79852014888746,416.12366504392986,8.674855104957594,33.03420457974725
2021-02-10 09:00:00+00:00,541.0240049437592,74.36907833432072,466.65492660943846,457.1762239271875,9.478702682250962,35.26508301258171
2021-02-10 10:00:00+00:00,582.5275018388772,101.17401807092372,481.3534837679535,471.1714144555708,10.182069312382659,37.83866283038675
2021-02-10 11:00:00+00:00,698.1726814467474,259.7616566716565,438.41102477509094,426.3868047647443,12.024220010346626,42.1058437476342
2021-02-10 12:00:00+00:00,316.9739900413662,8.168169358922153,308.80582068244405,303.22912811497133,5.576692567472739,31.4236898767046
2021-02-10 13:00:00+00:00,187.1026267045754,0.0,187.1026267045754,183.80350227276722,3.2991244318081967,28.114580256260616
2021-02-10 14:00:00+00:00,264.0272371640671,74.91980098787495,189.10743617619215,184.73651497465946,4.3709212015326875,29.40899120174111
2021-02-10 15:00:00+00:00,100.9430910433328,31.29245594872182,69.65063509461098,68.10992723813202,1.540707856478955,23.83066312518073
2021-02-10 16:00:00+00:00,0.0,0.0,0.0,0.0,0.0,20.02
2021-02-10 17:00:00+00:00,0.0,0.0,0.0,0.0,0.0,19.36
2021-02-10 18:00:00+00:00,0.0,0.0,0.0,0.0,0.0,18.9
2021-02-10 19:00:00+00:00,0.0,0.0,0.0,0.0,0.0,18.66
2021-02-10 20:00:00+00:00,0.0,0.0,0.0,0.0,0.0,17.8
2021-02-10 21:00:00+00:00,0.0,0.0,0.0,0.0,0.0,17.45
2021-02-10 22:00:00+00:00,0.0,0.0,0.0,0.0,0.0,17.0
2021-02-10 23:00:00+00:00,0.0,0.0,0.0,0.0,0.0,16.58
2021-02-11 00:00:00+00:00,0.0,0.0,0.0,0.0,0.0,16.2
2021-02-11 01:00:00+00:00,0.0,0.0,0.0,0.0,0.0,15.9
2021-02-11 02:00:00+00:00,0.0,0.0,0.0,0.0,0.0,15.36
2021-02-11 03:00:00+00:00,0.0,0.0,0.0,0.0,0.0,15.12
2021-02-11 04:00:00+00:00,27.943182312193642,4.165700502660638,23.777481809533004,23.325317547305485,0.4521642622275194,15.691509479186069
2021-02-11 05:00:00+00:00,162.4662224875397,24.399407841695005,138.06681464584472,135.28684177437182,2.779972871472897,22.40075912470811
2021-02-11 06:00:00+00:00,89.27739548340146,0.0,89.27739548340146,87.70319397786862,1.574201505532845,22.35432038640324
2021-02-11 07:00:00+00:00,145.31320754213218,0.0,145.31320754213218,142.75094338950956,2.5622641526226095,23.73806585622603
2021-02-11 08:00:00+00:00,97.82523122117395,0.0,97.82523122117395,96.1003082948986,1.7249229262753516,22.891676351924765
2021-02-11 09:00:00+00:00,221.29396965566534,0.0,221.29396965566534,217.39195954088711,3.9020101147782227,27.917920407667626
2021-02-11 10:00:00+00:00,151.96152422706635,0.0,151.96152422706635,149.2820323027551,2.679491924311226,27.624804611954
2021-02-11 11:00:00+00:00,495.4581150248898,58.53042975140354,436.9276852734863,428.2528301685287,8.674855104957594,38.71660954362235
2021-02-11 12:00:00+00:00,512.2345914559742,118.04127539973362,394.1933160562406,385.3342458814866,8.85907017475399,39.67815783730752
2021-02-11 13:00:00+00:00,99.72475027401228,0.0,99.72475027401228,97.96633369868304,1.758416575329242,25.671895462682837
2021-02-11 14:00:00+00:00,266.914633242465,76.82394389079985,190.0906893516652,185.66952767655167,4.421161675113523,29.849677933370707
2021-02-11 15:00:00+00:00,49.133405895396294,1.6286827499111178,47.50472314548517,46.65063509461097,0.8540880508742033,21.437721594812057
2021-02-11 16:00:00+00:00,0.0,0.0,0.0,0.0,0.0,18.47
2021-02-11 17:00:00+00:00,0.0,0.0,0.0,0.0,0.0,17.75
2021-02-11 18:00:00+00:00,0.0,0.0,0.0,0.0,0.0,17.33
2021-02-11 19:00:00+00:00,0.0,0.0,0.0,0.0,0.0,17.59
2021-02-11 20:00:00+00:00,0.0,0.0,0.0,0.0,0.0,17.42
2021-02-11 21:00:00+00:00,0.0,0.0,0.0,0.0,0.0,17.19
2021-02-11 22:00:00+00:00,0.0,0.0,0.0,0.0,0.0,16.67
2021-02-11 23:00:00+00:00,0.0,0.0,0.0,0.0,0.0,16.35
2021-02-12 00:00:00+00:00,0.0,0.0,0.0,0.0,0.0,15.91
2021-02-12 01:00:00+00:00,0.0,0.0,0.0,0.0,0.0,16.05
2021-02-12 02:00:00+00:00,0.0,0.0,0.0,0.0,0.0,15.93
2021-02-12 03:00:00+00:00,0.0,0.0,0.0,0.0,0.0,15.56
2021-02-12 04:00:00+00:00,3.7990381056766584,0.0,3.7990381056766584,3.7320508075688776,0.06698729810778065,15.452596091478567
2021-02-12 05:00:00+00:00,34.19134295108992,0.0,34.19134295108992,33.588457268119896,0.6028856829700258,18.51803729959834
2021-02-12 06:00:00+00:00,212.41561713968647,6.217318959566073,206.1982981801204,202.46375631061161,3.734541869508771,26.329019264405442
2021-02-12 07:00:00+00:00,433.0020114702955,75.56943039906095,357.43258107123455,349.8797632095823,7.552817861652268,32.58405161207008
2021-02-12 08:00:00+00:00,683.7925552838839,271.69010123157153,412.10245405231234,400.2624491117621,11.840004940550228,41.693037109911074
2021-02-12 09:00:00+00:00,740.9562245835436,284.9136299480455,456.0425946354981,443.18103339880423,12.861561236693884,44.75126847823673
2021-02-12 10:00:00+00:00,899.9281817927248,548.6030368976824,351.3251448950424,335.88457268119896,15.440572213843438,51.54499794131732
2021-02-12 11:00:00+00:00,675.8555119056605,229.38230930407855,446.47320260158193,434.78391908177423,11.689283519807724,45.48005871988271
2021-02-12 12:00:00+00:00,437.77623022207496,58.80062288468462,378.97560733739033,371.33905535310333,7.636551984286994,38.406511234642664
2021-02-12 13:00:00+00:00,409.13942992960386,107.32399030392641,301.81543962567747,294.83201379794133,6.9834258277361325,36.74855675793256
2021-02-12 14:00:00+00:00,453.3304349533722,357.0624857609411,96.26794919243112,89.56921938165306,6.698729810778064,36.68484186356335
2021-02-12 15:00:00+00:00,44.63869774170073,0.0,44.63869774170073,43.85159698893431,0.7871007527664226,23.48268830712262
2021-02-12 16:00:00+00:00,0.0,0.0,0.0,0.0,0.0,21.07
2021-02-12 17:00:00+00:00,0.0,0.0,0.0,0.0,0.0,20.12
2021-02-12 18:00:00+00:00,0.0,0.0,0.0,0.0,0.0,19.43
2021-02-12 19:00:00+00:00,0.0,0.0,0.0,0.0,0.0,18.36
2021-02-12 20:00:00+00:00,0.0,0.0,0.0,0.0,0.0,17.97
2021-02-12 21:00:00+00:00,0.0,0.0,0.0,0.0,0.0,17.44
2021-02-12 22:00:00+00:00,0.0,0.0,0.0,0.0,0.0,17.08
2021-02-12 23:00:00+00:00,0.0,0.0,0.0,0.0,0.0,16.86
2021-02-13 00:00:00+00:00,0.0,0.0,0.0,0.0,0.0,16.54
2021-02-13 01:00:00+00:00,0.0,0.0,0.0,0.0,0.0,16.22
2021-02-13 02:00:00+00:00,0.0,0.0,0.0,0.0,0.0,15.76
2021-02-13 03:00:00+00:00,0.0,0.0,0.0,0.0,0.0,15.52
2021-02-13 04:00:00+00:00,66.22916702691352,38.367951094745784,27.86121593216773,27.057368354874363,0.8038475772933678,17.556783876022784
2021-02-13 05:00:00+00:00,72.1817240078565,0.0,72.1817240078565,70.90896534380867,1.2727586640478323,19.83949017465764
2021-02-13 06:00:00+00:00,87.37787643056315,0.0,87.37787643056315,85.83716857408419,1.540707856478955,22.549710104007037
2021-02-13 07:00:00+00:00,282.42353856117245,5.943035426033897,276.4805031351386,271.50669625063585,4.973806884502713,29.38842227979781
2021-02-13 08:00:00+00:00,481.22000450133123,60.38799070338991,420.83201379794133,412.39161423636097,8.440399561580362,37.318301813240595
2021-02-13 09:00:00+00:00,283.9780983993302,0.0,283.9780983993302,278.9707978657736,5.007300533556603,32.43522083958657
2021-02-13 10:00:00+00:00,204.1982981801204,0.0,204.1982981801204,200.59773090682717,3.6005672732932097,30.730004035571113
2021-02-13 11:00:00+00:00,249.78675544824029,0.0,249.78675544824029,245.3823405976537,4.404414850586577,32.192144471419546
2021-02-13 12:00:00+00:00,184.25334812531793,0.0,184.25334812531793,181.00446416709056,3.248883958227361,29.28593781874711
2021-02-13 13:00:00+00:00,281.34669085198715,17.978606016920473,263.36808483506667,258.4445184241448,4.923566410921877,29.362161331118102
2021-02-13 14:00:00+00:00,143.16775794425922,3.5028670870612184,139.664890857198,137.15286717815624,2.512023679041774,24.62296423763785
2021-02-13 15:00:00+00:00,189.30751128257407,135.64725724472967,53.66025403784439,51.31569860407207,2.3445554337723227,26.18031957665744
2021-02-13 16:00:00+00:00,0.0,0.0,0.0,0.0,0.0,19.79
2021-02-13 17:00:00+00:00,0.0,0.0,0.0,0.0,0.0,18.15
2021-02-13 18:00:00+00:00,0.0,0.0,0.0,0.0,0.0,16.96
2021-02-13 19:00:00+00:00,0.0,0.0,0.0,0.0,0.0,17.43
2021-02-13 20:00:00+00:00,0.0,0.0,0.0,0.0,0.0,17.14
2021-02-13 21:00:00+00:00,0.0,0.0,0.0,0.0,0.0,16.65
2021-02-13 22:00:00+00:00,0.0,0.0,0.0,0.0,0.0,16.19
2021-02-13 23:00:00+00:00,0.0,0.0,0.0,0.0,0.0,15.58
2021-02-14 00:00:00+00:00,0.0,0.0,0.0,0.0,0.0,15.47
2021-02-14 01:00:00+00:00,0.0,0.0,0.0,0.0,0.0,15.25
2021-02-14 02:00:00+00:00,0.0,0.0,0.0,0.0,0.0,15.16
2021-02-14 03:00:00+00:00,0.0,0.0,0.0,0.0,0.0,15.03
2021-02-14 04:00:00+00:00,6.6483166849341515,0.0,6.6483166849341515,6.531088913245536,0.11722777168861613,15.006868773615091
2021-02-14 05:00:00+00:00,24.69374768689828,0.0,24.69374768689828,24.258330249197705,0.4354174377005742,17.784693605265467
2021-02-14 06:00:00+00:00,65.53340732292234,0.0,65.53340732292234,64.37787643056313,1.1555308923592162,21.174782578005278
2021-02-14 07:00:00+00:00,106.37306695894642,0.0,106.37306695894642,104.49742261192857,1.875644347017858,22.813028600636045
2021-02-14 08:00:00+00:00,249.78675544824029,0.0,249.78675544824029,245.3823405976537,4.404414850586577,28.90736967314478
2021-02-14 09:00:00+00:00,408.85976482907324,13.525346295323489,395.3344185337497,388.1332839871633,7.201134546586419,34.554026418422175
2021-02-14 10:00:00+00:00,658.9142054309958,168.77362091027598,490.14058452071987,478.63551607070855,11.505068450011326,43.14814765701715
2021-02-14 11:00:00+00:00,543.9784085151539,90.35216608315255,453.6262424320013,444.11404610069644,9.512196331304851,40.17341441143502
2021-02-14 12:00:00+00:00,385.82233614069355,29.176855822225406,356.6454803184681,349.8797632095823,6.765717108885846,35.15272470657973
2021-02-14 13:00:00+00:00,414.44611384844313,111.59718057371177,302.84893327473134,295.76502649983354,7.0839067748978035,36.33613317925865
2021-02-14 14:00:00+00:00,111.12186459104225,0.0,111.12186459104225,109.16248612138968,1.959378469652584,26.772436849645665
2021-02-14 15:00:00+00:00,11.397114317029974,0.0,11.397114317029974,11.196152422706632,0.20096189432334194,23.126502338592324
2021-02-14 16:00:00+00:00,0.0,0.0,0.0,0.0,0.0,21.47
2021-02-14 17:00:00+00:00,0.0,0.0,0.0,0.0,0.0,20.42
2021-02-14 18:00:00+00:00,0.0,0.0,0.0,0.0,0.0,19.74
2021-02-14 19:00:00+00:00,0.0,0.0,0.0,0.0,0.0,18.56
2021-02-14 20:00:00+00:00,0.0,0.0,0.0,0.0,0.0,17.86
2021-02-14 21:00:00+00:00,0.0,0.0,0.0,0.0,0.0,17.36
2021-02-14 22:00:00+00:00,0.0,0.0,0.0,0.0,0.0,16.91
2021-02-14 23:00:00+00:00,0.0,0.0,0.0,0.0,0.0,16.46
2021-02-15 00:00:00+00:00,0.0,0.0,0.0,0.0,0.0,16.2
2021-02-15 01:00:00+00:00,0.0,0.0,0.0,0.0,0.0,15.85
2021-02-15 02:00:00+00:00,0.0,0.0,0.0,0.0,0.0,15.73
2021-02-15 03:00:00+00:00,0.0,0.0,0.0,0.0,0.0,15.87
2021-02-15 04:00:00+00:00,5.698557158514987,0.0,5.698557158514987,5.598076211353316,0.10048094716167097,15.960462195759618
2021-02-15 05:00:00+00:00,161.73639096530042,23.6695763194557,138.06681464584472,135.28684177437182,2.779972871472897,22.582636958176526
2021-02-15 06:00:00+00:00,294.01547418668645,39.77655447621866,254.2389197104678,249.1143914052226,5.124528305245219,28.01792855524554
2021-02-15 07:00:00+00:00,709.8524854851478,479.43630593391396,230.41617955123377,218.32497224277935,12.091207308454406,40.9344690163434
2021-02-15 08:00:00+00:00,829.8483305016541,530.977668278516,298.8706622231381,284.5688740771269,14.301788146011168,45.85582480556832
2021-02-15 09:00:00+00:00,1005.5633844841814,815.6733117223133,189.890072761868,172.6073498500606,17.282722911807408,52.245570009696564
2021-02-15 10:00:00+00:00,1048.347485579967,891.3927439296681,156.95474165029896,139.0188925819407,17.93584906835827,54.4224538062179
2021-02-15 11:00:00+00:00,1003.337791816492,862.2658223945044,141.07196942198757,124.09068935166518,16.981280070322395,53.72382932081255
2021-02-15 12:00:00+00:00,848.9605195626668,685.54416735917,163.41635220349684,149.2820323027551,14.134319900741716,49.04405846446993
2021-02-15 13:00:00+00:00,676.3707343802829,547.0094321219837,129.36130225829928,118.49261314031186,10.86868911798741,43.745912924990165
2021-02-15 14:00:00+00:00,426.8036831505361,311.16017593721864,115.64350721331745,109.16248612138968,6.4810210919277775,35.809158273772454
2021-02-15 15:00:00+00:00,174.4507555932455,117.1589316949939,57.29182389825159,55.04774941164094,2.2440744866106517,27.92373529819916
2021-02-15 16:00:00+00:00,0.0,0.0,0.0,0.0,0.0,21.75
2021-02-15 17:00:00+00:00,0.0,0.0,0.0,0.0,0.0,20.77
2021-02-15 18:00:00+00:00,0.0,0.0,0.0,0.0,0.0,19.97
2021-02-15 19:00:00+00:00,0.0,0.0,0.0,0.0,0.0,19.51
2021-02-15 20:00:00+00:00,0.0,0.0,0.0,0.0,0.0,18.8
2021-02-15 21:00:00+00:00,0.0,0.0,0.0,0.0,0.0,18.23
2021-02-15 22:00:00+00:00,0.0,0.0,0.0,0.0,0.0,17.72
2021-02-15 23:00:00+00:00,0.0,0.0,0.0,0.0,0.0,17.25
2021-02-16 00:00:00+00:00,0.0,0.0,0.0,0.0,0.0,16.66
2021-02-16 01:00:00+00:00,0.0,0.0,0.0,0.0,0.0,16.16
2021-02-16 02:00:00+00:00,0.0,0.0,0.0,0.0,0.0,15.69
2021-02-16 03:00:00+00:00,0.0,0.0,0.0,0.0,0.0,15.32
2021-02-16 04:00:00+00:00,49.75520286386229,21.07820200149095,28.677000862371337,27.990381056766584,0.6866198056047517,16.553554434359594
2021-02-16 05:00:00+00:00,310.059550428774,209.1026630210613,100.9568874077127,96.1003082948986,4.856579112814097,27.388116981104563
2021-02-16 06:00:00+00:00,567.600210538192,444.39443917225185,123.20577136594005,113.82754963085077,9.37822173508929,37.15739671305759
2021-02-16 07:00:00+00:00,759.5899442656628,588.998995935603,170.5909483300598,157.6791466197851,12.91180171027472,42.07889886615895
2021-02-16 08:00:00+00:00,941.7460440910122,791.2315293500305,150.51451474098167,134.35382907247958,16.16068566850208,47.8411018329047
2021-02-16 09:00:00+00:00,1035.1162470620593,879.2117458853411,155.90450117671813,138.08587988004848,17.81862129666965,51.11939206005623
2021-02-16 10:00:00+00:00,1071.5921979727063,934.7283183263356,136.8638796463707,118.49261314031186,18.37126650605884,53.545122947987764
2021-02-16 11:00:00+00:00,1008.3451607076427,868.0722293913317,140.27293131631092,123.15767664977297,17.115254666537954,52.841475697248356
2021-02-16 12:00:00+00:00,868.9962696293703,724.8215008505442,144.17476877882606,129.6887655630185,14.486003215807564,49.31597314198614
2021-02-16 13:00:00+00:00,680.152263359488,550.690480154027,129.46178320546093,118.49261314031186,10.96917006514908,43.72873870788867
2021-02-16 14:00:00+00:00,438.5399691771043,332.05912073743957,106.48084843966471,99.83235910246748,6.648489337197229,36.753685014320254
2021-02-16 15:00:00+00:00,176.92947802506032,120.53717317964704,56.39230484541327,54.114736709748726,2.277568135664542,28.685194740956618
2021-02-16 16:00:00+00:00,0.0,0.0,0.0,0.0,0.0,22.39
2021-02-16 17:00:00+00:00,0.0,0.0,0.0,0.0,0.0,21.03
2021-02-16 18:00:00+00:00,0.0,0.0,0.0,0.0,0.0,19.99
2021-02-16 19:00:00+00:00,0.0,0.0,0.0,0.0,0.0,19.26
2021-02-16 20:00:00+00:00,0.0,0.0,0.0,0.0,0.0,18.56
2021-02-16 21:00:00+00:00,0.0,0.0,0.0,0.0,0.0,17.88
2021-02-16 22:00:00+00:00,0.0,0.0,0.0,0.0,0.0,17.26
2021-02-16 23:00:00+00:00,0.0,0.0,0.0,0.0,0.0,16.68
2021-02-17 00:00:00+00:00,0.0,0.0,0.0,0.0,0.0,16.16
2021-02-17 01:00:00+00:00,0.0,0.0,0.0,0.0,0.0,15.63
2021-02-17 02:00:00+00:00,0.0,0.0,0.0,0.0,0.0,15.17
2021-02-17 03:00:00+00:00,0.0,0.0,0.0,0.0,0.0,14.64
2021-02-17 04:00:00+00:00,16.145911949125797,0.0,16.145911949125797,15.86121593216773,0.28469601695806773,14.607119579508266
2021-02-17 05:00:00+00:00,287.9485557817951,168.58261670414217,119.36593907765291,114.76056233274299,4.605376744909919,25.89752125822109
2021-02-17 06:00:00+00:00,552.1903113363846,407.70946289671997,144.48084843966473,135.28684177437182,9.194006665292894,36.730550984635165
2021-02-17 07:00:00+00:00,772.6733691574519,616.7594216897635,155.91394746768844,142.75094338950956,13.163004078178897,45.8671464574566
2021-02-17 08:00:00+00:00,935.6196272571372,773.0261878651374,162.5934393919997,146.48299419707845,16.110445194921244,51.92252200415371
2021-02-17 09:00:00+00:00,1039.9916577934948,884.8861947224533,155.10546307104147,137.15286717815624,17.952595892885213,55.40716056717799
2021-02-17 10:00:00+00:00,1059.1614215118316,903.7880092483591,155.37341226347257,137.15286717815624,18.220545085316335,55.93127483250076
2021-02-17 11:00:00+00:00,1001.8833440328649,850.4645007674281,151.4188432654367,134.35382907247958,17.06501419295712,54.4461982458562
2021-02-17 12:00:00+00:00,852.2435123058632,681.2123370664862,171.03117523937706,156.74613391789285,14.285041321484222,49.932752578565676
2021-02-17 13:00:00+00:00,674.6867217158356,538.727343246183,135.9593784696526,125.0237020535574,10.935676416095191,44.68631154217212
2021-02-17 14:00:00+00:00,425.0290282407181,303.7372043424665,121.29182389825161,114.76056233274299,6.531261565508613,36.98666338831668
2021-02-17 15:00:00+00:00,149.57793324643842,84.07321010095325,65.50472314548517,63.44486372867092,2.059859416814255,28.458292602677304
2021-02-17 16:00:00+00:00,0.0,0.0,0.0,0.0,0.0,22.78
2021-02-17 17:00:00+00:00,0.0,0.0,0.0,0.0,0.0,21.32
2021-02-17 18:00:00+00:00,0.0,0.0,0.0,0.0,0.0,20.26
2021-02-17 19:00:00+00:00,0.0,0.0,0.0,0.0,0.0,19.26
2021-02-17 20:00:00+00:00,0.0,0.0,0.0,0.0,0.0,18.5
2021-02-17 21:00:00+00:00,0.0,0.0,0.0,0.0,0.0,17.78
2021-02-17 22:00:00+00:00,0.0,0.0,0.0,0.0,0.0,17.17
2021-02-17 23:00:00+00:00,0.0,0.0,0.0,0.0,0.0,16.52
2021-02-18 00:00:00+00:00,0.0,0.0,0.0,0.0,0.0,15.91
2021-02-18 01:00:00+00:00,0.0,0.0,0.0,0.0,0.0,15.43
2021-02-18 02:00:00+00:00,0.0,0.0,0.0,0.0,0.0,14.92
2021-02-18 03:00:00+00:00,0.0,0.0,0.0,0.0,0.0,14.49
2021-02-18 04:00:00+00:00,50.80610631927114,22.11235863237286,28.69374768689828,27.990381056766584,0.7033666301316968,15.698930339616288
2021-02-18 05:00:00+00:00,233.53068266972193,86.89447598996108,146.63620667976085,142.75094338950956,3.8852632902512774,23.956104703148277
2021-02-18 06:00:00+00:00,486.0190255513969,265.98570455460606,220.03332099679082,211.7938833295338,8.23943766725702,34.45855159041326
2021-02-18 07:00:00+00:00,748.437211961029,545.2745531873762,203.16265877365277,190.33459118601277,12.828067587639994,44.67842616919525
2021-02-18 08:00:00+00:00,928.2379983300029,738.6541778812367,189.58382044876626,173.5403625519528,16.043457896813464,51.2111601411977
2021-02-18 09:00:00+00:00,1025.583786121889,836.1410681506319,189.4427179712572,171.67433714816838,17.768380823088815,54.78484263483308
2021-02-18 10:00:00+00:00,1068.824369762513,914.1662614820823,154.65810828043067,136.21985447626403,18.438253804166624,56.230781841394695
2021-02-18 11:00:00+00:00,994.0327403271408,818.4225541106141,175.61018621652664,158.6121593216773,16.99802689484934,54.34967314113607
2021-02-18 12:00:00+00:00,866.1890573349408,703.2870472201625,162.90201011477822,148.34901960086287,14.552990513915345,50.650330000596995
2021-02-18 13:00:00+00:00,681.5480372197329,545.4379373293378,136.1100998903951,125.0237020535574,11.086397836837698,45.289835884933105
2021-02-18 14:00:00+00:00,433.0032312140542,315.3094835271559,117.69374768689829,111.02851152517411,6.665236161724175,37.89183636604479
2021-02-18 15:00:00+00:00,174.69264596100365,116.41756888727899,58.27507707372465,55.98076211353317,2.294314960191487,29.77726063587028
2021-02-18 16:00:00+00:00,0.0,0.0,0.0,0.0,0.0,23.18
2021-02-18 17:00:00+00:00,0.0,0.0,0.0,0.0,0.0,21.62
2021-02-18 18:00:00+00:00,0.0,0.0,0.0,0.0,0.0,20.41
2021-02-18 19:00:00+00:00,0.0,0.0,0.0,0.0,0.0,19.43
2021-02-18 20:00:00+00:00,0.0,0.0,0.0,0.0,0.0,18.53
2021-02-18 21:00:00+00:00,0.0,0.0,0.0,0.0,0.0,17.68
2021-02-18 22:00:00+00:00,0.0,0.0,0.0,0.0,0.0,16.96
2021-02-18 23:00:00+00:00,0.0,0.0,0.0,0.0,0.0,16.34
2021-02-19 00:00:00+00:00,0.0,0.0,0.0,0.0,0.0,15.82
2021-02-19 01:00:00+00:00,0.0,0.0,0.0,0.0,0.0,15.33
2021-02-19 02:00:00+00:00,0.0,0.0,0.0,0.0,0.0,14.76
2021-02-19 03:00:00+00:00,0.0,0.0,0.0,0.0,0.0,14.23
2021-02-19 04:00:00+00:00,33.87928678872554,7.219032750881146,26.66025403784439,26.124355652982143,0.5358983848622452,14.796937842290214
2021-02-19 05:00:00+00:00,304.9100619200087,197.4053387745235,107.50472314548517,102.63139720814414,4.873325937341042,26.41872268317304
2021-02-19 06:00:00+00:00,577.997797748382,459.17239387494493,118.82540387343704,109.16248612138968,9.662917752047358,37.97310522613435
2021-02-19 07:00:00+00:00,778.2656698521397,622.1675073146548,156.09816253748485,142.75094338950956,13.347219147975293,47.186198038570346
2021-02-19 08:00:00+00:00,948.6059822566503,794.0914675156687,154.5145147409817,138.08587988004848,16.428634860933204,54.731797655853796
2021-02-19 09:00:00+00:00,1047.5750736963619,894.1011804857276,153.47389321063426,135.28684177437182,18.187051436262447,58.529300006326814
2021-02-19 10:00:00+00:00,1060.743667672445,899.6382046014036,161.10546307104147,142.75094338950956,18.354519681531897,59.1994055312137
2021-02-19 11:00:00+00:00,1014.771685533098,869.5657415148949,145.20594401820313,127.82274015923406,17.38320385896908,57.839317826365665
2021-02-19 12:00:00+00:00,874.2830193579321,726.14174422816,148.14127512977217,133.42081637058737,14.720458759184798,53.52424652208106
2021-02-19 13:00:00+00:00,660.9567368021312,502.70553443422705,158.25120236790417,147.41600689897066,10.83519546893352,46.86992024840174
2021-02-19 14:00:00+00:00,446.48787372796403,343.53811420154483,102.94975952641917,96.1003082948986,6.849451231520571,39.78845809517554
2021-02-19 15:00:00+00:00,181.70656483433973,127.09655127007618,54.610013564263554,52.248711305964285,2.361302258299268,31.081595534653214
2021-02-19 16:00:00+00:00,0.0,0.0,0.0,0.0,0.0,24.16
2021-02-19 17:00:00+00:00,0.0,0.0,0.0,0.0,0.0,22.45
2021-02-19 18:00:00+00:00,0.0,0.0,0.0,0.0,0.0,21.08
2021-02-19 19:00:00+00:00,0.0,0.0,0.0,0.0,0.0,19.95
2021-02-19 20:00:00+00:00,0.0,0.0,0.0,0.0,0.0,19.16
2021-02-19 21:00:00+00:00,0.0,0.0,0.0,0.0,0.0,18.61
2021-02-19 22:00:00+00:00,0.0,0.0,0.0,0.0,0.0,18.32
2021-02-19 23:00:00+00:00,0.0,0.0,0.0,0.0,0.0,17.79
2021-02-20 00:00:00+00:00,0.0,0.0,0.0,0.0,0.0,17.21
2021-02-20 01:00:00+00:00,0.0,0.0,0.0,0.0,0.0,16.66
2021-02-20 02:00:00+00:00,0.0,0.0,0.0,0.0,0.0,16.15
2021-02-20 03:00:00+00:00,0.0,0.0,0.0,0.0,0.0,15.38
2021-02-20 04:00:00+00:00,30.041974456303155,5.297986295824039,24.743988160479116,24.258330249197705,0.48565791128140967,16.06997229465295
2021-02-20 05:00:00+00:00,288.9999828412754,175.16513267686804,113.83485016440737,109.16248612138968,4.6723640430177005,26.768692661559612
2021-02-20 06:00:00+00:00,505.120371586759,313.67550785808805,191.44486372867092,182.870489570875,8.574374157795923,35.796177425939156
2021-02-20 07:00:00+00:00,706.4928346304065,469.42833839423855,237.0644962361679,224.85606115602488,12.208435080143023,43.59393000104548
2021-02-20 08:00:00+00:00,884.3727080542392,654.3894548787661,229.98325317547307,214.59292143521046,15.390331740262603,50.69636477599718
2021-02-20 09:00:00+00:00,944.1987598623982,657.1462009791405,287.0525588832577,270.57368354874365,16.47887533451404,53.82538074259102
2021-02-20 10:00:00+00:00,752.6286438169457,276.67459277569895,475.95405104124666,462.7743001385408,13.179750902705843,48.874753489315566
2021-02-20 11:00:00+00:00,746.4637471752521,317.34454629841287,429.11920087683933,416.12366504392986,12.995535832909445,48.92377026315287
2021-02-20 12:00:00+00:00,441.6162580475865,56.00908084978899,385.6071771977975,377.87014426634886,7.737032931448665,39.81630161959306
2021-02-20 13:00:00+00:00,171.90647428186878,0.0,171.90647428186878,168.87529904249172,3.0311752393770743,31.475747717272966
2021-02-20 14:00:00+00:00,174.493956536268,10.034837045010033,164.45911949125798,161.41119742735395,3.047922063904019,31.08860730616562
2021-02-20 15:00:00+00:00,186.95972033403024,136.03151710375474,50.928203230275514,48.51666049839541,2.411542731880103,30.700059039137987
2021-02-20 16:00:00+00:00,0.0,0.0,0.0,0.0,0.0,23.73
2021-02-20 17:00:00+00:00,0.0,0.0,0.0,0.0,0.0,21.96
2021-02-20 18:00:00+00:00,0.0,0.0,0.0,0.0,0.0,19.94
2021-02-20 19:00:00+00:00,0.0,0.0,0.0,0.0,0.0,19.83
2021-02-20 20:00:00+00:00,0.0,0.0,0.0,0.0,0.0,19.18
2021-02-20 21:00:00+00:00,0.0,0.0,0.0,0.0,0.0,18.54
2021-02-20 22:00:00+00:00,0.0,0.0,0.0,0.0,0.0,18.49
2021-02-20 23:00:00+00:00,0.0,0.0,0.0,0.0,0.0,17.92
2021-02-21 00:00:00+00:00,0.0,0.0,0.0,0.0,0.0,17.71
2021-02-21 01:00:00+00:00,0.0,0.0,0.0,0.0,0.0,17.5
2021-02-21 02:00:00+00:00,0.0,0.0,0.0,0.0,0.0,17.23
2021-02-21 03:00:00+00:00,0.0,0.0,0.0,0.0,0.0,17.04
2021-02-21 04:00:00+00:00,3.7990381056766584,0.0,3.7990381056766584,3.7320508075688776,0.06698729810778065,17.03676767139942
2021-02-21 05:00:00+00:00,41.78941916244324,0.0,41.78941916244324,41.05255888325765,0.7368602791855872,19.669610920636266
2021-02-21 06:00:00+00:00,379.6302417333254,116.47024667387561,263.1599950594498,256.5784930203603,6.5815020390894485,32.637478219225095
2021-02-21 07:00:00+00:00,588.6843221875224,250.93106038833594,337.7532617991864,327.487458364169,10.265803435017384,40.04343042559896
2021-02-21 08:00:00+00:00,763.4601457775098,398.35039119164077,365.1097545858689,351.7457886133667,13.363965972502239,47.20541303727967
2021-02-21 09:00:00+00:00,839.8178117336093,443.4951579005068,396.32265383310255,381.60219507391776,14.720458759184798,51.09751811771552
2021-02-21 10:00:00+00:00,707.1385235080859,219.82566127047983,487.312862237606,474.90346526313965,12.409396974466365,46.69184049395396
2021-02-21 11:00:00+00:00,745.4528796908592,320.9987423234809,424.4541373673782,411.45860153446876,12.995535832909445,47.3483646165678
2021-02-21 12:00:00+00:00,420.89864579187144,44.04026622616969,376.85837956570174,369.4730299493189,7.3853496163828165,37.70049781352091
2021-02-21 13:00:00+00:00,193.7509433895096,0.0,193.7509433895096,190.33459118601277,3.416352203496813,30.775151241370473
2021-02-21 14:00:00+00:00,64.58364779650319,0.0,64.58364779650319,63.44486372867092,1.138784067832271,25.83073712146353
2021-02-21 15:00:00+00:00,35.141102477509094,0.0,35.141102477509094,34.52146997001212,0.619632507496971,23.795495555400347
2021-02-21 16:00:00+00:00,0.0,0.0,0.0,0.0,0.0,20.04
2021-02-21 17:00:00+00:00,0.0,0.0,0.0,0.0,0.0,18.02
2021-02-21 18:00:00+00:00,0.0,0.0,0.0,0.0,0.0,17.18
2021-02-21 19:00:00+00:00,0.0,0.0,0.0,0.0,0.0,18.46
2021-02-21 20:00:00+00:00,0.0,0.0,0.0,0.0,0.0,18.07
2021-02-21 21:00:00+00:00,0.0,0.0,0.0,0.0,0.0,17.56
2021-02-21 22:00:00+00:00,0.0,0.0,0.0,0.0,0.0,17.26
2021-02-21 23:00:00+00:00,0.0,0.0,0.0,0.0,0.0,17.36
2021-02-22 00:00:00+00:00,0.0,0.0,0.0,0.0,0.0,16.95
2021-02-22 01:00:00+00:00,0.0,0.0,0.0,0.0,0.0,16.99
2021-02-22 02:00:00+00:00,0.0,0.0,0.0,0.0,0.0,16.97
2021-02-22 03:00:00+00:00,0.0,0.0,0.0,0.0,0.0,16.92
2021-02-22 04:00:00+00:00,22.59878961117933,1.6873332054307657,20.911456405748567,20.526279441628827,0.38517696411973873,17.446944075799777
2021-02-22 05:00:00+00:00,213.42484961666605,67.98960483122853,145.4352447854375,141.81793068761735,3.617314097820155,24.806423356741302
2021-02-22 06:00:00+00:00,418.7699559462353,171.75106336429465,247.0188925819407,239.78426438630038,7.23462819564031,33.21366667315567
2021-02-22 07:00:00+00:00,563.0944842133854,215.49675330655816,347.59773090682717,337.75059808498344,9.847132821843754,38.170073210556225
2021-02-22 08:00:00+00:00,563.4881947013139,120.65618090337253,442.83201379794133,432.9178936779898,9.914120119951535,39.05188121349672
2021-02-22 09:00:00+00:00,811.327057218688,396.81306043449547,414.51399678419244,400.2624491117621,14.251547672430332,47.20949902477797
2021-02-22 10:00:00+00:00,757.6049731386511,293.6628594503147,463.9421136883364,450.64513501394197,13.296978674394458,46.2913635369716
2021-02-22 11:00:00+00:00,85.4783573777248,0.0,85.4783573777248,83.97114317029974,1.5072142074250645,26.14655528534267
2021-02-22 12:00:00+00:00,73.13148353427567,0.0,73.13148353427567,71.8419780457009,1.2895054885747774,26.061350282506865
2021-02-22 13:00:00+00:00,55.08605253231155,0.0,55.08605253231155,54.114736709748726,0.9713158225628193,25.13841969331686
2021-02-22 14:00:00+00:00,87.37787643056315,0.0,87.37787643056315,85.83716857408419,1.540707856478955,24.943800558119122
2021-02-22 15:00:00+00:00,48.00004983472931,1.4450862156633055,46.55496361906601,45.71762239271875,0.837341226347258,21.961266078310913
2021-02-22 16:00:00+00:00,0.0,0.0,0.0,0.0,0.0,19.19
2021-02-22 17:00:00+00:00,0.0,0.0,0.0,0.0,0.0,18.44
2021-02-22 18:00:00+00:00,0.0,0.0,0.0,0.0,0.0,17.97
2021-02-22 19:00:00+00:00,0.0,0.0,0.0,0.0,0.0,17.13
2021-02-22 20:00:00+00:00,0.0,0.0,0.0,0.0,0.0,16.92
2021-02-22 21:00:00+00:00,0.0,0.0,0.0,0.0,0.0,16.69
2021-02-22 22:00:00+00:00,0.0,0.0,0.0,0.0,0.0,16.53
2021-02-22 23:00:00+00:00,0.0,0.0,0.0,0.0,0.0,16.24
2021-02-23 00:00:00+00:00,0.0,0.0,0.0,0.0,0.0,16.08
2021-02-23 01:00:00+00:00,0.0,0.0,0.0,0.0,0.0,15.86
2021-02-23 02:00:00+00:00,0.0,0.0,0.0,0.0,0.0,15.88
2021-02-23 03:00:00+00:00,0.0,0.0,0.0,0.0,0.0,15.64
2021-02-23 04:00:00+00:00,12.34687384344914,0.0,12.34687384344914,12.129165124598853,0.2177087188502871,15.768437297305342
2021-02-23 05:00:00+00:00,91.17691453623979,0.0,91.17691453623979,89.56921938165306,1.6076951545867355,19.675453086259473
2021-02-23 06:00:00+00:00,520.7868826936785,354.19842542555864,166.58845726811992,157.6791466197851,8.909310648334825,35.382395489905676
2021-02-23 07:00:00+00:00,723.1345922287014,520.206388998426,202.92820323027553,190.33459118601277,12.59361204426276,43.125768727277766
2021-02-23 08:00:00+00:00,662.5309235777671,232.88544325929902,429.6454803184681,417.9896904477143,11.655789870753832,42.81007028488393
2021-02-23 09:00:00+00:00,620.741938631531,130.23773344283507,490.50420518869595,479.56852877260076,10.935676416095191,43.1486658416165
2021-02-23 10:00:00+00:00,842.2632320645707,430.0123750011927,412.2508570633781,397.4634110060855,14.787446057292577,51.53311686629484
2021-02-23 11:00:00+00:00,403.9371403739354,15.217544876065924,388.7195954978695,381.60219507391776,7.117400423951693,37.63871994240615
2021-02-23 12:00:00+00:00,301.2265199382867,3.88480087098039,297.3417190673063,292.0329756922647,5.308743375041616,34.51803462486573
2021-02-23 13:00:00+00:00,63.63388827008403,0.0,63.63388827008403,62.5118510267787,1.1220372433053258,26.108059519238463
2021-02-23 14:00:00+00:00,80.72955974562899,0.0,80.72955974562899,79.30607966083865,1.4234800847903388,26.003603623687926
2021-02-23 15:00:00+00:00,79.49281107986675,12.85892280978272,66.63388827008403,65.31088913245536,1.3229991376286678,25.359793082952052
2021-02-23 16:00:00+00:00,0.0,0.0,0.0,0.0,0.0,21.74
2021-02-23 17:00:00+00:00,0.0,0.0,0.0,0.0,0.0,20.6
2021-02-23 18:00:00+00:00,0.0,0.0,0.0,0.0,0.0,19.76
2021-02-23 19:00:00+00:00,0.0,0.0,0.0,0.0,0.0,19.33
2021-02-23 20:00:00+00:00,0.0,0.0,0.0,0.0,0.0,18.88
2021-02-23 21:00:00+00:00,0.0,0.0,0.0,0.0,0.0,18.29
2021-02-23 22:00:00+00:00,0.0,0.0,0.0,0.0,0.0,17.73
2021-02-23 23:00:00+00:00,0.0,0.0,0.0,0.0,0.0,17.36
2021-02-24 00:00:00+00:00,0.0,0.0,0.0,0.0,0.0,16.98
2021-02-24 01:00:00+00:00,0.0,0.0,0.0,0.0,0.0,16.62
2021-02-24 02:00:00+00:00,0.0,0.0,0.0,0.0,0.0,16.18
2021-02-24 03:00:00+00:00,0.0,0.0,0.0,0.0,0.0,15.83
2021-02-24 04:00:00+00:00,4.748797632095823,0.0,4.748797632095823,4.665063509461097,0.08373412263472581,15.917265285107778
2021-02-24 05:00:00+00:00,259.08568265374106,124.12647683635154,134.95920581738952,130.62177826491072,4.337427552478797,26.095782073152897
2021-02-24 06:00:00+00:00,530.7454249871782,368.621069334196,162.12435565298216,153.01408311032398,9.110272542658167,37.008473214470015
2021-02-24 07:00:00+00:00,732.3411343882267,529.2119692636278,203.12916512459887,190.33459118601277,12.794573938586103,44.12699928897804
2021-02-24 08:00:00+00:00,888.7905739490703,666.0202200208308,222.7703539282395,207.12881982007272,15.64153410816678,50.001577903451405
2021-02-24 09:00:00+00:00,859.8604425586825,470.56647290301714,389.2939696556653,374.13809345877996,15.155876196885371,49.77970016580806
2021-02-24 10:00:00+00:00,874.2458955809889,480.0691536970122,394.1767418839767,378.80315696824107,15.373584915735659,50.80193094731755
2021-02-24 11:00:00+00:00,747.6027607933424,315.5840408636649,432.0187199296776,418.9227031496065,13.096016780071116,47.37419767537402
2021-02-24 12:00:00+00:00,559.1538617803726,156.59211558453927,402.5617461958334,392.7983474966244,9.763398699209029,41.89267180719655
2021-02-24 13:00:00+00:00,337.2418597763058,42.11303995623308,295.1288198200727,289.233937586588,5.894882233484697,33.880271299900116
2021-02-24 14:00:00+00:00,256.7028774504645,62.930377764811254,193.77249968565323,189.40157848412053,4.3709212015326875,31.377115635507074
2021-02-24 15:00:00+00:00,86.95706896702939,18.356674345999245,68.60039462103013,67.17691453623979,1.4234800847903388,25.688030084677127
2021-02-24 16:00:00+00:00,0.0,0.0,0.0,0.0,0.0,21.87
2021-02-24 17:00:00+00:00,0.0,0.0,0.0,0.0,0.0,20.7
2021-02-24 18:00:00+00:00,0.0,0.0,0.0,0.0,0.0,19.79
2021-02-24 19:00:00+00:00,0.0,0.0,0.0,0.0,0.0,19.1
2021-02-24 20:00:00+00:00,0.0,0.0,0.0,0.0,0.0,18.21
2021-02-24 21:00:00+00:00,0.0,0.0,0.0,0.0,0.0,17.61
2021-02-24 22:00:00+00:00,0.0,0.0,0.0,0.0,0.0,17.04
2021-02-24 23:00:00+00:00,0.0,0.0,0.0,0.0,0.0,16.4
2021-02-25 00:00:00+00:00,0.0,0.0,0.0,0.0,0.0,15.9
2021-02-25 01:00:00+00:00,0.0,0.0,0.0,0.0,0.0,15.37
2021-02-25 02:00:00+00:00,0.0,0.0,0.0,0.0,0.0,14.77
2021-02-25 03:00:00+00:00,0.0,0.0,0.0,0.0,0.0,14.69
2021-02-25 04:00:00+00:00,13.296633369868303,0.0,13.296633369868303,13.062177826491071,0.23445554337723226,15.31201134796325
2021-02-25 05:00:00+00:00,244.53017536576036,102.30782982755642,142.22234553820394,138.08587988004848,4.136465658155455,24.798072549235805
2021-02-25 06:00:00+00:00,569.4691024580272,456.1245470242549,113.34455543377234,103.56440991003636,9.780145523735975,37.538896863424895
2021-02-25 07:00:00+00:00,711.498863942182,478.83148202304403,232.6673819191379,220.19099764656377,12.476384272574146,43.10397030819575
2021-02-25 08:00:00+00:00,885.2716550679013,654.1209336471587,231.15072142074254,215.5259341371027,15.624787283639836,49.74567148386714
2021-02-25 09:00:00+00:00,1011.930109151177,831.7002904271534,180.2298187240236,162.34421012924616,17.885608594777434,54.46416527376923
2021-02-25 10:00:00+00:00,972.5780038705869,697.9344966572695,274.64350721331743,257.51150572225254,17.1320014910649,53.20254811619025
2021-02-25 11:00:00+00:00,841.5025020591074,483.416622179059,358.0858798800485,343.34867429633675,14.737205583711741,49.5464765646115
2021-02-25 12:00:00+00:00,795.0679996844433,560.2283400484192,234.8396596360241,221.124010348456,13.715649287568088,47.92813025422762
2021-02-25 13:00:00+00:00,547.8114388508277,290.3020788859889,257.50935996483884,248.18137870333035,9.327981261508455,40.58301529709939
2021-02-25 14:00:00+00:00,446.83350937299474,357.6947253051625,89.13878406783228,82.1051177665153,7.033666301316968,37.10176436423691
2021-02-25 15:00:00+00:00,167.09880599898958,111.62276703094159,55.476038968047995,53.18172400785651,2.294314960191487,28.530463860152246
2021-02-25 16:00:00+00:00,0.0,0.0,0.0,0.0,0.0,22.4
2021-02-25 17:00:00+00:00,0.0,0.0,0.0,0.0,0.0,20.94
2021-02-25 18:00:00+00:00,0.0,0.0,0.0,0.0,0.0,19.74
2021-02-25 19:00:00+00:00,0.0,0.0,0.0,0.0,0.0,19.01
2021-02-25 20:00:00+00:00,0.0,0.0,0.0,0.0,0.0,18.29
2021-02-25 21:00:00+00:00,0.0,0.0,0.0,0.0,0.0,17.65
2021-02-25 22:00:00+00:00,0.0,0.0,0.0,0.0,0.0,17.1
2021-02-25 23:00:00+00:00,0.0,0.0,0.0,0.0,0.0,16.54
2021-02-26 00:00:00+00:00,0.0,0.0,0.0,0.0,0.0,16.09
2021-02-26 01:00:00+00:00,0.0,0.0,0.0,0.0,0.0,15.7
2021-02-26 02:00:00+00:00,0.0,0.0,0.0,0.0,0.0,15.34
2021-02-26 03:00:00+00:00,0.0,0.0,0.0,0.0,0.0,15.02
2021-02-26 04:00:00+00:00,63.94275360057985,35.06479084388517,28.87796275669468,27.990381056766584,0.8875816999280935,16.45025008697327
2021-02-26 05:00:00+00:00,322.01175677756464,236.46392103979215,85.54783573777249,80.23909236273087,5.308743375041616,26.903798262676556
2021-02-26 06:00:00+00:00,576.5744990527015,465.8615134793364,110.71298557336513,100.7653718043597,9.947613769005425,37.28702086004907
2021-02-26 07:00:00+00:00,788.8063866650796,660.179453624026,128.62693304105358,114.76056233274299,13.866370708310594,44.92229782679029
2021-02-26 08:00:00+00:00,951.1953291450743,813.9893851268712,137.20594401820313,120.35863854409631,16.847305474106832,51.517452061820734
2021-02-26 09:00:00+00:00,1045.4593437049614,904.6959450057524,140.76339869920903,122.22466394788074,18.538734751328295,55.62746999917664
2021-02-26 10:00:00+00:00,1063.624579859533,922.6099787924197,141.0146010671132,122.22466394788074,18.789937119232473,57.1101753856283
2021-02-26 11:00:00+00:00,1004.2672187404164,866.3244144430276,137.94280429738873,120.35863854409631,17.58416575329242,55.868505423234815
2021-02-26 12:00:00+00:00,867.5845924938177,730.4050142433749,137.17957825044277,122.22466394788074,14.95491430256203,51.770714156455156
2021-02-26 13:00:00+00:00,670.7685188419595,542.8880650233249,127.88045381863458,116.62658773652743,11.253866082107148,45.79625371198997
2021-02-26 14:00:00+00:00,435.3283135261753,336.9766302111094,98.35168331506586,91.4352447854375,6.916438529628352,38.296544984185026
2021-02-26 15:00:00+00:00,151.47765987275017,89.6045065876722,61.87315328507797,59.71281292110204,2.160340363975926,29.206966058895002
2021-02-26 16:00:00+00:00,0.0,0.0,0.0,0.0,0.0,23.14
2021-02-26 17:00:00+00:00,0.0,0.0,0.0,0.0,0.0,21.6
2021-02-26 18:00:00+00:00,0.0,0.0,0.0,0.0,0.0,20.37
2021-02-26 19:00:00+00:00,0.0,0.0,0.0,0.0,0.0,19.31
2021-02-26 20:00:00+00:00,0.0,0.0,0.0,0.0,0.0,18.43
2021-02-26 21:00:00+00:00,0.0,0.0,0.0,0.0,0.0,17.7
2021-02-26 22:00:00+00:00,0.0,0.0,0.0,0.0,0.0,17.04
2021-02-26 23:00:00+00:00,0.0,0.0,0.0,0.0,0.0,16.44
2021-02-27 00:00:00+00:00,0.0,0.0,0.0,0.0,0.0,15.9
2021-02-27 01:00:00+00:00,0.0,0.0,0.0,0.0,0.0,15.38
2021-02-27 02:00:00+00:00,0.0,0.0,0.0,0.0,0.0,14.94
2021-02-27 03:00:00+00:00,0.0,0.0,0.0,0.0,0.0,14.28
2021-02-27 04:00:00+00:00,52.89673550897973,22.253228295662286,30.643507213317445,29.85640646055102,0.7871007527664226,15.491455001059652
2021-02-27 05:00:00+00:00,319.7535599445529,234.20572420678036,85.54783573777249,80.23909236273087,5.308743375041616,27.119856950461866
2021-02-27 06:00:00+00:00,570.7957367281364,457.3339535226754,113.46178320546095,103.56440991003636,9.89737329542459,38.00416970858482
2021-02-27 07:00:00+00:00,785.7582562810069,657.1313232399533,128.62693304105358,114.76056233274299,13.866370708310594,46.24418611645705
2021-02-27 08:00:00+00:00,947.987349241954,810.7814052237509,137.20594401820313,120.35863854409631,16.847305474106832,53.13755088598218
2021-02-27 09:00:00+00:00,1042.1623179678504,901.3989192686414,140.76339869920903,122.22466394788074,18.538734751328295,56.91598586393439
2021-02-27 10:00:00+00:00,1060.3051863532057,919.2905852860926,141.0146010671132,122.22466394788074,18.789937119232473,58.14380475276067
2021-02-27 11:00:00+00:00,995.2417349066811,850.8683226432086,144.37341226347257,126.88972745734183,17.48368480613075,56.90138664611708
2021-02-27 12:00:00+00:00,858.5500507545057,716.8058899417636,141.7441608127422,126.88972745734183,14.854433355400358,52.990409613721965
2021-02-27 13:00:00+00:00,658.4828159356646,523.2889819226348,135.19383401302983,124.09068935166518,11.103144661364642,46.748301461734805
2021-02-27 14:00:00+00:00,429.4264613570187,329.25899311174925,100.16746824526946,93.30127018922194,6.866198056047517,39.339792585300735
2021-02-27 15:00:00+00:00,146.2496138922313,84.42670108073416,61.82291281149713,59.71281292110204,2.1100998903950905,30.220964938599923
2021-02-27 16:00:00+00:00,0.0,0.0,0.0,0.0,0.0,24.08
2021-02-27 17:00:00+00:00,0.0,0.0,0.0,0.0,0.0,22.32
2021-02-27 18:00:00+00:00,0.0,0.0,0.0,0.0,0.0,20.94
2021-02-27 19:00:00+00:00,0.0,0.0,0.0,0.0,0.0,20.3
2021-02-27 20:00:00+00:00,0.0,0.0,0.0,0.0,0.0,19.37
2021-02-27 21:00:00+00:00,0.0,0.0,0.0,0.0,0.0,18.51
2021-02-27 22:00:00+00:00,0.0,0.0,0.0,0.0,0.0,17.94
2021-02-27 23:00:00+00:00,0.0,0.0,0.0,0.0,0.0,17.32
2021-02-28 00:00:00+00:00,0.0,0.0,0.0,0.0,0.0,16.76
2021-02-28 01:00:00+00:00,0.0,0.0,0.0,0.0,0.0,16.45
2021-02-28 02:00:00+00:00,0.0,0.0,0.0,0.0,0.0,16.09
2021-02-28 03:00:00+00:00,0.0,0.0,0.0,0.0,0.0,15.41
2021-02-28 04:00:00+00:00,57.16937519367862,27.40864020867256,29.76073498500606,28.9233937586588,0.837341226347258,16.63044265954951
2021-02-28 05:00:00+00:00,303.14887545411,203.8235579068045,99.32531754730549,94.23428289111416,5.091034656191329,27.2827045249332
2021-02-28 06:00:00+00:00,563.1297672528356,446.01966736244043,117.11009989039509,107.29646071760523,9.813639172789864,38.08309451787789
2021-02-28 07:00:00+00:00,767.6586977163846,625.3045233393789,142.35417437700573,128.75575286112627,13.59842151587947,47.3302534829144
2021-02-28 08:00:00+00:00,931.7958140287169,782.6951604292922,149.10065359942476,132.48780366869516,16.6128499307296,52.820718393995676
2021-02-28 09:00:00+00:00,1029.5947353147317,881.5347032456544,148.06003206907735,129.6887655630185,18.37126650605884,55.636530671862445
2021-02-28 10:00:00+00:00,1047.6358677290757,899.3246332920942,148.31123443698152,129.6887655630185,18.62246887396302,56.484123293941074
2021-02-28 11:00:00+00:00,982.5080004172612,831.7709674858125,150.73703293144868,133.42081637058737,17.316216560861296,54.70300553051096
2021-02-28 12:00:00+00:00,847.6301893256614,699.4889141958892,148.14127512977217,133.42081637058737,14.720458759184798,50.72798275259146
2021-02-28 13:00:00+00:00,652.7065663594072,516.629960118066,136.0766062413412,125.0237020535574,11.052904187783806,44.66269025192575
2021-02-28 14:00:00+00:00,421.33171553588807,318.4489433075767,102.88277222831138,96.1003082948986,6.7824639334127905,37.84839763001649
2021-02-28 15:00:00+00:00,121.48524742302439,52.44943536429369,69.0358120587307,67.17691453623979,1.858897522490913,28.709449784928683
2021-02-28 16:00:00+00:00,0.0,0.0,0.0,0.0,0.0,21.2
2021-02-28 17:00:00+00:00,0.0,0.0,0.0,0.0,0.0,20.92
2021-02-28 18:00:00+00:00,0.0,0.0,0.0,0.0,0.0,20.64
2021-02-28 19:00:00+00:00,0.0,0.0,0.0,0.0,0.0,20.37
2021-02-28 20:00:00+00:00,0.0,0.0,0.0,0.0,0.0,20.09
2021-02-28 21:00:00+00:00,0.0,0.0,0.0,0.0,0.0,19.81
2021-02-28 22:00:00+00:00,0.0,0.0,0.0,0.0,0.0,19.53
2021-02-28 23:00:00+00:00,0.0,0.0,0.0,0.0,0.0,19.25
2021-03-01 00:00:00+00:00,0.0,0.0,0.0,0.0,0.0,18.97
2021-03-01 01:00:00+00:00,0.0,0.0,0.0,0.0,0.0,18.69
2021-03-01 02:00:00+00:00,0.0,0.0,0.0,0.0,0.0,18.41
2021-03-01 03:00:00+00:00,0.0,0.0,0.0,0.0,0.0,18.13
2021-03-01 04:00:00+00:00,67.25609303631572,39.24415568340549,28.011937352910238,27.057368354874363,0.9545689980358742,19.943566123122817
2021-03-01 05:00:00+00:00,300.25997443022885,202.81742911123473,97.4425453189941,92.36825748732973,5.074287831664384,27.017361815149513
2021-03-01 06:00:00+00:00,546.8815764190854,419.7427923512531,127.13878406783229,117.55960043841965,9.579183629412633,34.66530632940634
2021-03-01 07:00:00+00:00,760.0299621220655,616.8265091658022,143.20345295626325,129.6887655630185,13.514687393244746,41.38838546378068
2021-03-01 08:00:00+00:00,908.4318909917006,741.0394134940242,167.39247749767634,151.14805770653953,16.244419791136806,49.86102243698857
2021-03-01 09:00:00+00:00,1015.2240784555268,861.7669320694195,153.45714638610733,135.28684177437182,18.1703046117355,53.33535419339087
2021-03-01 10:00:00+00:00,999.1620080579772,793.8245805054984,205.33742755247883,187.53555308033611,17.801874472142707,53.5652760402048
2021-03-01 11:00:00+00:00,967.979198362704,811.8450511142254,156.13414724847866,139.0188925819407,17.115254666537954,53.386987959688916
2021-03-01 12:00:00+00:00,833.0075915579691,681.3352275149514,151.6723640430177,137.15286717815624,14.519496864861456,49.8034539758313
2021-03-01 13:00:00+00:00,639.8745154440107,500.23332664037014,139.64118880364063,128.75575286112627,10.885435942514356,43.74211353962346
2021-03-01 14:00:00+00:00,410.27363910263614,305.65881606675583,104.61482303588028,97.96633369868304,6.648489337197229,36.74340531046249
2021-03-01 15:00:00+00:00,113.15051719154104,45.148198781864224,68.00231840967682,66.24390183434758,1.758416575329242,27.822193362369074
2021-03-01 16:00:00+00:00,0.0,0.0,0.0,0.0,0.0,23.18
2021-03-01 17:00:00+00:00,0.0,0.0,0.0,0.0,0.0,22.02
2021-03-01 18:00:00+00:00,0.0,0.0,0.0,0.0,0.0,20.96
2021-03-01 19:00:00+00:00,0.0,0.0,0.0,0.0,0.0,20.47
2021-03-01 20:00:00+00:00,0.0,0.0,0.0,0.0,0.0,19.73
2021-03-01 21:00:00+00:00,0.0,0.0,0.0,0.0,0.0,19.06
2021-03-01 22:00:00+00:00,0.0,0.0,0.0,0.0,0.0,18.58
2021-03-01 23:00:00+00:00,0.0,0.0,0.0,0.0,0.0,18.0
2021-03-02 00:00:00+00:00,0.0,0.0,0.0,0.0,0.0,17.66
2021-03-02 01:00:00+00:00,0.0,0.0,0.0,0.0,0.0,17.19
2021-03-02 02:00:00+00:00,0.0,0.0,0.0,0.0,0.0,16.78
2021-03-02 03:00:00+00:00,0.0,0.0,0.0,0.0,0.0,16.32
2021-03-02 04:00:00+00:00,7.598076211353317,0.0,7.598076211353317,7.464101615137755,0.1339745962155613,16.116261252151556
2021-03-02 05:00:00+00:00,120.82583723133064,3.938428183665609,116.88740904766503,114.76056233274299,2.1268467149220354,20.969685832317605
2021-03-02 06:00:00+00:00,387.8005452924566,122.52332246131817,265.27722283113843,258.4445184241448,6.832704406993626,30.248187917579322
2021-03-02 07:00:00+00:00,582.4046882776997,236.18732486337558,346.21736341432415,335.88457268119896,10.332790733125165,36.18800395304192
2021-03-02 08:00:00+00:00,768.1625966727129,407.38296910576616,360.7796275669467,347.0807251039056,13.698902463041142,42.60401990909342
2021-03-02 09:00:00+00:00,928.2685109032154,645.7470409332033,282.52146997001216,265.90862003928254,16.6128499307296,48.71938925106626
2021-03-02 10:00:00+00:00,954.3483867637044,685.403436708902,268.94495005480246,251.91342951089925,17.03152054390323,50.920303656066274
2021-03-02 11:00:00+00:00,918.1987259183034,692.9259672542555,225.27275866404784,208.99484522385714,16.277913440190698,50.81003207881062
2021-03-02 12:00:00+00:00,811.6065379116967,636.9270459873854,174.67949192431124,160.47818472546174,14.201307198849497,48.22203507168679
2021-03-02 13:00:00+00:00,629.0787929001478,483.9735024813695,145.10529041877837,134.35382907247958,10.751461346298793,43.24902574816496
2021-03-02 14:00:00+00:00,407.0699091383147,303.4048456288536,103.6650635094611,97.03332099679082,6.631742512670284,36.4887285218279
2021-03-02 15:00:00+00:00,135.13027699336266,73.4078451290272,61.72243186433546,59.71281292110204,2.0096189432334195,28.041277784421816
2021-03-02 16:00:00+00:00,0.0,0.0,0.0,0.0,0.0,22.94
2021-03-02 17:00:00+00:00,0.0,0.0,0.0,0.0,0.0,21.73
2021-03-02 18:00:00+00:00,0.0,0.0,0.0,0.0,0.0,20.79
2021-03-02 19:00:00+00:00,0.0,0.0,0.0,0.0,0.0,20.23
2021-03-02 20:00:00+00:00,0.0,0.0,0.0,0.0,0.0,19.46
2021-03-02 21:00:00+00:00,0.0,0.0,0.0,0.0,0.0,18.87
2021-03-02 22:00:00+00:00,0.0,0.0,0.0,0.0,0.0,18.24
2021-03-02 23:00:00+00:00,0.0,0.0,0.0,0.0,0.0,17.77
2021-03-03 00:00:00+00:00,0.0,0.0,0.0,0.0,0.0,17.34
2021-03-03 01:00:00+00:00,0.0,0.0,0.0,0.0,0.0,16.9
2021-03-03 02:00:00+00:00,0.0,0.0,0.0,0.0,0.0,16.59
2021-03-03 03:00:00+00:00,0.0,0.0,0.0,0.0,0.0,16.25
2021-03-03 04:00:00+00:00,46.4352455627979,15.841978823061295,30.59326673973661,29.85640646055102,0.7368602791855872,17.423094285184455
2021-03-03 05:00:00+00:00,296.30918225429645,200.73266233908677,95.57651991520966,90.50223208354528,5.074287831664384,27.029155314931167
2021-03-03 06:00:00+00:00,535.9954333721943,404.29206674206256,131.7033666301317,122.22466394788074,9.478702682250962,35.59610303387828
2021-03-03 07:00:00+00:00,749.5207007185608,606.4009818849322,143.11971883362853,129.6887655630185,13.43095327061002,42.52905676148372
2021-03-03 08:00:00+00:00,906.7699010192405,751.4228545235283,155.34704649571222,139.0188925819407,16.328153913771533,48.33214218613318
2021-03-03 09:00:00+00:00,1002.3175270642384,848.9776084498197,153.3399186144187,135.28684177437182,18.053076840046884,52.64844769274822
2021-03-03 10:00:00+00:00,1013.8399870736393,852.9019922478674,160.937994825772,142.75094338950956,18.187051436262447,54.22819599191603
2021-03-03 11:00:00+00:00,955.153779491124,798.2038473124418,156.94993217868225,139.9519052838329,16.99802689484934,53.38287360277175
2021-03-03 12:00:00+00:00,820.4090850920746,667.9209361188533,152.4881489732213,138.08587988004848,14.402269093172839,50.209032792711085
2021-03-03 13:00:00+00:00,628.6209898403612,488.14726928199,140.47372055837118,129.6887655630185,10.784954995352685,43.870530655223845
2021-03-03 14:00:00+00:00,395.6390685025842,284.64387797420096,110.99519052838329,104.49742261192857,6.497767916454722,35.99333709378779
2021-03-03 15:00:00+00:00,142.16700037250104,84.09288519309973,58.07411517940131,55.98076211353317,2.093353065868145,28.12689019515507
2021-03-03 16:00:00+00:00,0.0,0.0,0.0,0.0,0.0,23.01
2021-03-03 17:00:00+00:00,0.0,0.0,0.0,0.0,0.0,21.81
2021-03-03 18:00:00+00:00,0.0,0.0,0.0,0.0,0.0,20.79
2021-03-03 19:00:00+00:00,0.0,0.0,0.0,0.0,0.0,20.28
2021-03-03 20:00:00+00:00,0.0,0.0,0.0,0.0,0.0,19.54
2021-03-03 21:00:00+00:00,0.0,0.0,0.0,0.0,0.0,19.06
2021-03-03 22:00:00+00:00,0.0,0.0,0.0,0.0,0.0,18.57
2021-03-03 23:00:00+00:00,0.0,0.0,0.0,0.0,0.0,18.18
2021-03-04 00:00:00+00:00,0.0,0.0,0.0,0.0,0.0,17.79
2021-03-04 01:00:00+00:00,0.0,0.0,0.0,0.0,0.0,17.43
2021-03-04 02:00:00+00:00,0.0,0.0,0.0,0.0,0.0,17.1
2021-03-04 03:00:00+00:00,0.0,0.0,0.0,0.0,0.0,16.66
2021-03-04 04:00:00+00:00,35.924981005282106,6.398701563653279,29.526279441628827,28.9233937586588,0.6028856829700258,17.364570989895626
2021-03-04 05:00:00+00:00,146.6400026817394,11.573188035894677,135.06681464584472,132.48780366869516,2.579010977149555,22.16824288912182
2021-03-04 06:00:00+00:00,470.3506150362605,255.8148893036613,214.53572573259916,206.19580711818048,8.339918614418691,32.43137716464823
2021-03-04 07:00:00+00:00,570.9671282561218,221.18518227949826,349.78194597662355,339.61662348876786,10.165322487855713,36.08205196901606
2021-03-04 08:00:00+00:00,659.0740331433215,224.67975519275754,434.39427795056395,422.6547539571754,11.73952399338856,40.014563968772244
2021-03-04 09:00:00+00:00,703.9525131051471,221.18748660531352,482.7650264998336,470.2384017536786,12.526624746154981,42.59395279532685
2021-03-04 10:00:00+00:00,702.4099802436085,211.2980799003258,491.1119003432827,478.63551607070855,12.476384272574146,44.114151814040454
2021-03-04 11:00:00+00:00,0.0,0.0,0.0,0.0,0.0,24.86
2021-03-04 12:00:00+00:00,374.2298476069636,22.416899043226014,351.81294856373756,345.2146997001212,6.598248863616393,35.634920276647215
2021-03-04 13:00:00+00:00,390.00223930629284,84.60547029378901,305.39676901250385,298.5640646055102,6.832704406993626,34.99998648807308
2021-03-04 14:00:00+00:00,150.42476746957493,4.094813102915789,146.32995436665914,143.6839560914018,2.6459982752573357,27.53334572547632
2021-03-04 15:00:00+00:00,23.743988160479113,0.0,23.743988160479113,23.325317547305485,0.418670613173629,23.369805495697406
2021-03-04 16:00:00+00:00,0.0,0.0,0.0,0.0,0.0,21.43
2021-03-04 17:00:00+00:00,0.0,0.0,0.0,0.0,0.0,20.62
2021-03-04 18:00:00+00:00,0.0,0.0,0.0,0.0,0.0,20.0
2021-03-04 19:00:00+00:00,0.0,0.0,0.0,0.0,0.0,19.65
2021-03-04 20:00:00+00:00,0.0,0.0,0.0,0.0,0.0,19.15
2021-03-04 21:00:00+00:00,0.0,0.0,0.0,0.0,0.0,18.63
2021-03-04 22:00:00+00:00,0.0,0.0,0.0,0.0,0.0,18.21
2021-03-04 23:00:00+00:00,0.0,0.0,0.0,0.0,0.0,17.88
2021-03-05 00:00:00+00:00,0.0,0.0,0.0,0.0,0.0,17.5
2021-03-05 01:00:00+00:00,0.0,0.0,0.0,0.0,0.0,17.27
2021-03-05 02:00:00+00:00,0.0,0.0,0.0,0.0,0.0,17.04
2021-03-05 03:00:00+00:00,0.0,0.0,0.0,0.0,0.0,16.87
2021-03-05 04:00:00+00:00,45.16313295030159,13.636853508672758,31.52627944162883,30.78941916244324,0.7368602791855872,18.0530783731854
2021-03-05 05:00:00+00:00,122.60452943173982,3.8176013312364705,118.78692810050335,116.62658773652743,2.160340363975926,21.8875011014525
2021-03-05 06:00:00+00:00,465.9006132975614,252.34814074043527,213.55247255712612,205.26279441628827,8.289678140837855,33.6768287536832
2021-03-05 07:00:00+00:00,712.7100033621219,524.4588009942178,188.25120236790417,175.40638795573724,12.844814412166938,40.81631982652685
2021-03-05 08:00:00+00:00,785.0509130878294,457.4410721758289,327.6098409120005,313.4922678357857,14.117573076214772,44.76718859042646
2021-03-05 09:00:00+00:00,894.3812434442832,581.5727590476363,312.808484396647,296.69803920172575,16.110445194921244,49.86601775719942
2021-03-05 10:00:00+00:00,845.7727766291702,452.7635029904629,393.00927363870727,377.87014426634886,15.139129372358425,49.27762718820247
2021-03-05 11:00:00+00:00,754.1429772578199,346.9974106132202,407.1455666445997,393.7313601985166,13.414206446083075,46.87112551190316
2021-03-05 12:00:00+00:00,659.9511816727888,317.07588263029703,342.87529904249175,331.2195091717379,11.655789870753832,42.695548904049964
2021-03-05 13:00:00+00:00,416.87672473004466,114.74309543835523,302.13362929168943,294.83201379794133,7.30161549374809,36.32681683926404
2021-03-05 14:00:00+00:00,324.51595337055676,159.4778229021492,165.03813046840753,159.5451720235695,5.492958444838013,32.982942524607495
2021-03-05 15:00:00+00:00,78.94453822620609,15.109688061798721,63.83485016440737,62.5118510267787,1.3229991376286678,25.413843636203442
2021-03-05 16:00:00+00:00,0.0,0.0,0.0,0.0,0.0,22.1
2021-03-05 17:00:00+00:00,0.0,0.0,0.0,0.0,0.0,21.43
2021-03-05 18:00:00+00:00,0.0,0.0,0.0,0.0,0.0,20.62
2021-03-05 19:00:00+00:00,0.0,0.0,0.0,0.0,0.0,20.72
2021-03-05 20:00:00+00:00,0.0,0.0,0.0,0.0,0.0,20.18
2021-03-05 21:00:00+00:00,0.0,0.0,0.0,0.0,0.0,19.49
2021-03-05 22:00:00+00:00,0.0,0.0,0.0,0.0,0.0,18.92
2021-03-05 23:00:00+00:00,0.0,0.0,0.0,0.0,0.0,18.41
2021-03-06 00:00:00+00:00,0.0,0.0,0.0,0.0,0.0,18.01
2021-03-06 01:00:00+00:00,0.0,0.0,0.0,0.0,0.0,17.49
2021-03-06 02:00:00+00:00,0.0,0.0,0.0,0.0,0.0,17.1
2021-03-06 03:00:00+00:00,0.0,0.0,0.0,0.0,0.0,16.8
2021-03-06 04:00:00+00:00,56.89426033924076,25.200512652342475,31.69374768689828,30.78941916244324,0.9043285244550388,18.254827073446588
2021-03-06 05:00:00+00:00,259.96096262330605,132.248149702204,127.71281292110206,123.15767664977297,4.555136271329084,26.453454394433688
2021-03-06 06:00:00+00:00,508.5761686695976,346.45181301661546,162.12435565298216,153.01408311032398,9.110272542658167,35.058734523642286
2021-03-06 07:00:00+00:00,736.329157114719,587.6950961923719,148.63406092234712,135.28684177437182,13.347219147975293,41.271088176083666
2021-03-06 08:00:00+00:00,890.36218575949,730.4840503505322,159.87813540895777,143.6839560914018,16.19417931755597,46.83697418561151
2021-03-06 09:00:00+00:00,979.40777742351,813.2568833505044,166.1508940730056,148.34901960086287,17.801874472142707,50.782925911296424
2021-03-06 10:00:00+00:00,990.0378687540441,814.4396198904277,175.59824886361642,157.6791466197851,17.919102243831322,52.530884100959234
2021-03-06 11:00:00+00:00,935.6979236198711,773.3341302996319,162.36379332023915,145.54998149518622,16.81381182505294,51.651089227396795
2021-03-06 12:00:00+00:00,789.2094519307673,607.2668202856416,181.94263164512563,167.94228634059948,14.000345304526155,48.27188958970319
2021-03-06 13:00:00+00:00,611.9115646945482,466.9235020474585,144.98806264708975,134.35382907247958,10.634233574610178,43.55962210927989
2021-03-06 14:00:00+00:00,390.81516388003877,287.2673281422663,103.54783573777249,97.03332099679082,6.514514740981668,36.93489289953148
2021-03-06 15:00:00+00:00,131.23334973222478,73.25971549998513,57.97363423223964,55.98076211353317,1.9928721187064742,28.78317434627671
2021-03-06 16:00:00+00:00,0.0,0.0,0.0,0.0,0.0,23.64
2021-03-06 17:00:00+00:00,0.0,0.0,0.0,0.0,0.0,22.28
2021-03-06 18:00:00+00:00,0.0,0.0,0.0,0.0,0.0,21.22
2021-03-06 19:00:00+00:00,0.0,0.0,0.0,0.0,0.0,20.79
2021-03-06 20:00:00+00:00,0.0,0.0,0.0,0.0,0.0,20.04
2021-03-06 21:00:00+00:00,0.0,0.0,0.0,0.0,0.0,19.32
2021-03-06 22:00:00+00:00,0.0,0.0,0.0,0.0,0.0,18.64
2021-03-06 23:00:00+00:00,0.0,0.0,0.0,0.0,0.0,18.05
2021-03-07 00:00:00+00:00,0.0,0.0,0.0,0.0,0.0,17.44
2021-03-07 01:00:00+00:00,0.0,0.0,0.0,0.0,0.0,16.88
2021-03-07 02:00:00+00:00,0.0,0.0,0.0,0.0,0.0,16.47
2021-03-07 03:00:00+00:00,0.0,0.0,0.0,0.0,0.0,15.98
2021-03-07 04:00:00+00:00,44.066639530175465,11.60734738665442,32.45929214352105,31.72243186433546,0.7368602791855872,16.900262649903926
2021-03-07 05:00:00+00:00,289.0657394256979,186.9413837727158,102.12435565298215,97.03332099679082,5.091034656191329,26.658167274358053
2021-03-07 06:00:00+00:00,527.8369828570625,386.7699955589547,141.0669872981078,131.55479096680293,9.512196331304851,36.45021564273783
2021-03-07 07:00:00+00:00,753.8729725880573,619.781937931866,134.09103465619134,120.35863854409631,13.732396112095033,44.45269628169497
2021-03-07 08:00:00+00:00,893.9926281821885,726.5331633864043,167.45946479578413,151.14805770653953,16.311407089244586,50.29232474496477
2021-03-07 09:00:00+00:00,982.0492809062979,808.3338042709929,173.715476635305,155.81312121600064,17.902355419304378,53.97044466178847
2021-03-07 10:00:00+00:00,992.78721259026,807.7583557605597,185.02885682970026,167.00927363870727,18.019583190992993,54.39086755951109
2021-03-07 11:00:00+00:00,923.4103626605546,724.8432890363152,198.56707362423936,181.9374768689828,16.629596755256546,52.82683260623648
2021-03-07 12:00:00+00:00,790.3204868641003,601.7797790076213,188.54070785647897,174.47337525384503,14.067332602633936,48.73999969805699
2021-03-07 13:00:00+00:00,564.1120952763882,349.91843391562145,214.19366136076675,204.32978171439606,9.8638796463707,41.83916611912161
2021-03-07 14:00:00+00:00,381.60946052044255,266.0329406052329,115.57651991520967,109.16248612138968,6.414033793819997,36.12368531393092
2021-03-07 15:00:00+00:00,133.25687213999225,77.11576966248316,56.141102477509094,54.114736709748726,2.0263657677603644,28.114035296313382
2021-03-07 16:00:00+00:00,0.0,0.0,0.0,0.0,0.0,23.09
2021-03-07 17:00:00+00:00,0.0,0.0,0.0,0.0,0.0,22.01
2021-03-07 18:00:00+00:00,0.0,0.0,0.0,0.0,0.0,21.07
2021-03-07 19:00:00+00:00,0.0,0.0,0.0,0.0,0.0,20.49
2021-03-07 20:00:00+00:00,0.0,0.0,0.0,0.0,0.0,19.94
2021-03-07 21:00:00+00:00,0.0,0.0,0.0,0.0,0.0,19.41
2021-03-07 22:00:00+00:00,0.0,0.0,0.0,0.0,0.0,19.0
2021-03-07 23:00:00+00:00,0.0,0.0,0.0,0.0,0.0,18.53
2021-03-08 00:00:00+00:00,0.0,0.0,0.0,0.0,0.0,18.07
2021-03-08 01:00:00+00:00,0.0,0.0,0.0,0.0,0.0,17.73
2021-03-08 02:00:00+00:00,0.0,0.0,0.0,0.0,0.0,17.25
2021-03-08 03:00:00+00:00,0.0,0.0,0.0,0.0,0.0,16.75
2021-03-08 04:00:00+00:00,43.48906002681673,10.096755181403465,33.392304845413264,32.65544456622768,0.7368602791855872,17.737624922385173
2021-03-08 05:00:00+00:00,285.25243290233124,176.63048198515742,108.6219509171738,103.56440991003636,5.057541007137439,26.99167717633357
2021-03-08 06:00:00+00:00,525.4353880900861,380.63634998440943,144.7990381056767,135.28684177437182,9.512196331304851,36.17461462860373
2021-03-08 07:00:00+00:00,747.5739723058143,604.2197979288086,143.35417437700576,129.6887655630185,13.665408813987252,43.27596595995685
2021-03-08 08:00:00+00:00,889.498232980731,713.6751475169708,175.8230854637602,159.5451720235695,16.277913440190698,48.51955504299142
2021-03-08 09:00:00+00:00,983.4722500117674,809.6730392538277,173.79921075793973,155.81312121600064,17.986089541939105,51.68273466010301
2021-03-08 10:00:00+00:00,998.4234053561015,824.4232327038385,174.00017265226307,155.81312121600064,18.187051436262447,52.49292623323561
2021-03-08 11:00:00+00:00,918.927877609402,711.9971833171866,206.93069429221543,190.33459118601277,16.596103106202655,50.29035404775365
2021-03-08 12:00:00+00:00,747.6340310375851,492.65326892405193,254.9807621135332,241.65028979008483,13.33047232344835,46.06098794569199
2021-03-08 13:00:00+00:00,461.95852791445714,167.40141853797735,294.5571093764798,286.4348994809114,8.122209895568403,37.97793431273296
2021-03-08 14:00:00+00:00,310.07931168585776,134.94550974190528,175.13380194395248,169.80831174438393,5.325490199568561,33.04292308224995
2021-03-08 15:00:00+00:00,91.2171469134361,25.332056275447894,65.8850906379882,64.37787643056313,1.5072142074250645,26.121908608599583
2021-03-08 16:00:00+00:00,0.0,0.0,0.0,0.0,0.0,22.28
2021-03-08 17:00:00+00:00,0.0,0.0,0.0,0.0,0.0,21.11
2021-03-08 18:00:00+00:00,0.0,0.0,0.0,0.0,0.0,20.27
2021-03-08 19:00:00+00:00,0.0,0.0,0.0,0.0,0.0,19.65
2021-03-08 20:00:00+00:00,0.0,0.0,0.0,0.0,0.0,19.05
2021-03-08 21:00:00+00:00,0.0,0.0,0.0,0.0,0.0,18.5
2021-03-08 22:00:00+00:00,0.0,0.0,0.0,0.0,0.0,18.0
2021-03-08 23:00:00+00:00,0.0,0.0,0.0,0.0,0.0,17.49
2021-03-09 00:00:00+00:00,0.0,0.0,0.0,0.0,0.0,17.18
2021-03-09 01:00:00+00:00,0.0,0.0,0.0,0.0,0.0,16.88
2021-03-09 02:00:00+00:00,0.0,0.0,0.0,0.0,0.0,16.42
2021-03-09 03:00:00+00:00,0.0,0.0,0.0,0.0,0.0,16.04
2021-03-09 04:00:00+00:00,20.89470958122162,0.0,20.89470958122162,20.526279441628827,0.3684301395927936,16.259213573481286
2021-03-09 05:00:00+00:00,287.04510777077974,180.22219495928263,106.82291281149713,101.69838450625191,5.124528305245219,26.718876856521156
2021-03-09 06:00:00+00:00,392.63124001577734,121.5717259034892,271.0595141122881,264.0425946354981,7.016919476790022,31.70238178966608
2021-03-09 07:00:00+00:00,604.7129525062239,268.18933677879807,336.5236157274259,325.6214329603846,10.9021827670413,38.38820141363072
2021-03-09 08:00:00+00:00,810.1410509844166,496.8397807951946,313.30127018922195,298.5640646055102,14.737205583711741,46.05836872380577
2021-03-09 09:00:00+00:00,964.0911606472637,750.5073401984974,213.5838204487663,195.9326673973661,17.6511530514002,51.61446575617376
2021-03-09 10:00:00+00:00,978.7942689977249,764.0764739527431,214.71779504498184,196.8656800992583,17.852114945723542,52.592411662936144
2021-03-09 11:00:00+00:00,918.7850323430256,712.7371102791216,206.04792206390402,189.40157848412053,16.64634357978349,51.53813224036917
2021-03-09 12:00:00+00:00,790.4716211238492,601.8304323202086,188.64118880364063,174.47337525384503,14.167813549795607,47.62539877416564
2021-03-09 13:00:00+00:00,614.6428852146388,471.3366329015371,143.30625231310174,132.48780366869516,10.818448644406574,42.7093336307453
2021-03-09 14:00:00+00:00,385.9872640783607,280.5399092877499,105.44735479061082,98.89934640057525,6.548008390035558,36.073074639552246
2021-03-09 15:00:00+00:00,133.92543797901243,79.61686725623387,54.30857072277854,52.248711305964285,2.059859416814255,28.089970777886926
2021-03-09 16:00:00+00:00,0.0,0.0,0.0,0.0,0.0,22.97
2021-03-09 17:00:00+00:00,0.0,0.0,0.0,0.0,0.0,21.58
2021-03-09 18:00:00+00:00,0.0,0.0,0.0,0.0,0.0,20.45
2021-03-09 19:00:00+00:00,0.0,0.0,0.0,0.0,0.0,19.73
2021-03-09 20:00:00+00:00,0.0,0.0,0.0,0.0,0.0,19.0
2021-03-09 21:00:00+00:00,0.0,0.0,0.0,0.0,0.0,18.24
2021-03-09 22:00:00+00:00,0.0,0.0,0.0,0.0,0.0,17.54
2021-03-09 23:00:00+00:00,0.0,0.0,0.0,0.0,0.0,17.0
2021-03-10 00:00:00+00:00,0.0,0.0,0.0,0.0,0.0,16.51
2021-03-10 01:00:00+00:00,0.0,0.0,0.0,0.0,0.0,16.13
2021-03-10 02:00:00+00:00,0.0,0.0,0.0,0.0,0.0,15.71
2021-03-10 03:00:00+00:00,0.0,0.0,0.0,0.0,0.0,15.36
2021-03-10 04:00:00+00:00,18.045431001964126,0.0,18.045431001964126,17.72724133595217,0.3181896660119581,15.471120473859946
2021-03-10 05:00:00+00:00,307.4874472671384,221.70515598598868,85.78229128114972,80.23909236273087,5.543198918418849,25.45437171027501
2021-03-10 06:00:00+00:00,464.97824887593623,232.6482945092771,232.32995436665914,223.92304845413267,8.40690591252647,32.11361149556702
2021-03-10 07:00:00+00:00,736.0164621176568,561.0738304725312,174.94263164512566,161.41119742735395,13.531434217771691,41.470070939037
2021-03-10 08:00:00+00:00,907.7240050017405,749.1592497871779,158.56475521456252,141.81793068761735,16.74682452694516,47.80953068420222
2021-03-10 09:00:00+00:00,1002.4887643591969,844.9981243240358,157.4906400351612,139.0188925819407,18.471747453220512,51.621579088858745
2021-03-10 10:00:00+00:00,1006.57846429976,833.2433551569579,173.335109142802,154.88010851410843,18.45500062869357,52.754671728034104
2021-03-10 11:00:00+00:00,936.2581404444417,747.55228275237,188.70585769207162,171.67433714816838,17.03152054390323,51.6960057417233
2021-03-10 12:00:00+00:00,796.0592198507302,607.267309626347,188.79191022438314,174.47337525384503,14.318534970538114,48.21839464954336
2021-03-10 13:00:00+00:00,618.6094259673074,475.18594588251705,143.42348008479036,132.48780366869516,10.935676416095191,42.89406090761168
2021-03-10 14:00:00+00:00,381.3513380431053,267.5403625845184,113.8109754585869,107.29646071760523,6.514514740981668,35.960890241337175
2021-03-10 15:00:00+00:00,129.8601531688435,73.7190506913344,56.141102477509094,54.114736709748726,2.0263657677603644,28.11791997465288
2021-03-10 16:00:00+00:00,0.0,0.0,0.0,0.0,0.0,23.08
2021-03-10 17:00:00+00:00,0.0,0.0,0.0,0.0,0.0,21.83
2021-03-10 18:00:00+00:00,0.0,0.0,0.0,0.0,0.0,20.85
2021-03-10 19:00:00+00:00,0.0,0.0,0.0,0.0,0.0,20.05
2021-03-10 20:00:00+00:00,0.0,0.0,0.0,0.0,0.0,19.36
2021-03-10 21:00:00+00:00,0.0,0.0,0.0,0.0,0.0,18.67
2021-03-10 22:00:00+00:00,0.0,0.0,0.0,0.0,0.0,18.11
2021-03-10 23:00:00+00:00,0.0,0.0,0.0,0.0,0.0,17.55
2021-03-11 00:00:00+00:00,0.0,0.0,0.0,0.0,0.0,16.99
2021-03-11 01:00:00+00:00,0.0,0.0,0.0,0.0,0.0,16.34
2021-03-11 02:00:00+00:00,0.0,0.0,0.0,0.0,0.0,15.72
2021-03-11 03:00:00+00:00,0.0,0.0,0.0,0.0,0.0,15.11
2021-03-11 04:00:00+00:00,63.276201165238795,33.281010636855505,29.99519052838329,28.9233937586588,1.0717967697244903,16.65630695795624
2021-03-11 05:00:00+00:00,306.0537371375331,218.388673628072,87.6650635094611,82.1051177665153,5.559945742945794,26.277403470268027
2021-03-11 06:00:00+00:00,547.0813525849426,426.90426539643965,120.17708718850287,110.09549882328189,10.081588365220988,35.755671252130064
2021-03-11 07:00:00+00:00,757.8475333617739,620.656017758421,137.19151560335303,123.15767664977297,14.033838953580045,44.05808340758928
2021-03-11 08:00:00+00:00,902.2561670045635,736.277550648444,165.97861635611943,149.2820323027551,16.696584053364326,49.92271221550209
2021-03-11 09:00:00+00:00,995.8842820447978,832.862553096391,163.02172894840675,144.616968793294,18.404760155112733,53.43446158455936
2021-03-11 10:00:00+00:00,1000.2548369223646,816.7235753568559,183.5312615655086,165.14324823492282,18.38801333058579,54.53286644499101
2021-03-11 11:00:00+00:00,934.0892877798566,746.2996959651502,187.7895918147063,170.74132444627614,17.048267368430174,53.184731065421396
2021-03-11 12:00:00+00:00,789.7815862805994,594.5255744410786,195.25601183952088,181.00446416709056,14.251547672430332,49.37700993040112
2021-03-11 13:00:00+00:00,605.6897988871569,446.5893179399953,159.10048094716166,148.34901960086287,10.751461346298793,44.1316840660216
2021-03-11 14:00:00+00:00,381.2842825657227,271.1718642656508,110.11241830007192,103.56440991003636,6.548008390035558,37.35622812941299
2021-03-11 15:00:00+00:00,127.31754379127628,70.26017543640192,57.05736835487436,55.04774941164094,2.0096189432334195,29.182904639761027
2021-03-11 16:00:00+00:00,0.0,0.0,0.0,0.0,0.0,24.04
2021-03-11 17:00:00+00:00,0.0,0.0,0.0,0.0,0.0,22.59
2021-03-11 18:00:00+00:00,0.0,0.0,0.0,0.0,0.0,21.53
2021-03-11 19:00:00+00:00,0.0,0.0,0.0,0.0,0.0,20.72
2021-03-11 20:00:00+00:00,0.0,0.0,0.0,0.0,0.0,19.89
2021-03-11 21:00:00+00:00,0.0,0.0,0.0,0.0,0.0,19.09
2021-03-11 22:00:00+00:00,0.0,0.0,0.0,0.0,0.0,18.4
2021-03-11 23:00:00+00:00,0.0,0.0,0.0,0.0,0.0,17.74
2021-03-12 00:00:00+00:00,0.0,0.0,0.0,0.0,0.0,17.16
2021-03-12 01:00:00+00:00,0.0,0.0,0.0,0.0,0.0,16.55
2021-03-12 02:00:00+00:00,0.0,0.0,0.0,0.0,0.0,15.99
2021-03-12 03:00:00+00:00,0.0,0.0,0.0,0.0,0.0,15.47
2021-03-12 04:00:00+00:00,59.974406268053734,27.213671283047674,32.76073498500606,31.72243186433546,1.0383031206706,16.970912800759457
2021-03-12 05:00:00+00:00,308.7703101824591,226.60284193718968,82.16746824526946,76.50704155516199,5.660426690107465,26.035179898380175
2021-03-12 06:00:00+00:00,521.3137815645621,367.0841354928015,154.22964607176053,144.616968793294,9.612677278466522,34.39561038334435
2021-03-12 07:00:00+00:00,749.7030293970718,607.0139185295271,142.68911086754463,128.75575286112627,13.933358006418374,42.55935904459334
2021-03-12 08:00:00+00:00,887.7394111467638,703.3349962961772,184.40441485058656,167.94228634059948,16.462128509987092,48.064713141771904
2021-03-12 09:00:00+00:00,965.0696673511554,752.2346445344849,212.83502281667046,194.99965469547385,17.8353681211966,51.22887683137816
2021-03-12 10:00:00+00:00,944.5903017461683,666.0305286554856,278.5597730906827,261.24355652982143,17.316216560861296,51.57253099637195
2021-03-12 11:00:00+00:00,894.8764409165187,646.2281242315845,248.64831668493417,232.32016277116264,16.328153913771533,50.88769873801583
2021-03-12 12:00:00+00:00,784.3139424567545,588.1751583889222,196.1387840678323,181.9374768689828,14.201307198849497,48.22130185635206
2021-03-12 13:00:00+00:00,614.0435531993245,476.2014025013605,137.84215069796397,126.88972745734183,10.952423240622135,43.423740287676594
2021-03-12 14:00:00+00:00,383.177388532908,280.46208454986606,102.71530398304193,96.1003082948986,6.614995688143339,36.441352659584524
2021-03-12 15:00:00+00:00,127.93552535990855,73.6604482861839,54.27507707372465,52.248711305964285,2.0263657677603644,28.524638846338785
2021-03-12 16:00:00+00:00,0.0,0.0,0.0,0.0,0.0,23.49
2021-03-12 17:00:00+00:00,0.0,0.0,0.0,0.0,0.0,22.11
2021-03-12 18:00:00+00:00,0.0,0.0,0.0,0.0,0.0,21.04
2021-03-12 19:00:00+00:00,0.0,0.0,0.0,0.0,0.0,20.03
2021-03-12 20:00:00+00:00,0.0,0.0,0.0,0.0,0.0,19.26
2021-03-12 21:00:00+00:00,0.0,0.0,0.0,0.0,0.0,18.48
2021-03-12 22:00:00+00:00,0.0,0.0,0.0,0.0,0.0,17.76
2021-03-12 23:00:00+00:00,0.0,0.0,0.0,0.0,0.0,17.08
2021-03-13 00:00:00+00:00,0.0,0.0,0.0,0.0,0.0,16.51
2021-03-13 01:00:00+00:00,0.0,0.0,0.0,0.0,0.0,15.93
2021-03-13 02:00:00+00:00,0.0,0.0,0.0,0.0,0.0,15.39
2021-03-13 03:00:00+00:00,0.0,0.0,0.0,0.0,0.0,14.86
2021-03-13 04:00:00+00:00,58.96551143321693,26.204776448210875,32.76073498500606,31.72243186433546,1.0383031206706,16.4103085928971
2021-03-13 05:00:00+00:00,304.6371077842556,219.70409508236335,84.93301270189222,79.30607966083865,5.626933041053574,26.01493789818721
2021-03-13 06:00:00+00:00,535.5029601711806,409.845024543013,125.65793562816758,115.6935750346352,9.964360593532371,35.35184486513733
2021-03-13 07:00:00+00:00,746.5344675458305,604.7783693801781,141.75609816565242,127.82274015923406,13.933358006418374,43.792713387118944
2021-03-13 08:00:00+00:00,893.2600623663247,727.3316864837861,165.9283758825386,149.2820323027551,16.64634357978349,49.22560390037148
2021-03-13 09:00:00+00:00,977.1913421673286,793.8945361451972,183.29680602213136,165.14324823492282,18.153557787208555,52.56761147131676
2021-03-13 10:00:00+00:00,980.7724083779794,776.049803861381,204.72260451659855,186.60254037844388,18.120064138154664,53.653396721582546
2021-03-13 11:00:00+00:00,896.3201174722319,655.985180981693,240.33493649053892,223.92304845413267,16.411888036406257,52.201671654817396
2021-03-13 12:00:00+00:00,709.8582917729798,410.61207152895537,299.2462202440244,286.4348994809114,12.811320763113049,47.358667189508054
2021-03-13 13:00:00+00:00,416.54052589871173,110.5911116768187,305.94941422189305,298.5640646055102,7.3853496163828165,39.18566107680201
2021-03-13 14:00:00+00:00,351.05796464169237,215.25660812633888,135.8013565153535,129.6887655630185,6.112590952334984,36.58960777810496
2021-03-13 15:00:00+00:00,98.88312279523333,35.66309566670622,63.22002712852711,61.57883832488648,1.641188803640626,28.43467948675206
2021-03-13 16:00:00+00:00,0.0,0.0,0.0,0.0,0.0,23.99
2021-03-13 17:00:00+00:00,0.0,0.0,0.0,0.0,0.0,22.46
2021-03-13 18:00:00+00:00,0.0,0.0,0.0,0.0,0.0,21.22
2021-03-13 19:00:00+00:00,0.0,0.0,0.0,0.0,0.0,20.35
2021-03-13 20:00:00+00:00,0.0,0.0,0.0,0.0,0.0,19.49
2021-03-13 21:00:00+00:00,0.0,0.0,0.0,0.0,0.0,18.67
2021-03-13 22:00:00+00:00,0.0,0.0,0.0,0.0,0.0,17.99
2021-03-13 23:00:00+00:00,0.0,0.0,0.0,0.0,0.0,17.4
2021-03-14 00:00:00+00:00,0.0,0.0,0.0,0.0,0.0,16.77
2021-03-14 01:00:00+00:00,0.0,0.0,0.0,0.0,0.0,16.16
2021-03-14 02:00:00+00:00,0.0,0.0,0.0,0.0,0.0,15.53
2021-03-14 03:00:00+00:00,0.0,0.0,0.0,0.0,0.0,15.02
2021-03-14 04:00:00+00:00,56.17323443202983,22.512980394185437,33.66025403784439,32.65544456622768,1.0048094716167097,16.365904589895067
2021-03-14 05:00:00+00:00,276.1732645418308,160.98673106235762,115.18653347947321,110.09549882328189,5.091034656191329,25.515248436959883
2021-03-14 06:00:00+00:00,500.3724082979678,324.0853938713329,176.2870144266349,167.00927363870727,9.27774078792762,34.80068754579272
2021-03-14 07:00:00+00:00,670.0433209311061,409.48603890236325,260.5572820287428,248.18137870333035,12.375903325412475,41.89896021746357
2021-03-14 08:00:00+00:00,877.5335650422936,701.5932518068448,175.94031323544883,159.5451720235695,16.395141211879313,49.791099141098485
2021-03-14 09:00:00+00:00,963.3624057368739,780.2665616090659,183.09584412780805,165.14324823492282,17.952595892885213,53.46112360814031
2021-03-14 10:00:00+00:00,967.016337942518,762.4946953202428,204.5216426222752,186.60254037844388,17.919102243831322,54.305915337850735
2021-03-14 11:00:00+00:00,901.6466168317713,695.6489352414482,205.9976815903232,189.40157848412053,16.596103106202655,52.85022708256286
2021-03-14 12:00:00+00:00,767.8898226538589,572.8850131822422,195.0048094716167,181.00446416709056,14.000345304526155,49.148841367626694
2021-03-14 13:00:00+00:00,582.3709082945112,418.89005985484647,163.4808484396647,153.01408311032398,10.466765329340726,43.41066991066246
2021-03-14 14:00:00+00:00,365.92763743582026,258.7649786621675,107.16265877365275,100.7653718043597,6.397286969293051,36.728211948712236
2021-03-14 15:00:00+00:00,109.09371123813116,50.388026198322656,58.705685039808515,56.913774815425384,1.7919102243831322,28.450858992026564
2021-03-14 16:00:00+00:00,0.0,0.0,0.0,0.0,0.0,23.96
2021-03-14 17:00:00+00:00,0.0,0.0,0.0,0.0,0.0,22.52
2021-03-14 18:00:00+00:00,0.0,0.0,0.0,0.0,0.0,21.37
2021-03-14 19:00:00+00:00,0.0,0.0,0.0,0.0,0.0,20.67
2021-03-14 20:00:00+00:00,0.0,0.0,0.0,0.0,0.0,19.81
2021-03-14 21:00:00+00:00,0.0,0.0,0.0,0.0,0.0,19.07
2021-03-14 22:00:00+00:00,0.0,0.0,0.0,0.0,0.0,18.45
2021-03-14 23:00:00+00:00,0.0,0.0,0.0,0.0,0.0,18.0
2021-03-15 00:00:00+00:00,0.0,0.0,0.0,0.0,0.0,17.39
2021-03-15 01:00:00+00:00,0.0,0.0,0.0,0.0,0.0,16.93
2021-03-15 02:00:00+00:00,0.0,0.0,0.0,0.0,0.0,16.59
2021-03-15 03:00:00+00:00,0.0,0.0,0.0,0.0,0.0,16.41
2021-03-15 04:00:00+00:00,52.792418979909556,17.316380011861565,35.476038968047995,34.52146997001212,0.9545689980358742,17.698139039350288
2021-03-15 05:00:00+00:00,291.46162376919744,201.09800310122137,90.3636206679761,84.90415587219196,5.459464795784123,26.201453709216786
2021-03-15 06:00:00+00:00,520.8178989941822,388.81308952256546,132.0048094716167,122.22466394788074,9.780145523735975,35.245019067463076
2021-03-15 07:00:00+00:00,719.8863219189493,558.9556276267339,160.9306942922154,147.41600689897066,13.514687393244746,42.94238283695469
2021-03-15 08:00:00+00:00,871.0246292695037,694.2182906302704,176.80633863923327,160.47818472546174,16.328153913771533,48.64897151229516
2021-03-15 09:00:00+00:00,961.3569574314101,787.5577466734704,173.79921075793973,155.81312121600064,17.986089541939105,52.037851236919344
2021-03-15 10:00:00+00:00,968.9161773794478,784.8035864271128,184.112590952335,166.07626093681506,18.03633001551994,52.7688150809338
2021-03-15 11:00:00+00:00,898.22528384261,701.557729271209,196.667554571401,180.07145146519835,16.596103106202655,51.08047500244067
2021-03-15 12:00:00+00:00,753.1521790268577,545.3196472721271,207.83253175473055,194.06664199358164,13.765889761148923,47.35101260165103
2021-03-15 13:00:00+00:00,551.6576110112212,351.39215288073,200.26545813049125,190.33459118601277,9.930866944478481,41.54053275084592
2021-03-15 14:00:00+00:00,366.5890320143663,265.90722168037826,100.68181033398805,94.23428289111416,6.447527442873887,35.364520181535156
2021-03-15 15:00:00+00:00,99.3199834828418,39.815260337356634,59.50472314548517,57.8467875173176,1.657935628167571,26.784727186710416
2021-03-15 16:00:00+00:00,0.0,0.0,0.0,0.0,0.0,22.8
2021-03-15 17:00:00+00:00,0.0,0.0,0.0,0.0,0.0,21.75
2021-03-15 18:00:00+00:00,0.0,0.0,0.0,0.0,0.0,21.0
2021-03-15 19:00:00+00:00,0.0,0.0,0.0,0.0,0.0,21.04
2021-03-15 20:00:00+00:00,0.0,0.0,0.0,0.0,0.0,20.41
2021-03-15 21:00:00+00:00,0.0,0.0,0.0,0.0,0.0,19.64
2021-03-15 22:00:00+00:00,0.0,0.0,0.0,0.0,0.0,18.91
2021-03-15 23:00:00+00:00,0.0,0.0,0.0,0.0,0.0,18.28
2021-03-16 00:00:00+00:00,0.0,0.0,0.0,0.0,0.0,17.64
2021-03-16 01:00:00+00:00,0.0,0.0,0.0,0.0,0.0,17.21
2021-03-16 02:00:00+00:00,0.0,0.0,0.0,0.0,0.0,16.75
2021-03-16 03:00:00+00:00,0.0,0.0,0.0,0.0,0.0,16.4
2021-03-16 04:00:00+00:00,7.598076211353317,0.0,7.598076211353317,7.464101615137755,0.1339745962155613,16.635375499024665
2021-03-16 05:00:00+00:00,141.68047868060393,7.613664034759227,134.0668146458447,131.55479096680293,2.512023679041774,21.575307956792933
2021-03-16 06:00:00+00:00,412.01164259900077,152.57888887550317,259.4327537234976,251.91342951089925,7.519324212598377,31.082855064835414
2021-03-16 07:00:00+00:00,616.0041745200763,303.30347160414755,312.70070291592873,301.36310271118685,11.337600204741875,37.72871647649025
2021-03-16 08:00:00+00:00,790.2762433837597,485.45582163420244,304.8204217495572,290.1669502884802,14.653471461077016,44.49323886735403
2021-03-16 09:00:00+00:00,769.1755551753745,326.90563287779264,442.2699222975818,428.2528301685287,14.0170921290531,45.20891579195383
2021-03-16 10:00:00+00:00,901.4529141686053,609.5343298815632,291.9185842870421,275.23874705820475,16.679837228837382,49.44954027998418
2021-03-16 11:00:00+00:00,744.0150267735991,341.4340426912988,402.58098408230023,389.0662966890555,13.514687393244746,45.366337743157366
2021-03-16 12:00:00+00:00,684.9796316558185,389.8171455344288,295.1624861213897,282.7028486733425,12.4596374480472,43.98580456150763
2021-03-16 13:00:00+00:00,303.8235402804553,26.941113356670037,276.88242692378526,271.50669625063585,5.375730673149397,33.73682899771776
2021-03-16 14:00:00+00:00,237.15826792423013,53.833123029187746,183.3251448950424,179.1384387633061,4.18670613173629,31.250066847322767
2021-03-16 15:00:00+00:00,122.73882393261748,75.0115825966653,47.72724133595217,45.71762239271875,2.0096189432334195,26.840103915838895
2021-03-16 16:00:00+00:00,0.0,0.0,0.0,0.0,0.0,21.93
2021-03-16 17:00:00+00:00,0.0,0.0,0.0,0.0,0.0,20.84
2021-03-16 18:00:00+00:00,0.0,0.0,0.0,0.0,0.0,20.02
2021-03-16 19:00:00+00:00,0.0,0.0,0.0,0.0,0.0,19.96
2021-03-16 20:00:00+00:00,0.0,0.0,0.0,0.0,0.0,19.39
2021-03-16 21:00:00+00:00,0.0,0.0,0.0,0.0,0.0,18.92
2021-03-16 22:00:00+00:00,0.0,0.0,0.0,0.0,0.0,18.35
2021-03-16 23:00:00+00:00,0.0,0.0,0.0,0.0,0.0,17.81
2021-03-17 00:00:00+00:00,0.0,0.0,0.0,0.0,0.0,17.36
2021-03-17 01:00:00+00:00,0.0,0.0,0.0,0.0,0.0,16.94
2021-03-17 02:00:00+00:00,0.0,0.0,0.0,0.0,0.0,16.51
2021-03-17 03:00:00+00:00,0.0,0.0,0.0,0.0,0.0,15.99
2021-03-17 04:00:00+00:00,20.89470958122162,0.0,20.89470958122162,20.526279441628827,0.3684301395927936,16.444190589135125
2021-03-17 05:00:00+00:00,218.88949597442286,61.88966862668593,156.99982734773693,153.01408311032398,3.9857442374129484,24.130824897393452
2021-03-17 06:00:00+00:00,377.1210064781289,101.5806439261761,275.5403625519528,268.70765814495917,6.832704406993626,30.483309067187776
2021-03-17 07:00:00+00:00,601.267905304815,270.191644368,331.07626093681506,320.0233567490313,11.052904187783806,38.204139719784024
2021-03-17 08:00:00+00:00,799.1222384313162,498.74917147236977,300.3730669589464,285.5018867790191,14.871180179927304,44.7349015624732
2021-03-17 09:00:00+00:00,885.4372476873655,578.8081688888981,306.62907879846733,290.1669502884802,16.462128509987092,47.832381724968116
2021-03-17 10:00:00+00:00,905.2729426384582,612.3041178778352,292.96882476062297,276.17175976009696,16.797065000525997,49.53152727060794
2021-03-17 11:00:00+00:00,828.5695235199346,522.2132033855152,306.3563201344195,291.09996299037243,15.256357144047042,48.03740823248173
2021-03-17 12:00:00+00:00,714.1616773193773,455.7000667661794,258.4616105531979,245.3823405976537,13.079269955544172,44.60268966722106
2021-03-17 13:00:00+00:00,531.7636968433626,316.8714783240809,214.89221851928176,205.26279441628827,9.629424102993468,39.07868687501266
2021-03-17 14:00:00+00:00,354.5168302789454,250.23694373360405,104.27988654534137,97.96633369868304,6.313552846658326,33.85600246982448
2021-03-17 15:00:00+00:00,79.84919278235026,19.69615295193092,60.15303983041933,58.779800219209825,1.3732396112095033,25.3306250419862
2021-03-17 16:00:00+00:00,0.0,0.0,0.0,0.0,0.0,21.94
2021-03-17 17:00:00+00:00,0.0,0.0,0.0,0.0,0.0,20.99
2021-03-17 18:00:00+00:00,0.0,0.0,0.0,0.0,0.0,20.19
2021-03-17 19:00:00+00:00,0.0,0.0,0.0,0.0,0.0,20.0
2021-03-17 20:00:00+00:00,0.0,0.0,0.0,0.0,0.0,19.34
2021-03-17 21:00:00+00:00,0.0,0.0,0.0,0.0,0.0,18.68
2021-03-17 22:00:00+00:00,0.0,0.0,0.0,0.0,0.0,18.14
2021-03-17 23:00:00+00:00,0.0,0.0,0.0,0.0,0.0,17.7
2021-03-18 00:00:00+00:00,0.0,0.0,0.0,0.0,0.0,17.18
2021-03-18 01:00:00+00:00,0.0,0.0,0.0,0.0,0.0,16.76
2021-03-18 02:00:00+00:00,0.0,0.0,0.0,0.0,0.0,16.47
2021-03-18 03:00:00+00:00,0.0,0.0,0.0,0.0,0.0,16.25
2021-03-18 04:00:00+00:00,31.007510361554328,1.5314713935063362,29.47603896804799,28.9233937586588,0.5526452093891904,17.075651247967723
2021-03-18 05:00:00+00:00,101.62426932685061,0.0,101.62426932685061,99.83235910246748,1.7919102243831322,20.678147299454913
2021-03-18 06:00:00+00:00,411.9877717934213,148.7894736133009,263.1982981801204,255.64548031846812,7.552817861652268,31.647192253345676
2021-03-18 07:00:00+00:00,655.9837834854006,390.8786657188854,265.1051177665153,252.84644221279146,12.258675553723858,41.325861076931744
2021-03-18 08:00:00+00:00,793.1310813976731,486.3106596481158,306.8204217495573,292.0329756922647,14.787446057292577,46.823415020623976
2021-03-18 09:00:00+00:00,805.2349194782955,392.0343028884983,413.2006165897972,398.3964237079777,14.804192881819523,48.25030413005618
2021-03-18 10:00:00+00:00,898.1153083620065,597.7828629334075,300.33244542859904,283.6358613752347,16.696584053364326,51.17262675076731
2021-03-18 11:00:00+00:00,642.7270950469232,181.44291698675434,461.28417806016887,449.71212231204976,11.572055748119107,44.134060621627896
2021-03-18 12:00:00+00:00,676.4843742447763,372.09224205162604,304.39213219315025,292.0329756922647,12.359156500885529,44.84790365217325
2021-03-18 13:00:00+00:00,544.2108661055497,349.56023101093876,194.650635094611,184.73651497465946,9.914120119951535,40.995575375037156
2021-03-18 14:00:00+00:00,307.9331883102574,154.0912102645565,153.8419780457009,148.34901960086287,5.492958444838013,32.934191182537496
2021-03-18 15:00:00+00:00,106.99435071323376,53.86999506025161,53.124355652982146,51.31569860407207,1.8086570489100775,26.49216121917646
2021-03-18 16:00:00+00:00,0.0,0.0,0.0,0.0,0.0,22.38
2021-03-18 17:00:00+00:00,0.0,0.0,0.0,0.0,0.0,21.36
2021-03-18 18:00:00+00:00,0.0,0.0,0.0,0.0,0.0,20.67
2021-03-18 19:00:00+00:00,0.0,0.0,0.0,0.0,0.0,20.32
2021-03-18 20:00:00+00:00,0.0,0.0,0.0,0.0,0.0,19.65
2021-03-18 21:00:00+00:00,0.0,0.0,0.0,0.0,0.0,19.15
2021-03-18 22:00:00+00:00,0.0,0.0,0.0,0.0,0.0,18.57
2021-03-18 23:00:00+00:00,0.0,0.0,0.0,0.0,0.0,17.94
2021-03-19 00:00:00+00:00,0.0,0.0,0.0,0.0,0.0,17.52
2021-03-19 01:00:00+00:00,0.0,0.0,0.0,0.0,0.0,17.08
2021-03-19 02:00:00+00:00,0.0,0.0,0.0,0.0,0.0,16.68
2021-03-19 03:00:00+00:00,0.0,0.0,0.0,0.0,0.0,16.5
2021-03-19 04:00:00+00:00,5.698557158514987,0.0,5.698557158514987,5.598076211353316,0.10048094716167097,16.55046219575962
2021-03-19 05:00:00+00:00,233.33079087289477,82.52711594786447,150.8036749250303,146.48299419707845,4.320680727951852,24.570512621416235
2021-03-19 06:00:00+00:00,319.41128626333824,45.90922683205605,273.5020594312822,267.77464544306696,5.727413988215245,28.910243168270977
2021-03-19 07:00:00+00:00,584.129451241637,241.22546802170805,342.90398321992893,332.1525218736301,10.751461346298793,38.3791116388524
2021-03-19 08:00:00+00:00,813.193321019412,547.8560661191963,265.3372549002157,250.0474041071148,15.289850793100932,46.510887586953544
2021-03-19 09:00:00+00:00,874.4068934446527,560.4476876272631,313.95920581738955,297.631051903618,16.328153913771533,49.516888821601256
2021-03-19 10:00:00+00:00,856.5730329769183,498.29812855545674,358.2749044214616,342.41566159444454,15.859242827017068,49.41445748267819
2021-03-19 11:00:00+00:00,758.6191174211481,374.3132104125724,384.3059070085756,370.4060426512111,13.899864357364484,47.205443867419035
2021-03-19 12:00:00+00:00,679.3370990807678,385.1076256612702,294.2294734194975,281.7698359714503,12.4596374480472,45.01319789864286
2021-03-19 13:00:00+00:00,518.4110422094453,297.1719498467145,221.23909236273087,211.7938833295338,9.445209033197072,40.30533471938394
2021-03-19 14:00:00+00:00,348.1383569311268,245.75798943862378,102.38036749250303,96.1003082948986,6.2800591976044355,34.91567144891563
2021-03-19 15:00:00+00:00,94.51556575334847,37.84337436259384,56.67219139075463,55.04774941164094,1.6244419791136806,26.794361019099775
2021-03-19 16:00:00+00:00,0.0,0.0,0.0,0.0,0.0,22.67
2021-03-19 17:00:00+00:00,0.0,0.0,0.0,0.0,0.0,21.47
2021-03-19 18:00:00+00:00,0.0,0.0,0.0,0.0,0.0,20.51
2021-03-19 19:00:00+00:00,0.0,0.0,0.0,0.0,0.0,20.45
2021-03-19 20:00:00+00:00,0.0,0.0,0.0,0.0,0.0,19.77
2021-03-19 21:00:00+00:00,0.0,0.0,0.0,0.0,0.0,19.07
2021-03-19 22:00:00+00:00,0.0,0.0,0.0,0.0,0.0,18.48
2021-03-19 23:00:00+00:00,0.0,0.0,0.0,0.0,0.0,17.84
2021-03-20 00:00:00+00:00,0.0,0.0,0.0,0.0,0.0,17.48
2021-03-20 01:00:00+00:00,0.0,0.0,0.0,0.0,0.0,17.14
2021-03-20 02:00:00+00:00,0.0,0.0,0.0,0.0,0.0,16.82
2021-03-20 03:00:00+00:00,0.0,0.0,0.0,0.0,0.0,16.54
2021-03-20 04:00:00+00:00,5.698557158514987,0.0,5.698557158514987,5.598076211353316,0.10048094716167097,16.73076672344672
2021-03-20 05:00:00+00:00,68.38268590217984,0.0,68.38268590217984,67.17691453623979,1.2057713659400515,19.438869112480173
2021-03-20 06:00:00+00:00,318.1429253985208,45.59062549365771,272.55229990486305,266.84163274117475,5.7106671636883,28.209745704944996
2021-03-20 07:00:00+00:00,479.7439055089744,100.67975457733264,379.0641509316418,370.4060426512111,8.658108280430648,34.36053841846992
2021-03-20 08:00:00+00:00,555.3914089448524,103.16228082988106,452.22912811497133,442.248020696912,9.981107418059317,38.004497826827475
2021-03-20 09:00:00+00:00,653.1050387938367,160.81373285237427,492.29130594146244,480.501541474493,11.789764466969395,42.422875676147804
2021-03-20 10:00:00+00:00,718.2105620696375,239.59144751892973,478.61911455070776,465.5733382442175,13.04577630649028,45.460316039293545
2021-03-20 11:00:00+00:00,713.263525520783,294.39071754023115,418.87280798055184,405.86052532311544,13.01228265743639,45.443716861667625
2021-03-20 12:00:00+00:00,527.3412500851455,134.39432692519233,392.94692315995314,383.4682204777022,9.478702682250962,40.50762578315078
2021-03-20 13:00:00+00:00,498.8496215202027,261.1679838384777,237.68163768172496,228.58811196359375,9.093525718131223,38.722001706623004
2021-03-20 14:00:00+00:00,308.36961651828074,164.7237908952865,143.64582562299427,138.08587988004848,5.559945742945794,33.12752892572841
2021-03-20 15:00:00+00:00,111.08854136637072,65.32780638136467,45.76073498500606,43.85159698893431,1.9091379960717485,26.850415479300743
2021-03-20 16:00:00+00:00,0.0,0.0,0.0,0.0,0.0,22.55
2021-03-20 17:00:00+00:00,0.0,0.0,0.0,0.0,0.0,21.49
2021-03-20 18:00:00+00:00,0.0,0.0,0.0,0.0,0.0,20.52
2021-03-20 19:00:00+00:00,0.0,0.0,0.0,0.0,0.0,20.2
2021-03-20 20:00:00+00:00,0.0,0.0,0.0,0.0,0.0,19.29
2021-03-20 21:00:00+00:00,0.0,0.0,0.0,0.0,0.0,18.57
2021-03-20 22:00:00+00:00,0.0,0.0,0.0,0.0,0.0,17.94
2021-03-20 23:00:00+00:00,0.0,0.0,0.0,0.0,0.0,17.38
2021-03-21 00:00:00+00:00,0.0,0.0,0.0,0.0,0.0,17.18
2021-03-21 01:00:00+00:00,0.0,0.0,0.0,0.0,0.0,17.14
2021-03-21 02:00:00+00:00,0.0,0.0,0.0,0.0,0.0,16.79
2021-03-21 03:00:00+00:00,0.0,0.0,0.0,0.0,0.0,16.72
2021-03-21 04:00:00+00:00,45.565118183833,7.3905220572700205,38.17459612656298,37.32050807568878,0.8540880508742033,17.985258569050615
2021-03-21 05:00:00+00:00,165.4101094562559,15.962927317908132,149.44718213834776,146.48299419707845,2.9641879412692935,22.116883124775033
2021-03-21 06:00:00+00:00,153.86104327990464,0.0,153.86104327990464,151.14805770653953,2.712985573365116,23.36595728693034
2021-03-21 07:00:00+00:00,459.53511397671446,81.78915271108465,377.74596126562983,369.4730299493189,8.27293131631091,31.95539819420372
2021-03-21 08:00:00+00:00,723.5579085623963,343.4697102726709,380.0881982897253,366.6739918436422,13.414206446083075,41.177608495298195
2021-03-21 09:00:00+00:00,732.4047707502915,271.16121422047,461.2435565298215,447.84609690826534,13.397459621556129,42.55497459378881
2021-03-21 10:00:00+00:00,595.3049116239223,102.26961752198073,493.03529410194153,482.36756687827744,10.667727223664068,39.33144729264053
2021-03-21 11:00:00+00:00,744.3009327503801,357.4136963549781,386.88723639540194,373.20508075688775,13.682155638514198,44.69954596211108
2021-03-21 12:00:00+00:00,718.6825549750359,505.62037714854483,213.06217782649108,199.66471820493496,13.397459621556129,44.233852145246146
2021-03-21 13:00:00+00:00,527.0413881250863,334.4577403285831,192.58364779650321,182.870489570875,9.713158225628193,38.919490040478586
2021-03-21 14:00:00+00:00,261.3654490530936,87.80103914305721,173.56440991003637,168.87529904249172,4.689110867544645,30.63678382046844
2021-03-21 15:00:00+00:00,78.33752684729441,20.983525122551733,57.35400172474267,55.98076211353317,1.3732396112095033,24.713099292232563
2021-03-21 16:00:00+00:00,0.0,0.0,0.0,0.0,0.0,21.33
2021-03-21 17:00:00+00:00,0.0,0.0,0.0,0.0,0.0,20.33
2021-03-21 18:00:00+00:00,0.0,0.0,0.0,0.0,0.0,19.7
2021-03-21 19:00:00+00:00,0.0,0.0,0.0,0.0,0.0,19.97
2021-03-21 20:00:00+00:00,0.0,0.0,0.0,0.0,0.0,19.38
2021-03-21 21:00:00+00:00,0.0,0.0,0.0,0.0,0.0,18.86
2021-03-21 22:00:00+00:00,0.0,0.0,0.0,0.0,0.0,18.36
2021-03-21 23:00:00+00:00,0.0,0.0,0.0,0.0,0.0,17.84
2021-03-22 00:00:00+00:00,0.0,0.0,0.0,0.0,0.0,17.49
2021-03-22 01:00:00+00:00,0.0,0.0,0.0,0.0,0.0,16.99
2021-03-22 02:00:00+00:00,0.0,0.0,0.0,0.0,0.0,16.8
2021-03-22 03:00:00+00:00,0.0,0.0,0.0,0.0,0.0,16.3
2021-03-22 04:00:00+00:00,5.698557158514987,0.0,5.698557158514987,5.598076211353316,0.10048094716167097,16.263901815612375
2021-03-22 05:00:00+00:00,82.6290787984673,0.0,82.6290787984673,81.17210506462308,1.456973733844229,19.763216844246877
2021-03-22 06:00:00+00:00,316.7801711801244,43.3116053978961,273.4685657822283,267.77464544306696,5.693920339161355,28.090714979215726
2021-03-22 07:00:00+00:00,717.3770138980594,587.7500808570059,129.62693304105358,115.6935750346352,13.933358006418374,40.98393727622378
2021-03-22 08:00:00+00:00,837.914144377359,643.6485135946047,194.2656307827543,178.2054260614139,16.06020472134041,46.278752402296334
2021-03-22 09:00:00+00:00,825.0535785492985,452.31938198431595,372.7341965649826,357.34386482472,15.390331740262603,47.06330469710596
2021-03-22 10:00:00+00:00,815.318884845526,416.74502864451927,398.5738562010067,383.4682204777022,15.105635723304536,47.79789007016311
2021-03-22 11:00:00+00:00,771.6335023073925,413.0667739876793,358.5667283197132,344.28168699822896,14.285041321484222,46.79940215034616
2021-03-22 12:00:00+00:00,536.2398249685298,146.82399072182227,389.41583424670756,379.7361696701333,9.679664576574304,40.857119145518105
2021-03-22 13:00:00+00:00,532.2936668915647,347.95641199134894,184.33725490021573,174.47337525384503,9.8638796463707,40.491992905724615
2021-03-22 14:00:00+00:00,323.46310657945594,205.57320646985102,117.88990010960492,111.96152422706633,5.928375882538587,33.14126294161897
2021-03-22 15:00:00+00:00,93.99080329699595,41.950181766648534,52.04062153034742,50.38268590217985,1.657935628167571,25.849063949302675
2021-03-22 16:00:00+00:00,0.0,0.0,0.0,0.0,0.0,22.05
2021-03-22 17:00:00+00:00,0.0,0.0,0.0,0.0,0.0,20.95
2021-03-22 18:00:00+00:00,0.0,0.0,0.0,0.0,0.0,20.03
2021-03-22 19:00:00+00:00,0.0,0.0,0.0,0.0,0.0,19.71
2021-03-22 20:00:00+00:00,0.0,0.0,0.0,0.0,0.0,19.06
2021-03-22 21:00:00+00:00,0.0,0.0,0.0,0.0,0.0,18.58
2021-03-22 22:00:00+00:00,0.0,0.0,0.0,0.0,0.0,18.16
2021-03-22 23:00:00+00:00,0.0,0.0,0.0,0.0,0.0,17.82
2021-03-23 00:00:00+00:00,0.0,0.0,0.0,0.0,0.0,17.49
2021-03-23 01:00:00+00:00,0.0,0.0,0.0,0.0,0.0,17.18
2021-03-23 02:00:00+00:00,0.0,0.0,0.0,0.0,0.0,16.86
2021-03-23 03:00:00+00:00,0.0,0.0,0.0,0.0,0.0,16.43
2021-03-23 04:00:00+00:00,5.698557158514987,0.0,5.698557158514987,5.598076211353316,0.10048094716167097,16.571957964773404
2021-03-23 05:00:00+00:00,128.5535665907601,3.1183218053226143,125.4352447854375,123.15767664977297,2.277568135664542,21.00099314457145
2021-03-23 06:00:00+00:00,312.9196543420859,41.38410126174979,271.5355530803361,265.90862003928254,5.626933041053574,27.865945152326255
2021-03-23 07:00:00+00:00,629.388653422137,345.9917117573701,283.3969416647669,271.50669625063585,11.890245414131064,38.171773244747584
2021-03-23 08:00:00+00:00,712.8666367536948,324.548792392209,388.31784436148587,375.07110616067223,13.246738200813622,41.94973799819318
2021-03-23 09:00:00+00:00,793.9531623891089,388.2668878880303,405.68627450107857,390.9323220928399,14.753952408238687,45.42123432697486
2021-03-23 10:00:00+00:00,614.4731950883194,119.18669861847367,495.28649646984564,484.23359228206186,11.052904187783806,41.49890338691307
2021-03-23 11:00:00+00:00,757.6853226469932,390.039669676262,367.64565297073125,353.6118140171512,14.033838953580045,45.73218627501331
2021-03-23 12:00:00+00:00,705.2368083392778,479.296667756092,225.94014058318578,212.72689603142604,13.213244551759733,44.91323790226233
2021-03-23 13:00:00+00:00,547.3577479391154,399.9558241504687,147.40192378864668,137.15286717815624,10.249056610490438,38.840555574015454
2021-03-23 14:00:00+00:00,325.2980093084963,216.65450209517888,108.64350721331745,102.63139720814414,6.012110005173313,32.43699508001721
2021-03-23 15:00:00+00:00,98.42720669242516,51.884180426269396,46.54302626615577,44.78460969082653,1.758416575329242,25.332219473086504
2021-03-23 16:00:00+00:00,0.0,0.0,0.0,0.0,0.0,21.48
2021-03-23 17:00:00+00:00,0.0,0.0,0.0,0.0,0.0,20.49
2021-03-23 18:00:00+00:00,0.0,0.0,0.0,0.0,0.0,19.76
2021-03-23 19:00:00+00:00,0.0,0.0,0.0,0.0,0.0,19.71
2021-03-23 20:00:00+00:00,0.0,0.0,0.0,0.0,0.0,19.12
2021-03-23 21:00:00+00:00,0.0,0.0,0.0,0.0,0.0,18.57
2021-03-23 22:00:00+00:00,0.0,0.0,0.0,0.0,0.0,17.98
2021-03-23 23:00:00+00:00,0.0,0.0,0.0,0.0,0.0,17.59
2021-03-24 00:00:00+00:00,0.0,0.0,0.0,0.0,0.0,17.18
2021-03-24 01:00:00+00:00,0.0,0.0,0.0,0.0,0.0,16.83
2021-03-24 02:00:00+00:00,0.0,0.0,0.0,0.0,0.0,16.52
2021-03-24 03:00:00+00:00,0.0,0.0,0.0,0.0,0.0,16.18
2021-03-24 04:00:00+00:00,8.54783573777248,0.0,8.54783573777248,8.397114317029974,0.15072142074250644,16.18069329363943
2021-03-24 05:00:00+00:00,233.30069186328046,82.39653599108848,150.90415587219198,146.48299419707845,4.421161675113523,24.29642930226307
2021-03-24 06:00:00+00:00,353.9430635517385,74.12281445444434,279.82024909729415,273.3727216544203,6.447527442873887,29.832688403697134
2021-03-24 07:00:00+00:00,635.6471539113871,361.39612419574604,274.2510297156411,262.17656923171364,12.074460483927462,39.03160291490828
2021-03-24 08:00:00+00:00,767.9142435982137,450.1656186183809,317.7486249798328,303.22912811497133,14.519496864861456,45.03238949730937
2021-03-24 09:00:00+00:00,815.0729268761525,436.874628696032,378.1982981801204,362.94194103607333,15.256357144047042,47.56212921083648
2021-03-24 10:00:00+00:00,795.2609488989054,383.0435854845813,412.21736341432415,397.4634110060855,14.753952408238687,47.601520753728394
2021-03-24 11:00:00+00:00,837.7867364329686,599.8704705556033,237.91626587736528,222.05702305034822,15.859242827017068,49.11123861306798
2021-03-24 12:00:00+00:00,740.2708094522059,589.9836223733079,150.28718707889797,136.21985447626403,14.067332602633936,46.47918393311728
2021-03-24 13:00:00+00:00,552.2027564332656,420.4945803315171,131.70817610174842,121.29165124598852,10.41652485575989,40.1947879778934
2021-03-24 14:00:00+00:00,320.69913325174673,210.2398411082257,110.45929214352105,104.49742261192857,5.961869531592478,32.32969381221459
2021-03-24 15:00:00+00:00,91.85987281899804,42.61828939432728,49.241583424670765,47.58364779650319,1.657935628167571,24.637039437355565
2021-03-24 16:00:00+00:00,0.0,0.0,0.0,0.0,0.0,20.53
2021-03-24 17:00:00+00:00,0.0,0.0,0.0,0.0,0.0,19.6
2021-03-24 18:00:00+00:00,0.0,0.0,0.0,0.0,0.0,18.99
2021-03-24 19:00:00+00:00,0.0,0.0,0.0,0.0,0.0,19.25
2021-03-24 20:00:00+00:00,0.0,0.0,0.0,0.0,0.0,18.62
2021-03-24 21:00:00+00:00,0.0,0.0,0.0,0.0,0.0,18.09
2021-03-24 22:00:00+00:00,0.0,0.0,0.0,0.0,0.0,17.56
2021-03-24 23:00:00+00:00,0.0,0.0,0.0,0.0,0.0,16.96
2021-03-25 00:00:00+00:00,0.0,0.0,0.0,0.0,0.0,16.51
2021-03-25 01:00:00+00:00,0.0,0.0,0.0,0.0,0.0,16.05
2021-03-25 02:00:00+00:00,0.0,0.0,0.0,0.0,0.0,15.66
2021-03-25 03:00:00+00:00,0.0,0.0,0.0,0.0,0.0,15.34
2021-03-25 04:00:00+00:00,49.43250003431602,8.341638030387765,41.09086200392826,40.119546181365436,0.9713158225628193,16.651335614529028
2021-03-25 05:00:00+00:00,279.2689631136798,188.6876337268534,90.58132938682637,84.90415587219196,5.67717351463441,26.020683383934458
2021-03-25 06:00:00+00:00,507.4716652503256,386.36156535993047,121.1100998903951,111.02851152517411,10.081588365220988,35.164602226505295
2021-03-25 07:00:00+00:00,707.4198265534106,569.429272844381,137.99055370902965,124.09068935166518,13.899864357364484,43.40699257097947
2021-03-25 08:00:00+00:00,852.3229818781524,699.4902774711588,152.83270440699363,136.21985447626403,16.6128499307296,50.037040495260555
2021-03-25 09:00:00+00:00,930.3521549506679,766.7825902644887,163.5695646861792,145.54998149518622,18.019583190992993,53.81572558496744
2021-03-25 10:00:00+00:00,934.9100914931478,762.9601593144655,171.94993217868225,153.9470958122162,18.00283636646605,54.62290571182101
2021-03-25 11:00:00+00:00,874.7402434351184,715.2089818696098,159.5312615655086,142.75094338950956,16.780318175999053,53.80011628782415
2021-03-25 12:00:00+00:00,735.09618142105,571.8138038137687,163.28237760728126,149.2820323027551,14.000345304526155,49.99338261499348
2021-03-25 13:00:00+00:00,547.6731848863832,407.6181349411856,140.05504994519757,129.6887655630185,10.366284382179055,44.26503160104297
2021-03-25 14:00:00+00:00,320.2838030863221,210.7240299956394,109.55977309068273,103.56440991003636,5.995363180646367,36.851240752352936
2021-03-25 15:00:00+00:00,90.69906903848883,42.39049831571028,48.30857072277854,46.65063509461097,1.657935628167571,28.97909051022594
2021-03-25 16:00:00+00:00,0.0,0.0,0.0,0.0,0.0,24.87
2021-03-25 17:00:00+00:00,0.0,0.0,0.0,0.0,0.0,23.34
2021-03-25 18:00:00+00:00,0.0,0.0,0.0,0.0,0.0,21.93
2021-03-25 19:00:00+00:00,0.0,0.0,0.0,0.0,0.0,21.03
2021-03-25 20:00:00+00:00,0.0,0.0,0.0,0.0,0.0,20.19
2021-03-25 21:00:00+00:00,0.0,0.0,0.0,0.0,0.0,19.49
2021-03-25 22:00:00+00:00,0.0,0.0,0.0,0.0,0.0,18.85
2021-03-25 23:00:00+00:00,0.0,0.0,0.0,0.0,0.0,18.27
2021-03-26 00:00:00+00:00,0.0,0.0,0.0,0.0,0.0,17.74
2021-03-26 01:00:00+00:00,0.0,0.0,0.0,0.0,0.0,17.13
2021-03-26 02:00:00+00:00,0.0,0.0,0.0,0.0,0.0,16.68
2021-03-26 03:00:00+00:00,0.0,0.0,0.0,0.0,0.0,16.31
2021-03-26 04:00:00+00:00,52.84106285497918,11.632973079362309,41.20808977561687,40.119546181365436,1.0885435942514354,17.830828186659872
2021-03-26 05:00:00+00:00,210.45621598590924,48.858312426819,161.59790355909024,157.6791466197851,3.918756939305168,24.036582908195868
2021-03-26 06:00:00+00:00,403.3761570504926,137.39556758922248,265.98058946127014,258.4445184241448,7.536071037125323,31.444548855317876
2021-03-26 07:00:00+00:00,654.4649996552288,416.048820103995,238.41617955123374,225.7890738579171,12.627105693316652,40.41601097236929
2021-03-26 08:00:00+00:00,786.9595400397886,507.8448033300399,279.11473670974874,264.0425946354981,15.072142074250646,45.62582060649545
2021-03-26 09:00:00+00:00,913.2464627698348,730.4018210099309,182.84464175990385,165.14324823492282,17.701393524981036,51.47073374410412
2021-03-26 10:00:00+00:00,908.8287205087657,696.3621278316881,212.46659267707764,194.99965469547385,17.466937981603802,52.74667776926138
2021-03-26 11:00:00+00:00,830.779151964244,593.8293924378248,236.9497595264192,221.124010348456,15.825749177963178,51.257877652347254
2021-03-26 12:00:00+00:00,614.0577485458641,275.2159431524263,338.8418053934378,327.487458364169,11.35434702926882,44.890255643240884
2021-03-26 13:00:00+00:00,408.74494883320324,122.33856087746601,286.4063879557372,278.9707978657736,7.435590089963652,37.52252426109841
2021-03-26 14:00:00+00:00,290.3478431071012,147.80249843126865,142.54534467583258,137.15286717815624,5.392477497676342,32.71116188995463
2021-03-26 15:00:00+00:00,78.08722559442566,24.415034203671038,53.67219139075463,52.248711305964285,1.4234800847903388,25.8742859379157
2021-03-26 16:00:00+00:00,0.0,0.0,0.0,0.0,0.0,22.35
2021-03-26 17:00:00+00:00,0.0,0.0,0.0,0.0,0.0,21.37
2021-03-26 18:00:00+00:00,0.0,0.0,0.0,0.0,0.0,20.55
2021-03-26 19:00:00+00:00,0.0,0.0,0.0,0.0,0.0,20.38
2021-03-26 20:00:00+00:00,0.0,0.0,0.0,0.0,0.0,19.68
2021-03-26 21:00:00+00:00,0.0,0.0,0.0,0.0,0.0,19.09
2021-03-26 22:00:00+00:00,0.0,0.0,0.0,0.0,0.0,18.3
2021-03-26 23:00:00+00:00,0.0,0.0,0.0,0.0,0.0,17.62
2021-03-27 00:00:00+00:00,0.0,0.0,0.0,0.0,0.0,16.98
2021-03-27 01:00:00+00:00,0.0,0.0,0.0,0.0,0.0,16.32
2021-03-27 02:00:00+00:00,0.0,0.0,0.0,0.0,0.0,15.81
2021-03-27 03:00:00+00:00,0.0,0.0,0.0,0.0,0.0,15.46
2021-03-27 04:00:00+00:00,39.115741889869064,2.008133061413863,37.1076088284552,36.387495373796554,0.720113454658642,16.521152012802283
2021-03-27 05:00:00+00:00,141.13007580824316,5.197235758614032,135.93284004962914,133.42081637058737,2.512023679041774,22.341095400396387
2021-03-27 06:00:00+00:00,220.57221149395707,3.9433053477528053,216.62890614620426,212.72689603142604,3.9020101147782227,26.89114177183849
2021-03-27 07:00:00+00:00,398.73101997211455,37.98505870648474,360.74596126562983,353.6118140171512,7.134147248478639,34.979710750089986
2021-03-27 08:00:00+00:00,534.4060797909387,84.39466039481768,450.011419396121,440.38199529312755,9.629424102993468,41.12987530876545
2021-03-27 09:00:00+00:00,828.7978992341868,481.86986865617445,346.92803057801245,331.2195091717379,15.708521406274562,53.11254523688961
2021-03-27 10:00:00+00:00,751.8016250814601,306.83314562536333,444.9684794560968,431.0518682742054,13.91661118189143,51.10165318465188
2021-03-27 11:00:00+00:00,588.8659365857516,129.43584657645692,459.43009000929464,448.77910961015755,10.650980399137122,45.84154332393258
2021-03-27 12:00:00+00:00,449.28149218121126,66.15516342307843,383.12632875813284,375.07110616067223,8.055222597460622,41.63038965153503
2021-03-27 13:00:00+00:00,402.7276508971261,117.35475659044279,285.37289430668335,278.0377851638814,7.335109142801981,39.47569340197638
2021-03-27 14:00:00+00:00,235.01028108229258,61.864541785429864,173.14573929686273,168.87529904249172,4.2704402543710165,33.54887907637181
2021-03-27 15:00:00+00:00,74.7815362611352,22.092598045853624,52.688938215281574,51.31569860407207,1.3732396112095033,27.513941119106278
2021-03-27 16:00:00+00:00,0.0,0.0,0.0,0.0,0.0,23.59
2021-03-27 17:00:00+00:00,0.0,0.0,0.0,0.0,0.0,22.0
2021-03-27 18:00:00+00:00,0.0,0.0,0.0,0.0,0.0,20.98
2021-03-27 19:00:00+00:00,0.0,0.0,0.0,0.0,0.0,20.51
2021-03-27 20:00:00+00:00,0.0,0.0,0.0,0.0,0.0,20.22
2021-03-27 21:00:00+00:00,0.0,0.0,0.0,0.0,0.0,19.61
2021-03-27 22:00:00+00:00,0.0,0.0,0.0,0.0,0.0,19.22
2021-03-27 23:00:00+00:00,0.0,0.0,0.0,0.0,0.0,18.59
2021-03-28 00:00:00+00:00,0.0,0.0,0.0,0.0,0.0,18.36
2021-03-28 01:00:00+00:00,0.0,0.0,0.0,0.0,0.0,18.28
2021-03-28 02:00:00+00:00,0.0,0.0,0.0,0.0,0.0,18.05
2021-03-28 03:00:00+00:00,0.0,0.0,0.0,0.0,0.0,17.77
2021-03-28 04:00:00+00:00,20.89470958122162,0.0,20.89470958122162,20.526279441628827,0.3684301395927936,18.236462114366287
2021-03-28 05:00:00+00:00,0.0,0.0,0.0,0.0,0.0,18.43
2021-03-28 06:00:00+00:00,215.79526906303786,3.9151605489294288,211.88010851410843,208.06183252196493,3.818275992143497,26.725476331289727
2021-03-28 07:00:00+00:00,436.185505532352,63.50653156482998,372.67897396752204,364.8079664398578,7.871007527664226,34.031189940088375
2021-03-28 08:00:00+00:00,729.8073343225258,380.08988458207017,349.71744974045566,335.88457268119896,13.832877059256704,44.09188981357249
2021-03-28 09:00:00+00:00,830.0261279954639,505.3731744911761,324.65295350428784,308.82720432632465,15.825749177963178,47.8356388087567
2021-03-28 10:00:00+00:00,786.5771419003236,388.37171583890967,398.2054260614139,383.4682204777022,14.737205583711741,47.12465787121529
2021-03-28 11:00:00+00:00,820.4576517513854,599.4360954552417,221.02155629614367,205.26279441628827,15.758761879855397,48.52251519866562
2021-03-28 12:00:00+00:00,622.1840998665114,308.2656882317323,313.91841163477903,302.29611541307906,11.622296221699942,42.637639369963004
2021-03-28 13:00:00+00:00,230.19046476800344,4.996976059499768,225.19348870850368,221.124010348456,4.0694783600476745,31.574902503237002
2021-03-28 14:00:00+00:00,50.33725490021572,0.0,50.33725490021572,49.44967320028763,0.8875816999280935,25.637120576557425
2021-03-28 15:00:00+00:00,68.31553107196807,16.676833330267325,51.63869774170074,50.38268590217985,1.256011839520887,25.089639717395006
2021-03-28 16:00:00+00:00,0.0,0.0,0.0,0.0,0.0,21.99
2021-03-28 17:00:00+00:00,0.0,0.0,0.0,0.0,0.0,20.98
2021-03-28 18:00:00+00:00,0.0,0.0,0.0,0.0,0.0,20.2
2021-03-28 19:00:00+00:00,0.0,0.0,0.0,0.0,0.0,20.14
2021-03-28 20:00:00+00:00,0.0,0.0,0.0,0.0,0.0,19.61
2021-03-28 21:00:00+00:00,0.0,0.0,0.0,0.0,0.0,19.02
2021-03-28 22:00:00+00:00,0.0,0.0,0.0,0.0,0.0,18.48
2021-03-28 23:00:00+00:00,0.0,0.0,0.0,0.0,0.0,18.01
2021-03-29 00:00:00+00:00,0.0,0.0,0.0,0.0,0.0,17.57
2021-03-29 01:00:00+00:00,0.0,0.0,0.0,0.0,0.0,17.21
2021-03-29 02:00:00+00:00,0.0,0.0,0.0,0.0,0.0,16.74
2021-03-29 03:00:00+00:00,0.0,0.0,0.0,0.0,0.0,16.28
2021-03-29 04:00:00+00:00,52.95442882025827,13.511883501264172,39.4425453189941,38.253520777580995,1.1890245414131064,17.66087056334474
2021-03-29 05:00:00+00:00,260.3924677690152,157.96666927454802,102.42579849446716,97.03332099679082,5.392477497676342,26.729822728137922
2021-03-29 06:00:00+00:00,472.2428419730804,316.31463874280485,155.92820323027553,146.48299419707845,9.445209033197072,34.894602152792345
2021-03-29 07:00:00+00:00,681.8112280948153,541.3063322970671,140.50489579774825,126.88972745734183,13.615168340406417,42.1221723703855
2021-03-29 08:00:00+00:00,821.7399069477096,667.4096072765244,154.3302996711853,138.08587988004848,16.244419791136806,47.89477484123945
2021-03-29 09:00:00+00:00,801.727127574082,438.507273097818,363.21985447626406,348.01373780579786,15.206116670466207,48.72654215871731
2021-03-29 10:00:00+00:00,843.6512105953163,540.1561063930645,303.4951042022518,287.3679121828036,16.12719201944819,50.747316733676584
2021-03-29 11:00:00+00:00,672.5035075566992,253.2838257326982,419.219681824001,406.79353802500765,12.42614379899331,46.08607774336131
2021-03-29 12:00:00+00:00,519.863958815391,140.91222618382113,378.9517326315699,369.4730299493189,9.478702682250962,41.50538088577859
2021-03-29 13:00:00+00:00,75.031002587114,0.0,75.031002587114,73.70800344948533,1.3229991376286678,28.82695451838587
2021-03-29 14:00:00+00:00,223.36025863648166,53.21451933961893,170.14573929686273,166.07626093681506,4.0694783600476745,31.942332268217157
2021-03-29 15:00:00+00:00,41.46269549372531,1.539301735066517,39.9233937586588,39.18653347947321,0.7368602791855872,25.380226373377003
2021-03-29 16:00:00+00:00,0.0,0.0,0.0,0.0,0.0,22.62
2021-03-29 17:00:00+00:00,0.0,0.0,0.0,0.0,0.0,19.95
2021-03-29 18:00:00+00:00,0.0,0.0,0.0,0.0,0.0,18.05
2021-03-29 19:00:00+00:00,0.0,0.0,0.0,0.0,0.0,19.02
2021-03-29 20:00:00+00:00,0.0,0.0,0.0,0.0,0.0,18.45
2021-03-29 21:00:00+00:00,0.0,0.0,0.0,0.0,0.0,18.17
2021-03-29 22:00:00+00:00,0.0,0.0,0.0,0.0,0.0,17.77
2021-03-29 23:00:00+00:00,0.0,0.0,0.0,0.0,0.0,17.59
2021-03-30 00:00:00+00:00,0.0,0.0,0.0,0.0,0.0,17.38
2021-03-30 01:00:00+00:00,0.0,0.0,0.0,0.0,0.0,17.15
2021-03-30 02:00:00+00:00,0.0,0.0,0.0,0.0,0.0,16.97
2021-03-30 03:00:00+00:00,0.0,0.0,0.0,0.0,0.0,16.67
2021-03-30 04:00:00+00:00,7.598076211353317,0.0,7.598076211353317,7.464101615137755,0.1339745962155613,16.736261252151554
2021-03-30 05:00:00+00:00,28.49278579257494,0.0,28.49278579257494,27.990381056766584,0.5024047358083549,17.98625584648081
2021-03-30 06:00:00+00:00,238.67634691101836,7.717313745891916,230.95903316512644,226.72208655980933,4.236946605317126,25.4325450956515
2021-03-30 07:00:00+00:00,545.4796446586931,190.06612882166237,355.4135158370308,345.2146997001212,10.198816136909603,35.64199705889907
2021-03-30 08:00:00+00:00,293.349993970697,0.8073130090674121,292.5426809616296,287.3679121828036,5.174768778826055,29.711541147135783
2021-03-30 09:00:00+00:00,608.4844259991609,121.61179067087211,486.87263532828877,475.8364779650319,11.036157363256862,39.733483989070415
2021-03-30 10:00:00+00:00,680.6848790803468,204.48443514281274,476.2004439375341,463.707312840433,12.49313109710109,42.9396496524034
2021-03-30 11:00:00+00:00,832.4042548011697,665.0285241280203,167.3757306731494,151.14805770653953,16.227672966609862,47.149964724719005
2021-03-30 12:00:00+00:00,695.5327951463373,525.3054674842537,170.2273276620837,156.74613391789285,13.481193744190856,43.45535952301071
2021-03-30 13:00:00+00:00,503.84826558504056,340.20475837172313,163.64350721331743,153.9470958122162,9.696411401101248,37.75768712505779
2021-03-30 14:00:00+00:00,290.52314759336855,175.76722207997918,114.75592551338936,109.16248612138968,5.593439391999684,31.562195663493938
2021-03-30 15:00:00+00:00,82.1379369849362,39.46093612256487,42.67700086237134,41.05255888325765,1.6244419791136806,25.003415662532007
2021-03-30 16:00:00+00:00,0.0,0.0,0.0,0.0,0.0,21.81
2021-03-30 17:00:00+00:00,0.0,0.0,0.0,0.0,0.0,20.76
2021-03-30 18:00:00+00:00,0.0,0.0,0.0,0.0,0.0,20.18
2021-03-30 19:00:00+00:00,0.0,0.0,0.0,0.0,0.0,20.2
2021-03-30 20:00:00+00:00,0.0,0.0,0.0,0.0,0.0,19.32
2021-03-30 21:00:00+00:00,0.0,0.0,0.0,0.0,0.0,18.69
2021-03-30 22:00:00+00:00,0.0,0.0,0.0,0.0,0.0,18.16
2021-03-30 23:00:00+00:00,0.0,0.0,0.0,0.0,0.0,17.73
2021-03-31 00:00:00+00:00,0.0,0.0,0.0,0.0,0.0,17.18
2021-03-31 01:00:00+00:00,0.0,0.0,0.0,0.0,0.0,17.14
2021-03-31 02:00:00+00:00,0.0,0.0,0.0,0.0,0.0,16.64
2021-03-31 03:00:00+00:00,0.0,0.0,0.0,0.0,0.0,16.47
2021-03-31 04:00:00+00:00,11.397114317029974,0.0,11.397114317029974,11.196152422706632,0.20096189432334194,16.988979335108883
2021-03-31 05:00:00+00:00,109.947295289251,0.7082029265201332,109.23909236273087,107.29646071760523,1.9426316451256387,21.238137609737475
2021-03-31 06:00:00+00:00,377.6301912770594,101.87212000625628,275.7580712708031,268.70765814495917,7.050413125843913,30.990844112403156
2021-03-31 07:00:00+00:00,582.712941208529,256.26825013212107,326.4446910764079,315.3582932395702,11.086397836837698,38.50716370455218
2021-03-31 08:00:00+00:00,679.9039631302766,274.34453534411995,405.5594277861566,392.7983474966244,12.761080289532213,42.69515220326964
2021-03-31 09:00:00+00:00,799.725679843953,429.9579896299165,369.7676902140365,354.5448267190434,15.222863494993153,46.88764148489255
2021-03-31 10:00:00+00:00,741.3869556367586,299.3179952335001,442.0689604032585,428.2528301685287,13.816130234729759,46.24620200326469
2021-03-31 11:00:00+00:00,841.9906965692596,688.3254604075355,153.66523616172418,137.15286717815624,16.512368983567928,49.36142249326062
2021-03-31 12:00:00+00:00,555.9656386260534,191.1550084719926,364.8106301540608,354.5448267190434,10.265803435017384,40.94104988124663
2021-03-31 13:00:00+00:00,51.28701442663489,0.0,51.28701442663489,50.38268590217985,0.9043285244550388,26.151809182871023
2021-03-31 14:00:00+00:00,176.73743031938332,16.82614656589782,159.9112837534855,156.74613391789285,3.1651498355926355,28.48000066204181
2021-03-31 15:00:00+00:00,49.05327379979152,4.314095110929117,44.7391786888624,43.85159698893431,0.8875816999280935,23.575558216514683
2021-03-31 16:00:00+00:00,0.0,0.0,0.0,0.0,0.0,19.22
2021-03-31 17:00:00+00:00,0.0,0.0,0.0,0.0,0.0,19.02
2021-03-31 18:00:00+00:00,0.0,0.0,0.0,0.0,0.0,18.81
2021-03-31 19:00:00+00:00,0.0,0.0,0.0,0.0,0.0,18.61
2021-03-31 20:00:00+00:00,0.0,0.0,0.0,0.0,0.0,18.41
2021-03-31 21:00:00+00:00,0.0,0.0,0.0,0.0,0.0,18.2
2021-03-31 22:00:00+00:00,0.0,0.0,0.0,0.0,0.0,18.0
2021-03-31 23:00:00+00:00,0.0,0.0,0.0,0.0,0.0,17.8
2018-04-01 00:00:00+00:00,0.0,0.0,0.0,0.0,0.0,17.59
2018-04-01 01:00:00+00:00,0.0,0.0,0.0,0.0,0.0,17.39
2018-04-01 02:00:00+00:00,0.0,0.0,0.0,0.0,0.0,17.18
2018-04-01 03:00:00+00:00,0.0,0.0,0.0,0.0,0.0,16.98
2018-04-01 04:00:00+00:00,38.639191764780435,1.5315829363252396,37.1076088284552,36.387495373796554,0.720113454658642,17.975693013647028
2018-04-01 05:00:00+00:00,229.91437564930277,82.62504281299108,147.2893328363117,142.75094338950956,4.538389446802139,23.700003435127993
2018-04-01 06:00:00+00:00,411.7371624909739,166.8306882091051,244.90647428186878,236.98522628062372,7.921248001245061,29.166047622527643
2018-04-01 07:00:00+00:00,613.3643772770197,351.35974045766596,262.00463681935366,250.0474041071148,11.957232712238845,35.26322593565458
2018-04-01 08:00:00+00:00,756.9060372992648,488.3726299763424,268.53340732292236,253.77945491468367,14.753952408238687,44.072283193591524
2018-04-01 09:00:00+00:00,834.8665225884806,564.8593947071871,270.0071278812935,253.77945491468367,16.227672966609862,47.37440854831179
2018-04-01 10:00:00+00:00,836.1612999026621,557.8240450024464,278.3372549002157,262.17656923171364,16.16068566850208,48.221667509275434
2018-04-01 11:00:00+00:00,709.8478766951425,341.939084003597,367.9087926915456,354.5448267190434,13.363965972502239,44.59682864321989
2018-04-01 12:00:00+00:00,606.2545838562305,300.91750160827786,305.33708224795265,293.8990010960491,11.438081151903546,41.0142601134047
2018-04-01 13:00:00+00:00,202.05887041262702,1.6261166891293792,200.43275372349763,196.8656800992583,3.5670736242393195,28.70451611995721
2018-04-01 14:00:00+00:00,62.684128743664864,0.0,62.684128743664864,61.57883832488648,1.1052904187783807,23.22188605333503
2018-04-01 15:00:00+00:00,53.00905381585309,6.320115600571521,46.688938215281574,45.71762239271875,0.9713158225628193,21.131488599135462
2018-04-01 16:00:00+00:00,0.0,0.0,0.0,0.0,0.0,18.25
2018-04-01 17:00:00+00:00,0.0,0.0,0.0,0.0,0.0,17.69
2018-04-01 18:00:00+00:00,0.0,0.0,0.0,0.0,0.0,17.19
2018-04-01 19:00:00+00:00,0.0,0.0,0.0,0.0,0.0,17.16
2018-04-01 20:00:00+00:00,0.0,0.0,0.0,0.0,0.0,16.82
2018-04-01 21:00:00+00:00,0.0,0.0,0.0,0.0,0.0,16.49
2018-04-01 22:00:00+00:00,0.0,0.0,0.0,0.0,0.0,16.05
2018-04-01 23:00:00+00:00,0.0,0.0,0.0,0.0,0.0,15.43
2018-04-02 00:00:00+00:00,0.0,0.0,0.0,0.0,0.0,15.1
2018-04-02 01:00:00+00:00,0.0,0.0,0.0,0.0,0.0,15.0
2018-04-02 02:00:00+00:00,0.0,0.0,0.0,0.0,0.0,14.96
2018-04-02 03:00:00+00:00,0.0,0.0,0.0,0.0,0.0,14.98
2018-04-02 04:00:00+00:00,6.6483166849341515,0.0,6.6483166849341515,6.531088913245536,0.11722777168861613,15.441333369270266
2018-04-02 05:00:00+00:00,169.20169905923612,15.90523834163087,153.29646071760524,150.21504500464732,3.08141571295791,21.338156349737908
2018-04-02 06:00:00+00:00,252.6557937834678,12.098684406988053,240.55710937647976,236.0522135787315,4.504895797748248,24.841644657936712
2018-04-02 07:00:00+00:00,545.038555641826,199.80444540297492,345.2341102388511,334.95155997930675,10.28255025954433,35.75055165060501
2018-04-02 08:00:00+00:00,581.5520334724258,138.8994252726642,442.6526081997617,431.9848809760976,10.667727223664068,37.10492410374943
2018-04-02 09:00:00+00:00,715.7621182042344,275.994600642461,439.76751756177345,426.3868047647443,13.380712797029185,41.83264454140765
2018-04-02 10:00:00+00:00,626.099791399893,145.37306802073002,480.72672337916293,469.30538905178634,11.4213343273766,39.764505653063054
2018-04-02 11:00:00+00:00,648.718604759483,228.03482132034426,420.6837834391388,408.6595634287921,12.024220010346626,41.37574192460468
2018-04-02 12:00:00+00:00,583.252036761698,257.87433298339795,325.3777037783001,314.42528053767796,10.952423240622135,39.20025814898694
2018-04-02 13:00:00+00:00,394.9798494304959,122.70262659935749,272.27722283113843,264.97560733739033,7.30161549374809,33.30644571067467
2018-04-02 14:00:00+00:00,242.11680111476082,87.34661983878442,154.7701812759764,150.21504500464732,4.555136271329084,28.24781284386892
2018-04-02 15:00:00+00:00,68.18615580828512,22.978066032668256,45.20808977561687,43.85159698893431,1.356492786682558,22.613157979775675
2018-04-02 16:00:00+00:00,0.0,0.0,0.0,0.0,0.0,19.69
2018-04-02 17:00:00+00:00,0.0,0.0,0.0,0.0,0.0,18.77
2018-04-02 18:00:00+00:00,0.0,0.0,0.0,0.0,0.0,18.01
2018-04-02 19:00:00+00:00,0.0,0.0,0.0,0.0,0.0,17.44
2018-04-02 20:00:00+00:00,0.0,0.0,0.0,0.0,0.0,17.07
2018-04-02 21:00:00+00:00,0.0,0.0,0.0,0.0,0.0,16.69
2018-04-02 22:00:00+00:00,0.0,0.0,0.0,0.0,0.0,16.37
2018-04-02 23:00:00+00:00,0.0,0.0,0.0,0.0,0.0,16.37
2018-04-03 00:00:00+00:00,0.0,0.0,0.0,0.0,0.0,15.95
2018-04-03 01:00:00+00:00,0.0,0.0,0.0,0.0,0.0,15.8
2018-04-03 02:00:00+00:00,0.0,0.0,0.0,0.0,0.0,15.72
2018-04-03 03:00:00+00:00,0.0,0.0,0.0,0.0,0.0,15.67
2018-04-03 04:00:00+00:00,42.60544359080002,1.682049832141217,40.923393758658804,40.119546181365436,0.8038475772933678,17.024811066805817
2018-04-03 05:00:00+00:00,152.75894189835392,8.194531988317582,144.56440991003635,141.81793068761735,2.7464792224190067,20.56690553805052
2018-04-03 06:00:00+00:00,204.59916502713097,2.2501454262680682,202.3490196008629,198.73170550304275,3.617314097820155,22.903714905593056
2018-04-03 07:00:00+00:00,570.7001094609161,250.93722871849633,319.76288074241984,308.82720432632465,10.935676416095191,35.13083844730035
2018-04-03 08:00:00+00:00,460.0816279958045,41.316601495971,418.76502649983354,410.52558883257655,8.23943766725702,32.811645311618626
2018-04-03 09:00:00+00:00,663.0916832697603,193.67353061337596,469.4181526563844,457.1762239271875,12.241928729196912,38.96643462505577
2018-04-03 10:00:00+00:00,719.8645993083483,284.6784111334012,435.18618817494706,421.7217412552832,13.46444691966391,40.83274076288817
2018-04-03 11:00:00+00:00,610.3019188969558,172.6947416991583,437.60717719779757,426.3868047647443,11.220372433053258,38.62450073942437
2018-04-03 12:00:00+00:00,159.55960043841964,0.0,159.55960043841964,156.74613391789285,2.813466520526787,26.775350475987835
2018-04-03 13:00:00+00:00,347.02995217452565,67.34367767344703,279.6862745010786,273.3727216544203,6.313552846658326,31.454000405110072
2018-04-03 14:00:00+00:00,275.5122655791304,166.5051376978369,109.00712788129354,103.56440991003636,5.442717971257178,28.72395340067479
2018-04-03 15:00:00+00:00,53.85984478757832,7.137412923242856,46.72243186433546,45.71762239271875,1.0048094716167097,21.838609326184017
2018-04-03 16:00:00+00:00,0.0,0.0,0.0,0.0,0.0,19.21
2018-04-03 17:00:00+00:00,0.0,0.0,0.0,0.0,0.0,18.42
2018-04-03 18:00:00+00:00,0.0,0.0,0.0,0.0,0.0,17.83
2018-04-03 19:00:00+00:00,0.0,0.0,0.0,0.0,0.0,17.13
2018-04-03 20:00:00+00:00,0.0,0.0,0.0,0.0,0.0,16.82
2018-04-03 21:00:00+00:00,0.0,0.0,0.0,0.0,0.0,16.64
2018-04-03 22:00:00+00:00,0.0,0.0,0.0,0.0,0.0,16.47
2018-04-03 23:00:00+00:00,0.0,0.0,0.0,0.0,0.0,16.15
2018-04-04 00:00:00+00:00,0.0,0.0,0.0,0.0,0.0,15.89
2018-04-04 01:00:00+00:00,0.0,0.0,0.0,0.0,0.0,15.62
2018-04-04 02:00:00+00:00,0.0,0.0,0.0,0.0,0.0,15.54
2018-04-04 03:00:00+00:00,0.0,0.0,0.0,0.0,0.0,15.46
2018-04-04 04:00:00+00:00,6.6483166849341515,0.0,6.6483166849341515,6.531088913245536,0.11722777168861613,15.74523794548018
2018-04-04 05:00:00+00:00,158.52916963889277,10.115481149598942,148.41368848929383,145.54998149518622,2.8637069941076225,20.96652965469778
2018-04-04 06:00:00+00:00,303.64651713254096,35.02722992957013,268.61928720297084,263.10958193360585,5.509705269364958,26.369773180882337
2018-04-04 07:00:00+00:00,597.3885176633553,317.00832282311535,280.38019484023994,268.70765814495917,11.672536695280778,36.66672969361992
2018-04-04 08:00:00+00:00,675.5334567659046,289.5003084213768,386.0331483445278,373.20508075688775,12.828067587639994,40.13765528269714
2018-04-04 09:00:00+00:00,785.8105840855927,438.5189328396042,347.29165124598853,332.1525218736301,15.139129372358425,44.22715483721044
2018-04-04 10:00:00+00:00,782.1892160433107,422.00285521610056,360.18636082721014,345.2146997001212,14.971661127088975,44.76157631051886
2018-04-04 11:00:00+00:00,760.0733556605514,491.539948337629,268.53340732292236,253.77945491468367,14.753952408238687,44.080110985821264
2018-04-04 12:00:00+00:00,569.3940092205142,235.87039349308836,333.52361572742586,322.8223948547079,10.701220872717958,38.11299207094111
2018-04-04 13:00:00+00:00,490.9203316549106,359.88202853424,131.0383031206706,121.29165124598852,9.746651874682083,35.23817070962516
2018-04-04 14:00:00+00:00,267.55398755923693,148.45118820239844,119.10279935683849,113.82754963085077,5.275249725987726,28.61138802672714
2018-04-04 15:00:00+00:00,67.65604267006648,27.9622949831682,39.69374768689828,38.253520777580995,1.440226909317284,22.186893743958247
2018-04-04 16:00:00+00:00,0.0,0.0,0.0,0.0,0.0,19.17
2018-04-04 17:00:00+00:00,0.0,0.0,0.0,0.0,0.0,18.4
2018-04-04 18:00:00+00:00,0.0,0.0,0.0,0.0,0.0,17.68
2018-04-04 19:00:00+00:00,0.0,0.0,0.0,0.0,0.0,17.86
2018-04-04 20:00:00+00:00,0.0,0.0,0.0,0.0,0.0,17.21
2018-04-04 21:00:00+00:00,0.0,0.0,0.0,0.0,0.0,16.75
2018-04-04 22:00:00+00:00,0.0,0.0,0.0,0.0,0.0,16.39
2018-04-04 23:00:00+00:00,0.0,0.0,0.0,0.0,0.0,16.19
2018-04-05 00:00:00+00:00,0.0,0.0,0.0,0.0,0.0,16.11
2018-04-05 01:00:00+00:00,0.0,0.0,0.0,0.0,0.0,16.16
2018-04-05 02:00:00+00:00,0.0,0.0,0.0,0.0,0.0,16.19
2018-04-05 03:00:00+00:00,0.0,0.0,0.0,0.0,0.0,15.98
2018-04-05 04:00:00+00:00,37.657687500236605,0.5835723208353017,37.0741151794013,36.387495373796554,0.6866198056047517,17.038397636933208
2018-04-05 05:00:00+00:00,136.11349276209097,3.9964376426654318,132.11705511942554,129.6887655630185,2.4282895564070484,21.12003612443348
2018-04-05 06:00:00+00:00,376.2174234622083,105.0574284027585,271.1599950594498,264.0425946354981,7.117400423951693,30.5449555192695
2018-04-05 07:00:00+00:00,617.0538488492022,376.1903145073576,240.86353434184454,228.58811196359375,12.275422378250804,39.67089243429995
2018-04-05 08:00:00+00:00,702.4415102038407,351.1594779010856,351.2820323027551,337.75059808498344,13.531434217771691,43.19044519701133
2018-04-05 09:00:00+00:00,766.3541715366364,389.65827809232434,376.69589344431205,362.0089283341811,14.686965110130906,45.9113831324778
2018-04-05 10:00:00+00:00,671.9960007705515,206.10893702741262,465.8870637431389,453.44417311961865,12.442890623520254,43.53928148110478
2018-04-05 11:00:00+00:00,809.1592641066848,666.1088509808409,143.0504131258439,126.88972745734183,16.16068566850208,48.28573634692619
2018-04-05 12:00:00+00:00,420.43098435372974,53.65152943904607,366.7794549146837,359.2098902285045,7.569564686179213,36.20891225733982
2018-04-05 13:00:00+00:00,400.58036372620853,138.3653187215612,262.2150450046473,254.7124676165759,7.502577388071432,35.22417486950563
2018-04-05 14:00:00+00:00,198.9278253076947,35.73184553725113,163.19597977044356,159.5451720235695,3.650807746874045,26.510827508716986
2018-04-05 15:00:00+00:00,41.72047983853192,1.7803392553461768,39.940140583185745,39.18653347947321,0.7536071037125323,20.622429621444127
2018-04-05 16:00:00+00:00,0.0,0.0,0.0,0.0,0.0,18.23
2018-04-05 17:00:00+00:00,0.0,0.0,0.0,0.0,0.0,16.93
2018-04-05 18:00:00+00:00,0.0,0.0,0.0,0.0,0.0,16.24
2018-04-05 19:00:00+00:00,0.0,0.0,0.0,0.0,0.0,17.01
2018-04-05 20:00:00+00:00,0.0,0.0,0.0,0.0,0.0,16.3
2018-04-05 21:00:00+00:00,0.0,0.0,0.0,0.0,0.0,15.89
2018-04-05 22:00:00+00:00,0.0,0.0,0.0,0.0,0.0,15.69
2018-04-05 23:00:00+00:00,0.0,0.0,0.0,0.0,0.0,15.54
2018-04-06 00:00:00+00:00,0.0,0.0,0.0,0.0,0.0,15.62
2018-04-06 01:00:00+00:00,0.0,0.0,0.0,0.0,0.0,15.57
2018-04-06 02:00:00+00:00,0.0,0.0,0.0,0.0,0.0,15.6
2018-04-06 03:00:00+00:00,0.0,0.0,0.0,0.0,0.0,15.54
2018-04-06 04:00:00+00:00,41.037499864150504,1.080612456437816,39.95688740771269,39.18653347947321,0.7703539282394775,16.86390501026073
2018-04-06 05:00:00+00:00,77.88028116637149,0.0,77.88028116637149,76.50704155516199,1.3732396112095033,18.82434150115752
2018-04-06 06:00:00+00:00,239.05467299359046,8.07889300393706,230.9757799896534,226.72208655980933,4.253693429844071,25.073640294294368
2018-04-06 07:00:00+00:00,451.2641058529647,78.19995492132288,373.0641509316418,364.8079664398578,8.256184491783964,33.628308804363336
2018-04-06 08:00:00+00:00,745.4448589095406,484.35880637722903,261.08605253231156,246.31535329954593,14.770699232765633,43.18691837449428
2018-04-06 09:00:00+00:00,687.1649087817502,234.8711117783479,452.2937970034023,439.44898259123534,12.844814412166938,42.66857600061666
2018-04-06 10:00:00+00:00,692.220228250238,243.57474793177,448.6454803184681,435.71693178366644,12.928548534801665,43.438040958543276
2018-04-06 11:00:00+00:00,591.7832313173656,153.5779779082147,438.2052534091508,427.3198174666365,10.885435942514356,39.54303311600536
2018-04-06 12:00:00+00:00,584.3804454550022,275.61275524096567,308.7676902140365,297.631051903618,11.136638310418533,38.9978752228313
2018-04-06 13:00:00+00:00,353.86745158867507,77.7290128253689,276.13843876330617,269.64067084685144,6.497767916454722,31.44301249229367
2018-04-06 14:00:00+00:00,173.2449698188576,18.0322432238871,155.21272659497052,152.08107040843177,3.1316561865387453,24.947031185236217
2018-04-06 15:00:00+00:00,52.781219587190115,7.908066302112149,44.87315328507797,43.85159698893431,1.0215562961436548,21.03272071886749
2018-04-06 16:00:00+00:00,0.0,0.0,0.0,0.0,0.0,18.58
2018-04-06 17:00:00+00:00,0.0,0.0,0.0,0.0,0.0,17.98
2018-04-06 18:00:00+00:00,0.0,0.0,0.0,0.0,0.0,17.15
2018-04-06 19:00:00+00:00,0.0,0.0,0.0,0.0,0.0,17.95
2018-04-06 20:00:00+00:00,0.0,0.0,0.0,0.0,0.0,17.44
2018-04-06 21:00:00+00:00,0.0,0.0,0.0,0.0,0.0,16.92
2018-04-06 22:00:00+00:00,0.0,0.0,0.0,0.0,0.0,16.75
2018-04-06 23:00:00+00:00,0.0,0.0,0.0,0.0,0.0,16.35
2018-04-07 00:00:00+00:00,0.0,0.0,0.0,0.0,0.0,16.1
2018-04-07 01:00:00+00:00,0.0,0.0,0.0,0.0,0.0,15.92
2018-04-07 02:00:00+00:00,0.0,0.0,0.0,0.0,0.0,15.57
2018-04-07 03:00:00+00:00,0.0,0.0,0.0,0.0,0.0,15.23
2018-04-07 04:00:00+00:00,7.598076211353317,0.0,7.598076211353317,7.464101615137755,0.1339745962155613,15.355192182957133
2018-04-07 05:00:00+00:00,175.63788814511307,17.525642497304244,158.11224564780883,154.88010851410843,3.2321371337004163,22.486555188922473
2018-04-07 06:00:00+00:00,283.35289488179075,22.599633082604335,260.7532617991864,255.64548031846812,5.107781480718274,27.46702792448726
2018-04-07 07:00:00+00:00,541.4054308025541,195.20481421275693,346.20061658979716,335.88457268119896,10.31604390859822,35.62371395509256
2018-04-07 08:00:00+00:00,736.2295138364229,454.8348905813328,281.3946232550901,266.84163274117475,14.552990513915345,42.57279068593705
2018-04-07 09:00:00+00:00,772.4565721885748,413.23671771231074,359.21985447626406,344.28168699822896,14.938167478035083,44.44847817462944
2018-04-07 10:00:00+00:00,597.9042919652126,117.69672014638492,480.20757181882766,469.30538905178634,10.9021827670413,40.034448656291595
2018-04-07 11:00:00+00:00,612.0867754866262,179.96044672849334,432.12632875813284,420.78872855339097,11.337600204741875,40.47487705264777
2018-04-07 12:00:00+00:00,354.3994714256762,20.59846021484887,333.80101121082737,327.487458364169,6.313552846658326,33.36323838270708
2018-04-07 13:00:00+00:00,396.10073599900875,134.86894416983446,261.23179182917426,253.77945491468367,7.452336914490597,34.573777585351586
2018-04-07 14:00:00+00:00,251.38087373061342,119.51733938876886,131.86353434184454,126.88972745734183,4.973806884502713,29.783823190096573
2018-04-07 15:00:00+00:00,23.743988160479113,0.0,23.743988160479113,23.325317547305485,0.418670613173629,22.01649151988919
2018-04-07 16:00:00+00:00,0.0,0.0,0.0,0.0,0.0,19.64
2018-04-07 17:00:00+00:00,0.0,0.0,0.0,0.0,0.0,18.45
2018-04-07 18:00:00+00:00,0.0,0.0,0.0,0.0,0.0,17.43
2018-04-07 19:00:00+00:00,0.0,0.0,0.0,0.0,0.0,18.28
2018-04-07 20:00:00+00:00,0.0,0.0,0.0,0.0,0.0,17.77
2018-04-07 21:00:00+00:00,0.0,0.0,0.0,0.0,0.0,17.29
2018-04-07 22:00:00+00:00,0.0,0.0,0.0,0.0,0.0,16.9
2018-04-07 23:00:00+00:00,0.0,0.0,0.0,0.0,0.0,16.39
2018-04-08 00:00:00+00:00,0.0,0.0,0.0,0.0,0.0,16.22
2018-04-08 01:00:00+00:00,0.0,0.0,0.0,0.0,0.0,16.09
2018-04-08 02:00:00+00:00,0.0,0.0,0.0,0.0,0.0,15.9
2018-04-08 03:00:00+00:00,0.0,0.0,0.0,0.0,0.0,15.87
2018-04-08 04:00:00+00:00,33.486483711577705,0.2281534623800034,33.258330249197705,32.65544456622768,0.6028856829700258,17.024451614318927
2018-04-08 05:00:00+00:00,150.6466234647343,7.048719905644059,143.59790355909024,140.88491798572514,2.712985573365116,21.29714745841194
2018-04-08 06:00:00+00:00,255.726815853452,12.303681073187777,243.4231347802642,238.85125168440817,4.5718830958560295,25.957445764769986
2018-04-08 07:00:00+00:00,531.5668838171102,182.76819101595967,348.79869280115054,338.68361078687565,10.115082014274877,36.199766387640864
2018-04-08 08:00:00+00:00,631.790181340016,215.88868918202704,415.901492157989,403.994499919331,11.90699223865801,40.81703417245258
2018-04-08 09:00:00+00:00,804.5142660156259,520.846884096488,283.66738191913794,267.77464544306696,15.892736476070958,47.35689878287907
2018-04-08 10:00:00+00:00,823.529044406147,580.4620571080393,243.0669872981078,226.72208655980933,16.344900738298477,47.65590381662567
2018-04-08 11:00:00+00:00,779.7220370074493,606.4013562794975,173.32068072795187,157.6791466197851,15.64153410816678,46.085664984163
2018-04-08 12:00:00+00:00,569.2347421869479,251.42162097094726,317.81312121600064,306.96117892254017,10.851942293460464,39.05302402944303
2018-04-08 13:00:00+00:00,302.3110777924064,35.60805646680084,266.70302132560556,261.24355652982143,5.459464795784123,30.83478515770435
2018-04-08 14:00:00+00:00,90.22715500982063,0.0,90.22715500982063,88.63620667976085,1.5909483300597904,23.223806454573083
2018-04-08 15:00:00+00:00,58.290256136878384,18.730483046195666,39.55977309068272,38.253520777580995,1.3062523131017225,21.26554973203184
2018-04-08 16:00:00+00:00,0.0,0.0,0.0,0.0,0.0,18.29
2018-04-08 17:00:00+00:00,0.0,0.0,0.0,0.0,0.0,17.02
2018-04-08 18:00:00+00:00,0.0,0.0,0.0,0.0,0.0,16.21
2018-04-08 19:00:00+00:00,0.0,0.0,0.0,0.0,0.0,16.71
2018-04-08 20:00:00+00:00,0.0,0.0,0.0,0.0,0.0,16.34
2018-04-08 21:00:00+00:00,0.0,0.0,0.0,0.0,0.0,15.37
2018-04-08 22:00:00+00:00,0.0,0.0,0.0,0.0,0.0,15.14
2018-04-08 23:00:00+00:00,0.0,0.0,0.0,0.0,0.0,15.02
2018-04-09 00:00:00+00:00,0.0,0.0,0.0,0.0,0.0,14.96
2018-04-09 01:00:00+00:00,0.0,0.0,0.0,0.0,0.0,14.97
2018-04-09 02:00:00+00:00,0.0,0.0,0.0,0.0,0.0,15.09
2018-04-09 03:00:00+00:00,0.0,0.0,0.0,0.0,0.0,15.25
2018-04-09 04:00:00+00:00,7.598076211353317,0.0,7.598076211353317,7.464101615137755,0.1339745962155613,15.545324022888114
2018-04-09 05:00:00+00:00,92.12667406265896,0.0,92.12667406265896,90.50223208354528,1.6244419791136806,19.134116031435955
2018-04-09 06:00:00+00:00,299.962776017951,32.32674199045324,267.6360340274978,262.17656923171364,5.459464795784123,27.159888146926487
2018-04-09 07:00:00+00:00,634.9516941532587,482.7195570195583,152.23213713370043,139.0188925819407,13.213244551759733,38.98924344563323
2018-04-09 08:00:00+00:00,800.5193382541545,702.667395960694,97.85194229346047,81.17210506462308,16.679837228837382,45.52182062539902
2018-04-09 09:00:00+00:00,853.5408705135783,712.9330027067285,140.6078678068498,123.15767664977297,17.45019115707686,48.093217859345785
2018-04-09 10:00:00+00:00,864.3778985031566,735.7317275756362,128.64617092752042,111.02851152517411,17.61765940234631,48.808750818675236
2018-04-09 11:00:00+00:00,792.9153361107152,662.044328583051,130.87100752766423,114.76056233274299,16.110445194921244,46.989904873781626
2018-04-09 12:00:00+00:00,601.5307973781937,337.8778438739059,263.6529535042878,251.91342951089925,11.73952399338856,41.60775299587269
2018-04-09 13:00:00+00:00,472.6812771429576,351.9898478657361,120.69142927722147,111.02851152517411,9.662917752047358,37.41075766574594
2018-04-09 14:00:00+00:00,154.73897888332178,10.141075324231544,144.59790355909024,141.81793068761735,2.779972871472897,27.423550809454433
2018-04-09 15:00:00+00:00,34.22711961725707,0.9520425435324116,33.27507707372465,32.65544456622768,0.619632507496971,21.390298045977865
2018-04-09 16:00:00+00:00,0.0,0.0,0.0,0.0,0.0,18.64
2018-04-09 17:00:00+00:00,0.0,0.0,0.0,0.0,0.0,17.68
2018-04-09 18:00:00+00:00,0.0,0.0,0.0,0.0,0.0,16.95
2018-04-09 19:00:00+00:00,0.0,0.0,0.0,0.0,0.0,17.58
2018-04-09 20:00:00+00:00,0.0,0.0,0.0,0.0,0.0,17.06
2018-04-09 21:00:00+00:00,0.0,0.0,0.0,0.0,0.0,16.79
2018-04-09 22:00:00+00:00,0.0,0.0,0.0,0.0,0.0,16.42
2018-04-09 23:00:00+00:00,0.0,0.0,0.0,0.0,0.0,16.41
2018-04-10 00:00:00+00:00,0.0,0.0,0.0,0.0,0.0,16.46
2018-04-10 01:00:00+00:00,0.0,0.0,0.0,0.0,0.0,16.29
2018-04-10 02:00:00+00:00,0.0,0.0,0.0,0.0,0.0,16.19
2018-04-10 03:00:00+00:00,0.0,0.0,0.0,0.0,0.0,16.17
2018-04-10 04:00:00+00:00,22.794228634059948,0.0,22.794228634059948,22.392304845413264,0.4019237886466839,16.878878683983416
2018-04-10 05:00:00+00:00,117.15357886184368,1.2494229896517246,115.90415587219196,113.82754963085077,2.0766062413412,21.28674220520079
2018-04-10 06:00:00+00:00,384.5265692753697,120.51248616504574,264.01408311032395,256.5784930203603,7.435590089963652,32.08967690343104
2018-04-10 07:00:00+00:00,0.0,0.0,0.0,0.0,0.0,20.73
2018-04-10 08:00:00+00:00,750.4493808525633,535.5450523281082,214.90432852445505,199.66471820493496,15.239610319520096,46.307502189343126
2018-04-10 09:00:00+00:00,854.2372955985801,720.0600357578141,134.17725984076594,116.62658773652743,17.55067210423853,50.73530838588841
2018-04-10 10:00:00+00:00,860.1722244397239,733.4088257405149,126.76339869920903,109.16248612138968,17.600912577819365,51.50950605506332
2018-04-10 11:00:00+00:00,746.2805598918519,501.9384955200194,244.34206437183246,229.52112466548598,14.820939706346469,47.24558921710778
2018-04-10 12:00:00+00:00,558.7125622988235,235.4855799412659,323.2269823575576,312.5592551338935,10.667727223664068,40.94012800372214
2018-04-10 13:00:00+00:00,458.165241720257,305.2035448409275,152.96169687932942,143.6839560914018,9.27774078792762,35.76525485764458
2018-04-10 14:00:00+00:00,149.34887349461854,8.58350169025883,140.76537180435972,138.08587988004848,2.679491924311226,24.42059970730382
2018-04-10 15:00:00+00:00,51.93323051139305,10.691647086722288,41.241583424670765,40.119546181365436,1.1220372433053258,20.483312076095615
2018-04-10 16:00:00+00:00,0.0,0.0,0.0,0.0,0.0,18.02
2018-04-10 17:00:00+00:00,0.0,0.0,0.0,0.0,0.0,17.41
2018-04-10 18:00:00+00:00,0.0,0.0,0.0,0.0,0.0,16.87
2018-04-10 19:00:00+00:00,0.0,0.0,0.0,0.0,0.0,18.02
2018-04-10 20:00:00+00:00,0.0,0.0,0.0,0.0,0.0,17.56
2018-04-10 21:00:00+00:00,0.0,0.0,0.0,0.0,0.0,17.36
2018-04-10 22:00:00+00:00,0.0,0.0,0.0,0.0,0.0,17.04
2018-04-10 23:00:00+00:00,0.0,0.0,0.0,0.0,0.0,16.96
2018-04-11 00:00:00+00:00,0.0,0.0,0.0,0.0,0.0,16.84
2018-04-11 01:00:00+00:00,0.0,0.0,0.0,0.0,0.0,16.73
2018-04-11 02:00:00+00:00,0.0,0.0,0.0,0.0,0.0,16.59
2018-04-11 03:00:00+00:00,0.0,0.0,0.0,0.0,0.0,16.46
2018-04-11 04:00:00+00:00,47.60110852114291,7.873867185190737,39.72724133595217,38.253520777580995,1.4737205583711743,18.364008478916315
2018-04-11 05:00:00+00:00,169.69117677688877,13.562184304552995,156.12899247233577,153.01408311032398,3.1149093620118,23.0473163712169
2018-04-11 06:00:00+00:00,428.29459602947566,230.05069419512805,198.24390183434758,189.40157848412053,8.842323350227046,32.491194211278696
2018-04-11 07:00:00+00:00,541.2363948224828,205.16494335728441,336.0714514651984,325.6214329603846,10.45001850481378,36.77455211598583
2018-04-11 08:00:00+00:00,666.7051735366529,291.81793714125087,374.88723639540194,362.0089283341811,12.87830806122083,41.46394565930118
2018-04-11 09:00:00+00:00,688.139684479038,247.8075843549651,440.3321001240729,427.3198174666365,13.01228265743639,42.776645933070036
2018-04-11 10:00:00+00:00,0.0,0.0,0.0,0.0,0.0,22.17
2018-04-11 11:00:00+00:00,703.6721439440628,383.92832843584665,319.7438155082161,306.02816622064796,13.715649287568088,43.92383276569854
2018-04-11 12:00:00+00:00,594.5940442363628,331.9410907320751,262.6529535042878,250.980416809007,11.672536695280778,41.52890470366091
2018-04-11 13:00:00+00:00,410.6604682025028,178.7659312735442,231.89453692895856,223.92304845413267,7.971488474825897,33.81913311319451
2018-04-11 14:00:00+00:00,203.47635985615545,46.610507104634095,156.86585275152137,153.01408311032398,3.851769641197387,26.47621807039875
2018-04-11 15:00:00+00:00,35.05338541954333,0.8285488193995202,34.22483660014381,33.588457268119896,0.6363793320239162,21.034371500715068
2018-04-11 16:00:00+00:00,0.0,0.0,0.0,0.0,0.0,19.13
2018-04-11 17:00:00+00:00,0.0,0.0,0.0,0.0,0.0,17.62
2018-04-11 18:00:00+00:00,0.0,0.0,0.0,0.0,0.0,16.93
2018-04-11 19:00:00+00:00,0.0,0.0,0.0,0.0,0.0,17.01
2018-04-11 20:00:00+00:00,0.0,0.0,0.0,0.0,0.0,16.69
2018-04-11 21:00:00+00:00,0.0,0.0,0.0,0.0,0.0,16.48
2018-04-11 22:00:00+00:00,0.0,0.0,0.0,0.0,0.0,16.17
2018-04-11 23:00:00+00:00,0.0,0.0,0.0,0.0,0.0,15.82
2018-04-12 00:00:00+00:00,0.0,0.0,0.0,0.0,0.0,15.98
2018-04-12 01:00:00+00:00,0.0,0.0,0.0,0.0,0.0,16.02
2018-04-12 02:00:00+00:00,0.0,0.0,0.0,0.0,0.0,16.03
2018-04-12 03:00:00+00:00,0.0,0.0,0.0,0.0,0.0,15.89
2018-04-12 04:00:00+00:00,48.680014011372734,1.9240884979833868,46.75592551338935,45.71762239271875,1.0383031206706,17.486005882135284
2018-04-12 05:00:00+00:00,60.784609690826535,0.0,60.784609690826535,59.71281292110204,1.0717967697244903,18.270302057506314
2018-04-12 06:00:00+00:00,278.2484384054083,20.377948834533317,257.870489570875,252.84644221279146,5.024047358083548,26.37994410237947
2018-04-12 07:00:00+00:00,607.270540724816,396.96197000203745,210.30857072277854,197.7986928011505,12.509877921628036,38.404174839901614
2018-04-12 08:00:00+00:00,685.8837243713681,343.08254050827776,342.8011838630904,329.35348376795343,13.447700095136964,41.955350717803704
2018-04-12 09:00:00+00:00,818.3693784588672,618.8190516591549,199.5503267997124,182.870489570875,16.679837228837382,47.024547719506685
2018-04-12 10:00:00+00:00,823.1267921980746,633.7893646455958,189.3374275524788,172.6073498500606,16.730077702418217,47.12254680993798
2018-04-12 11:00:00+00:00,746.9529347705361,533.1825808422966,213.7703539282395,198.73170550304275,15.038648425196754,46.11786804416284
2018-04-12 12:00:00+00:00,594.8097181825776,343.2691829783617,251.54053520421587,239.78426438630038,11.756270817915503,41.94987903313557
2018-04-12 13:00:00+00:00,418.4022024535272,203.03394496619745,215.36825748732974,207.12881982007272,8.23943766725702,36.909892339070645
2018-04-12 14:00:00+00:00,205.2590746072934,50.19225996144872,155.0668146458447,151.14805770653953,3.918756939305168,27.35041730128558
2018-04-12 15:00:00+00:00,49.92023686235851,14.15950187735245,35.76073498500606,34.52146997001212,1.239265014993942,20.429024769491924
2018-04-12 16:00:00+00:00,0.0,0.0,0.0,0.0,0.0,17.89
2018-04-12 17:00:00+00:00,0.0,0.0,0.0,0.0,0.0,17.55
2018-04-12 18:00:00+00:00,0.0,0.0,0.0,0.0,0.0,17.25
2018-04-12 19:00:00+00:00,0.0,0.0,0.0,0.0,0.0,17.53
2018-04-12 20:00:00+00:00,0.0,0.0,0.0,0.0,0.0,17.27
2018-04-12 21:00:00+00:00,0.0,0.0,0.0,0.0,0.0,16.84
2018-04-12 22:00:00+00:00,0.0,0.0,0.0,0.0,0.0,16.62
2018-04-12 23:00:00+00:00,0.0,0.0,0.0,0.0,0.0,16.47
2018-04-13 00:00:00+00:00,0.0,0.0,0.0,0.0,0.0,16.04
2018-04-13 01:00:00+00:00,0.0,0.0,0.0,0.0,0.0,16.01
2018-04-13 02:00:00+00:00,0.0,0.0,0.0,0.0,0.0,15.91
2018-04-13 03:00:00+00:00,0.0,0.0,0.0,0.0,0.0,15.7
2018-04-13 04:00:00+00:00,50.835424014361664,2.962270729283698,47.87315328507797,46.65063509461097,1.2225181904669968,17.49629473241491
2018-04-13 05:00:00+00:00,221.65928466467037,69.65464784531673,152.00463681935364,147.41600689897066,4.588629920382974,24.42790512725874
2018-04-13 06:00:00+00:00,400.74357115078874,157.61938815006965,243.12418300071909,235.1192008768393,8.004982123879786,31.463442832330408
2018-04-13 07:00:00+00:00,505.9779435921554,144.63622452484915,361.34171906730626,351.7457886133667,9.595930453939578,36.67660632875584
2018-04-13 08:00:00+00:00,571.9301928118596,135.84216717439728,436.08802563746224,425.4537920628521,10.634233574610178,40.098832900065396
2018-04-13 09:00:00+00:00,765.6699339453048,435.1892581579031,330.48067578740165,315.3582932395702,15.122382547831482,47.1354926163079
2018-04-13 10:00:00+00:00,789.4887142640624,507.8380791694514,281.650635094611,265.90862003928254,15.742015055328451,47.69319852300772
2018-04-13 11:00:00+00:00,667.4042996194162,299.0816457863136,368.32265383310255,355.4778394209356,12.844814412166938,43.629568812755885
2018-04-13 12:00:00+00:00,520.4949358493689,175.69624304821835,344.7986928011505,334.95155997930675,9.847132821843754,38.30869843927045
2018-04-13 13:00:00+00:00,388.7061788117376,139.58680528263523,249.11937352910238,241.65028979008483,7.469083739017542,33.353495869166295
2018-04-13 14:00:00+00:00,221.85859003470054,78.43528260217326,143.42330743252728,139.0188925819407,4.404414850586577,26.814195152496865
2018-04-13 15:00:00+00:00,37.5598778724671,1.4020285704310655,36.157849302036034,35.45448267190434,0.7033666301316968,20.41791981680163
2018-04-13 16:00:00+00:00,0.0,0.0,0.0,0.0,0.0,18.29
2018-04-13 17:00:00+00:00,0.0,0.0,0.0,0.0,0.0,17.67
2018-04-13 18:00:00+00:00,0.0,0.0,0.0,0.0,0.0,17.42
2018-04-13 19:00:00+00:00,0.0,0.0,0.0,0.0,0.0,17.49
2018-04-13 20:00:00+00:00,0.0,0.0,0.0,0.0,0.0,17.34
2018-04-13 21:00:00+00:00,0.0,0.0,0.0,0.0,0.0,16.97
2018-04-13 22:00:00+00:00,0.0,0.0,0.0,0.0,0.0,16.65
2018-04-13 23:00:00+00:00,0.0,0.0,0.0,0.0,0.0,16.16
2018-04-14 00:00:00+00:00,0.0,0.0,0.0,0.0,0.0,16.22
2018-04-14 01:00:00+00:00,0.0,0.0,0.0,0.0,0.0,16.4
2018-04-14 02:00:00+00:00,0.0,0.0,0.0,0.0,0.0,16.42
2018-04-14 03:00:00+00:00,0.0,0.0,0.0,0.0,0.0,16.32
2018-04-14 04:00:00+00:00,28.49278579257494,0.0,28.49278579257494,27.990381056766584,0.5024047358083549,17.24295408945608
2018-04-14 05:00:00+00:00,102.57402885326978,0.0,102.57402885326978,100.7653718043597,1.8086570489100775,20.315975364347143
2018-04-14 06:00:00+00:00,90.22715500982063,0.0,90.22715500982063,88.63620667976085,1.5909483300597904,20.964354616610937
2018-04-14 07:00:00+00:00,427.961847307576,60.91444320046119,367.0474041071148,359.2098902285045,7.837513878610336,33.98275427303765
2018-04-14 08:00:00+00:00,660.2151952266543,286.3112120067253,373.90398321992893,361.0759156322889,12.828067587639994,43.34425679798515
2018-04-14 09:00:00+00:00,634.6209041920506,170.26973883377403,464.3511653582766,452.5111604177264,11.840004940550228,42.711399124761215
2018-04-14 10:00:00+00:00,653.6963975767403,199.18970132610443,454.50669625063585,442.248020696912,12.258675553723858,43.97497749885125
2018-04-14 11:00:00+00:00,461.5377364221706,45.504760729905954,416.03297569226464,407.72655072689986,8.3064249653648,38.19868324852614
2018-04-14 12:00:00+00:00,310.4338725436607,9.15914077446217,301.2747317691985,295.76502649983354,5.509705269364958,33.28180266299962
2018-04-14 13:00:00+00:00,271.00387891947264,20.748212384477917,250.25566653499473,245.3823405976537,4.873325937341042,30.77246161572253
2018-04-14 14:00:00+00:00,50.33725490021572,0.0,50.33725490021572,49.44967320028763,0.8875816999280935,20.83219633611401
2018-04-14 15:00:00+00:00,22.794228634059948,0.0,22.794228634059948,22.392304845413264,0.4019237886466839,19.336363271564867
2018-04-14 16:00:00+00:00,0.0,0.0,0.0,0.0,0.0,17.76
2018-04-14 17:00:00+00:00,0.0,0.0,0.0,0.0,0.0,16.87
2018-04-14 18:00:00+00:00,0.0,0.0,0.0,0.0,0.0,16.61
2018-04-14 19:00:00+00:00,0.0,0.0,0.0,0.0,0.0,16.59
2018-04-14 20:00:00+00:00,0.0,0.0,0.0,0.0,0.0,16.39
2018-04-14 21:00:00+00:00,0.0,0.0,0.0,0.0,0.0,16.08
2018-04-14 22:00:00+00:00,0.0,0.0,0.0,0.0,0.0,15.79
2018-04-14 23:00:00+00:00,0.0,0.0,0.0,0.0,0.0,15.69
2018-04-15 00:00:00+00:00,0.0,0.0,0.0,0.0,0.0,15.49
2018-04-15 01:00:00+00:00,0.0,0.0,0.0,0.0,0.0,15.47
2018-04-15 02:00:00+00:00,0.0,0.0,0.0,0.0,0.0,15.34
2018-04-15 03:00:00+00:00,0.0,0.0,0.0,0.0,0.0,15.41
2018-04-15 04:00:00+00:00,7.598076211353317,0.0,7.598076211353317,7.464101615137755,0.1339745962155613,15.736261252151555
2018-04-15 05:00:00+00:00,134.07404578213064,2.9234970136511884,131.15054876847944,128.75575286112627,2.394795907353158,20.57688488302775
2018-04-15 06:00:00+00:00,305.63306669650416,35.04727314258719,270.585793553917,264.97560733739033,5.610186216526629,26.927299843372754
2018-04-15 07:00:00+00:00,617.0142300157058,472.26294132167016,144.7512886940357,131.55479096680293,13.196497727232787,37.575415435822954
2018-04-15 08:00:00+00:00,737.9976445336661,548.1841780131392,189.8134665205268,174.47337525384503,15.340091266681767,41.93310409164552
2018-04-15 09:00:00+00:00,797.9442290223649,573.5709894111553,224.37323961120953,208.06183252196493,16.311407089244586,44.51821691316649
2018-04-15 10:00:00+00:00,807.3457798316783,608.8791871546007,198.46659267707767,181.9374768689828,16.529115808094875,45.03999673135931
2018-04-15 11:00:00+00:00,772.0510832419604,657.9743043483562,114.07677889360428,97.96633369868304,16.110445194921244,43.15592949888562
2018-04-15 12:00:00+00:00,620.5400970416217,470.5424154512985,149.99768159032317,137.15286717815624,12.844814412166938,37.888029072624136
2018-04-15 13:00:00+00:00,409.0369976546167,195.63524651823306,213.4017511363836,205.26279441628827,8.138956720095349,31.68327446797749
2018-04-15 14:00:00+00:00,133.28594538992593,4.018168849757882,129.26777654016806,126.88972745734183,2.378049082826213,23.22881383498045
2018-04-15 15:00:00+00:00,30.693880304770264,0.2848286348300536,30.40905166994021,29.85640646055102,0.5526452093891904,19.862762592204692
2018-04-15 16:00:00+00:00,0.0,0.0,0.0,0.0,0.0,18.18
2018-04-15 17:00:00+00:00,0.0,0.0,0.0,0.0,0.0,17.94
2018-04-15 18:00:00+00:00,0.0,0.0,0.0,0.0,0.0,17.64
2018-04-15 19:00:00+00:00,0.0,0.0,0.0,0.0,0.0,17.74
2018-04-15 20:00:00+00:00,0.0,0.0,0.0,0.0,0.0,17.18
2018-04-15 21:00:00+00:00,0.0,0.0,0.0,0.0,0.0,16.8
2018-04-15 22:00:00+00:00,0.0,0.0,0.0,0.0,0.0,16.47
2018-04-15 23:00:00+00:00,0.0,0.0,0.0,0.0,0.0,16.43
2018-04-16 00:00:00+00:00,0.0,0.0,0.0,0.0,0.0,16.1
2018-04-16 01:00:00+00:00,0.0,0.0,0.0,0.0,0.0,15.94
2018-04-16 02:00:00+00:00,0.0,0.0,0.0,0.0,0.0,15.6
2018-04-16 03:00:00+00:00,0.0,0.0,0.0,0.0,0.0,15.25
2018-04-16 04:00:00+00:00,41.10812229086221,0.2182221812572996,40.889900109604916,40.119546181365436,0.7703539282394775,16.713459824438285
2018-04-16 05:00:00+00:00,222.5038619437749,75.01356721313984,147.49029473063504,142.75094338950956,4.739351341125481,23.041049514828863
2018-04-16 06:00:00+00:00,422.249231803396,236.0005204974317,186.2487113059643,177.2724133595217,8.976297946442607,29.702727865246953
2018-04-16 07:00:00+00:00,570.9436707351715,292.5634758949315,278.38019484023994,266.84163274117475,11.538562099065217,35.618626280105936
2018-04-16 08:00:00+00:00,595.9902735819121,171.4117805615518,424.5784930203603,413.3246269382532,11.253866082107148,36.47673829318179
2018-04-16 09:00:00+00:00,630.5053266118326,168.07042713092127,462.4348994809114,450.64513501394197,11.789764466969395,37.64520467570843
2018-04-16 10:00:00+00:00,766.2522479505728,465.44376355392586,300.808484396647,285.5018867790191,15.306597617627878,41.99223678621305
2018-04-16 11:00:00+00:00,668.8162236650728,321.75190008116795,347.0643235839048,334.01854727741454,13.04577630649028,39.6923760022554
2018-04-16 12:00:00+00:00,569.1575020662427,296.6433326297872,272.5141694364555,261.24355652982143,11.270612906634094,37.140701954024365
2018-04-16 13:00:00+00:00,190.49658557884038,1.4609461723727326,189.03563940646765,185.66952767655167,3.3661117299159775,26.616184213525525
2018-04-16 14:00:00+00:00,44.63869774170073,0.0,44.63869774170073,43.85159698893431,0.7871007527664226,21.519332893821726
2018-04-16 15:00:00+00:00,5.698557158514987,0.0,5.698557158514987,5.598076211353316,0.10048094716167097,19.444555172948274
2018-04-16 16:00:00+00:00,0.0,0.0,0.0,0.0,0.0,18.42
2018-04-16 17:00:00+00:00,0.0,0.0,0.0,0.0,0.0,17.71
2018-04-16 18:00:00+00:00,0.0,0.0,0.0,0.0,0.0,16.96
2018-04-16 19:00:00+00:00,0.0,0.0,0.0,0.0,0.0,16.59
2018-04-16 20:00:00+00:00,0.0,0.0,0.0,0.0,0.0,15.91
2018-04-16 21:00:00+00:00,0.0,0.0,0.0,0.0,0.0,15.66
2018-04-16 22:00:00+00:00,0.0,0.0,0.0,0.0,0.0,15.61
2018-04-16 23:00:00+00:00,0.0,0.0,0.0,0.0,0.0,15.36
2018-04-17 00:00:00+00:00,0.0,0.0,0.0,0.0,0.0,15.27
2018-04-17 01:00:00+00:00,0.0,0.0,0.0,0.0,0.0,15.24
2018-04-17 02:00:00+00:00,0.0,0.0,0.0,0.0,0.0,15.22
2018-04-17 03:00:00+00:00,0.0,0.0,0.0,0.0,0.0,15.12
2018-04-17 04:00:00+00:00,7.598076211353317,0.0,7.598076211353317,7.464101615137755,0.1339745962155613,15.497023405974739
2018-04-17 05:00:00+00:00,129.02515503715802,1.7071380234091216,127.31801701374889,125.0237020535574,2.294314960191487,19.830627028943088
2018-04-17 06:00:00+00:00,318.3690249657661,44.68275046468746,273.6862745010786,267.77464544306696,5.911629058011642,26.722531783156008
2018-04-17 07:00:00+00:00,451.0385269034055,81.58919900764401,369.4493278957615,361.0759156322889,8.37341226347258,31.03790078106114
2018-04-17 08:00:00+00:00,725.7090788440482,519.3358392328387,206.37323961120953,191.26760388790498,15.105635723304536,40.873086135721294
2018-04-17 09:00:00+00:00,722.0007506149265,343.0584642743269,378.94228634059954,364.8079664398578,14.134319900741716,41.014710110135006
2018-04-17 10:00:00+00:00,724.6307016499918,352.186010573584,372.4446910764078,358.2768775266122,14.167813549795607,41.39328695607971
2018-04-17 11:00:00+00:00,714.2310327837812,473.9559557100565,240.27507707372465,225.7890738579171,14.486003215807564,40.91855358943978
2018-04-17 12:00:00+00:00,393.07291471442494,43.539852696028746,349.5330620183962,342.41566159444454,7.117400423951693,32.03228828634168
2018-04-17 13:00:00+00:00,264.3123620715885,18.838986817743454,245.47337525384503,240.71727708819262,4.756098165652426,28.230983501394252
2018-04-17 14:00:00+00:00,150.3091216714922,10.426522095443898,139.8825995760483,137.15286717815624,2.7297323978920613,24.457443530535873
2018-04-17 15:00:00+00:00,25.877369657177262,0.21711561933287102,25.66025403784439,25.191342951089926,0.4689110867544645,19.85863280837298
2018-04-17 16:00:00+00:00,0.0,0.0,0.0,0.0,0.0,18.17
2018-04-17 17:00:00+00:00,0.0,0.0,0.0,0.0,0.0,17.58
2018-04-17 18:00:00+00:00,0.0,0.0,0.0,0.0,0.0,16.98
2018-04-17 19:00:00+00:00,0.0,0.0,0.0,0.0,0.0,16.61
2018-04-17 20:00:00+00:00,0.0,0.0,0.0,0.0,0.0,16.33
2018-04-17 21:00:00+00:00,0.0,0.0,0.0,0.0,0.0,16.04
2018-04-17 22:00:00+00:00,0.0,0.0,0.0,0.0,0.0,15.64
2018-04-17 23:00:00+00:00,0.0,0.0,0.0,0.0,0.0,15.46
2018-04-18 00:00:00+00:00,0.0,0.0,0.0,0.0,0.0,15.28
2018-04-18 01:00:00+00:00,0.0,0.0,0.0,0.0,0.0,15.2
2018-04-18 02:00:00+00:00,0.0,0.0,0.0,0.0,0.0,14.9
2018-04-18 03:00:00+00:00,0.0,0.0,0.0,0.0,0.0,14.58
2018-04-18 04:00:00+00:00,42.66370572456266,1.9029707395566013,40.76073498500606,39.18653347947321,1.574201505532845,15.811229084278633
2018-04-18 05:00:00+00:00,135.85839516495855,2.8083273436408067,133.05006782131775,130.62177826491072,2.4282895564070484,20.74838883093609
2018-04-18 06:00:00+00:00,274.7721212163578,18.81789752284804,255.95422369350973,250.980416809007,4.973806884502713,27.447006330778905
2018-04-18 07:00:00+00:00,391.52164723153754,37.34026852820724,354.1813787033303,347.0807251039056,7.100653599424748,33.13872728858241
2018-04-18 08:00:00+00:00,755.7800554032422,641.5693019134224,114.21075348981985,97.96633369868304,16.244419791136806,45.936044581583396
2018-04-18 09:00:00+00:00,829.0642595062516,720.927621195833,108.13663831041853,90.50223208354528,17.634406226873256,49.38388047925854
2018-04-18 10:00:00+00:00,805.5514694433516,645.9867142287891,159.5647552145625,142.75094338950956,16.81381182505294,48.83932848582355
2018-04-18 11:00:00+00:00,598.8123985968007,186.29608340293137,412.5163151938693,401.19546181365433,11.32085338021493,42.62144477661907
2018-04-18 12:00:00+00:00,66.48316684934152,0.0,66.48316684934152,65.31088913245536,1.1722777168861613,25.499748542523047
2018-04-18 13:00:00+00:00,51.28701442663489,0.0,51.28701442663489,50.38268590217985,0.9043285244550388,23.55567341346569
2018-04-18 14:00:00+00:00,46.53821679453907,0.0,46.53821679453907,45.71762239271875,0.820594401820313,21.559333584891867
2018-04-18 15:00:00+00:00,18.045431001964126,0.0,18.045431001964126,17.72724133595217,0.3181896660119581,19.196425945968635
2018-04-18 16:00:00+00:00,0.0,0.0,0.0,0.0,0.0,17.6
2018-04-18 17:00:00+00:00,0.0,0.0,0.0,0.0,0.0,17.02
2018-04-18 18:00:00+00:00,0.0,0.0,0.0,0.0,0.0,16.61
2018-04-18 19:00:00+00:00,0.0,0.0,0.0,0.0,0.0,16.55
2018-04-18 20:00:00+00:00,0.0,0.0,0.0,0.0,0.0,16.43
2018-04-18 21:00:00+00:00,0.0,0.0,0.0,0.0,0.0,16.46
2018-04-18 22:00:00+00:00,0.0,0.0,0.0,0.0,0.0,16.11
2018-04-18 23:00:00+00:00,0.0,0.0,0.0,0.0,0.0,15.83
2018-04-19 00:00:00+00:00,0.0,0.0,0.0,0.0,0.0,15.62
2018-04-19 01:00:00+00:00,0.0,0.0,0.0,0.0,0.0,15.62
2018-04-19 02:00:00+00:00,0.0,0.0,0.0,0.0,0.0,15.53
2018-04-19 03:00:00+00:00,0.0,0.0,0.0,0.0,0.0,15.38
2018-04-19 04:00:00+00:00,7.598076211353317,0.0,7.598076211353317,7.464101615137755,0.1339745962155613,15.67449676175639
2018-04-19 05:00:00+00:00,189.99849959772618,24.936494423498168,165.062005174228,161.41119742735395,3.650807746874045,23.304766300998214
2018-04-19 06:00:00+00:00,355.2098712640019,83.384812695091,271.8250585689109,264.97560733739033,6.849451231520571,30.493325551532493
2018-04-19 07:00:00+00:00,571.6282212380254,313.539850296037,258.0883709419884,246.31535329954593,11.773017642442449,38.48919775776878
2018-04-19 08:00:00+00:00,535.5826895271152,101.14779004620385,434.4348994809113,424.5207793609598,9.914120119951535,38.5935863736185
2018-04-19 09:00:00+00:00,636.14732543787,180.975565677773,455.17175976009696,443.18103339880423,11.990726361292735,42.44473458580228
2018-04-19 10:00:00+00:00,101.62426932685061,0.0,101.62426932685061,99.83235910246748,1.7919102243831322,26.379994247527055
2018-04-19 11:00:00+00:00,191.85142433667124,0.0,191.85142433667124,188.46856578222832,3.382858554442923,29.27070293699508
2018-04-19 12:00:00+00:00,309.0420918007982,9.65013225991109,299.3919595408871,293.8990010960491,5.492958444838013,32.10194242886798
2018-04-19 13:00:00+00:00,83.57883832488648,0.0,83.57883832488648,82.1051177665153,1.4737205583711743,24.53666532907118
2018-04-19 14:00:00+00:00,96.8754716947548,0.0,96.8754716947548,95.16729559300639,1.7081761017484065,24.175381291823445
2018-04-19 15:00:00+00:00,9.497595264191647,0.0,9.497595264191647,9.330127018922195,0.16746824526945162,20.722161743234388
2018-04-19 16:00:00+00:00,0.0,0.0,0.0,0.0,0.0,19.48
2018-04-19 17:00:00+00:00,0.0,0.0,0.0,0.0,0.0,18.62
2018-04-19 18:00:00+00:00,0.0,0.0,0.0,0.0,0.0,17.67
2018-04-19 19:00:00+00:00,0.0,0.0,0.0,0.0,0.0,16.24
2018-04-19 20:00:00+00:00,0.0,0.0,0.0,0.0,0.0,15.71
2018-04-19 21:00:00+00:00,0.0,0.0,0.0,0.0,0.0,15.49
2018-04-19 22:00:00+00:00,0.0,0.0,0.0,0.0,0.0,15.24
2018-04-19 23:00:00+00:00,0.0,0.0,0.0,0.0,0.0,15.08
2018-04-20 00:00:00+00:00,0.0,0.0,0.0,0.0,0.0,14.97
2018-04-20 01:00:00+00:00,0.0,0.0,0.0,0.0,0.0,14.95
2018-04-20 02:00:00+00:00,0.0,0.0,0.0,0.0,0.0,14.9
2018-04-20 03:00:00+00:00,0.0,0.0,0.0,0.0,0.0,14.68
2018-04-20 04:00:00+00:00,17.09567147554496,0.0,17.09567147554496,16.794228634059948,0.3014428414850129,15.354018649799169
2018-04-20 05:00:00+00:00,107.88662455491831,0.5470512450257744,107.33957330989254,105.4304353138208,1.9091379960717485,20.116404995928438
2018-04-20 06:00:00+00:00,425.3018863438465,299.9453935571639,125.35649278668257,115.6935750346352,9.662917752047358,32.57858874261768
2018-04-20 07:00:00+00:00,604.9245098062116,475.933956097182,128.99055370902965,115.6935750346352,13.296978674394458,40.42835162729605
2018-04-20 08:00:00+00:00,724.5693702698956,560.7797784551892,163.7895918147063,148.34901960086287,15.440572213843438,45.31915952111761
2018-04-20 09:00:00+00:00,692.8726511661628,289.39214803102413,403.4805031351386,389.9993093909477,13.481193744190856,44.974291712520234
2018-04-20 10:00:00+00:00,752.8080659562459,461.41344270115576,291.3946232550901,276.17175976009696,15.222863494993153,46.29372929326706
2018-04-20 11:00:00+00:00,251.6862745010786,0.0,251.6862745010786,247.24836600143814,4.437908499640468,31.273309004819
2018-04-20 12:00:00+00:00,430.53618265055445,74.58445001898454,355.9517326315699,348.01373780579786,7.937994825772007,36.77010668956137
2018-04-20 13:00:00+00:00,73.13148353427567,0.0,73.13148353427567,71.8419780457009,1.2895054885747774,23.85994174412651
2018-04-20 14:00:00+00:00,58.8850906379882,0.0,58.8850906379882,57.8467875173176,1.0383031206706,22.49273090486381
2018-04-20 15:00:00+00:00,11.397114317029974,0.0,11.397114317029974,11.196152422706632,0.20096189432334194,20.022285775891884
2018-04-20 16:00:00+00:00,0.0,0.0,0.0,0.0,0.0,18.53
2018-04-20 17:00:00+00:00,0.0,0.0,0.0,0.0,0.0,17.99
2018-04-20 18:00:00+00:00,0.0,0.0,0.0,0.0,0.0,17.66
2018-04-20 19:00:00+00:00,0.0,0.0,0.0,0.0,0.0,16.68
2018-04-20 20:00:00+00:00,0.0,0.0,0.0,0.0,0.0,16.62
2018-04-20 21:00:00+00:00,0.0,0.0,0.0,0.0,0.0,16.48
2018-04-20 22:00:00+00:00,0.0,0.0,0.0,0.0,0.0,16.23
2018-04-20 23:00:00+00:00,0.0,0.0,0.0,0.0,0.0,16.07
2018-04-21 00:00:00+00:00,0.0,0.0,0.0,0.0,0.0,15.93
2018-04-21 01:00:00+00:00,0.0,0.0,0.0,0.0,0.0,15.76
2018-04-21 02:00:00+00:00,0.0,0.0,0.0,0.0,0.0,15.54
2018-04-21 03:00:00+00:00,0.0,0.0,0.0,0.0,0.0,15.21
2018-04-21 04:00:00+00:00,17.09567147554496,0.0,17.09567147554496,16.794228634059948,0.3014428414850129,15.685561422496601
2018-04-21 05:00:00+00:00,99.72475027401228,0.0,99.72475027401228,97.96633369868304,1.758416575329242,20.028569182202737
2018-04-21 06:00:00+00:00,414.1123449030871,239.89231777455998,174.2200271285271,165.14324823492282,9.076778893604278,31.34581417365553
2018-04-21 07:00:00+00:00,512.9183096556714,171.68419941682018,341.23411023885114,331.2195091717379,10.014601067113206,34.3526332593979
2018-04-21 08:00:00+00:00,658.5648117519113,316.06507073030593,342.49974102160536,329.35348376795343,13.146257253651951,39.24730064582245
2018-04-21 09:00:00+00:00,700.2546339259136,310.51811895125417,389.7365149746595,376.00411886256444,13.732396112095033,40.589827619983396
2018-04-21 10:00:00+00:00,754.8381452368931,478.22100379133605,276.6171414455571,261.24355652982143,15.373584915735659,42.42907073033862
2018-04-21 11:00:00+00:00,746.4678426478165,644.6374566504996,101.83038599731682,85.83716857408419,15.993217423232629,42.60982119363989
2018-04-21 12:00:00+00:00,605.3577280966387,486.9317569499084,118.42597114673023,105.4304353138208,12.995535832909445,38.8744717492211
2018-04-21 13:00:00+00:00,386.17382780987646,169.39170918098978,216.78211862888665,208.99484522385714,7.7872734050295005,32.513244574896845
2018-04-21 14:00:00+00:00,155.737165689131,12.921553411190484,142.81561227794052,139.9519052838329,2.8637069941076225,25.467112762451624
2018-04-21 15:00:00+00:00,20.89470958122162,0.0,20.89470958122162,20.526279441628827,0.3684301395927936,20.979213573481285
2018-04-21 16:00:00+00:00,0.0,0.0,0.0,0.0,0.0,19.38
2018-04-21 17:00:00+00:00,0.0,0.0,0.0,0.0,0.0,18.87
2018-04-21 18:00:00+00:00,0.0,0.0,0.0,0.0,0.0,18.76
2018-04-21 19:00:00+00:00,0.0,0.0,0.0,0.0,0.0,17.31
2018-04-21 20:00:00+00:00,0.0,0.0,0.0,0.0,0.0,16.59
2018-04-21 21:00:00+00:00,0.0,0.0,0.0,0.0,0.0,16.36
2018-04-21 22:00:00+00:00,0.0,0.0,0.0,0.0,0.0,16.17
2018-04-21 23:00:00+00:00,0.0,0.0,0.0,0.0,0.0,16.19
2018-04-22 00:00:00+00:00,0.0,0.0,0.0,0.0,0.0,16.05
2018-04-22 01:00:00+00:00,0.0,0.0,0.0,0.0,0.0,15.87
2018-04-22 02:00:00+00:00,0.0,0.0,0.0,0.0,0.0,15.7
2018-04-22 03:00:00+00:00,0.0,0.0,0.0,0.0,0.0,15.65
2018-04-22 04:00:00+00:00,7.598076211353317,0.0,7.598076211353317,7.464101615137755,0.1339745962155613,15.754496761756391
2018-04-22 05:00:00+00:00,100.67450980043144,0.0,100.67450980043144,98.89934640057525,1.775163399856187,20.094024044284886
2018-04-22 06:00:00+00:00,207.82294284152155,2.6078978368741983,205.21504500464735,201.5307436087194,3.6843013959279354,24.71109974675239
2018-04-22 07:00:00+00:00,266.1904852978839,2.1070964797753047,264.08338881810863,259.377531126037,4.70585769207159,26.9490026276738
2018-04-22 08:00:00+00:00,421.7149616225597,26.94512565110946,394.7698359714503,387.20027128527107,7.569564686179213,32.81293896477386
2018-04-22 09:00:00+00:00,726.7115630106068,389.30268399292976,337.4088790176771,322.8223948547079,14.586484162969235,42.7150419469609
2018-04-22 10:00:00+00:00,715.478315290397,363.50966318203706,351.9686521083599,337.75059808498344,14.218054023376443,43.307803406037166
2018-04-22 11:00:00+00:00,701.8331730652984,492.2470342068553,209.5861388584431,194.99965469547385,14.586484162969235,42.13159994545335
2018-04-22 12:00:00+00:00,596.9867300925096,474.0464168570607,122.94031323544883,110.09549882328189,12.844814412166938,38.974329641360946
2018-04-22 13:00:00+00:00,420.41630426076983,310.3899384930094,110.02636576776038,100.7653718043597,9.260993963400674,32.4239617720398
2018-04-22 14:00:00+00:00,220.78207404407388,143.6815930969122,77.10048094716169,71.8419780457009,5.258502901460781,26.04733801983972
2018-04-22 15:00:00+00:00,16.145911949125797,0.0,16.145911949125797,15.86121593216773,0.28469601695806773,19.249388929376742
2018-04-22 16:00:00+00:00,0.0,0.0,0.0,0.0,0.0,18.21
2018-04-22 17:00:00+00:00,0.0,0.0,0.0,0.0,0.0,17.42
2018-04-22 18:00:00+00:00,0.0,0.0,0.0,0.0,0.0,16.8
2018-04-22 19:00:00+00:00,0.0,0.0,0.0,0.0,0.0,16.32
2018-04-22 20:00:00+00:00,0.0,0.0,0.0,0.0,0.0,15.84
2018-04-22 21:00:00+00:00,0.0,0.0,0.0,0.0,0.0,15.65
2018-04-22 22:00:00+00:00,0.0,0.0,0.0,0.0,0.0,15.4
2018-04-22 23:00:00+00:00,0.0,0.0,0.0,0.0,0.0,15.3
2018-04-23 00:00:00+00:00,0.0,0.0,0.0,0.0,0.0,15.31
2018-04-23 01:00:00+00:00,0.0,0.0,0.0,0.0,0.0,15.32
2018-04-23 02:00:00+00:00,0.0,0.0,0.0,0.0,0.0,15.07
2018-04-23 03:00:00+00:00,0.0,0.0,0.0,0.0,0.0,14.93
2018-04-23 04:00:00+00:00,45.34206437183243,0.0,45.34206437183243,43.85159698893431,1.4904673828981194,16.49465877250605
2018-04-23 05:00:00+00:00,221.36465433885996,128.00103367088386,93.3636206679761,87.70319397786862,5.660426690107465,24.09090314105914
2018-04-23 06:00:00+00:00,419.749551826199,301.77342653201947,117.97612529417954,108.22947341949745,9.746651874682083,32.05544308910175
2018-04-23 07:00:00+00:00,562.5684997083052,311.02796450408937,251.54053520421587,239.78426438630038,11.756270817915503,37.975927328662465
2018-04-23 08:00:00+00:00,640.682907293739,276.2430256889479,364.43988160479114,351.7457886133667,12.694092991424432,41.4957081707739
2018-04-23 09:00:00+00:00,655.4625015684092,223.01317367264764,432.44932789576154,419.85571585149876,12.59361204426276,42.32152646159898
2018-04-23 10:00:00+00:00,705.9706117914825,337.4589334169669,368.51167837451567,354.5448267190434,13.966851655472265,44.14206998250776
2018-04-23 11:00:00+00:00,468.20777511587363,54.77287563496226,413.4348994809114,404.92751262122323,8.507386859688141,37.23886360427379
2018-04-23 12:00:00+00:00,64.58364779650319,0.0,64.58364779650319,63.44486372867092,1.138784067832271,24.930691741709666
2018-04-23 13:00:00+00:00,358.43760203395493,116.28473485579863,242.15286717815627,235.1192008768393,7.033666301316968,34.11217643180976
2018-04-23 14:00:00+00:00,211.02054440487348,112.87944192736438,98.1411024775091,93.30127018922194,4.839832288287152,29.31312705243407
2018-04-23 15:00:00+00:00,16.145911949125797,0.0,16.145911949125797,15.86121593216773,0.28469601695806773,22.335174846304522
2018-04-23 16:00:00+00:00,0.0,0.0,0.0,0.0,0.0,20.08
2018-04-23 17:00:00+00:00,0.0,0.0,0.0,0.0,0.0,18.51
2018-04-23 18:00:00+00:00,0.0,0.0,0.0,0.0,0.0,17.49
2018-04-23 19:00:00+00:00,0.0,0.0,0.0,0.0,0.0,16.8
2018-04-23 20:00:00+00:00,0.0,0.0,0.0,0.0,0.0,16.74
2018-04-23 21:00:00+00:00,0.0,0.0,0.0,0.0,0.0,16.5
2018-04-23 22:00:00+00:00,0.0,0.0,0.0,0.0,0.0,16.23
2018-04-23 23:00:00+00:00,0.0,0.0,0.0,0.0,0.0,15.94
2018-04-24 00:00:00+00:00,0.0,0.0,0.0,0.0,0.0,15.9
2018-04-24 01:00:00+00:00,0.0,0.0,0.0,0.0,0.0,15.85
2018-04-24 02:00:00+00:00,0.0,0.0,0.0,0.0,0.0,15.82
2018-04-24 03:00:00+00:00,0.0,0.0,0.0,0.0,0.0,15.7
2018-04-24 04:00:00+00:00,7.598076211353317,0.0,7.598076211353317,7.464101615137755,0.1339745962155613,16.25353534279884
2018-04-24 05:00:00+00:00,28.49278579257494,0.0,28.49278579257494,27.990381056766584,0.5024047358083549,18.137167174206965
2018-04-24 06:00:00+00:00,49.38749537379656,0.0,49.38749537379656,48.51666049839541,0.8708348754011483,20.314228951416542
2018-04-24 07:00:00+00:00,122.51897890807223,0.0,122.51897890807223,120.35863854409631,2.160340363975926,23.39372395018378
2018-04-24 08:00:00+00:00,272.58098408230023,0.0,272.58098408230023,267.77464544306696,4.806338639233261,28.467363581729295
2018-04-24 09:00:00+00:00,406.54431219009615,13.975438112969258,392.5688740771269,385.3342458814866,7.23462819564031,32.744465800835755
2018-04-24 10:00:00+00:00,525.5094948314149,71.7995182767789,453.709976554636,444.11404610069644,9.595930453939578,35.96709739012492
2018-04-24 11:00:00+00:00,514.5462161595636,93.57541829379004,420.9707978657736,411.45860153446876,9.512196331304851,36.041813992039195
2018-04-24 12:00:00+00:00,443.179079180536,92.4737394452536,350.7053397352824,342.41566159444454,8.289678140837855,32.50893532754276
2018-04-24 13:00:00+00:00,403.8560215898593,264.4421604483024,139.41386114155694,130.62177826491072,8.79208287664621,31.831292477514666
2018-04-24 14:00:00+00:00,140.8324703787468,7.648427961213454,133.18404241753333,130.62177826491072,2.5622641526226095,23.110119511902493
2018-04-24 15:00:00+00:00,34.37555802088632,0.0,34.37555802088632,33.588457268119896,0.7871007527664226,19.594517787051082
2018-04-24 16:00:00+00:00,0.0,0.0,0.0,0.0,0.0,17.89
2018-04-24 17:00:00+00:00,0.0,0.0,0.0,0.0,0.0,17.28
2018-04-24 18:00:00+00:00,0.0,0.0,0.0,0.0,0.0,16.82
2018-04-24 19:00:00+00:00,0.0,0.0,0.0,0.0,0.0,16.48
2018-04-24 20:00:00+00:00,0.0,0.0,0.0,0.0,0.0,15.98
2018-04-24 21:00:00+00:00,0.0,0.0,0.0,0.0,0.0,15.63
2018-04-24 22:00:00+00:00,0.0,0.0,0.0,0.0,0.0,15.57
2018-04-24 23:00:00+00:00,0.0,0.0,0.0,0.0,0.0,15.44
2018-04-25 00:00:00+00:00,0.0,0.0,0.0,0.0,0.0,15.42
2018-04-25 01:00:00+00:00,0.0,0.0,0.0,0.0,0.0,15.38
2018-04-25 02:00:00+00:00,0.0,0.0,0.0,0.0,0.0,15.44
2018-04-25 03:00:00+00:00,0.0,0.0,0.0,0.0,0.0,15.4
2018-04-25 04:00:00+00:00,8.54783573777248,0.0,8.54783573777248,8.397114317029974,0.15072142074250644,15.804803043630873
2018-04-25 05:00:00+00:00,111.64824684904174,0.5096354334725388,111.1386114155692,109.16248612138968,1.976125294179529,19.58917535226252
2018-04-25 06:00:00+00:00,120.6194598552339,0.0,120.6194598552339,118.49261314031186,2.1268467149220354,20.67978314357861
2018-04-25 07:00:00+00:00,321.9017244808849,11.062410149387004,310.8393143314979,305.09515351875575,5.744160812742191,29.471505037628877
2018-04-25 08:00:00+00:00,500.4916331863477,73.29118924881355,427.20044393753415,417.9896904477143,9.210753489819838,36.66959430461573
2018-04-25 09:00:00+00:00,439.7666400641089,24.169081809544817,415.5975582545641,407.72655072689986,7.871007527664226,34.38132859492017
2018-04-25 10:00:00+00:00,491.39760660473615,48.65413640104622,442.7434702036899,433.850906379882,8.892563823807881,36.52223020867459
2018-04-25 11:00:00+00:00,673.9298122492643,410.03278425836584,263.89702799089844,250.0474041071148,13.849623883783648,41.05924398718408
2018-04-25 12:00:00+00:00,381.1882066004955,40.236473968925694,340.9517326315698,334.01854727741454,6.933185354155297,33.57148736904539
2018-04-25 13:00:00+00:00,175.45323630287243,0.680736617219202,174.77249968565323,171.67433714816838,3.0981625374848547,25.6632964636045
2018-04-25 14:00:00+00:00,205.47736045463205,103.70468811671573,101.7726723379163,97.03332099679082,4.739351341125481,26.39929343683974
2018-04-25 15:00:00+00:00,33.50953261710188,0.0,33.50953261710188,32.65544456622768,0.8540880508742033,19.744864529821598
2018-04-25 16:00:00+00:00,0.0,0.0,0.0,0.0,0.0,17.79
2018-04-25 17:00:00+00:00,0.0,0.0,0.0,0.0,0.0,17.39
2018-04-25 18:00:00+00:00,0.0,0.0,0.0,0.0,0.0,17.28
2018-04-25 19:00:00+00:00,0.0,0.0,0.0,0.0,0.0,17.36
2018-04-25 20:00:00+00:00,0.0,0.0,0.0,0.0,0.0,17.25
2018-04-25 21:00:00+00:00,0.0,0.0,0.0,0.0,0.0,17.02
2018-04-25 22:00:00+00:00,0.0,0.0,0.0,0.0,0.0,16.71
2018-04-25 23:00:00+00:00,0.0,0.0,0.0,0.0,0.0,16.56
2018-04-26 00:00:00+00:00,0.0,0.0,0.0,0.0,0.0,16.35
2018-04-26 01:00:00+00:00,0.0,0.0,0.0,0.0,0.0,16.15
2018-04-26 02:00:00+00:00,0.0,0.0,0.0,0.0,0.0,16.02
2018-04-26 03:00:00+00:00,0.0,0.0,0.0,0.0,0.0,15.83
2018-04-26 04:00:00+00:00,50.52146997001212,0.0,50.52146997001212,49.44967320028763,1.0717967697244903,17.62679918475956
2018-04-26 05:00:00+00:00,112.59096003888239,0.502589096894029,112.08837094198836,110.09549882328189,1.9928721187064742,20.658890732015863
2018-04-26 06:00:00+00:00,206.14949209946906,1.900953445767829,204.24853865370122,200.59773090682717,3.650807746874045,25.300059930735664
2018-04-26 07:00:00+00:00,394.4188508428333,39.203978490448975,355.2148723523843,348.01373780579786,7.201134546586419,32.188426251522415
2018-04-26 08:00:00+00:00,499.8665943117484,70.81687179495675,429.04972251679163,419.85571585149876,9.194006665292894,35.8454975673181
2018-04-26 09:00:00+00:00,603.8088988270042,143.67544218757791,460.13345663942636,448.77910961015755,11.35434702926882,39.845553142775074
2018-04-26 10:00:00+00:00,730.3523858226147,420.6324450202191,309.71994080239557,294.83201379794133,14.887927004454248,43.6888962223177
2018-04-26 11:00:00+00:00,664.5778842521635,370.20962676483373,294.36825748732974,280.83682326955807,13.531434217771691,41.39517933610943
2018-04-26 12:00:00+00:00,572.8531841732471,406.61391915825317,166.23926501499395,153.9470958122162,12.292169202777748,38.67086270433106
2018-04-26 13:00:00+00:00,377.80593854687817,165.70563025197956,212.1003082948986,204.32978171439606,7.770526580502555,32.45333920913183
2018-04-26 14:00:00+00:00,161.03072487755216,17.11463165244996,143.9160932251022,140.88491798572514,3.0311752393770743,25.547534476507597
2018-04-26 15:00:00+00:00,33.492785792574935,0.0,33.492785792574935,32.65544456622768,0.837341226347258,20.74209315397355
2018-04-26 16:00:00+00:00,0.0,0.0,0.0,0.0,0.0,18.74
2018-04-26 17:00:00+00:00,0.0,0.0,0.0,0.0,0.0,17.42
2018-04-26 18:00:00+00:00,0.0,0.0,0.0,0.0,0.0,16.76
2018-04-26 19:00:00+00:00,0.0,0.0,0.0,0.0,0.0,17.25
2018-04-26 20:00:00+00:00,0.0,0.0,0.0,0.0,0.0,17.26
2018-04-26 21:00:00+00:00,0.0,0.0,0.0,0.0,0.0,16.93
2018-04-26 22:00:00+00:00,0.0,0.0,0.0,0.0,0.0,16.61
2018-04-26 23:00:00+00:00,0.0,0.0,0.0,0.0,0.0,16.44
2018-04-27 00:00:00+00:00,0.0,0.0,0.0,0.0,0.0,16.28
2018-04-27 01:00:00+00:00,0.0,0.0,0.0,0.0,0.0,16.25
2018-04-27 02:00:00+00:00,0.0,0.0,0.0,0.0,0.0,16.13
2018-04-27 03:00:00+00:00,0.0,0.0,0.0,0.0,0.0,16.15
2018-04-27 04:00:00+00:00,8.54783573777248,0.0,8.54783573777248,8.397114317029974,0.15072142074250644,16.5277807112483
2018-04-27 05:00:00+00:00,96.8754716947548,0.0,96.8754716947548,95.16729559300639,1.7081761017484065,19.829429095081032
2018-04-27 06:00:00+00:00,238.84004832715203,6.9145088110794815,231.92553951607255,227.65509926170154,4.2704402543710165,25.369544092017556
2018-04-27 07:00:00+00:00,415.58013131799925,53.365258965615006,362.21487235238425,354.5448267190434,7.670045633340884,32.42626659932887
2018-04-27 08:00:00+00:00,446.0814603113957,37.747041777646,408.33441853374967,400.2624491117621,8.071969421987568,34.8115603636378
2018-04-27 09:00:00+00:00,676.6046299689972,272.37532920176284,404.22930076723435,390.9323220928399,13.296978674394458,43.574416948552454
2018-04-27 10:00:00+00:00,670.561978605187,264.65086750396466,405.91111110122245,392.7983474966244,13.112763604598062,43.1177929100293
2018-04-27 11:00:00+00:00,549.4451866840724,132.3021111014126,417.1430755826598,406.79353802500765,10.34953755765211,38.453570901534434
2018-04-27 12:00:00+00:00,448.00345488830027,98.08040643416763,349.92304845413264,341.4826488925523,8.440399561580362,35.53860780487733
2018-04-27 13:00:00+00:00,402.5949499279883,289.9370142998207,112.65793562816758,103.56440991003636,9.093525718131223,32.92864081565163
2018-04-27 14:00:00+00:00,206.57678728098222,131.42606586023973,75.1507214207425,69.97595264191645,5.174768778826055,25.92731093534453
2018-04-27 15:00:00+00:00,28.543026266155774,0.0,28.543026266155774,27.990381056766584,0.5526452093891904,18.814173060472257
2018-04-27 16:00:00+00:00,0.0,0.0,0.0,0.0,0.0,17.18
2018-04-27 17:00:00+00:00,0.0,0.0,0.0,0.0,0.0,17.0
2018-04-27 18:00:00+00:00,0.0,0.0,0.0,0.0,0.0,16.82
2018-04-27 19:00:00+00:00,0.0,0.0,0.0,0.0,0.0,16.72
2018-04-27 20:00:00+00:00,0.0,0.0,0.0,0.0,0.0,16.42
2018-04-27 21:00:00+00:00,0.0,0.0,0.0,0.0,0.0,16.2
2018-04-27 22:00:00+00:00,0.0,0.0,0.0,0.0,0.0,15.89
2018-04-27 23:00:00+00:00,0.0,0.0,0.0,0.0,0.0,16.06
2018-04-28 00:00:00+00:00,0.0,0.0,0.0,0.0,0.0,16.05
2018-04-28 01:00:00+00:00,0.0,0.0,0.0,0.0,0.0,16.15
2018-04-28 02:00:00+00:00,0.0,0.0,0.0,0.0,0.0,15.86
2018-04-28 03:00:00+00:00,0.0,0.0,0.0,0.0,0.0,15.78
2018-04-28 04:00:00+00:00,8.54783573777248,0.0,8.54783573777248,8.397114317029974,0.15072142074250644,16.02883128036226
2018-04-28 05:00:00+00:00,29.4425453189941,0.0,29.4425453189941,28.9233937586588,0.5191515603353,17.485397910465917
2018-04-28 06:00:00+00:00,313.9315316145861,41.19501663992667,272.7365149746594,266.84163274117475,5.894882233484697,27.56003330849812
2018-04-28 07:00:00+00:00,541.9179251473265,254.52579295417627,287.39213219315025,276.17175976009696,11.220372433053258,35.012133208481124
2018-04-28 08:00:00+00:00,474.2264768707525,53.176754353960874,421.04972251679163,412.39161423636097,8.658108280430648,34.13381454896105
2018-04-28 09:00:00+00:00,618.3043566610105,167.09910325185967,451.2052534091508,439.44898259123534,11.756270817915503,38.84043353877397
2018-04-28 10:00:00+00:00,394.671833370564,11.650795031209569,383.02103833935445,376.00411886256444,7.016919476790022,32.36476019075303
2018-04-28 11:00:00+00:00,428.2065589279316,33.28600153573882,394.9205573921928,387.20027128527107,7.720286106921719,33.62066861438839
2018-04-28 12:00:00+00:00,374.0710156939271,36.05229576424945,338.0187199296777,331.2195091717379,6.799210757939735,31.025354714888337
2018-04-28 13:00:00+00:00,357.782655240834,123.87618095896518,233.9064742818688,226.72208655980933,7.1843877220594745,31.36589240685198
2018-04-28 14:00:00+00:00,162.40141704570172,19.351349224383977,143.05006782131775,139.9519052838329,3.0981625374848547,24.93872176317331
2018-04-28 15:00:00+00:00,14.24639289628747,0.0,14.24639289628747,13.995190528383292,0.25120236790417744,20.05745091364075
2018-04-28 16:00:00+00:00,0.0,0.0,0.0,0.0,0.0,18.6
2018-04-28 17:00:00+00:00,0.0,0.0,0.0,0.0,0.0,18.24
2018-04-28 18:00:00+00:00,0.0,0.0,0.0,0.0,0.0,17.89
2018-04-28 19:00:00+00:00,0.0,0.0,0.0,0.0,0.0,17.73
2018-04-28 20:00:00+00:00,0.0,0.0,0.0,0.0,0.0,17.34
2018-04-28 21:00:00+00:00,0.0,0.0,0.0,0.0,0.0,16.87
2018-04-28 22:00:00+00:00,0.0,0.0,0.0,0.0,0.0,16.43
2018-04-28 23:00:00+00:00,0.0,0.0,0.0,0.0,0.0,16.22
2018-04-29 00:00:00+00:00,0.0,0.0,0.0,0.0,0.0,15.81
2018-04-29 01:00:00+00:00,0.0,0.0,0.0,0.0,0.0,15.31
2018-04-29 02:00:00+00:00,0.0,0.0,0.0,0.0,0.0,15.2
2018-04-29 03:00:00+00:00,0.0,0.0,0.0,0.0,0.0,14.94
2018-04-29 04:00:00+00:00,39.90664693413186,0.0,39.90664693413186,39.18653347947321,0.720113454658642,16.441969848032386
2018-04-29 05:00:00+00:00,58.8850906379882,0.0,58.8850906379882,57.8467875173176,1.0383031206706,18.38180984210808
2018-04-29 06:00:00+00:00,253.64175445335,11.151632374978,242.490122078372,237.91823898251596,4.5718830958560295,25.872121534839465
2018-04-29 07:00:00+00:00,391.20878866909345,37.91018219407446,353.29860647501897,346.1477124020134,7.150894073005584,31.413220662051046
2018-04-29 08:00:00+00:00,574.7977409663105,158.83407098183042,415.9636699844801,404.92751262122323,11.036157363256862,37.11057910815057
2018-04-29 09:00:00+00:00,716.6589382826533,394.07778154808994,322.5811567345633,307.8941916244324,14.686965110130906,42.47823691324427
2018-04-29 10:00:00+00:00,434.7754447804936,23.926684158025314,410.8487606224683,403.0614872174388,7.7872734050295005,34.62988496410752
2018-04-29 11:00:00+00:00,188.05238623099459,0.0,188.05238623099459,184.73651497465946,3.315871256335142,26.22035206005791
2018-04-29 12:00:00+00:00,539.069924374437,297.39541457400566,241.67450980043145,230.4541373673782,11.220372433053258,37.183737285139756
2018-04-29 13:00:00+00:00,403.82042557108707,313.2533519468478,90.56707362423931,81.17210506462308,9.394968559616236,33.06114929400925
2018-04-29 14:00:00+00:00,30.392304845413268,0.0,30.392304845413268,29.85640646055102,0.5358983848622452,21.36724500682841
2018-04-29 15:00:00+00:00,25.677000862371337,0.0,25.677000862371337,25.191342951089926,0.48565791128140967,19.822339036845964
2018-04-29 16:00:00+00:00,0.0,0.0,0.0,0.0,0.0,18.07
2018-04-29 17:00:00+00:00,0.0,0.0,0.0,0.0,0.0,17.49
2018-04-29 18:00:00+00:00,0.0,0.0,0.0,0.0,0.0,16.99
2018-04-29 19:00:00+00:00,0.0,0.0,0.0,0.0,0.0,17.08
2018-04-29 20:00:00+00:00,0.0,0.0,0.0,0.0,0.0,16.77
2018-04-29 21:00:00+00:00,0.0,0.0,0.0,0.0,0.0,16.46
2018-04-29 22:00:00+00:00,0.0,0.0,0.0,0.0,0.0,16.34
2018-04-29 23:00:00+00:00,0.0,0.0,0.0,0.0,0.0,16.1
2018-04-30 00:00:00+00:00,0.0,0.0,0.0,0.0,0.0,16.18
2018-04-30 01:00:00+00:00,0.0,0.0,0.0,0.0,0.0,16.02
2018-04-30 02:00:00+00:00,0.0,0.0,0.0,0.0,0.0,15.87
2018-04-30 03:00:00+00:00,0.0,0.0,0.0,0.0,0.0,15.81
2018-04-30 04:00:00+00:00,8.54783573777248,0.0,8.54783573777248,8.397114317029974,0.15072142074250644,16.144803043630873
2018-04-30 05:00:00+00:00,153.11692031517634,5.7032318258824715,147.41368848929386,144.616968793294,2.796719695999842,21.53720416550279
2018-04-30 06:00:00+00:00,172.85623380828795,0.0,172.85623380828795,169.80831174438393,3.047922063904019,23.24345794979811
2018-04-30 07:00:00+00:00,554.4740039340788,330.6559005941984,223.81810333988042,211.7938833295338,12.024220010346626,36.267470318513844
2018-04-30 08:00:00+00:00,499.8677711563424,74.49985897353885,425.3679121828036,416.12366504392986,9.24424713887373,35.11046202411653
2018-04-30 09:00:00+00:00,654.8104822112094,238.93767423065762,415.87280798055184,403.0614872174388,12.811320763113049,39.78476733278777
2018-04-30 10:00:00+00:00,582.2422100069098,129.99152559579485,452.25068441111495,441.31500799501976,10.935676416095191,38.52887270689745
2018-04-30 11:00:00+00:00,573.0333151579387,175.72989921130298,397.3034159466357,386.26725858337886,11.036157363256862,39.536568371335946
2018-04-30 12:00:00+00:00,397.99702284888195,53.844328322988744,344.1526945258932,336.8175853830912,7.335109142801981,35.07927194431256
2018-04-30 13:00:00+00:00,366.12258420689864,160.67059259693423,205.45199160996444,197.7986928011505,7.653298808813939,33.32260873766227
2018-04-30 14:00:00+00:00,180.9506270215461,42.84550925503081,138.1051177665153,134.35382907247958,3.751288694035716,24.217097988742367
2018-04-30 15:00:00+00:00,31.509532617101883,0.0,31.509532617101883,30.78941916244324,0.720113454658642,18.816822004865113
2018-04-30 16:00:00+00:00,0.0,0.0,0.0,0.0,0.0,15.8
2018-04-30 17:00:00+00:00,0.0,0.0,0.0,0.0,0.0,15.91
2018-04-30 18:00:00+00:00,0.0,0.0,0.0,0.0,0.0,16.01
2018-04-30 19:00:00+00:00,0.0,0.0,0.0,0.0,0.0,16.12
2018-04-30 20:00:00+00:00,0.0,0.0,0.0,0.0,0.0,16.22
2018-04-30 21:00:00+00:00,0.0,0.0,0.0,0.0,0.0,16.33
2018-04-30 22:00:00+00:00,0.0,0.0,0.0,0.0,0.0,16.44
2018-04-30 23:00:00+00:00,0.0,0.0,0.0,0.0,0.0,16.54
2015-05-01 00:00:00+00:00,0.0,0.0,0.0,0.0,0.0,16.65
2015-05-01 01:00:00+00:00,0.0,0.0,0.0,0.0,0.0,16.75
2015-05-01 02:00:00+00:00,0.0,0.0,0.0,0.0,0.0,16.86
2015-05-01 03:00:00+00:00,0.0,0.0,0.0,0.0,0.0,16.96
2015-05-01 04:00:00+00:00,44.705685039808515,0.0,44.705685039808515,43.85159698893431,0.8540880508742033,18.512665774939936
2015-05-01 05:00:00+00:00,147.33594540614044,4.704548197996307,142.63139720814414,139.9519052838329,2.679491924311226,21.932266698362476
2015-05-01 06:00:00+00:00,316.25691255898596,45.28594204094923,270.9709705180367,264.97560733739033,5.995363180646367,27.518755361542475
2015-05-01 07:00:00+00:00,339.4259911721226,16.105828400959965,323.32016277116264,317.2243186433546,6.095844127808038,28.39663312529555
2015-05-01 08:00:00+00:00,629.6466781499349,278.235480722581,351.41119742735395,338.68361078687565,12.727586640478323,39.158786584226014
2015-05-01 09:00:00+00:00,717.3495352278553,415.11044286512436,302.2390923627309,287.3679121828036,14.871180179927304,41.40775286354282
2015-05-01 10:00:00+00:00,727.5328453289735,469.6764388684225,257.856406460551,242.58330249197704,15.273103968573988,39.578058207100135
2015-05-01 11:00:00+00:00,514.1692022611625,98.7127464841075,415.456455777055,405.86052532311544,9.595930453939578,34.61273625252209
2015-05-01 12:00:00+00:00,494.23002684629756,181.2040063830633,313.02602046323426,303.22912811497133,9.796892348262919,33.91251066364865
2015-05-01 13:00:00+00:00,242.94911664482092,13.705387462736406,229.2437291820845,224.85606115602488,4.387668026059632,26.675165570452492
2015-05-01 14:00:00+00:00,98.37268236897731,0.5307043232764058,97.8419780457009,96.1003082948986,1.7416697508022967,22.672568087927825
2015-05-01 15:00:00+00:00,29.777481809533004,0.0,29.777481809533004,28.9233937586588,0.8540880508742033,19.982994797114717
2015-05-01 16:00:00+00:00,0.0,0.0,0.0,0.0,0.0,17.88
2015-05-01 17:00:00+00:00,0.0,0.0,0.0,0.0,0.0,17.2
2015-05-01 18:00:00+00:00,0.0,0.0,0.0,0.0,0.0,16.56
2015-05-01 19:00:00+00:00,0.0,0.0,0.0,0.0,0.0,16.21
2015-05-01 20:00:00+00:00,0.0,0.0,0.0,0.0,0.0,16.13
2015-05-01 21:00:00+00:00,0.0,0.0,0.0,0.0,0.0,15.98
2015-05-01 22:00:00+00:00,0.0,0.0,0.0,0.0,0.0,15.74
2015-05-01 23:00:00+00:00,0.0,0.0,0.0,0.0,0.0,15.64
2015-05-02 00:00:00+00:00,0.0,0.0,0.0,0.0,0.0,15.46
2015-05-02 01:00:00+00:00,0.0,0.0,0.0,0.0,0.0,15.43
2015-05-02 02:00:00+00:00,0.0,0.0,0.0,0.0,0.0,15.58
2015-05-02 03:00:00+00:00,0.0,0.0,0.0,0.0,0.0,15.73
2015-05-02 04:00:00+00:00,44.54302626615578,0.0,44.54302626615578,42.918584287042094,1.6244419791136806,17.29071489486071
2015-05-02 05:00:00+00:00,205.76236995038118,51.92520137629698,153.8371685740842,149.2820323027551,4.555136271329084,23.150135667940802
2015-05-02 06:00:00+00:00,397.8434350455742,266.0898279418617,131.75360710371254,122.22466394788074,9.528943155831797,29.296528568367155
2015-05-02 07:00:00+00:00,496.0841247217046,156.88350813190743,339.20061658979716,329.35348376795343,9.847132821843754,33.66543688964822
2015-05-02 08:00:00+00:00,599.9703780554485,209.3439629711841,390.62641508426435,378.80315696824107,11.823258116023284,37.81600565593366
2015-05-02 09:00:00+00:00,720.4125042555149,431.98438735137097,288.42811690414396,273.3727216544203,15.0553952497237,42.06352176371682
2015-05-02 10:00:00+00:00,336.30269387653556,2.8701128053009795,333.43258107123455,327.487458364169,5.945122707065532,31.196250162651975
2015-05-02 11:00:00+00:00,680.4814366987031,519.1607559707512,161.32068072795187,146.48299419707845,14.837686530873412,42.21400530447339
2015-05-02 12:00:00+00:00,397.289895163582,54.07021333958106,343.21968182400093,335.88457268119896,7.335109142801981,33.482639961841876
2015-05-02 13:00:00+00:00,117.7701812759764,0.0,117.7701812759764,115.6935750346352,2.0766062413412,22.85899557381993
2015-05-02 14:00:00+00:00,24.69374768689828,0.0,24.69374768689828,24.258330249197705,0.4354174377005742,20.077849069492558
2015-05-02 15:00:00+00:00,4.748797632095823,0.0,4.748797632095823,4.665063509461097,0.08373412263472581,19.159257727494502
2015-05-02 16:00:00+00:00,0.0,0.0,0.0,0.0,0.0,17.74
2015-05-02 17:00:00+00:00,0.0,0.0,0.0,0.0,0.0,17.27
2015-05-02 18:00:00+00:00,0.0,0.0,0.0,0.0,0.0,16.46
2015-05-02 19:00:00+00:00,0.0,0.0,0.0,0.0,0.0,16.81
2015-05-02 20:00:00+00:00,0.0,0.0,0.0,0.0,0.0,16.43
2015-05-02 21:00:00+00:00,0.0,0.0,0.0,0.0,0.0,16.17
2015-05-02 22:00:00+00:00,0.0,0.0,0.0,0.0,0.0,16.17
2015-05-02 23:00:00+00:00,0.0,0.0,0.0,0.0,0.0,15.88
2015-05-03 00:00:00+00:00,0.0,0.0,0.0,0.0,0.0,15.77
2015-05-03 01:00:00+00:00,0.0,0.0,0.0,0.0,0.0,15.48
2015-05-03 02:00:00+00:00,0.0,0.0,0.0,0.0,0.0,15.38
2015-05-03 03:00:00+00:00,0.0,0.0,0.0,0.0,0.0,15.36
2015-05-03 04:00:00+00:00,14.24639289628747,0.0,14.24639289628747,13.995190528383292,0.25120236790417744,15.876281981919059
2015-05-03 05:00:00+00:00,184.67910441705493,18.734327014515536,165.9447774025394,162.34421012924616,3.6005672732932097,22.01104505830567
2015-05-03 06:00:00+00:00,304.7755575507251,33.173017172281234,271.6025403784439,265.90862003928254,5.693920339161355,27.095722829274468
2015-05-03 07:00:00+00:00,556.5668898010773,326.10046977626274,230.4664200248146,218.32497224277935,12.141447782035241,35.78415538723194
2015-05-03 08:00:00+00:00,700.077412677961,556.5461511124523,143.53126156550863,127.82274015923406,15.708521406274562,41.16382112435113
2015-05-03 09:00:00+00:00,747.4801702024113,526.1236774157287,221.35649278668257,205.26279441628827,16.0936983703943,43.780028824275284
2015-05-03 10:00:00+00:00,695.3698035240692,335.1547585194219,360.2150450046473,346.1477124020134,14.067332602633936,42.98176389397226
2015-05-03 11:00:00+00:00,540.6078901921813,122.66577650384492,417.9421136883364,407.72655072689986,10.215562961436548,38.873373030071434
2015-05-03 12:00:00+00:00,431.19926434080276,80.67813967531676,350.521124665486,342.41566159444454,8.105463071041457,35.85200006100932
2015-05-03 13:00:00+00:00,180.82485660405973,1.2868124617837455,179.538044142276,176.33940065762945,3.1986434846465257,28.7092547100573
2015-05-03 14:00:00+00:00,153.49573171885913,14.361929774906658,139.13380194395248,136.21985447626403,2.913947467688458,27.030022566280437
2015-05-03 15:00:00+00:00,31.52627944162883,0.0,31.52627944162883,30.78941916244324,0.7368602791855872,22.491341419229556
2015-05-03 16:00:00+00:00,0.0,0.0,0.0,0.0,0.0,20.2
2015-05-03 17:00:00+00:00,0.0,0.0,0.0,0.0,0.0,18.98
2015-05-03 18:00:00+00:00,0.0,0.0,0.0,0.0,0.0,18.07
2015-05-03 19:00:00+00:00,0.0,0.0,0.0,0.0,0.0,17.28
2015-05-03 20:00:00+00:00,0.0,0.0,0.0,0.0,0.0,16.56
2015-05-03 21:00:00+00:00,0.0,0.0,0.0,0.0,0.0,15.87
2015-05-03 22:00:00+00:00,0.0,0.0,0.0,0.0,0.0,15.29
2015-05-03 23:00:00+00:00,0.0,0.0,0.0,0.0,0.0,14.84
2015-05-04 00:00:00+00:00,0.0,0.0,0.0,0.0,0.0,14.43
2015-05-04 01:00:00+00:00,0.0,0.0,0.0,0.0,0.0,14.34
2015-05-04 02:00:00+00:00,0.0,0.0,0.0,0.0,0.0,14.44
2015-05-04 03:00:00+00:00,0.0,0.0,0.0,0.0,0.0,14.09
2015-05-04 04:00:00+00:00,52.53821679453907,0.0,52.53821679453907,51.31569860407207,1.2225181904669968,16.24333549031407
2015-05-04 05:00:00+00:00,206.68166752968278,103.12189443900006,103.55977309068273,97.96633369868304,5.593439391999684,23.077485227354263
2015-05-04 06:00:00+00:00,395.71091078011614,237.11764404037947,158.59326673973663,149.2820323027551,9.31123443698151,31.203787670477563
2015-05-04 07:00:00+00:00,536.5318088970411,258.35257595112444,278.1792329459166,266.84163274117475,11.337600204741875,37.023391093095675
2015-05-04 08:00:00+00:00,644.3528563198181,320.32915426626073,324.02370205355743,310.69322973010907,13.33047232344835,40.86700321258071
2015-05-04 09:00:00+00:00,751.7783314582348,593.3642976644147,158.41403379382,141.81793068761735,16.596103106202655,44.533894261094545
2015-05-04 10:00:00+00:00,639.0854105485816,214.25090568870047,424.83450485988124,412.39161423636097,12.442890623520254,41.58665901275349
2015-05-04 11:00:00+00:00,567.7907732981405,165.90602796467846,401.88474533346204,390.9323220928399,10.952423240622135,39.59752914829862
2015-05-04 12:00:00+00:00,558.4060423739488,424.5710195572784,133.83502281667043,121.29165124598852,12.543371570681925,39.435184715505734
2015-05-04 13:00:00+00:00,301.4277869354847,48.46875377035824,252.95903316512644,247.24836600143814,5.7106671636883,31.62887280988275
2015-05-04 14:00:00+00:00,84.52859785130565,0.0,84.52859785130565,83.03813046840753,1.4904673828981194,24.346485496483222
2015-05-04 15:00:00+00:00,31.559773090682718,0.0,31.559773090682718,30.78941916244324,0.7703539282394775,21.374756809017086
2015-05-04 16:00:00+00:00,0.0,0.0,0.0,0.0,0.0,18.94
2015-05-04 17:00:00+00:00,0.0,0.0,0.0,0.0,0.0,18.01
2015-05-04 18:00:00+00:00,0.0,0.0,0.0,0.0,0.0,17.4
2015-05-04 19:00:00+00:00,0.0,0.0,0.0,0.0,0.0,17.47
2015-05-04 20:00:00+00:00,0.0,0.0,0.0,0.0,0.0,16.93
2015-05-04 21:00:00+00:00,0.0,0.0,0.0,0.0,0.0,16.45
2015-05-04 22:00:00+00:00,0.0,0.0,0.0,0.0,0.0,16.35
2015-05-04 23:00:00+00:00,0.0,0.0,0.0,0.0,0.0,15.89
2015-05-05 00:00:00+00:00,0.0,0.0,0.0,0.0,0.0,15.96
2015-05-05 01:00:00+00:00,0.0,0.0,0.0,0.0,0.0,16.04
2015-05-05 02:00:00+00:00,0.0,0.0,0.0,0.0,0.0,16.01
2015-05-05 03:00:00+00:00,0.0,0.0,0.0,0.0,0.0,15.8
2015-05-05 04:00:00+00:00,18.045431001964126,0.0,18.045431001964126,17.72724133595217,0.3181896660119581,16.56013975877629
2015-05-05 05:00:00+00:00,43.688938215281574,0.0,43.688938215281574,42.918584287042094,0.7703539282394775,17.748762140918895
2015-05-05 06:00:00+00:00,208.20252049313768,2.970728663963401,205.23179182917428,201.5307436087194,3.7010482204548807,23.729760544128187
2015-05-05 07:00:00+00:00,549.4813420504709,379.3090643335847,170.17227771688619,157.6791466197851,12.49313109710109,36.07254736121494
2015-05-05 08:00:00+00:00,655.0021203993231,403.0165488141731,251.9855715851499,237.91823898251596,14.067332602633936,40.24481278178069
2015-05-05 09:00:00+00:00,621.6613744483275,191.61397034121273,430.0474041071148,417.9896904477143,12.057713659400516,39.26112527003609
2015-05-05 10:00:00+00:00,716.090607980824,475.02843015433285,241.06217782649108,225.7890738579171,15.273103968573988,43.258537058847644
2015-05-05 11:00:00+00:00,570.8495135240265,185.57478175482802,385.2747317691985,374.13809345877996,11.136638310418533,38.359717737566264
2015-05-05 12:00:00+00:00,517.7577793233881,273.60242108329203,244.15535824009615,233.25317547305485,10.9021827670413,35.93917739301068
2015-05-05 13:00:00+00:00,360.3138341484802,171.52209657636016,188.79173757212007,181.00446416709056,7.7872734050295005,30.877482224251082
2015-05-05 14:00:00+00:00,153.69960496072085,16.38158794697197,137.3180170137489,134.35382907247958,2.9641879412692935,24.805863765879543
2015-05-05 15:00:00+00:00,29.810975458586896,0.0,29.810975458586896,28.9233937586588,0.8875816999280935,20.573153949707237
2015-05-05 16:00:00+00:00,0.0,0.0,0.0,0.0,0.0,18.71
2015-05-05 17:00:00+00:00,0.0,0.0,0.0,0.0,0.0,17.48
2015-05-05 18:00:00+00:00,0.0,0.0,0.0,0.0,0.0,16.74
2015-05-05 19:00:00+00:00,0.0,0.0,0.0,0.0,0.0,16.86
2015-05-05 20:00:00+00:00,0.0,0.0,0.0,0.0,0.0,16.69
2015-05-05 21:00:00+00:00,0.0,0.0,0.0,0.0,0.0,16.16
2015-05-05 22:00:00+00:00,0.0,0.0,0.0,0.0,0.0,15.71
2015-05-05 23:00:00+00:00,0.0,0.0,0.0,0.0,0.0,15.52
2015-05-06 00:00:00+00:00,0.0,0.0,0.0,0.0,0.0,15.51
2015-05-06 01:00:00+00:00,0.0,0.0,0.0,0.0,0.0,15.32
2015-05-06 02:00:00+00:00,0.0,0.0,0.0,0.0,0.0,15.17
2015-05-06 03:00:00+00:00,0.0,0.0,0.0,0.0,0.0,14.98
2015-05-06 04:00:00+00:00,51.471229496431285,0.0,51.471229496431285,50.38268590217985,1.0885435942514354,16.346370934654196
2015-05-06 05:00:00+00:00,171.3209683000971,12.242216301342163,159.07875199875494,155.81312121600064,3.2656307827543065,21.297771203254765
2015-05-06 06:00:00+00:00,371.18875545642413,139.2942185274656,231.89453692895856,223.92304845413267,7.971488474825897,29.268797342589327
2015-05-06 07:00:00+00:00,510.02554645801126,198.17893159295673,311.8466148650545,301.36310271118685,10.483512153867672,34.66690251352358
2015-05-06 08:00:00+00:00,624.3146825484912,284.0159034212092,340.29877912728205,327.487458364169,12.811320763113049,38.60600411526788
2015-05-06 09:00:00+00:00,545.9752779172549,92.62892203059494,453.3463558866599,443.18103339880423,10.165322487855713,37.22883016991958
2015-05-06 10:00:00+00:00,711.0070907978792,447.7535700202982,263.253520777581,248.18137870333035,15.072142074250646,42.44444435825669
2015-05-06 11:00:00+00:00,486.7490559504405,75.5940430148705,411.15501293556997,402.12847451554654,9.026538420023442,36.07991012111783
2015-05-06 12:00:00+00:00,499.5122052134291,213.12488249189562,286.3873227215335,276.17175976009696,10.215562961436548,36.334523767441645
2015-05-06 13:00:00+00:00,322.80401754467465,78.52198524191954,244.2820323027551,237.91823898251596,6.363793320239162,31.589120342836317
2015-05-06 14:00:00+00:00,181.9107540765335,84.97061349334774,96.94014058318575,92.36825748732973,4.5718830958560295,26.66426436783532
2015-05-06 15:00:00+00:00,29.66025403784439,0.0,29.66025403784439,28.9233937586588,0.7368602791855872,21.399111236581263
2015-05-06 16:00:00+00:00,0.0,0.0,0.0,0.0,0.0,19.32
2015-05-06 17:00:00+00:00,0.0,0.0,0.0,0.0,0.0,18.16
2015-05-06 18:00:00+00:00,0.0,0.0,0.0,0.0,0.0,17.59
2015-05-06 19:00:00+00:00,0.0,0.0,0.0,0.0,0.0,17.78
2015-05-06 20:00:00+00:00,0.0,0.0,0.0,0.0,0.0,17.27
2015-05-06 21:00:00+00:00,0.0,0.0,0.0,0.0,0.0,17.0
2015-05-06 22:00:00+00:00,0.0,0.0,0.0,0.0,0.0,16.51
2015-05-06 23:00:00+00:00,0.0,0.0,0.0,0.0,0.0,16.27
2015-05-07 00:00:00+00:00,0.0,0.0,0.0,0.0,0.0,16.0
2015-05-07 01:00:00+00:00,0.0,0.0,0.0,0.0,0.0,15.99
2015-05-07 02:00:00+00:00,0.0,0.0,0.0,0.0,0.0,16.02
2015-05-07 03:00:00+00:00,0.0,0.0,0.0,0.0,0.0,15.97
2015-05-07 04:00:00+00:00,35.157849302036034,0.0,35.157849302036034,34.52146997001212,0.6363793320239162,17.187608456245492
2015-05-07 05:00:00+00:00,201.5214898509978,87.01676670551262,114.50472314548519,109.16248612138968,5.342237024095507,23.628576440759762
2015-05-07 06:00:00+00:00,352.87838655641747,93.76382249893179,259.11456405748567,251.91342951089925,7.201134546586419,29.56755883113619
2015-05-07 07:00:00+00:00,531.0133276541045,277.87471623853526,253.13861141556922,241.65028979008483,11.488321625484382,36.96595828274155
2015-05-07 08:00:00+00:00,389.8040320664099,17.079627096923712,372.72440496948616,365.74097914175,6.9834258277361325,33.507651892407914
2015-05-07 09:00:00+00:00,458.6657828579301,34.25243967316238,424.4133431847677,416.12366504392986,8.289678140837855,36.679838755275995
2015-05-07 10:00:00+00:00,433.3749625778736,25.32524006108195,408.04972251679163,400.2624491117621,7.7872734050295005,36.424140191729954
2015-05-07 11:00:00+00:00,433.88314173568494,39.728128800114916,394.15501293557,386.26725858337886,7.8877543521911715,36.080431030305704
2015-05-07 12:00:00+00:00,505.7136484597095,237.68513693453534,268.0285115251741,257.51150572225254,10.517005802921561,37.84752741703939
2015-05-07 13:00:00+00:00,347.87504319989205,135.2938864653287,212.5811567345633,205.26279441628827,7.318362318275035,31.375974502277124
2015-05-07 14:00:00+00:00,173.27700467980762,39.870444071807306,133.40656060800032,129.6887655630185,3.717795044981826,24.737711251460656
2015-05-07 15:00:00+00:00,25.69374768689828,0.0,25.69374768689828,25.191342951089926,0.5024047358083549,19.840614517603264
2015-05-07 16:00:00+00:00,0.0,0.0,0.0,0.0,0.0,18.19
2015-05-07 17:00:00+00:00,0.0,0.0,0.0,0.0,0.0,17.31
2015-05-07 18:00:00+00:00,0.0,0.0,0.0,0.0,0.0,17.04
2015-05-07 19:00:00+00:00,0.0,0.0,0.0,0.0,0.0,16.96
2015-05-07 20:00:00+00:00,0.0,0.0,0.0,0.0,0.0,16.83
2015-05-07 21:00:00+00:00,0.0,0.0,0.0,0.0,0.0,16.48
2015-05-07 22:00:00+00:00,0.0,0.0,0.0,0.0,0.0,16.11
2015-05-07 23:00:00+00:00,0.0,0.0,0.0,0.0,0.0,15.83
2015-05-08 00:00:00+00:00,0.0,0.0,0.0,0.0,0.0,15.55
2015-05-08 01:00:00+00:00,0.0,0.0,0.0,0.0,0.0,15.45
2015-05-08 02:00:00+00:00,0.0,0.0,0.0,0.0,0.0,15.34
2015-05-08 03:00:00+00:00,0.0,0.0,0.0,0.0,0.0,15.21
2015-05-08 04:00:00+00:00,43.73917868886241,0.0,43.73917868886241,42.918584287042094,0.820594401820313,16.869801401040867
2015-05-08 05:00:00+00:00,187.17863789490437,22.91567082635303,164.26296706855135,160.47818472546174,3.7847823430896064,22.775844185189122
2015-05-08 06:00:00+00:00,377.2337918561074,172.81048442358014,204.42330743252728,195.9326673973661,8.490640035161197,30.615405064622824
2015-05-08 07:00:00+00:00,494.1087888992168,163.171312030234,330.9374768689828,320.9563694509235,9.981107418059317,35.410153247151484
2015-05-08 08:00:00+00:00,658.2507340195651,442.2172403705112,216.03349364905392,201.5307436087194,14.50275004033451,41.19897144910409
2015-05-08 09:00:00+00:00,710.940326737599,454.0336798034672,256.90664693413186,241.65028979008483,15.256357144047042,43.71372410171136
2015-05-08 10:00:00+00:00,450.9002250870638,32.23567953439193,418.6645455526719,410.52558883257655,8.138956720095349,36.60591670470711
2015-05-08 11:00:00+00:00,569.2190779022061,183.9275993084806,385.29147859372546,374.13809345877996,11.153385134945477,40.52979773205982
2015-05-08 12:00:00+00:00,488.76095669089216,191.46217756361014,297.29877912728205,287.3679121828036,9.930866944478481,37.375427783677296
2015-05-08 13:00:00+00:00,98.77499074759312,0.0,98.77499074759312,97.03332099679082,1.7416697508022967,25.179881487320664
2015-05-08 14:00:00+00:00,179.73758678436513,101.12276374848487,78.61482303588026,73.70800344948533,4.906819586394932,26.79055841685084
2015-05-08 15:00:00+00:00,28.576519915209666,0.0,28.576519915209666,27.990381056766584,0.5861388584430807,20.094962675220604
2015-05-08 16:00:00+00:00,0.0,0.0,0.0,0.0,0.0,18.31
2015-05-08 17:00:00+00:00,0.0,0.0,0.0,0.0,0.0,17.87
2015-05-08 18:00:00+00:00,0.0,0.0,0.0,0.0,0.0,17.47
2015-05-08 19:00:00+00:00,0.0,0.0,0.0,0.0,0.0,17.07
2015-05-08 20:00:00+00:00,0.0,0.0,0.0,0.0,0.0,16.88
2015-05-08 21:00:00+00:00,0.0,0.0,0.0,0.0,0.0,16.79
2015-05-08 22:00:00+00:00,0.0,0.0,0.0,0.0,0.0,16.83
2015-05-08 23:00:00+00:00,0.0,0.0,0.0,0.0,0.0,16.71
2015-05-09 00:00:00+00:00,0.0,0.0,0.0,0.0,0.0,16.68
2015-05-09 01:00:00+00:00,0.0,0.0,0.0,0.0,0.0,16.55
2015-05-09 02:00:00+00:00,0.0,0.0,0.0,0.0,0.0,16.38
2015-05-09 03:00:00+00:00,0.0,0.0,0.0,0.0,0.0,16.28
2015-05-09 04:00:00+00:00,18.995190528383294,0.0,18.995190528383294,18.66025403784439,0.33493649053890323,16.72144478280464
2015-05-09 05:00:00+00:00,133.24089090131076,2.0903421328313114,131.15054876847944,128.75575286112627,2.394795907353158,20.939723244474642
2015-05-09 06:00:00+00:00,264.2939564859957,15.021543126473976,249.2724133595217,244.44932789576148,4.823085463760206,25.678844714185445
2015-05-09 07:00:00+00:00,531.5663211405786,293.15495106096154,238.41137007961706,226.72208655980933,11.689283519807724,35.703803547297746
2015-05-09 08:00:00+00:00,247.88723639540197,0.0,247.88723639540197,243.51631519386927,4.3709212015326875,27.065300538618228
2015-05-09 09:00:00+00:00,723.4610104847063,548.7551527926347,174.7058576920716,158.6121593216773,16.0936983703943,43.308659761364154
2015-05-09 10:00:00+00:00,731.3768747593798,589.958031493943,141.41884326543672,125.0237020535574,16.395141211879313,45.17951126173722
2015-05-09 11:00:00+00:00,653.9062976817355,487.28898358391535,166.61731409782016,152.08107040843177,14.5362436893884,43.843609883718806
2015-05-09 12:00:00+00:00,509.5459200075374,262.6752577843993,246.87066222313808,236.0522135787315,10.818448644406574,39.40747535802268
2015-05-09 13:00:00+00:00,353.0612354365544,163.4034724606499,189.65776297590452,181.9374768689828,7.720286106921719,33.84339125144315
2015-05-09 14:00:00+00:00,173.47242677101198,42.76442332152666,130.70800344948532,126.88972745734183,3.818275992143497,24.914652320241057
2015-05-09 15:00:00+00:00,29.593266739736606,0.0,29.593266739736606,28.9233937586588,0.6698729810778065,19.71989230953664
2015-05-09 16:00:00+00:00,0.0,0.0,0.0,0.0,0.0,17.93
2015-05-09 17:00:00+00:00,0.0,0.0,0.0,0.0,0.0,17.46
2015-05-09 18:00:00+00:00,0.0,0.0,0.0,0.0,0.0,17.1
2015-05-09 19:00:00+00:00,0.0,0.0,0.0,0.0,0.0,17.44
2015-05-09 20:00:00+00:00,0.0,0.0,0.0,0.0,0.0,17.12
2015-05-09 21:00:00+00:00,0.0,0.0,0.0,0.0,0.0,16.93
2015-05-09 22:00:00+00:00,0.0,0.0,0.0,0.0,0.0,16.92
2015-05-09 23:00:00+00:00,0.0,0.0,0.0,0.0,0.0,16.45
2015-05-10 00:00:00+00:00,0.0,0.0,0.0,0.0,0.0,16.24
2015-05-10 01:00:00+00:00,0.0,0.0,0.0,0.0,0.0,16.27
2015-05-10 02:00:00+00:00,0.0,0.0,0.0,0.0,0.0,16.16
2015-05-10 03:00:00+00:00,0.0,0.0,0.0,0.0,0.0,16.28
2015-05-10 04:00:00+00:00,46.605204092646844,0.0,46.605204092646844,45.71762239271875,0.8875816999280935,17.64341820329403
2015-05-10 05:00:00+00:00,116.72696704558237,0.8228111733904113,115.90415587219196,113.82754963085077,2.0766062413412,21.079012607199974
2015-05-10 06:00:00+00:00,332.87966913606874,65.97087644452311,266.9087926915456,260.3105438279292,6.598248863616393,29.03085267088617
2015-05-10 07:00:00+00:00,530.5655229338929,303.24982432982085,227.31569860407208,215.5259341371027,11.789764466969395,36.42787015948865
2015-05-10 08:00:00+00:00,634.4211599530124,347.5170040808205,286.90415587219195,273.3727216544203,13.531434217771691,40.75088653122688
2015-05-10 09:00:00+00:00,624.5836894625874,204.58171635743665,420.0019731051507,407.72655072689986,12.275422378250804,41.629347806951785
2015-05-10 10:00:00+00:00,344.050659936889,4.869281233558613,339.1813787033304,333.08553457552233,6.095844127808038,33.31651048977396
2015-05-10 11:00:00+00:00,649.7940792981013,483.227005673862,166.56707362423933,152.08107040843177,14.486003215807564,44.09904852542199
2015-05-10 12:00:00+00:00,525.4608557911449,367.1043630044624,158.35649278668257,146.48299419707845,11.87349858960412,40.286778361532974
2015-05-10 13:00:00+00:00,361.75005566925125,243.92946126743092,117.82059440182033,109.16248612138968,8.658108280430648,34.47913003866583
2015-05-10 14:00:00+00:00,175.08476154083797,78.19486143123306,96.88990010960492,92.36825748732973,4.521642622275194,27.911801824608556
2015-05-10 15:00:00+00:00,27.894709581221623,0.0,27.894709581221623,27.057368354874363,0.837341226347258,22.231257696855057
2015-05-10 16:00:00+00:00,0.0,0.0,0.0,0.0,0.0,20.23
2015-05-10 17:00:00+00:00,0.0,0.0,0.0,0.0,0.0,19.37
2015-05-10 18:00:00+00:00,0.0,0.0,0.0,0.0,0.0,18.92
2015-05-10 19:00:00+00:00,0.0,0.0,0.0,0.0,0.0,18.24
2015-05-10 20:00:00+00:00,0.0,0.0,0.0,0.0,0.0,18.12
2015-05-10 21:00:00+00:00,0.0,0.0,0.0,0.0,0.0,17.73
2015-05-10 22:00:00+00:00,0.0,0.0,0.0,0.0,0.0,17.14
2015-05-10 23:00:00+00:00,0.0,0.0,0.0,0.0,0.0,17.0
2015-05-11 00:00:00+00:00,0.0,0.0,0.0,0.0,0.0,16.65
2015-05-11 01:00:00+00:00,0.0,0.0,0.0,0.0,0.0,16.66
2015-05-11 02:00:00+00:00,0.0,0.0,0.0,0.0,0.0,16.84
2015-05-11 03:00:00+00:00,0.0,0.0,0.0,0.0,0.0,16.58
2015-05-11 04:00:00+00:00,45.4425453189941,0.0,45.4425453189941,43.85159698893431,1.5909483300597904,16.92675539714253
2015-05-11 05:00:00+00:00,192.1035251773923,107.86906963401506,84.23445554337724,78.37306695894642,5.861388584430807,24.2192379889035
2015-05-11 06:00:00+00:00,384.147422019942,283.68082934286434,100.46659267707766,90.50223208354528,9.964360593532371,31.798680057744992
2015-05-11 07:00:00+00:00,536.6960882652317,348.9807842821897,187.71530398304193,175.40638795573724,12.308916027304694,37.94849933999288
2015-05-11 08:00:00+00:00,636.9709478623357,355.5308936052815,281.4400542570542,267.77464544306696,13.665408813987252,42.00135539651432
2015-05-11 09:00:00+00:00,656.1290504700321,273.3757886708456,382.7532617991864,369.4730299493189,13.280231849867514,43.21296896895506
2015-05-11 10:00:00+00:00,718.0874819994986,553.6950045018223,164.39247749767634,148.34901960086287,16.043457896813464,45.28374297292716
2015-05-11 11:00:00+00:00,655.0344375908144,508.69220056671884,146.3422370240955,131.55479096680293,14.787446057292577,43.844666609492606
2015-05-11 12:00:00+00:00,541.836654304002,436.75755700072085,105.0790973032811,92.36825748732973,12.710839815951378,40.482276438409436
2015-05-11 13:00:00+00:00,162.08191671055894,0.606050394774024,161.4758663157849,158.6121593216773,2.8637069941076225,28.5934677201037
2015-05-11 14:00:00+00:00,147.93115267050368,12.596388832227829,135.33476383827585,132.48780366869516,2.8469601695806777,27.763926434745574
2015-05-11 15:00:00+00:00,27.86121593216773,0.0,27.86121593216773,27.057368354874363,0.8038475772933678,23.088038086836775
2015-05-11 16:00:00+00:00,0.0,0.0,0.0,0.0,0.0,20.74
2015-05-11 17:00:00+00:00,0.0,0.0,0.0,0.0,0.0,19.54
2015-05-11 18:00:00+00:00,0.0,0.0,0.0,0.0,0.0,18.76
2015-05-11 19:00:00+00:00,0.0,0.0,0.0,0.0,0.0,18.12
2015-05-11 20:00:00+00:00,0.0,0.0,0.0,0.0,0.0,17.72
2015-05-11 21:00:00+00:00,0.0,0.0,0.0,0.0,0.0,17.52
2015-05-11 22:00:00+00:00,0.0,0.0,0.0,0.0,0.0,16.92
2015-05-11 23:00:00+00:00,0.0,0.0,0.0,0.0,0.0,16.46
2015-05-12 00:00:00+00:00,0.0,0.0,0.0,0.0,0.0,16.44
2015-05-12 01:00:00+00:00,0.0,0.0,0.0,0.0,0.0,16.22
2015-05-12 02:00:00+00:00,0.0,0.0,0.0,0.0,0.0,15.72
2015-05-12 03:00:00+00:00,0.0,0.0,0.0,0.0,0.0,15.83
2015-05-12 04:00:00+00:00,9.497595264191647,0.0,9.497595264191647,9.330127018922195,0.16746824526945162,16.507482779257405
2015-05-12 05:00:00+00:00,150.7223516772099,5.191435416227452,145.53091626098245,142.75094338950956,2.779972871472897,22.555153973087066
2015-05-12 06:00:00+00:00,311.36282893663883,44.12390922617102,267.2389197104678,261.24355652982143,5.995363180646367,28.820848234786933
2015-05-12 07:00:00+00:00,451.1686873315588,99.04467698310278,352.124010348456,343.34867429633675,8.775336052119265,34.67429143454606
2015-05-12 08:00:00+00:00,321.338682463656,4.018519692493377,317.32016277116264,311.6262424320013,5.693920339161355,32.10987900441137
2015-05-12 09:00:00+00:00,688.66547400853,406.1703698062783,282.49510420225175,267.77464544306696,14.720458759184798,44.063968835911425
2015-05-12 10:00:00+00:00,683.2654892334317,396.3230302405692,286.94245899286256,272.43970895252806,14.50275004033451,44.7070827970527
2015-05-12 11:00:00+00:00,641.1685647285173,466.3718450325174,174.79671969599985,160.47818472546174,14.318534970538114,43.52642259054329
2015-05-12 12:00:00+00:00,515.2137531703531,333.86687932690404,181.34687384344915,169.80831174438393,11.538562099065217,39.86385712931744
2015-05-12 13:00:00+00:00,331.55764025373304,108.19900170963673,223.35863854409632,216.4589468389949,6.899691705101406,33.62109268969325
2015-05-12 14:00:00+00:00,170.06410752670195,79.67180268128865,90.39230484541328,85.83716857408419,4.555136271329084,26.405222977339992
2015-05-12 15:00:00+00:00,3.7990381056766584,0.0,3.7990381056766584,3.7320508075688776,0.06698729810778065,19.734393878594144
2015-05-12 16:00:00+00:00,0.0,0.0,0.0,0.0,0.0,18.82
2015-05-12 17:00:00+00:00,0.0,0.0,0.0,0.0,0.0,18.27
2015-05-12 18:00:00+00:00,0.0,0.0,0.0,0.0,0.0,17.97
2015-05-12 19:00:00+00:00,0.0,0.0,0.0,0.0,0.0,17.9
2015-05-12 20:00:00+00:00,0.0,0.0,0.0,0.0,0.0,17.58
2015-05-12 21:00:00+00:00,0.0,0.0,0.0,0.0,0.0,17.3
2015-05-12 22:00:00+00:00,0.0,0.0,0.0,0.0,0.0,16.86
2015-05-12 23:00:00+00:00,0.0,0.0,0.0,0.0,0.0,16.54
2015-05-13 00:00:00+00:00,0.0,0.0,0.0,0.0,0.0,16.67
2015-05-13 01:00:00+00:00,0.0,0.0,0.0,0.0,0.0,16.72
2015-05-13 02:00:00+00:00,0.0,0.0,0.0,0.0,0.0,16.67
2015-05-13 03:00:00+00:00,0.0,0.0,0.0,0.0,0.0,16.57
2015-05-13 04:00:00+00:00,10.44735479061081,0.0,10.44735479061081,10.263139720814413,0.1842150697963968,16.869933047415035
2015-05-13 05:00:00+00:00,86.42811690414398,0.0,86.42811690414398,84.90415587219196,1.5239610319520096,20.274900664978944
2015-05-13 06:00:00+00:00,337.5891361901005,76.96023004389622,260.62890614620426,253.77945491468367,6.849451231520571,29.970543458870782
2015-05-13 07:00:00+00:00,453.38172568914877,104.88928520110002,348.49244048804877,339.61662348876786,8.875816999280936,34.68935849318283
2015-05-13 08:00:00+00:00,604.7204613589734,264.7063782486494,340.014083110324,327.487458364169,12.526624746154981,40.776043606205334
2015-05-13 09:00:00+00:00,685.8027495004934,403.3411389472955,282.4616105531979,267.77464544306696,14.686965110130906,44.23272917228045
2015-05-13 10:00:00+00:00,674.0530498789889,368.7517796897669,305.30127018922195,291.09996299037243,14.201307198849497,44.56483548801385
2015-05-13 11:00:00+00:00,642.895570154672,495.82128232300755,147.0742878316644,132.48780366869516,14.586484162969235,44.110592092514885
2015-05-13 12:00:00+00:00,478.09428893187874,187.4270796650039,290.66720926687486,280.83682326955807,9.83038599731681,38.82040695667644
2015-05-13 13:00:00+00:00,115.87066222313808,0.0,115.87066222313808,113.82754963085077,2.0431125922873097,26.926003584118295
2015-05-13 14:00:00+00:00,144.72479473722328,11.323043600839656,133.4017511363836,130.62177826491072,2.779972871472897,25.72019982306851
2015-05-13 15:00:00+00:00,27.877962756694675,0.0,27.877962756694675,27.057368354874363,0.820594401820313,20.942872475937765
2015-05-13 16:00:00+00:00,0.0,0.0,0.0,0.0,0.0,19.19
2015-05-13 17:00:00+00:00,0.0,0.0,0.0,0.0,0.0,18.62
2015-05-13 18:00:00+00:00,0.0,0.0,0.0,0.0,0.0,17.9
2015-05-13 19:00:00+00:00,0.0,0.0,0.0,0.0,0.0,18.2
2015-05-13 20:00:00+00:00,0.0,0.0,0.0,0.0,0.0,17.85
2015-05-13 21:00:00+00:00,0.0,0.0,0.0,0.0,0.0,17.78
2015-05-13 22:00:00+00:00,0.0,0.0,0.0,0.0,0.0,17.59
2015-05-13 23:00:00+00:00,0.0,0.0,0.0,0.0,0.0,17.27
2015-05-14 00:00:00+00:00,0.0,0.0,0.0,0.0,0.0,17.09
2015-05-14 01:00:00+00:00,0.0,0.0,0.0,0.0,0.0,17.08
2015-05-14 02:00:00+00:00,0.0,0.0,0.0,0.0,0.0,17.22
2015-05-14 03:00:00+00:00,0.0,0.0,0.0,0.0,0.0,17.18
2015-05-14 04:00:00+00:00,50.839659636024074,0.0,50.839659636024074,49.44967320028763,1.3899864357364484,18.880029788791145
2015-05-14 05:00:00+00:00,100.67450980043144,0.0,100.67450980043144,98.89934640057525,1.775163399856187,21.134012857599974
2015-05-14 06:00:00+00:00,357.40688915513437,123.84728871671471,233.55960043841964,225.7890738579171,7.770526580502555,30.578649460593056
2015-05-14 07:00:00+00:00,469.516346148869,128.91861524204177,340.5977309068272,331.2195091717379,9.37822173508929,34.00475104020833
2015-05-14 08:00:00+00:00,642.4928408696422,442.33730997728304,200.15553089235922,185.66952767655167,14.486003215807564,40.85769352108787
2015-05-14 09:00:00+00:00,709.4481846315311,552.4528214508848,156.9953631806464,140.88491798572514,16.110445194921244,43.08668107631175
2015-05-14 10:00:00+00:00,704.0681504516403,530.596748302946,173.47140214869438,157.6791466197851,15.792255528909287,44.06497762511882
2015-05-14 11:00:00+00:00,623.1098618766517,380.07404981792104,243.03581205873073,229.52112466548598,13.514687393244746,42.093059262158036
2015-05-14 12:00:00+00:00,61.73436921724569,0.0,61.73436921724569,60.64582562299426,1.0885435942514354,24.25238128608105
2015-05-14 13:00:00+00:00,355.24323814719827,244.80301123788098,110.44022690931729,101.69838450625191,8.741842403065375,33.06359130373674
2015-05-14 14:00:00+00:00,156.30166584854527,19.715699642365237,136.58596620618002,133.42081637058737,3.1651498355926355,26.35651254911914
2015-05-14 15:00:00+00:00,27.626760388790498,0.0,27.626760388790498,27.057368354874363,0.5693920339161355,20.805067530588538
2015-05-14 16:00:00+00:00,0.0,0.0,0.0,0.0,0.0,19.17
2015-05-14 17:00:00+00:00,0.0,0.0,0.0,0.0,0.0,18.55
2015-05-14 18:00:00+00:00,0.0,0.0,0.0,0.0,0.0,18.03
2015-05-14 19:00:00+00:00,0.0,0.0,0.0,0.0,0.0,18.23
2015-05-14 20:00:00+00:00,0.0,0.0,0.0,0.0,0.0,17.77
2015-05-14 21:00:00+00:00,0.0,0.0,0.0,0.0,0.0,17.73
2015-05-14 22:00:00+00:00,0.0,0.0,0.0,0.0,0.0,17.64
2015-05-14 23:00:00+00:00,0.0,0.0,0.0,0.0,0.0,17.54
2015-05-15 00:00:00+00:00,0.0,0.0,0.0,0.0,0.0,17.31
2015-05-15 01:00:00+00:00,0.0,0.0,0.0,0.0,0.0,16.68
2015-05-15 02:00:00+00:00,0.0,0.0,0.0,0.0,0.0,16.39
2015-05-15 03:00:00+00:00,0.0,0.0,0.0,0.0,0.0,15.98
2015-05-15 04:00:00+00:00,39.90664693413186,0.0,39.90664693413186,39.18653347947321,0.720113454658642,17.376684075215298
2015-05-15 05:00:00+00:00,191.48593133216949,32.402369861797816,159.08356147037168,154.88010851410843,4.203452956263235,23.789923341655452
2015-05-15 06:00:00+00:00,366.7096348047007,170.64994804014952,196.0596867645512,187.53555308033611,8.524133684215087,30.907035645352693
2015-05-15 07:00:00+00:00,539.2731611823226,426.2443043526224,113.02885682970026,99.83235910246748,13.196497727232787,37.510815711042916
2015-05-15 08:00:00+00:00,658.8414409670197,537.9034461412477,120.93799482577201,105.4304353138208,15.50755951195122,41.94051770003655
2015-05-15 09:00:00+00:00,726.1001728877231,615.0018376979752,111.09833518974794,94.23428289111416,16.864052298633776,44.60038202855763
2015-05-15 10:00:00+00:00,706.564621367422,550.6027518358295,155.96186953159247,139.9519052838329,16.009964247759573,44.574320848939685
2015-05-15 11:00:00+00:00,646.6170964031354,509.5547459243813,137.06235047875415,122.22466394788074,14.837686530873412,43.32079508136332
2015-05-15 12:00:00+00:00,519.2177859848728,383.0191425002262,136.19864348464654,124.09068935166518,12.107954132981352,39.62423287395059
2015-05-15 13:00:00+00:00,350.22550159984314,206.63223486010648,143.59326673973663,135.28684177437182,8.3064249653648,34.0260971581492
2015-05-15 14:00:00+00:00,167.71142922483017,70.87176958880607,96.83965963602408,92.36825748732973,4.4714021486943585,27.826122242183427
2015-05-15 15:00:00+00:00,27.810975458586896,0.0,27.810975458586896,27.057368354874363,0.7536071037125323,22.923285205036958
2015-05-15 16:00:00+00:00,0.0,0.0,0.0,0.0,0.0,20.71
2015-05-15 17:00:00+00:00,0.0,0.0,0.0,0.0,0.0,19.52
2015-05-15 18:00:00+00:00,0.0,0.0,0.0,0.0,0.0,18.72
2015-05-15 19:00:00+00:00,0.0,0.0,0.0,0.0,0.0,18.37
2015-05-15 20:00:00+00:00,0.0,0.0,0.0,0.0,0.0,17.77
2015-05-15 21:00:00+00:00,0.0,0.0,0.0,0.0,0.0,17.42
2015-05-15 22:00:00+00:00,0.0,0.0,0.0,0.0,0.0,17.11
2015-05-15 23:00:00+00:00,0.0,0.0,0.0,0.0,0.0,16.9
2015-05-16 00:00:00+00:00,0.0,0.0,0.0,0.0,0.0,16.61
2015-05-16 01:00:00+00:00,0.0,0.0,0.0,0.0,0.0,16.63
2015-05-16 02:00:00+00:00,0.0,0.0,0.0,0.0,0.0,16.29
2015-05-16 03:00:00+00:00,0.0,0.0,0.0,0.0,0.0,16.11
2015-05-16 04:00:00+00:00,38.95688740771269,0.0,38.95688740771269,38.253520777580995,0.7033666301316968,17.185261656291626
2015-05-16 05:00:00+00:00,177.20110027159186,16.887892729459676,160.31320754213218,156.74613391789285,3.5670736242393195,22.62620062809932
2015-05-16 06:00:00+00:00,328.4784901516162,64.38548239027419,264.093007761342,257.51150572225254,6.5815020390894485,28.890474733166815
2015-05-16 07:00:00+00:00,499.24254532646785,208.70450118419186,290.53804414227596,279.9038105676658,10.634233574610178,35.61829028194616
2015-05-16 08:00:00+00:00,641.7831248184327,489.7255838112953,152.05754100713744,137.15286717815624,14.904673828981194,41.01420780616378
2015-05-16 09:00:00+00:00,688.2079192646517,441.73188029660366,246.476038968048,231.3871500692704,15.08888889877759,43.01062015278288
2015-05-16 10:00:00+00:00,705.9579080876695,565.7232798920292,140.2346281956403,124.09068935166518,16.143938843975135,44.1345224315216
2015-05-16 11:00:00+00:00,635.5910323946108,489.4832509138925,146.10778148071827,131.55479096680293,14.552990513915345,42.296540209211614
2015-05-16 12:00:00+00:00,514.9852366584109,382.5521376303872,132.43309902802378,120.35863854409631,12.074460483927462,38.060231510159866
2015-05-16 13:00:00+00:00,194.51067782013592,3.5085320627221774,191.00214575741376,187.53555308033611,3.4665926770776485,26.911521119691947
2015-05-16 14:00:00+00:00,59.83485016440737,0.0,59.83485016440737,58.779800219209825,1.0550499451975452,22.39358869973987
2015-05-16 15:00:00+00:00,27.626760388790498,0.0,27.626760388790498,27.057368354874363,0.5693920339161355,20.30905074136971
2015-05-16 16:00:00+00:00,0.0,0.0,0.0,0.0,0.0,18.58
2015-05-16 17:00:00+00:00,0.0,0.0,0.0,0.0,0.0,17.8
2015-05-16 18:00:00+00:00,0.0,0.0,0.0,0.0,0.0,17.45
2015-05-16 19:00:00+00:00,0.0,0.0,0.0,0.0,0.0,17.33
2015-05-16 20:00:00+00:00,0.0,0.0,0.0,0.0,0.0,17.2
2015-05-16 21:00:00+00:00,0.0,0.0,0.0,0.0,0.0,16.97
2015-05-16 22:00:00+00:00,0.0,0.0,0.0,0.0,0.0,16.6
2015-05-16 23:00:00+00:00,0.0,0.0,0.0,0.0,0.0,16.35
2015-05-17 00:00:00+00:00,0.0,0.0,0.0,0.0,0.0,15.84
2015-05-17 01:00:00+00:00,0.0,0.0,0.0,0.0,0.0,15.63
2015-05-17 02:00:00+00:00,0.0,0.0,0.0,0.0,0.0,15.57
2015-05-17 03:00:00+00:00,0.0,0.0,0.0,0.0,0.0,15.28
2015-05-17 04:00:00+00:00,43.73917868886241,0.0,43.73917868886241,42.918584287042094,0.820594401820313,16.775039179465793
2015-05-17 05:00:00+00:00,190.46300595138342,41.37463500939508,149.08837094198836,144.616968793294,4.4714021486943585,23.011438015616825
2015-05-17 06:00:00+00:00,362.1798174133046,195.6750942678194,166.50472314548517,157.6791466197851,8.8255765257001,30.273927259809575
2015-05-17 07:00:00+00:00,521.0834310562213,365.8895970431916,155.1938340130298,142.75094338950956,12.442890623520254,36.476511621004505
2015-05-17 08:00:00+00:00,388.98521233705696,19.043098648720566,369.9421136883364,362.94194103607333,7.000172652263077,33.32518820029011
2015-05-17 09:00:00+00:00,384.05041270766634,11.459982334395766,372.5904303732706,365.74097914175,6.849451231520571,33.71870804523784
2015-05-17 10:00:00+00:00,534.0350350828658,92.95181891702025,441.08321616584556,431.0518682742054,10.031347891640152,38.544722127532424
2015-05-17 11:00:00+00:00,351.0000111373049,10.718151486812848,340.28185965049204,334.01854727741454,6.263312373077491,33.28217300612252
2015-05-17 12:00:00+00:00,318.52247659191096,16.080276577443023,302.4422000144679,296.69803920172575,5.744160812742191,32.738322733665
2015-05-17 13:00:00+00:00,338.47471374613315,154.51550792874366,183.9592058173895,176.33940065762945,7.619805159760048,33.072922368109396
2015-05-17 14:00:00+00:00,160.7311493279642,25.76000615766447,134.97114317029974,131.55479096680293,3.416352203496813,27.32094444737177
2015-05-17 15:00:00+00:00,26.911456405748567,0.0,26.911456405748567,26.124355652982143,0.7871007527664226,22.350206088660556
2015-05-17 16:00:00+00:00,0.0,0.0,0.0,0.0,0.0,20.38
2015-05-17 17:00:00+00:00,0.0,0.0,0.0,0.0,0.0,19.64
2015-05-17 18:00:00+00:00,0.0,0.0,0.0,0.0,0.0,19.17
2015-05-17 19:00:00+00:00,0.0,0.0,0.0,0.0,0.0,18.48
2015-05-17 20:00:00+00:00,0.0,0.0,0.0,0.0,0.0,17.83
2015-05-17 21:00:00+00:00,0.0,0.0,0.0,0.0,0.0,17.34
2015-05-17 22:00:00+00:00,0.0,0.0,0.0,0.0,0.0,16.82
2015-05-17 23:00:00+00:00,0.0,0.0,0.0,0.0,0.0,16.47
2015-05-18 00:00:00+00:00,0.0,0.0,0.0,0.0,0.0,16.25
2015-05-18 01:00:00+00:00,0.0,0.0,0.0,0.0,0.0,15.85
2015-05-18 02:00:00+00:00,0.0,0.0,0.0,0.0,0.0,15.43
2015-05-18 03:00:00+00:00,0.0,0.0,0.0,0.0,0.0,15.0
2015-05-18 04:00:00+00:00,51.688938215281574,0.0,51.688938215281574,50.38268590217985,1.3062523131017225,16.499745664468286
2015-05-18 05:00:00+00:00,121.76092834394514,1.091228015130405,120.66970032881473,118.49261314031186,2.177087188502871,20.741986114455077
2015-05-18 06:00:00+00:00,233.31894917021577,7.058473163604293,226.26047600661147,222.05702305034822,4.203452956263235,26.02093466178856
2015-05-18 07:00:00+00:00,461.7643418462114,122.233598237492,339.5307436087194,330.28649646984564,9.24424713887373,34.58634976133932
2015-05-18 08:00:00+00:00,610.9651641374394,311.4175010519299,299.54766308550944,286.4348994809114,13.112763604598062,40.28723373323784
2015-05-18 09:00:00+00:00,646.3450853152407,282.20183708031783,364.14324823492285,350.8127759114745,13.33047232344835,42.01142710973896
2015-05-18 10:00:00+00:00,603.1186224769641,190.0161684246518,413.10245405231234,401.19546181365433,11.90699223865801,41.12952804774619
2015-05-18 11:00:00+00:00,527.1889172221324,133.48838695846678,393.70053026366566,383.4682204777022,10.232309785963494,38.570356510680895
2015-05-18 12:00:00+00:00,499.04954159959584,298.44433750694895,200.60520409264686,189.40157848412053,11.203625608526313,37.487950566680105
2015-05-18 13:00:00+00:00,261.07586205089456,24.815386044283112,236.26047600661144,231.3871500692704,4.873325937341042,30.09871379072624
2015-05-18 14:00:00+00:00,148.5961769528921,14.093944869346839,134.50223208354527,131.55479096680293,2.9474411167423487,26.082014519557486
2015-05-18 15:00:00+00:00,22.810975458586892,0.0,22.810975458586892,22.392304845413264,0.418670613173629,21.858474482035295
2015-05-18 16:00:00+00:00,0.0,0.0,0.0,0.0,0.0,20.21
2015-05-18 17:00:00+00:00,0.0,0.0,0.0,0.0,0.0,19.58
2015-05-18 18:00:00+00:00,0.0,0.0,0.0,0.0,0.0,19.02
2015-05-18 19:00:00+00:00,0.0,0.0,0.0,0.0,0.0,18.77
2015-05-18 20:00:00+00:00,0.0,0.0,0.0,0.0,0.0,18.26
2015-05-18 21:00:00+00:00,0.0,0.0,0.0,0.0,0.0,17.56
2015-05-18 22:00:00+00:00,0.0,0.0,0.0,0.0,0.0,16.79
2015-05-18 23:00:00+00:00,0.0,0.0,0.0,0.0,0.0,16.21
2015-05-19 00:00:00+00:00,0.0,0.0,0.0,0.0,0.0,15.89
2015-05-19 01:00:00+00:00,0.0,0.0,0.0,0.0,0.0,15.54
2015-05-19 02:00:00+00:00,0.0,0.0,0.0,0.0,0.0,15.66
2015-05-19 03:00:00+00:00,0.0,0.0,0.0,0.0,0.0,15.31
2015-05-19 04:00:00+00:00,12.34687384344914,0.0,12.34687384344914,12.129165124598853,0.2177087188502871,15.638889741280224
2015-05-19 05:00:00+00:00,136.53800786021623,2.504686863425406,134.03332099679082,131.55479096680293,2.478530029987884,21.391710630298682
2015-05-19 06:00:00+00:00,356.8367486343186,218.97072323053416,137.86602540378445,128.75575286112627,9.110272542658167,30.527314056851377
2015-05-19 07:00:00+00:00,524.9142900041142,418.533749859348,106.38054014476612,93.30127018922194,13.079269955544172,37.59275809366876
2015-05-19 08:00:00+00:00,577.0845932216894,214.46530601871854,362.61928720297084,350.8127759114745,11.806511291496339,40.09649734912792
2015-05-19 09:00:00+00:00,618.5173676889904,221.67324388587568,396.84412380311466,384.4012331795944,12.442890623520254,42.14272203420779
2015-05-19 10:00:00+00:00,546.6296774419662,109.85984147051597,436.7698359714503,426.3868047647443,10.383031206706,40.427003567507
2015-05-19 11:00:00+00:00,520.5813333285367,127.03152448561364,393.54980884292314,383.4682204777022,10.081588365220988,39.52648433656059
2015-05-19 12:00:00+00:00,423.2757221156632,95.01292769937494,328.2627944162883,320.0233567490313,8.23943766725702,36.68057049126758
2015-05-19 13:00:00+00:00,308.2369819537256,73.40230444158132,234.83467751214428,228.58811196359375,6.246565548550545,33.036832761200316
2015-05-19 14:00:00+00:00,60.784609690826535,0.0,60.784609690826535,59.71281292110204,1.0717967697244903,25.2683415245925
2015-05-19 15:00:00+00:00,27.844469107640787,0.0,27.844469107640787,27.057368354874363,0.7871007527664226,23.280226412538713
2015-05-19 16:00:00+00:00,0.0,0.0,0.0,0.0,0.0,21.01
2015-05-19 17:00:00+00:00,0.0,0.0,0.0,0.0,0.0,19.59
2015-05-19 18:00:00+00:00,0.0,0.0,0.0,0.0,0.0,19.52
2015-05-19 19:00:00+00:00,0.0,0.0,0.0,0.0,0.0,19.01
2015-05-19 20:00:00+00:00,0.0,0.0,0.0,0.0,0.0,18.22
2015-05-19 21:00:00+00:00,0.0,0.0,0.0,0.0,0.0,17.43
2015-05-19 22:00:00+00:00,0.0,0.0,0.0,0.0,0.0,16.67
2015-05-19 23:00:00+00:00,0.0,0.0,0.0,0.0,0.0,16.4
2015-05-20 00:00:00+00:00,0.0,0.0,0.0,0.0,0.0,15.92
2015-05-20 01:00:00+00:00,0.0,0.0,0.0,0.0,0.0,15.9
2015-05-20 02:00:00+00:00,0.0,0.0,0.0,0.0,0.0,15.8
2015-05-20 03:00:00+00:00,0.0,0.0,0.0,0.0,0.0,15.62
2015-05-20 04:00:00+00:00,22.794228634059948,0.0,22.794228634059948,22.392304845413264,0.4019237886466839,16.157958670217766
2015-05-20 05:00:00+00:00,76.93052163995232,0.0,76.93052163995232,75.57402885326977,1.356492786682558,18.980610511984967
2015-05-20 06:00:00+00:00,153.86104327990464,0.0,153.86104327990464,151.14805770653953,2.712985573365116,23.09514170488195
2015-05-20 07:00:00+00:00,207.99733628579705,0.0,207.99733628579705,204.32978171439606,3.6675545714009905,26.231715410026922
2015-05-20 08:00:00+00:00,596.4173141189144,278.6615612577882,317.75575286112627,305.09515351875575,12.660599342370542,39.79642722059053
2015-05-20 09:00:00+00:00,662.3514038235999,364.48074160046184,297.8706622231381,283.6358613752347,14.234800847903387,42.70812555442025
2015-05-20 10:00:00+00:00,643.922702064486,303.004290429707,340.91841163477903,327.487458364169,13.43095327061002,42.4176318894075
2015-05-20 11:00:00+00:00,614.3810847652775,419.5269967144033,194.8540880508742,181.00446416709056,13.849623883783648,42.049394721189195
2015-05-20 12:00:00+00:00,498.3457052306459,348.5872886553166,149.75841657532925,138.08587988004848,11.672536695280778,38.489750713378875
2015-05-20 13:00:00+00:00,230.17754988402356,11.397922317076812,218.77962756694674,214.59292143521046,4.18670613173629,30.27993848732548
2015-05-20 14:00:00+00:00,101.48981347020175,0.7818100207164247,100.70800344948533,98.89934640057525,1.8086570489100775,25.679651167226353
2015-05-20 15:00:00+00:00,26.66025403784439,0.0,26.66025403784439,26.124355652982143,0.5358983848622452,22.454126340660146
2015-05-20 16:00:00+00:00,0.0,0.0,0.0,0.0,0.0,20.48
2015-05-20 17:00:00+00:00,0.0,0.0,0.0,0.0,0.0,19.69
2015-05-20 18:00:00+00:00,0.0,0.0,0.0,0.0,0.0,19.04
2015-05-20 19:00:00+00:00,0.0,0.0,0.0,0.0,0.0,18.66
2015-05-20 20:00:00+00:00,0.0,0.0,0.0,0.0,0.0,18.12
2015-05-20 21:00:00+00:00,0.0,0.0,0.0,0.0,0.0,17.7
2015-05-20 22:00:00+00:00,0.0,0.0,0.0,0.0,0.0,17.09
2015-05-20 23:00:00+00:00,0.0,0.0,0.0,0.0,0.0,16.61
2015-05-21 00:00:00+00:00,0.0,0.0,0.0,0.0,0.0,16.37
2015-05-21 01:00:00+00:00,0.0,0.0,0.0,0.0,0.0,16.23
2015-05-21 02:00:00+00:00,0.0,0.0,0.0,0.0,0.0,15.97
2015-05-21 03:00:00+00:00,0.0,0.0,0.0,0.0,0.0,15.57
2015-05-21 04:00:00+00:00,32.29182389825159,0.0,32.29182389825159,31.72243186433546,0.5693920339161355,16.358144831494414
2015-05-21 05:00:00+00:00,135.509885698704,2.4263242283323736,133.08356147037165,130.62177826491072,2.4617832054609385,20.893774634566437
2015-05-21 06:00:00+00:00,224.48537776535233,5.856471619148091,218.62890614620423,214.59292143521046,4.035984710993784,25.21901427511874
2015-05-21 07:00:00+00:00,506.7831370957624,327.7663902712355,179.01674682452696,167.00927363870727,12.00747318581968,35.16883396801485
2015-05-21 08:00:00+00:00,543.3657856137194,148.2298379123531,395.13594770136626,384.4012331795944,10.73471452177185,37.9474155620761
2015-05-21 09:00:00+00:00,306.2358323169999,1.3295306873941857,304.9063016296057,299.49707730740244,5.409224322203287,31.474471641745666
2015-05-21 10:00:00+00:00,505.59169465356547,71.6591999084625,433.932494745103,424.5207793609598,9.41171538414318,38.351424047732195
2015-05-21 11:00:00+00:00,576.3410536007818,249.00878082444584,327.33227277633597,315.3582932395702,11.97397953676579,41.03125469689313
2015-05-21 12:00:00+00:00,474.7740608033156,209.9297643479379,264.84429645537773,254.7124676165759,10.131828838801823,37.80257661598663
2015-05-21 13:00:00+00:00,328.2500952845664,129.7143695519672,198.5357257325992,191.26760388790498,7.2681218446942,33.2547823876907
2015-05-21 14:00:00+00:00,92.52835898666294,0.384938099477029,92.14342088718591,90.50223208354528,1.641188803640626,25.18427949501273
2015-05-21 15:00:00+00:00,27.69374768689828,0.0,27.69374768689828,27.057368354874363,0.6363793320239162,22.597165081504365
2015-05-21 16:00:00+00:00,0.0,0.0,0.0,0.0,0.0,20.7
2015-05-21 17:00:00+00:00,0.0,0.0,0.0,0.0,0.0,19.6
2015-05-21 18:00:00+00:00,0.0,0.0,0.0,0.0,0.0,18.71
2015-05-21 19:00:00+00:00,0.0,0.0,0.0,0.0,0.0,18.27
2015-05-21 20:00:00+00:00,0.0,0.0,0.0,0.0,0.0,17.53
2015-05-21 21:00:00+00:00,0.0,0.0,0.0,0.0,0.0,17.09
2015-05-21 22:00:00+00:00,0.0,0.0,0.0,0.0,0.0,16.63
2015-05-21 23:00:00+00:00,0.0,0.0,0.0,0.0,0.0,16.37
2015-05-22 00:00:00+00:00,0.0,0.0,0.0,0.0,0.0,15.84
2015-05-22 01:00:00+00:00,0.0,0.0,0.0,0.0,0.0,15.29
2015-05-22 02:00:00+00:00,0.0,0.0,0.0,0.0,0.0,14.94
2015-05-22 03:00:00+00:00,0.0,0.0,0.0,0.0,0.0,15.0
2015-05-22 04:00:00+00:00,31.342064371832432,0.0,31.342064371832432,30.78941916244324,0.5526452093891904,15.880133752673476
2015-05-22 05:00:00+00:00,139.9861922019162,3.0700989768139877,136.9160932251022,134.35382907247958,2.5622641526226095,21.048410176470416
2015-05-22 06:00:00+00:00,202.58207637255745,2.1158290000059266,200.46624737255152,196.8656800992583,3.6005672732932097,24.834304403214134
2015-05-22 07:00:00+00:00,465.0192702672998,140.13203387189787,324.88723639540194,315.3582932395702,9.528943155831797,34.9135885604707
2015-05-22 08:00:00+00:00,583.6208626963262,245.77424783127162,337.84661486505456,325.6214329603846,12.225181904669968,39.652147960469755
2015-05-22 09:00:00+00:00,681.2477329988537,518.1064578690816,163.14127512977217,147.41600689897066,15.725268230801507,43.35687663161024
2015-05-22 10:00:00+00:00,672.2391221921102,459.3682873167091,212.87083487540116,197.7986928011505,15.072142074250646,43.66880136442423
2015-05-22 11:00:00+00:00,562.9289630113109,214.60630917820836,348.32265383310255,336.8175853830912,11.505068450011326,40.09680680165988
2015-05-22 12:00:00+00:00,459.3627441046186,164.36540781882158,294.997336285797,285.5018867790191,9.495449506777907,37.066949328558984
2015-05-22 13:00:00+00:00,167.73842958049482,0.5640061061949158,167.1744234742999,164.2102355330306,2.9641879412692935,27.791624927609845
2015-05-22 14:00:00+00:00,112.15449116540444,1.898651978146623,110.25583918725782,108.22947341949745,2.0263657677603644,25.743403038102024
2015-05-22 15:00:00+00:00,3.7990381056766584,0.0,3.7990381056766584,3.7320508075688776,0.06698729810778065,21.693844482297813
2015-05-22 16:00:00+00:00,0.0,0.0,0.0,0.0,0.0,20.55
2015-05-22 17:00:00+00:00,0.0,0.0,0.0,0.0,0.0,19.54
2015-05-22 18:00:00+00:00,0.0,0.0,0.0,0.0,0.0,18.65
2015-05-22 19:00:00+00:00,0.0,0.0,0.0,0.0,0.0,17.54
2015-05-22 20:00:00+00:00,0.0,0.0,0.0,0.0,0.0,17.43
2015-05-22 21:00:00+00:00,0.0,0.0,0.0,0.0,0.0,17.22
2015-05-22 22:00:00+00:00,0.0,0.0,0.0,0.0,0.0,17.08
2015-05-22 23:00:00+00:00,0.0,0.0,0.0,0.0,0.0,16.7
2015-05-23 00:00:00+00:00,0.0,0.0,0.0,0.0,0.0,15.78
2015-05-23 01:00:00+00:00,0.0,0.0,0.0,0.0,0.0,15.12
2015-05-23 02:00:00+00:00,0.0,0.0,0.0,0.0,0.0,14.47
2015-05-23 03:00:00+00:00,0.0,0.0,0.0,0.0,0.0,14.11
2015-05-23 04:00:00+00:00,18.045431001964126,0.0,18.045431001964126,17.72724133595217,0.3181896660119581,14.513107312145337
2015-05-23 05:00:00+00:00,66.48316684934152,0.0,66.48316684934152,65.31088913245536,1.1722777168861613,18.303405860330102
2015-05-23 06:00:00+00:00,296.16423518219375,35.74110040192956,260.4231347802642,254.7124676165759,5.7106671636883,27.722514837041913
2015-05-23 07:00:00+00:00,463.81503165919617,138.94454208832113,324.870489570875,315.3582932395702,9.512196331304851,33.80811783601518
2015-05-23 08:00:00+00:00,569.9689911707488,210.23247619608935,359.7365149746595,348.01373780579786,11.722777168861613,38.292006535476744
2015-05-23 09:00:00+00:00,653.5613551293418,351.1930976420121,302.36825748732974,288.3009248846958,14.067332602633936,41.53184873777857
2015-05-23 10:00:00+00:00,687.4838328457759,558.51234437095,128.9714884748259,112.89453692895854,16.076951545867356,43.306186518922864
2015-05-23 11:00:00+00:00,616.7493642850029,476.37363361185356,140.3757306731494,125.95671475544962,14.419015917699785,41.24424820167418
2015-05-23 12:00:00+00:00,445.5750049713723,136.11837654205428,309.4566284293181,300.43009000929464,9.026538420023442,36.11665549069449
2015-05-23 13:00:00+00:00,324.8093785371452,125.40762740076163,199.4017511363836,192.2006165897972,7.201134546586419,32.49710772150919
2015-05-23 14:00:00+00:00,151.7526706887308,17.98248941275441,133.7701812759764,130.62177826491072,3.14840301106569,26.906689873542877
2015-05-23 15:00:00+00:00,19.011937352910238,0.0,19.011937352910238,18.66025403784439,0.3516833150658484,22.055478419431097
2015-05-23 16:00:00+00:00,0.0,0.0,0.0,0.0,0.0,20.51
2015-05-23 17:00:00+00:00,0.0,0.0,0.0,0.0,0.0,19.71
2015-05-23 18:00:00+00:00,0.0,0.0,0.0,0.0,0.0,19.03
2015-05-23 19:00:00+00:00,0.0,0.0,0.0,0.0,0.0,18.61
2015-05-23 20:00:00+00:00,0.0,0.0,0.0,0.0,0.0,18.18
2015-05-23 21:00:00+00:00,0.0,0.0,0.0,0.0,0.0,17.73
2015-05-23 22:00:00+00:00,0.0,0.0,0.0,0.0,0.0,17.19
2015-05-23 23:00:00+00:00,0.0,0.0,0.0,0.0,0.0,16.82
2015-05-24 00:00:00+00:00,0.0,0.0,0.0,0.0,0.0,16.43
2015-05-24 01:00:00+00:00,0.0,0.0,0.0,0.0,0.0,16.18
2015-05-24 02:00:00+00:00,0.0,0.0,0.0,0.0,0.0,16.18
2015-05-24 03:00:00+00:00,0.0,0.0,0.0,0.0,0.0,16.29
2015-05-24 04:00:00+00:00,11.397114317029974,0.0,11.397114317029974,11.196152422706632,0.20096189432334194,16.6203742816644
2015-05-24 05:00:00+00:00,57.93533111156904,0.0,57.93533111156904,56.913774815425384,1.0215562961436548,18.719856455788662
2015-05-24 06:00:00+00:00,97.82523122117395,0.0,97.82523122117395,96.1003082948986,1.7249229262753516,20.799045917619438
2015-05-24 07:00:00+00:00,260.8091720749062,2.4075935907856505,258.40157848412053,253.77945491468367,4.622123569436865,27.68739802566466
2015-05-24 08:00:00+00:00,475.61526759684875,69.20905229337453,406.4062153034742,397.4634110060855,8.942804297388717,35.36523183328218
2015-05-24 09:00:00+00:00,657.1921238840915,373.232918066702,283.95920581738955,269.64067084685144,14.318534970538114,41.2753088563375
2015-05-24 10:00:00+00:00,674.040121317847,511.0830612578713,162.9570600599758,147.41600689897066,15.54105316100511,42.43680742786686
2015-05-24 11:00:00+00:00,598.4124700823403,358.4436453217173,239.96882476062294,226.72208655980933,13.246738200813622,40.15780218178761
2015-05-24 12:00:00+00:00,489.273781044035,315.558477060993,173.71530398304193,162.34421012924616,11.371093853795765,36.62190092213647
2015-05-24 13:00:00+00:00,286.1861726753623,47.322810985780784,238.8633616895815,233.25317547305485,5.610186216526629,30.387253489367286
2015-05-24 14:00:00+00:00,115.726185232952,2.5875738173828013,113.1386114155692,111.02851152517411,2.1100998903950905,24.73779927884661
2015-05-24 15:00:00+00:00,3.7990381056766584,0.0,3.7990381056766584,3.7320508075688776,0.06698729810778065,20.710492728471124
2015-05-24 16:00:00+00:00,0.0,0.0,0.0,0.0,0.0,19.66
2015-05-24 17:00:00+00:00,0.0,0.0,0.0,0.0,0.0,18.93
2015-05-24 18:00:00+00:00,0.0,0.0,0.0,0.0,0.0,18.41
2015-05-24 19:00:00+00:00,0.0,0.0,0.0,0.0,0.0,17.9
2015-05-24 20:00:00+00:00,0.0,0.0,0.0,0.0,0.0,17.59
2015-05-24 21:00:00+00:00,0.0,0.0,0.0,0.0,0.0,17.15
2015-05-24 22:00:00+00:00,0.0,0.0,0.0,0.0,0.0,16.65
2015-05-24 23:00:00+00:00,0.0,0.0,0.0,0.0,0.0,16.17
2015-05-25 00:00:00+00:00,0.0,0.0,0.0,0.0,0.0,15.6
2015-05-25 01:00:00+00:00,0.0,0.0,0.0,0.0,0.0,15.1
2015-05-25 02:00:00+00:00,0.0,0.0,0.0,0.0,0.0,15.04
2015-05-25 03:00:00+00:00,0.0,0.0,0.0,0.0,0.0,14.94
2015-05-25 04:00:00+00:00,29.4425453189941,0.0,29.4425453189941,28.9233937586588,0.5191515603353,15.970119708958892
2015-05-25 05:00:00+00:00,35.141102477509094,0.0,35.141102477509094,34.52146997001212,0.619632507496971,16.99126290078043
2015-05-25 06:00:00+00:00,340.5978974923232,110.05504387843055,230.5428536138927,222.99003575224043,7.552817861652268,27.99675580219214
2015-05-25 07:00:00+00:00,424.22176637062023,77.2987179164876,346.92304845413264,338.68361078687565,8.23943766725702,33.15355971503844
2015-05-25 08:00:00+00:00,436.3975685588767,40.24255562330668,396.15501293557,388.1332839871633,8.021728948406732,34.288855643907965
2015-05-25 09:00:00+00:00,477.6878826931146,49.97309666686195,427.7147860262527,418.9227031496065,8.79208287664621,35.59456737554789
2015-05-25 10:00:00+00:00,578.8631568198188,158.8492463617578,420.01391045806093,408.6595634287921,11.35434702926882,38.98659526340625
2015-05-25 11:00:00+00:00,493.4176544383972,95.85590824256384,397.5617461958334,388.1332839871633,9.428462208670126,36.49086820439932
2015-05-25 12:00:00+00:00,463.03136521797023,179.9119916888679,283.11937352910235,273.3727216544203,9.746651874682083,35.627846111062745
2015-05-25 13:00:00+00:00,267.10377736980104,28.793060889608736,238.3107164801923,233.25317547305485,5.057541007137439,29.45627091721639
2015-05-25 14:00:00+00:00,38.940140583185745,0.0,38.940140583185745,38.253520777580995,0.6866198056047517,22.33224254251724
2015-05-25 15:00:00+00:00,21.86121593216773,0.0,21.86121593216773,21.459292143521047,0.4019237886466839,21.087799572630775
2015-05-25 16:00:00+00:00,0.0,0.0,0.0,0.0,0.0,19.37
2015-05-25 17:00:00+00:00,0.0,0.0,0.0,0.0,0.0,18.63
2015-05-25 18:00:00+00:00,0.0,0.0,0.0,0.0,0.0,18.26
2015-05-25 19:00:00+00:00,0.0,0.0,0.0,0.0,0.0,17.95
2015-05-25 20:00:00+00:00,0.0,0.0,0.0,0.0,0.0,17.51
2015-05-25 21:00:00+00:00,0.0,0.0,0.0,0.0,0.0,16.62
2015-05-25 22:00:00+00:00,0.0,0.0,0.0,0.0,0.0,15.96
2015-05-25 23:00:00+00:00,0.0,0.0,0.0,0.0,0.0,15.43
2015-05-26 00:00:00+00:00,0.0,0.0,0.0,0.0,0.0,14.94
2015-05-26 01:00:00+00:00,0.0,0.0,0.0,0.0,0.0,14.6
2015-05-26 02:00:00+00:00,0.0,0.0,0.0,0.0,0.0,14.58
2015-05-26 03:00:00+00:00,0.0,0.0,0.0,0.0,0.0,14.41
2015-05-26 04:00:00+00:00,36.1076088284552,0.0,36.1076088284552,35.45448267190434,0.6531261565508613,15.652101651937375
2015-05-26 05:00:00+00:00,45.588457268119896,0.0,45.588457268119896,44.78460969082653,0.8038475772933678,17.131690020797997
2015-05-26 06:00:00+00:00,89.27739548340146,0.0,89.27739548340146,87.70319397786862,1.574201505532845,19.884008114783345
2015-05-26 07:00:00+00:00,187.1026267045754,0.0,187.1026267045754,183.80350227276722,3.2991244318081967,24.258413391890656
2015-05-26 08:00:00+00:00,428.54987457191464,36.29438068918294,392.2554938827317,384.4012331795944,7.854260703137281,32.74711189727824
2015-05-26 09:00:00+00:00,660.4060644286774,396.68844203595864,263.7176223927188,249.1143914052226,14.60323098749618,41.34825846568199
2015-05-26 10:00:00+00:00,528.5149501982719,93.06330389283355,435.4516463054383,425.4537920628521,9.99785424258626,38.060037310508434
2015-05-26 11:00:00+00:00,445.3169163466923,52.65949867531394,392.65741767137837,384.4012331795944,8.256184491783964,35.964696682292235
2015-05-26 12:00:00+00:00,443.7239911771261,131.50181829118517,312.2221728859409,303.22912811497133,8.993044770969552,35.52426696428084
2015-05-26 13:00:00+00:00,89.27739548340146,0.0,89.27739548340146,87.70319397786862,1.574201505532845,24.781728302292915
2015-05-26 14:00:00+00:00,157.81597867040492,51.88064755883588,105.93533111156904,101.69838450625191,4.236946605317126,26.127668347204484
2015-05-26 15:00:00+00:00,28.643507213317445,0.0,28.643507213317445,27.990381056766584,0.6531261565508613,21.550421007004623
2015-05-26 16:00:00+00:00,0.0,0.0,0.0,0.0,0.0,19.49
2015-05-26 17:00:00+00:00,0.0,0.0,0.0,0.0,0.0,18.52
2015-05-26 18:00:00+00:00,0.0,0.0,0.0,0.0,0.0,17.92
2015-05-26 19:00:00+00:00,0.0,0.0,0.0,0.0,0.0,17.39
2015-05-26 20:00:00+00:00,0.0,0.0,0.0,0.0,0.0,16.67
2015-05-26 21:00:00+00:00,0.0,0.0,0.0,0.0,0.0,15.97
2015-05-26 22:00:00+00:00,0.0,0.0,0.0,0.0,0.0,15.42
2015-05-26 23:00:00+00:00,0.0,0.0,0.0,0.0,0.0,14.96
2015-05-27 00:00:00+00:00,0.0,0.0,0.0,0.0,0.0,14.58
2015-05-27 01:00:00+00:00,0.0,0.0,0.0,0.0,0.0,14.4
2015-05-27 02:00:00+00:00,0.0,0.0,0.0,0.0,0.0,14.45
2015-05-27 03:00:00+00:00,0.0,0.0,0.0,0.0,0.0,14.34
2015-05-27 04:00:00+00:00,18.045431001964126,0.0,18.045431001964126,17.72724133595217,0.3181896660119581,15.017608083409556
2015-05-27 05:00:00+00:00,159.30384939862603,7.873414084805226,151.4304353138208,148.34901960086287,3.08141571295791,21.016168711775272
2015-05-27 06:00:00+00:00,280.4913842664566,25.13523678430016,255.35614748215642,250.0474041071148,5.308743375041616,26.820853415303638
2015-05-27 07:00:00+00:00,487.1730381366722,225.34067903420467,261.8323591024675,250.980416809007,10.851942293460464,35.08215819293209
2015-05-27 08:00:00+00:00,620.4743681913561,490.7086510824702,129.76571710888587,114.76056233274299,15.005154776142865,40.70775365281767
2015-05-27 09:00:00+00:00,655.1264998101187,372.0668130455676,283.05968676455115,268.70765814495917,14.352028619592003,43.321560099419635
2015-05-27 10:00:00+00:00,638.6721596052295,310.6986980252529,327.9734615799766,314.42528053767796,13.548181042298635,43.61179152782455
2015-05-27 11:00:00+00:00,612.7189919436745,473.2260334988365,139.49295844483802,125.0237020535574,14.46925639128062,43.15242224832429
2015-05-27 12:00:00+00:00,493.9323558175896,367.16432029902694,126.76803551856267,114.76056233274299,12.00747318581968,39.34068461953239
2015-05-27 13:00:00+00:00,299.9224705912349,62.47297004321036,237.44950054802456,231.3871500692704,6.062350478754149,32.858393685416985
2015-05-27 14:00:00+00:00,99.52018394799386,0.7116995513468484,98.808484396647,97.03332099679082,1.775163399856187,26.06258302020347
2015-05-27 15:00:00+00:00,16.145911949125797,0.0,16.145911949125797,15.86121593216773,0.28469601695806773,22.43311103545952
2015-05-27 16:00:00+00:00,0.0,0.0,0.0,0.0,0.0,20.67
2015-05-27 17:00:00+00:00,0.0,0.0,0.0,0.0,0.0,19.67
2015-05-27 18:00:00+00:00,0.0,0.0,0.0,0.0,0.0,18.94
2015-05-27 19:00:00+00:00,0.0,0.0,0.0,0.0,0.0,18.44
2015-05-27 20:00:00+00:00,0.0,0.0,0.0,0.0,0.0,17.76
2015-05-27 21:00:00+00:00,0.0,0.0,0.0,0.0,0.0,17.05
2015-05-27 22:00:00+00:00,0.0,0.0,0.0,0.0,0.0,16.2
2015-05-27 23:00:00+00:00,0.0,0.0,0.0,0.0,0.0,15.68
2015-05-28 00:00:00+00:00,0.0,0.0,0.0,0.0,0.0,15.12
2015-05-28 01:00:00+00:00,0.0,0.0,0.0,0.0,0.0,14.45
2015-05-28 02:00:00+00:00,0.0,0.0,0.0,0.0,0.0,14.01
2015-05-28 03:00:00+00:00,0.0,0.0,0.0,0.0,0.0,13.68
2015-05-28 04:00:00+00:00,16.145911949125797,0.0,16.145911949125797,15.86121593216773,0.28469601695806773,14.108673984025115
2015-05-28 05:00:00+00:00,32.29182389825159,0.0,32.29182389825159,31.72243186433546,0.5693920339161355,17.011349926996918
2015-05-28 06:00:00+00:00,101.62426932685061,0.0,101.62426932685061,99.83235910246748,1.7919102243831322,21.28277752936173
2015-05-28 07:00:00+00:00,131.0668146458447,0.0,131.0668146458447,128.75575286112627,2.3110617847184325,24.22779423365534
2015-05-28 08:00:00+00:00,458.32044547423413,56.96447064434077,401.35597482989334,392.7983474966244,8.557627333268977,35.5653028693837
2015-05-28 09:00:00+00:00,560.7184287178954,133.69258090692426,427.0258478109712,416.12366504392986,10.9021827670413,39.4101047871293
2015-05-28 10:00:00+00:00,597.9668819335627,206.15625177950204,391.81063015406073,379.7361696701333,12.074460483927462,40.83544801471268
2015-05-28 11:00:00+00:00,603.8336407585708,458.9770616457567,144.8565791128141,130.62177826491072,14.234800847903387,41.147079615905895
2015-05-28 12:00:00+00:00,482.90860080708006,327.7363230901939,155.17227771688619,143.6839560914018,11.488321625484382,37.447122876068704
2015-05-28 13:00:00+00:00,326.0316645158647,167.96235880808013,158.0693057077846,150.21504500464732,7.854260703137281,32.43345098361214
2015-05-28 14:00:00+00:00,22.794228634059948,0.0,22.794228634059948,22.392304845413264,0.4019237886466839,23.002956370826723
2015-05-28 15:00:00+00:00,27.677000862371333,0.0,27.677000862371333,27.057368354874363,0.619632507496971,22.250135045826234
2015-05-28 16:00:00+00:00,0.0,0.0,0.0,0.0,0.0,20.4
2015-05-28 17:00:00+00:00,0.0,0.0,0.0,0.0,0.0,19.65
2015-05-28 18:00:00+00:00,0.0,0.0,0.0,0.0,0.0,18.9
2015-05-28 19:00:00+00:00,0.0,0.0,0.0,0.0,0.0,18.16
2015-05-28 20:00:00+00:00,0.0,0.0,0.0,0.0,0.0,17.34
2015-05-28 21:00:00+00:00,0.0,0.0,0.0,0.0,0.0,16.74
2015-05-28 22:00:00+00:00,0.0,0.0,0.0,0.0,0.0,16.31
2015-05-28 23:00:00+00:00,0.0,0.0,0.0,0.0,0.0,16.04
2015-05-29 00:00:00+00:00,0.0,0.0,0.0,0.0,0.0,15.94
2015-05-29 01:00:00+00:00,0.0,0.0,0.0,0.0,0.0,15.53
2015-05-29 02:00:00+00:00,0.0,0.0,0.0,0.0,0.0,15.52
2015-05-29 03:00:00+00:00,0.0,0.0,0.0,0.0,0.0,15.61
2015-05-29 04:00:00+00:00,13.296633369868303,0.0,13.296633369868303,13.062177826491071,0.23445554337723226,15.995863183124456
2015-05-29 05:00:00+00:00,80.72955974562899,0.0,80.72955974562899,79.30607966083865,1.4234800847903388,18.856547773261276
2015-05-29 06:00:00+00:00,227.1539574390943,6.592038590997833,220.56191884809647,216.4589468389949,4.102972009101564,25.156110111978634
2015-05-29 07:00:00+00:00,311.3114154463924,11.802228133816614,299.50918731257576,293.8990010960491,5.610186216526629,28.9792909749644
2015-05-29 08:00:00+00:00,385.4399755820221,20.196419052200646,365.24355652982143,358.2768775266122,6.966679003209187,31.67648753564928
2015-05-29 09:00:00+00:00,607.7366628924761,227.6700208988945,380.06664199358164,367.60700454553444,12.4596374480472,39.17867580812367
2015-05-29 10:00:00+00:00,608.9102834887517,239.03979391787664,369.870489570875,357.34386482472,12.526624746154981,40.01102247451144
2015-05-29 11:00:00+00:00,482.29439000589787,89.61541603837583,392.67897396752204,383.4682204777022,9.210753489819838,36.2151512224682
2015-05-29 12:00:00+00:00,331.0608889420435,22.71916987473723,308.34171906730626,302.29611541307906,6.045603654227203,30.920818415276877
2015-05-29 13:00:00+00:00,123.46873843449139,0.0,123.46873843449139,121.29165124598852,2.177087188502871,24.3314391422202
2015-05-29 14:00:00+00:00,156.3638993077779,29.572161735657826,126.79173757212007,123.15767664977297,3.6340609223471,24.0747439249736
2015-05-29 15:00:00+00:00,25.69374768689828,0.0,25.69374768689828,25.191342951089926,0.5024047358083549,19.422965828624047
2015-05-29 16:00:00+00:00,0.0,0.0,0.0,0.0,0.0,17.8
2015-05-29 17:00:00+00:00,0.0,0.0,0.0,0.0,0.0,17.3
2015-05-29 18:00:00+00:00,0.0,0.0,0.0,0.0,0.0,16.94
2015-05-29 19:00:00+00:00,0.0,0.0,0.0,0.0,0.0,16.76
2015-05-29 20:00:00+00:00,0.0,0.0,0.0,0.0,0.0,16.56
2015-05-29 21:00:00+00:00,0.0,0.0,0.0,0.0,0.0,16.22
2015-05-29 22:00:00+00:00,0.0,0.0,0.0,0.0,0.0,15.92
2015-05-29 23:00:00+00:00,0.0,0.0,0.0,0.0,0.0,15.72
2015-05-30 00:00:00+00:00,0.0,0.0,0.0,0.0,0.0,15.56
2015-05-30 01:00:00+00:00,0.0,0.0,0.0,0.0,0.0,15.38
2015-05-30 02:00:00+00:00,0.0,0.0,0.0,0.0,0.0,15.15
2015-05-30 03:00:00+00:00,0.0,0.0,0.0,0.0,0.0,15.19
2015-05-30 04:00:00+00:00,7.598076211353317,0.0,7.598076211353317,7.464101615137755,0.1339745962155613,15.305192182957134
2015-05-30 05:00:00+00:00,41.78941916244324,0.0,41.78941916244324,41.05255888325765,0.7368602791855872,17.063389435570542
2015-05-30 06:00:00+00:00,226.1667132938214,6.554553972144069,219.61215932167732,215.5259341371027,4.086225184574619,24.421887789983742
2015-05-30 07:00:00+00:00,172.85623380828795,0.0,172.85623380828795,169.80831174438393,3.047922063904019,24.155071085507778
2015-05-30 08:00:00+00:00,222.2437291820845,0.0,222.2437291820845,218.32497224277935,3.918756939305168,26.373200548501355
2015-05-30 09:00:00+00:00,314.1862186804791,2.5981067168853813,311.58811196359375,306.02816622064796,5.559945742945794,30.23791638419144
2015-05-30 10:00:00+00:00,356.6022796223516,7.839571532194861,348.76270809015676,342.41566159444454,6.347046495712216,31.701561895001614
2015-05-30 11:00:00+00:00,484.40701590120995,92.59406733747237,391.81294856373756,382.53520777580997,9.27774078792762,36.014200092196404
2015-05-30 12:00:00+00:00,451.8512013982156,168.9495365879635,282.9016648102521,273.3727216544203,9.528943155831797,34.70115620636356
2015-05-30 13:00:00+00:00,308.4658849253783,89.15748685486284,219.3083980705155,212.72689603142604,6.5815020390894485,30.129650867448543
2015-05-30 14:00:00+00:00,22.794228634059948,0.0,22.794228634059948,22.392304845413264,0.4019237886466839,21.432956370826723
2015-05-30 15:00:00+00:00,7.598076211353317,0.0,7.598076211353317,7.464101615137755,0.1339745962155613,19.945992125208395
2015-05-30 16:00:00+00:00,0.0,0.0,0.0,0.0,0.0,18.68
2015-05-30 17:00:00+00:00,0.0,0.0,0.0,0.0,0.0,17.88
2015-05-30 18:00:00+00:00,0.0,0.0,0.0,0.0,0.0,17.49
2015-05-30 19:00:00+00:00,0.0,0.0,0.0,0.0,0.0,17.24
2015-05-30 20:00:00+00:00,0.0,0.0,0.0,0.0,0.0,16.98
2015-05-30 21:00:00+00:00,0.0,0.0,0.0,0.0,0.0,16.58
2015-05-30 22:00:00+00:00,0.0,0.0,0.0,0.0,0.0,16.28
2015-05-30 23:00:00+00:00,0.0,0.0,0.0,0.0,0.0,15.94
2015-05-31 00:00:00+00:00,0.0,0.0,0.0,0.0,0.0,15.73
2015-05-31 01:00:00+00:00,0.0,0.0,0.0,0.0,0.0,15.61
2015-05-31 02:00:00+00:00,0.0,0.0,0.0,0.0,0.0,15.54
2015-05-31 03:00:00+00:00,0.0,0.0,0.0,0.0,0.0,15.49
2015-05-31 04:00:00+00:00,22.794228634059948,0.0,22.794228634059948,22.392304845413264,0.4019237886466839,16.302808116349
2015-05-31 05:00:00+00:00,109.84731966838169,0.5914804811238777,109.2558391872578,107.29646071760523,1.959378469652584,19.41817846746645
2015-05-31 06:00:00+00:00,199.1907017323349,2.5067456409331137,196.6839560914018,193.13362929168943,3.550326799712374,23.205666962236958
2015-05-31 07:00:00+00:00,293.71222994870243,7.616903777683611,286.0953261710188,280.83682326955807,5.258502901460781,26.536913061455778
2015-05-31 08:00:00+00:00,158.6098409120005,0.0,158.6098409120005,155.81312121600064,2.796719695999842,23.75346354213991
2015-05-31 09:00:00+00:00,561.3361060234422,139.82460030118963,421.5115057222526,410.52558883257655,10.985916889676027,37.07871126683119
2015-05-31 10:00:00+00:00,289.3942773552543,0.6506344993013194,288.743642855953,283.6358613752347,5.107781480718274,29.001609656398838
2015-05-31 11:00:00+00:00,251.39395664406285,0.6406948448764677,250.7532617991864,246.31535329954593,4.437908499640468,27.45640057934773
2015-05-31 12:00:00+00:00,380.62509407812576,54.316868659873364,326.3082254182524,319.090344047139,7.217881371113364,31.271619073055465
2015-05-31 13:00:00+00:00,49.38749537379656,0.0,49.38749537379656,48.51666049839541,0.8708348754011483,21.837163167287937
2015-05-31 14:00:00+00:00,152.39556021024507,19.424417039945286,132.97114317029977,129.6887655630185,3.282377607281252,23.90390918874285
2015-05-31 15:00:00+00:00,24.72724133595217,0.0,24.72724133595217,24.258330249197705,0.4689110867544645,19.047431709091722
2015-05-31 16:00:00+00:00,0.0,0.0,0.0,0.0,0.0,15.76
2015-05-31 17:00:00+00:00,0.0,0.0,0.0,0.0,0.0,15.82
2015-05-31 18:00:00+00:00,0.0,0.0,0.0,0.0,0.0,15.88
2015-05-31 19:00:00+00:00,0.0,0.0,0.0,0.0,0.0,15.94
2015-05-31 20:00:00+00:00,0.0,0.0,0.0,0.0,0.0,16.0
2015-05-31 21:00:00+00:00,0.0,0.0,0.0,0.0,0.0,16.06
2015-05-31 22:00:00+00:00,0.0,0.0,0.0,0.0,0.0,16.12
2015-05-31 23:00:00+00:00,0.0,0.0,0.0,0.0,0.0,16.18
2014-06-01 00:00:00+00:00,0.0,0.0,0.0,0.0,0.0,16.24
2014-06-01 01:00:00+00:00,0.0,0.0,0.0,0.0,0.0,16.3
2014-06-01 02:00:00+00:00,0.0,0.0,0.0,0.0,0.0,16.36
2014-06-01 03:00:00+00:00,0.0,0.0,0.0,0.0,0.0,16.42
2014-06-01 04:00:00+00:00,47.7726723379163,0.0,47.7726723379163,46.65063509461097,1.1220372433053258,18.056111133620785
2014-06-01 05:00:00+00:00,174.8001738391981,26.080233036802536,148.71994080239557,144.616968793294,4.102972009101564,22.33196157761225
2014-06-01 06:00:00+00:00,333.10814685532887,180.7660824834964,152.34206437183244,143.6839560914018,8.658108280430648,27.685272789610252
2014-06-01 07:00:00+00:00,484.5461514604866,332.5365325172532,152.00961894323342,139.9519052838329,12.057713659400516,32.85475572807523
2014-06-01 08:00:00+00:00,598.5742990535922,434.04071907840677,164.53357997518543,150.21504500464732,14.318534970538114,42.18617095754893
2014-06-01 09:00:00+00:00,667.3892299996271,531.087614505879,136.3016154937481,120.35863854409631,15.942976949651793,45.77507246869628
2014-06-01 10:00:00+00:00,657.72358920496,495.833516443092,161.890072761868,146.48299419707845,15.407078564789549,46.245053523039154
2014-06-01 11:00:00+00:00,593.6474439181002,423.9344583447351,169.71298557336513,155.81312121600064,13.899864357364484,44.3417749609454
2014-06-01 12:00:00+00:00,220.96802108189834,0.6070641281252264,220.36095695377313,216.4589468389949,3.9020101147782227,32.45134135501717
2014-06-01 13:00:00+00:00,241.25871092939178,16.596311134133668,224.66239979525812,220.19099764656377,4.4714021486943585,33.09378519238871
2014-06-01 14:00:00+00:00,131.38018677617825,5.727233271890442,125.6529535042878,123.15767664977297,2.495276854514829,29.34949393706563
2014-06-01 15:00:00+00:00,25.677000862371337,0.0,25.677000862371337,25.191342951089926,0.48565791128140967,25.472339036845963
2014-06-01 16:00:00+00:00,0.0,0.0,0.0,0.0,0.0,23.0
2014-06-01 17:00:00+00:00,0.0,0.0,0.0,0.0,0.0,21.39
2014-06-01 18:00:00+00:00,0.0,0.0,0.0,0.0,0.0,20.42
2014-06-01 19:00:00+00:00,0.0,0.0,0.0,0.0,0.0,19.96
2014-06-01 20:00:00+00:00,0.0,0.0,0.0,0.0,0.0,18.94
2014-06-01 21:00:00+00:00,0.0,0.0,0.0,0.0,0.0,17.88
2014-06-01 22:00:00+00:00,0.0,0.0,0.0,0.0,0.0,16.9
2014-06-01 23:00:00+00:00,0.0,0.0,0.0,0.0,0.0,16.15
2014-06-02 00:00:00+00:00,0.0,0.0,0.0,0.0,0.0,15.57
2014-06-02 01:00:00+00:00,0.0,0.0,0.0,0.0,0.0,15.15
2014-06-02 02:00:00+00:00,0.0,0.0,0.0,0.0,0.0,14.72
2014-06-02 03:00:00+00:00,0.0,0.0,0.0,0.0,0.0,14.38
2014-06-02 04:00:00+00:00,46.94014058318575,0.0,46.94014058318575,45.71762239271875,1.2225181904669968,15.74280275211976
2014-06-02 05:00:00+00:00,161.21807047183614,54.495638607500695,106.72243186433546,101.69838450625191,5.024047358083548,21.638847046964234
2014-06-02 06:00:00+00:00,329.7454521991756,216.98703562384637,112.75841657532925,103.56440991003636,9.194006665292894,29.325444180271802
2014-06-02 07:00:00+00:00,486.89830469415654,358.795332685055,128.10297200910156,115.6935750346352,12.409396974466365,35.92608416484546
2014-06-02 08:00:00+00:00,608.0129347192351,492.2256613142055,115.78727340502951,100.7653718043597,15.02190160066981,41.46461835729613
2014-06-02 09:00:00+00:00,660.1641331730966,513.8338335019113,146.3302996711853,130.62177826491072,15.708521406274562,44.47091640025378
2014-06-02 10:00:00+00:00,649.6201372053293,448.09617617337733,201.523961031952,186.60254037844388,14.92142065350814,44.45978228840113
2014-06-02 11:00:00+00:00,570.4540219348044,280.07382709456436,290.38019484023994,278.0377851638814,12.342409676358583,42.093310275782606
2014-06-02 12:00:00+00:00,432.9593911741213,123.72047146365351,309.2389197104678,300.43009000929464,8.808829701173154,38.372184023182726
2014-06-02 13:00:00+00:00,154.41162850752866,0.5338384030970726,153.8777901044316,151.14805770653953,2.7297323978920613,29.503402564967335
2014-06-02 14:00:00+00:00,52.236773953054055,0.0,52.236773953054055,51.31569860407207,0.9210753489819838,26.108793811919043
2014-06-02 15:00:00+00:00,24.72724133595217,0.0,24.72724133595217,24.258330249197705,0.4689110867544645,24.32421540593305
2014-06-02 16:00:00+00:00,0.0,0.0,0.0,0.0,0.0,22.35
2014-06-02 17:00:00+00:00,0.0,0.0,0.0,0.0,0.0,21.22
2014-06-02 18:00:00+00:00,0.0,0.0,0.0,0.0,0.0,20.37
2014-06-02 19:00:00+00:00,0.0,0.0,0.0,0.0,0.0,19.54
2014-06-02 20:00:00+00:00,0.0,0.0,0.0,0.0,0.0,18.56
2014-06-02 21:00:00+00:00,0.0,0.0,0.0,0.0,0.0,17.79
2014-06-02 22:00:00+00:00,0.0,0.0,0.0,0.0,0.0,17.12
2014-06-02 23:00:00+00:00,0.0,0.0,0.0,0.0,0.0,16.79
2014-06-03 00:00:00+00:00,0.0,0.0,0.0,0.0,0.0,16.66
2014-06-03 01:00:00+00:00,0.0,0.0,0.0,0.0,0.0,16.39
2014-06-03 02:00:00+00:00,0.0,0.0,0.0,0.0,0.0,16.11
2014-06-03 03:00:00+00:00,0.0,0.0,0.0,0.0,0.0,15.8
2014-06-03 04:00:00+00:00,20.89470958122162,0.0,20.89470958122162,20.526279441628827,0.3684301395927936,16.3166968599235
2014-06-03 05:00:00+00:00,130.59962443068727,2.248113767884496,128.35151066280278,125.95671475544962,2.394795907353158,20.701435613606296
2014-06-03 06:00:00+00:00,117.7701812759764,0.0,117.7701812759764,115.6935750346352,2.0766062413412,22.09386279260846
2014-06-03 07:00:00+00:00,355.59114685107835,28.986288062957637,326.60485878812074,320.0233567490313,6.5815020390894485,31.56706329761593
2014-06-03 08:00:00+00:00,437.645961306605,46.055530933334424,391.5904303732706,383.4682204777022,8.122209895568403,35.982447471503356
2014-06-03 09:00:00+00:00,649.4865669660252,447.8621249869115,201.6244419791137,186.60254037844388,15.02190160066981,43.81085471571078
2014-06-03 10:00:00+00:00,623.7561744537252,301.58175097942524,322.17442347429994,308.82720432632465,13.347219147975293,44.142907108036546
2014-06-03 11:00:00+00:00,575.1017071745914,304.94634893449523,270.1553582400961,257.51150572225254,12.643852517843596,42.93460890373552
2014-06-03 12:00:00+00:00,445.3964263330098,152.44933052079358,292.9470958122162,283.6358613752347,9.31123443698151,38.51893071090514
2014-06-03 13:00:00+00:00,217.16856024099775,7.970262060877355,209.1982981801204,205.26279441628827,3.935503763832113,31.16606329776635
2014-06-03 14:00:00+00:00,149.29930357084942,55.325669338609785,93.97363423223963,89.56921938165306,4.404414850586577,27.99032014295257
2014-06-03 15:00:00+00:00,29.677000862371333,0.0,29.677000862371333,28.9233937586588,0.7536071037125323,23.78766059904013
2014-06-03 16:00:00+00:00,0.0,0.0,0.0,0.0,0.0,21.81
2014-06-03 17:00:00+00:00,0.0,0.0,0.0,0.0,0.0,20.57
2014-06-03 18:00:00+00:00,0.0,0.0,0.0,0.0,0.0,19.4
2014-06-03 19:00:00+00:00,0.0,0.0,0.0,0.0,0.0,18.35
2014-06-03 20:00:00+00:00,0.0,0.0,0.0,0.0,0.0,17.79
2014-06-03 21:00:00+00:00,0.0,0.0,0.0,0.0,0.0,17.36
2014-06-03 22:00:00+00:00,0.0,0.0,0.0,0.0,0.0,17.07
2014-06-03 23:00:00+00:00,0.0,0.0,0.0,0.0,0.0,16.94
2014-06-04 00:00:00+00:00,0.0,0.0,0.0,0.0,0.0,16.87
2014-06-04 01:00:00+00:00,0.0,0.0,0.0,0.0,0.0,16.81
2014-06-04 02:00:00+00:00,0.0,0.0,0.0,0.0,0.0,16.58
2014-06-04 03:00:00+00:00,0.0,0.0,0.0,0.0,0.0,16.31
2014-06-04 04:00:00+00:00,24.69374768689828,0.0,24.69374768689828,24.258330249197705,0.4354174377005742,17.036874594610683
2014-06-04 05:00:00+00:00,55.08605253231155,0.0,55.08605253231155,54.114736709748726,0.9713158225628193,18.84764332643922
2014-06-04 06:00:00+00:00,329.28120756472504,146.66887559078467,182.61233197394037,174.47337525384503,8.138956720095349,29.556523015400796
2014-06-04 07:00:00+00:00,448.548495926686,134.09186749736793,314.4566284293181,305.09515351875575,9.361474910562345,34.966055874021336
2014-06-04 08:00:00+00:00,600.1916341287199,470.6771193877383,129.51451474098167,114.76056233274299,14.753952408238687,40.84740886545265
2014-06-04 09:00:00+00:00,643.450051665807,412.33763336573503,231.1124183000719,216.4589468389949,14.653471461077016,43.159416269277635
2014-06-04 10:00:00+00:00,605.6118940619472,242.2222529307369,363.3896411312103,350.8127759114745,12.576865219735817,43.01476426903079
2014-06-04 11:00:00+00:00,552.0424842194996,220.46381854687613,331.57866567262346,320.0233567490313,11.555308923592161,41.96286929327185
2014-06-04 12:00:00+00:00,209.56558218064654,0.6017395439033806,208.96384263674315,205.26279441628827,3.7010482204548807,31.560736422604524
2014-06-04 13:00:00+00:00,61.73436921724569,0.0,61.73436921724569,60.64582562299426,1.0885435942514354,25.009335482511585
2014-06-04 14:00:00+00:00,22.794228634059948,0.0,22.794228634059948,22.392304845413264,0.4019237886466839,23.1179214618252
2014-06-04 15:00:00+00:00,27.643507213317445,0.0,27.643507213317445,27.057368354874363,0.5861388584430807,22.316087735473996
2014-06-04 16:00:00+00:00,0.0,0.0,0.0,0.0,0.0,19.89
2014-06-04 17:00:00+00:00,0.0,0.0,0.0,0.0,0.0,18.76
2014-06-04 18:00:00+00:00,0.0,0.0,0.0,0.0,0.0,18.19
2014-06-04 19:00:00+00:00,0.0,0.0,0.0,0.0,0.0,17.36
2014-06-04 20:00:00+00:00,0.0,0.0,0.0,0.0,0.0,16.92
2014-06-04 21:00:00+00:00,0.0,0.0,0.0,0.0,0.0,16.59
2014-06-04 22:00:00+00:00,0.0,0.0,0.0,0.0,0.0,16.54
2014-06-04 23:00:00+00:00,0.0,0.0,0.0,0.0,0.0,16.3
2014-06-05 00:00:00+00:00,0.0,0.0,0.0,0.0,0.0,15.92
2014-06-05 01:00:00+00:00,0.0,0.0,0.0,0.0,0.0,15.81
2014-06-05 02:00:00+00:00,0.0,0.0,0.0,0.0,0.0,15.84
2014-06-05 03:00:00+00:00,0.0,0.0,0.0,0.0,0.0,15.8
2014-06-05 04:00:00+00:00,35.157849302036034,0.0,35.157849302036034,34.52146997001212,0.6363793320239162,16.82253159333934
2014-06-05 05:00:00+00:00,27.543026266155774,0.0,27.543026266155774,27.057368354874363,0.48565791128140967,16.808456347833957
2014-06-05 06:00:00+00:00,82.6290787984673,0.0,82.6290787984673,81.17210506462308,1.456973733844229,19.216090140695986
2014-06-05 07:00:00+00:00,241.1204285345932,1.7307874033828927,239.3896411312103,235.1192008768393,4.2704402543710165,24.80573833068165
2014-06-05 08:00:00+00:00,419.9849326757114,37.176793583590474,382.8081390921209,375.07110616067223,7.737032931448665,31.8969296177786
2014-06-05 09:00:00+00:00,391.5741256842685,16.000442135524917,375.5736835487436,368.54001724742665,7.033666301316968,31.251295150016578
2014-06-05 10:00:00+00:00,630.0166004843104,360.42101533489705,269.5955851494134,255.64548031846812,13.95010483094532,39.44645433850248
2014-06-05 11:00:00+00:00,412.6058201361438,37.412504079903194,375.1933160562406,367.60700454553444,7.5863115107061585,33.39846314281598
2014-06-05 12:00:00+00:00,58.8850906379882,0.0,58.8850906379882,57.8467875173176,1.0383031206706,22.787324014400774
2014-06-05 13:00:00+00:00,46.53821679453907,0.0,46.53821679453907,45.71762239271875,0.820594401820313,23.010891896231286
2014-06-05 14:00:00+00:00,71.23196448143733,0.0,71.23196448143733,69.97595264191645,1.256011839520887,23.48664530335625
2014-06-05 15:00:00+00:00,26.64350721331744,0.0,26.64350721331744,26.124355652982143,0.5191515603353,21.624279251960147
2014-06-05 16:00:00+00:00,0.0,0.0,0.0,0.0,0.0,19.73
2014-06-05 17:00:00+00:00,0.0,0.0,0.0,0.0,0.0,18.91
2014-06-05 18:00:00+00:00,0.0,0.0,0.0,0.0,0.0,17.94
2014-06-05 19:00:00+00:00,0.0,0.0,0.0,0.0,0.0,16.17
2014-06-05 20:00:00+00:00,0.0,0.0,0.0,0.0,0.0,16.02
2014-06-05 21:00:00+00:00,0.0,0.0,0.0,0.0,0.0,15.67
2014-06-05 22:00:00+00:00,0.0,0.0,0.0,0.0,0.0,15.46
2014-06-05 23:00:00+00:00,0.0,0.0,0.0,0.0,0.0,15.5
2014-06-06 00:00:00+00:00,0.0,0.0,0.0,0.0,0.0,15.49
2014-06-06 01:00:00+00:00,0.0,0.0,0.0,0.0,0.0,15.54
2014-06-06 02:00:00+00:00,0.0,0.0,0.0,0.0,0.0,15.66
2014-06-06 03:00:00+00:00,0.0,0.0,0.0,0.0,0.0,15.79
2014-06-06 04:00:00+00:00,41.44254531899411,0.0,41.44254531899411,40.119546181365436,1.3229991376286678,17.05697479405121
2014-06-06 05:00:00+00:00,149.49828322770128,56.68730776911438,92.8109754585869,87.70319397786862,5.107781480718274,21.226649365188067
2014-06-06 06:00:00+00:00,259.3936918513193,18.468152335246785,240.92553951607255,236.0522135787315,4.873325937341042,26.427819771599896
2014-06-06 07:00:00+00:00,386.5983031417423,51.725495161190466,334.87280798055184,327.487458364169,7.3853496163828165,31.621930025952572
2014-06-06 08:00:00+00:00,391.37344511834266,24.113141763994292,367.26030335434837,360.1429029303967,7.117400423951693,32.99078354257736
2014-06-06 09:00:00+00:00,362.4918920848701,8.94689271356366,353.5449993713064,347.0807251039056,6.464274267400833,32.45800225085926
2014-06-06 10:00:00+00:00,528.4702893283142,106.84636530598975,421.62392402232445,411.45860153446876,10.165322487855713,37.74866414064283
2014-06-06 11:00:00+00:00,534.0891727572964,181.67084744864889,352.41832530864747,341.4826488925523,10.935676416095191,38.38487920798138
2014-06-06 12:00:00+00:00,352.7137139695578,35.455729024886196,317.2579849446716,310.69322973010907,6.564755214562504,33.10018510309189
2014-06-06 13:00:00+00:00,92.12667406265896,0.0,92.12667406265896,90.50223208354528,1.6244419791136806,25.399987097170047
2014-06-06 14:00:00+00:00,107.7390319459585,1.298977688904283,106.44005425705421,104.49742261192857,1.9426316451256387,25.305064594829197
2014-06-06 15:00:00+00:00,28.576519915209666,0.0,28.576519915209666,27.990381056766584,0.5861388584430807,21.548376138186317
2014-06-06 16:00:00+00:00,0.0,0.0,0.0,0.0,0.0,19.56
2014-06-06 17:00:00+00:00,0.0,0.0,0.0,0.0,0.0,18.91
2014-06-06 18:00:00+00:00,0.0,0.0,0.0,0.0,0.0,18.42
2014-06-06 19:00:00+00:00,0.0,0.0,0.0,0.0,0.0,17.48
2014-06-06 20:00:00+00:00,0.0,0.0,0.0,0.0,0.0,17.23
2014-06-06 21:00:00+00:00,0.0,0.0,0.0,0.0,0.0,16.94
2014-06-06 22:00:00+00:00,0.0,0.0,0.0,0.0,0.0,16.65
2014-06-06 23:00:00+00:00,0.0,0.0,0.0,0.0,0.0,16.3
2014-06-07 00:00:00+00:00,0.0,0.0,0.0,0.0,0.0,15.99
2014-06-07 01:00:00+00:00,0.0,0.0,0.0,0.0,0.0,15.76
2014-06-07 02:00:00+00:00,0.0,0.0,0.0,0.0,0.0,15.74
2014-06-07 03:00:00+00:00,0.0,0.0,0.0,0.0,0.0,15.6
2014-06-07 04:00:00+00:00,18.045431001964126,0.0,18.045431001964126,17.72724133595217,0.3181896660119581,16.26864381409811
2014-06-07 05:00:00+00:00,130.46959556495182,2.11808490214903,128.35151066280278,125.95671475544962,2.394795907353158,20.203927503433704
2014-06-07 06:00:00+00:00,142.46392896287466,0.0,142.46392896287466,139.9519052838329,2.512023679041774,21.532241688861053
2014-06-07 07:00:00+00:00,144.363448015713,0.0,144.363448015713,141.81793068761735,2.5455173280956647,23.101407567749074
2014-06-07 08:00:00+00:00,151.01176470064715,0.0,151.01176470064715,148.34901960086287,2.6627450997842805,24.67897619019271
2014-06-07 09:00:00+00:00,203.24853865370122,0.0,203.24853865370122,199.66471820493496,3.5838204487662644,27.385142182892224
2014-06-07 10:00:00+00:00,147.21272659497052,0.0,147.21272659497052,144.616968793294,2.5957578016765,26.106989552329594
2014-06-07 11:00:00+00:00,197.54998149518624,0.0,197.54998149518624,194.06664199358164,3.4833395016045934,26.56120944547804
2014-06-07 12:00:00+00:00,352.643827678893,35.38584273422137,317.2579849446716,310.69322973010907,6.564755214562504,30.83443963649067
2014-06-07 13:00:00+00:00,255.71838374857919,24.156464900482725,231.56191884809647,226.72208655980933,4.839832288287152,26.821721302908905
2014-06-07 14:00:00+00:00,109.97044654823145,1.6141264138119629,108.35632013441949,106.36344801571302,1.9928721187064742,21.832549652609146
2014-06-07 15:00:00+00:00,23.777481809533004,0.0,23.777481809533004,23.325317547305485,0.4521642622275194,18.42582671249074
2014-06-07 16:00:00+00:00,0.0,0.0,0.0,0.0,0.0,16.76
2014-06-07 17:00:00+00:00,0.0,0.0,0.0,0.0,0.0,16.54
2014-06-07 18:00:00+00:00,0.0,0.0,0.0,0.0,0.0,16.41
2014-06-07 19:00:00+00:00,0.0,0.0,0.0,0.0,0.0,16.9
2014-06-07 20:00:00+00:00,0.0,0.0,0.0,0.0,0.0,16.86
2014-06-07 21:00:00+00:00,0.0,0.0,0.0,0.0,0.0,16.69
2014-06-07 22:00:00+00:00,0.0,0.0,0.0,0.0,0.0,16.23
2014-06-07 23:00:00+00:00,0.0,0.0,0.0,0.0,0.0,15.98
2014-06-08 00:00:00+00:00,0.0,0.0,0.0,0.0,0.0,15.78
2014-06-08 01:00:00+00:00,0.0,0.0,0.0,0.0,0.0,15.55
2014-06-08 02:00:00+00:00,0.0,0.0,0.0,0.0,0.0,15.32
2014-06-08 03:00:00+00:00,0.0,0.0,0.0,0.0,0.0,15.08
2014-06-08 04:00:00+00:00,6.6483166849341515,0.0,6.6483166849341515,6.531088913245536,0.11722777168861613,15.060539228386222
2014-06-08 05:00:00+00:00,25.643507213317445,0.0,25.643507213317445,25.191342951089926,0.4521642622275194,15.698218873542478
2014-06-08 06:00:00+00:00,153.86104327990464,0.0,153.86104327990464,151.14805770653953,2.712985573365116,20.387845404725834
2014-06-08 07:00:00+00:00,400.8234182359958,64.61567376490507,336.20774447109073,328.4204710660612,7.7872734050295005,29.10469111967741
2014-06-08 08:00:00+00:00,261.81682213037146,0.6162055405742964,261.20061658979716,256.5784930203603,4.622123569436865,25.965251469542416
2014-06-08 09:00:00+00:00,500.3529538826554,73.86781392816323,426.4851399544922,417.05667774582207,9.428462208670126,34.84576940816175
2014-06-08 10:00:00+00:00,373.4189983123671,12.192188607072572,361.2268097052945,354.5448267190434,6.6819829862511195,31.78887536971783
2014-06-08 11:00:00+00:00,530.786768068846,172.88759432053376,357.8991737483122,347.0807251039056,10.818448644406574,37.98034897543371
2014-06-08 12:00:00+00:00,407.4607588514113,85.0137493653266,322.4470094860847,314.42528053767796,8.021728948406732,34.64081444533334
2014-06-08 13:00:00+00:00,317.5379331370046,195.42070536531597,122.11722777168862,113.82754963085077,8.289678140837855,31.659922274396312
2014-06-08 14:00:00+00:00,154.3937791770058,22.171433638801872,132.2223455382039,128.75575286112627,3.4665926770776485,26.18160642444696
2014-06-08 15:00:00+00:00,29.810975458586896,0.0,29.810975458586896,28.9233937586588,0.8875816999280935,21.806586112243288
2014-06-08 16:00:00+00:00,0.0,0.0,0.0,0.0,0.0,19.99
2014-06-08 17:00:00+00:00,0.0,0.0,0.0,0.0,0.0,19.37
2014-06-08 18:00:00+00:00,0.0,0.0,0.0,0.0,0.0,18.99
2014-06-08 19:00:00+00:00,0.0,0.0,0.0,0.0,0.0,18.14
2014-06-08 20:00:00+00:00,0.0,0.0,0.0,0.0,0.0,17.46
2014-06-08 21:00:00+00:00,0.0,0.0,0.0,0.0,0.0,16.66
2014-06-08 22:00:00+00:00,0.0,0.0,0.0,0.0,0.0,15.94
2014-06-08 23:00:00+00:00,0.0,0.0,0.0,0.0,0.0,15.46
2014-06-09 00:00:00+00:00,0.0,0.0,0.0,0.0,0.0,15.13
2014-06-09 01:00:00+00:00,0.0,0.0,0.0,0.0,0.0,14.93
2014-06-09 02:00:00+00:00,0.0,0.0,0.0,0.0,0.0,14.84
2014-06-09 03:00:00+00:00,0.0,0.0,0.0,0.0,0.0,14.78
2014-06-09 04:00:00+00:00,6.6483166849341515,0.0,6.6483166849341515,6.531088913245536,0.11722777168861613,14.862130819066568
2014-06-09 05:00:00+00:00,42.7391786888624,0.0,42.7391786888624,41.98557158514987,0.7536071037125323,17.05857165959457
2014-06-09 06:00:00+00:00,132.0165741722639,0.0,132.0165741722639,129.6887655630185,2.3278086092453774,21.558213032449945
2014-06-09 07:00:00+00:00,359.2391142343313,32.51702767452193,326.7220865598093,320.0233567490313,6.698729810778064,29.985672784610834
2014-06-09 08:00:00+00:00,516.9587117476783,133.42084025766547,383.5378714900129,373.20508075688775,10.332790733125165,35.61643664821212
2014-06-09 09:00:00+00:00,534.5918504393502,110.00142006607966,424.5904303732706,414.25763964014544,10.332790733125165,36.71185188292885
2014-06-09 10:00:00+00:00,523.605504480146,99.31651694836043,424.2889875317856,414.25763964014544,10.031347891640152,36.099280433543676
2014-06-09 11:00:00+00:00,540.8702810448689,196.58112086082022,344.2891601840486,333.08553457552233,11.203625608526313,36.9999217152269
2014-06-09 12:00:00+00:00,436.9846896171207,138.6739731369284,298.3107164801923,289.233937586588,9.076778893604278,33.96580050572824
2014-06-09 13:00:00+00:00,316.8672051203547,146.90318983134847,169.96401528900623,162.34421012924616,7.619805159760048,30.061055177451387
2014-06-09 14:00:00+00:00,149.06939625693585,14.39969592812112,134.6697003288147,131.55479096680293,3.1149093620118,24.74386143480695
2014-06-09 15:00:00+00:00,29.54302626615577,0.0,29.54302626615577,28.9233937586588,0.619632507496971,20.564826778340766
2014-06-09 16:00:00+00:00,0.0,0.0,0.0,0.0,0.0,19.05
2014-06-09 17:00:00+00:00,0.0,0.0,0.0,0.0,0.0,18.61
2014-06-09 18:00:00+00:00,0.0,0.0,0.0,0.0,0.0,18.34
2014-06-09 19:00:00+00:00,0.0,0.0,0.0,0.0,0.0,18.09
2014-06-09 20:00:00+00:00,0.0,0.0,0.0,0.0,0.0,17.7
2014-06-09 21:00:00+00:00,0.0,0.0,0.0,0.0,0.0,17.3
2014-06-09 22:00:00+00:00,0.0,0.0,0.0,0.0,0.0,16.63
2014-06-09 23:00:00+00:00,0.0,0.0,0.0,0.0,0.0,16.34
2014-06-10 00:00:00+00:00,0.0,0.0,0.0,0.0,0.0,16.13
2014-06-10 01:00:00+00:00,0.0,0.0,0.0,0.0,0.0,15.9
2014-06-10 02:00:00+00:00,0.0,0.0,0.0,0.0,0.0,15.68
2014-06-10 03:00:00+00:00,0.0,0.0,0.0,0.0,0.0,15.36
2014-06-10 04:00:00+00:00,8.54783573777248,0.0,8.54783573777248,8.397114317029974,0.15072142074250644,15.489676492022983
2014-06-10 05:00:00+00:00,36.09086200392825,0.0,36.09086200392825,35.45448267190434,0.6363793320239162,16.938634077430375
2014-06-10 06:00:00+00:00,152.9112837534855,0.0,152.9112837534855,150.21504500464732,2.696238748838171,21.720096045241625
2014-06-10 07:00:00+00:00,164.30839807051547,0.0,164.30839807051547,161.41119742735395,2.897200643161513,24.06914957777739
2014-06-10 08:00:00+00:00,447.1032874219229,55.24490785622123,391.8583795657017,383.4682204777022,8.390159087999526,33.82859540583281
2014-06-10 09:00:00+00:00,463.9219396288143,47.62101474411848,416.3009248846958,407.72655072689986,8.574374157795923,34.69765617680699
2014-06-10 10:00:00+00:00,220.3442101292462,0.0,220.3442101292462,216.4589468389949,3.8852632902512774,27.424203537011834
2014-06-10 11:00:00+00:00,424.81963529853664,44.67655971587685,380.1430755826598,372.27206805499554,7.871007527664226,34.154142296232486
2014-06-10 12:00:00+00:00,149.11224564780883,0.0,149.11224564780883,146.48299419707845,2.6292514507303903,25.733405596582905
2014-06-10 13:00:00+00:00,209.7110692368791,6.261568688854534,203.44950054802456,199.66471820493496,3.7847823430896064,27.414340258056235
2014-06-10 14:00:00+00:00,133.3093934518226,5.740174070169509,127.56921938165307,125.0237020535574,2.5455173280956647,24.794837235320436
2014-06-10 15:00:00+00:00,29.526279441628827,0.0,29.526279441628827,28.9233937586588,0.6028856829700258,21.23767677956581
2014-06-10 16:00:00+00:00,0.0,0.0,0.0,0.0,0.0,19.67
2014-06-10 17:00:00+00:00,0.0,0.0,0.0,0.0,0.0,19.05
2014-06-10 18:00:00+00:00,0.0,0.0,0.0,0.0,0.0,18.42
2014-06-10 19:00:00+00:00,0.0,0.0,0.0,0.0,0.0,17.95
2014-06-10 20:00:00+00:00,0.0,0.0,0.0,0.0,0.0,17.44
2014-06-10 21:00:00+00:00,0.0,0.0,0.0,0.0,0.0,17.02
2014-06-10 22:00:00+00:00,0.0,0.0,0.0,0.0,0.0,16.58
2014-06-10 23:00:00+00:00,0.0,0.0,0.0,0.0,0.0,16.31
2014-06-11 00:00:00+00:00,0.0,0.0,0.0,0.0,0.0,16.0
2014-06-11 01:00:00+00:00,0.0,0.0,0.0,0.0,0.0,15.81
2014-06-11 02:00:00+00:00,0.0,0.0,0.0,0.0,0.0,15.71
2014-06-11 03:00:00+00:00,0.0,0.0,0.0,0.0,0.0,15.65
2014-06-11 04:00:00+00:00,13.296633369868303,0.0,13.296633369868303,13.062177826491071,0.23445554337723226,16.075863183124454
2014-06-11 05:00:00+00:00,25.643507213317445,0.0,25.643507213317445,25.191342951089926,0.4521642622275194,17.11440913089262
2014-06-11 06:00:00+00:00,79.77980021920982,0.0,79.77980021920982,78.37306695894642,1.4067332602633935,19.726980592214513
2014-06-11 07:00:00+00:00,317.81122061850914,15.33552695498732,302.47569366352184,296.69803920172575,5.7776544617960806,27.10151671584822
2014-06-11 08:00:00+00:00,205.14805770653956,0.0,205.14805770653956,201.5307436087194,3.617314097820155,24.247933827762534
2014-06-11 09:00:00+00:00,599.60494240416,237.1818076238959,362.4231347802642,349.8797632095823,12.543371570681925,37.355964395880044
2014-06-11 10:00:00+00:00,359.6455050503742,8.949784258325218,350.695720792049,344.28168699822896,6.414033793819997,30.97537025918631
2014-06-11 11:00:00+00:00,495.06186495555494,111.24410692020066,383.81775803535425,374.13809345877996,9.679664576574304,36.03579387080954
2014-06-11 12:00:00+00:00,447.5665048744638,169.27966310009202,278.2868417743718,268.70765814495917,9.579183629412633,35.67702045195589
2014-06-11 13:00:00+00:00,285.54437439374743,48.44655716078874,237.0978172329587,231.3871500692704,5.7106671636883,30.924841154062957
2014-06-11 14:00:00+00:00,125.92127438914943,4.134346288646079,121.78692810050335,119.42562584220408,2.361302258299268,25.187826517591787
2014-06-11 15:00:00+00:00,30.47603896804799,0.0,30.47603896804799,29.85640646055102,0.619632507496971,21.08976944376977
2014-06-11 16:00:00+00:00,0.0,0.0,0.0,0.0,0.0,18.49
2014-06-11 17:00:00+00:00,0.0,0.0,0.0,0.0,0.0,17.62
2014-06-11 18:00:00+00:00,0.0,0.0,0.0,0.0,0.0,17.42
2014-06-11 19:00:00+00:00,0.0,0.0,0.0,0.0,0.0,17.09
2014-06-11 20:00:00+00:00,0.0,0.0,0.0,0.0,0.0,17.19
2014-06-11 21:00:00+00:00,0.0,0.0,0.0,0.0,0.0,17.1
2014-06-11 22:00:00+00:00,0.0,0.0,0.0,0.0,0.0,16.69
2014-06-11 23:00:00+00:00,0.0,0.0,0.0,0.0,0.0,16.32
2014-06-12 00:00:00+00:00,0.0,0.0,0.0,0.0,0.0,16.16
2014-06-12 01:00:00+00:00,0.0,0.0,0.0,0.0,0.0,16.06
2014-06-12 02:00:00+00:00,0.0,0.0,0.0,0.0,0.0,15.96
2014-06-12 03:00:00+00:00,0.0,0.0,0.0,0.0,0.0,15.87
2014-06-12 04:00:00+00:00,28.49278579257494,0.0,28.49278579257494,27.990381056766584,0.5024047358083549,16.662563963838117
2014-06-12 05:00:00+00:00,36.09086200392825,0.0,36.09086200392825,35.45448267190434,0.6363793320239162,17.384662869046384
2014-06-12 06:00:00+00:00,69.33244542859902,0.0,69.33244542859902,68.10992723813202,1.2225181904669968,19.38163149627168
2014-06-12 07:00:00+00:00,107.3228264853656,0.0,107.3228264853656,105.4304353138208,1.8923911715448032,21.087691152339772
2014-06-12 08:00:00+00:00,183.30358859889876,0.0,183.30358859889876,180.07145146519835,3.2321371337004163,24.262004642167476
2014-06-12 09:00:00+00:00,348.11838232247607,6.970497268199609,341.14788505427646,334.95155997930675,6.196325074969709,29.390264180521132
2014-06-12 10:00:00+00:00,220.3442101292462,0.0,220.3442101292462,216.4589468389949,3.8852632902512774,25.277871569371953
2014-06-12 11:00:00+00:00,486.8371920593945,100.45485146174082,386.3823405976537,376.93713156445665,9.445209033197072,33.92138953035553
2014-06-12 12:00:00+00:00,431.9408027466675,130.98176958154102,300.95903316512647,292.0329756922647,8.926057472861771,32.500792606909556
2014-06-12 13:00:00+00:00,307.11988498700777,90.51004407500726,216.6098409120005,209.92785792574938,6.6819829862511195,28.482891990029184
2014-06-12 14:00:00+00:00,33.24158342467076,0.0,33.24158342467076,32.65544456622768,0.5861388584430807,20.05241966705005
2014-06-12 15:00:00+00:00,31.442545318994103,0.0,31.442545318994103,30.78941916244324,0.6531261565508613,19.599526344361944
2014-06-12 16:00:00+00:00,0.0,0.0,0.0,0.0,0.0,17.92
2014-06-12 17:00:00+00:00,0.0,0.0,0.0,0.0,0.0,17.49
2014-06-12 18:00:00+00:00,0.0,0.0,0.0,0.0,0.0,17.17
2014-06-12 19:00:00+00:00,0.0,0.0,0.0,0.0,0.0,16.23
2014-06-12 20:00:00+00:00,0.0,0.0,0.0,0.0,0.0,16.09
2014-06-12 21:00:00+00:00,0.0,0.0,0.0,0.0,0.0,15.85
2014-06-12 22:00:00+00:00,0.0,0.0,0.0,0.0,0.0,15.56
2014-06-12 23:00:00+00:00,0.0,0.0,0.0,0.0,0.0,15.22
2014-06-13 00:00:00+00:00,0.0,0.0,0.0,0.0,0.0,14.83
2014-06-13 01:00:00+00:00,0.0,0.0,0.0,0.0,0.0,14.71
2014-06-13 02:00:00+00:00,0.0,0.0,0.0,0.0,0.0,14.65
2014-06-13 03:00:00+00:00,0.0,0.0,0.0,0.0,0.0,14.56
2014-06-13 04:00:00+00:00,9.497595264191647,0.0,9.497595264191647,9.330127018922195,0.16746824526945162,14.922803457369174
2014-06-13 05:00:00+00:00,65.53340732292234,0.0,65.53340732292234,64.37787643056313,1.1555308923592162,17.578484500676012
2014-06-13 06:00:00+00:00,194.30250718511869,2.3673487258127106,191.93515845930597,188.46856578222832,3.4665926770776485,23.32428706622239
2014-06-13 07:00:00+00:00,284.90579848451694,7.358308051270557,277.54749043324637,272.43970895252806,5.107781480718274,26.779111020051428
2014-06-13 08:00:00+00:00,204.1982981801204,0.0,204.1982981801204,200.59773090682717,3.6005672732932097,25.529521151573057
2014-06-13 09:00:00+00:00,396.8419056599281,18.35195623381918,378.4899494261089,371.33905535310333,7.150894073005584,32.84348837525916
2014-06-13 10:00:00+00:00,219.39445060282702,0.0,219.39445060282702,215.5259341371027,3.8685164657243325,28.39204365587617
2014-06-13 11:00:00+00:00,564.9375444366393,302.33002193431565,262.60752250232366,250.0474041071148,12.560118395208871,39.673332172595806
2014-06-13 12:00:00+00:00,293.0847270228534,10.704704834876454,282.3800221879769,277.10477246198917,5.275249725987726,31.194012447321583
2014-06-13 13:00:00+00:00,104.47354790610811,0.0,104.47354790610811,102.63139720814414,1.8421506979639677,24.809033239300152
2014-06-13 14:00:00+00:00,37.040621530347416,0.0,37.040621530347416,36.387495373796554,0.6531261565508613,21.970361801480436
2014-06-13 15:00:00+00:00,8.54783573777248,0.0,8.54783573777248,8.397114317029974,0.15072142074250644,19.118663909490106
2014-06-13 16:00:00+00:00,0.0,0.0,0.0,0.0,0.0,17.43
2014-06-13 17:00:00+00:00,0.0,0.0,0.0,0.0,0.0,16.77
2014-06-13 18:00:00+00:00,0.0,0.0,0.0,0.0,0.0,16.42
2014-06-13 19:00:00+00:00,0.0,0.0,0.0,0.0,0.0,16.23
2014-06-13 20:00:00+00:00,0.0,0.0,0.0,0.0,0.0,16.2
2014-06-13 21:00:00+00:00,0.0,0.0,0.0,0.0,0.0,15.94
2014-06-13 22:00:00+00:00,0.0,0.0,0.0,0.0,0.0,15.68
2014-06-13 23:00:00+00:00,0.0,0.0,0.0,0.0,0.0,15.53
2014-06-14 00:00:00+00:00,0.0,0.0,0.0,0.0,0.0,15.05
2014-06-14 01:00:00+00:00,0.0,0.0,0.0,0.0,0.0,14.58
2014-06-14 02:00:00+00:00,0.0,0.0,0.0,0.0,0.0,14.39
2014-06-14 03:00:00+00:00,0.0,0.0,0.0,0.0,0.0,14.1
2014-06-14 04:00:00+00:00,30.40905166994021,0.0,30.40905166994021,29.85640646055102,0.5526452093891904,14.761309156845227
2014-06-14 05:00:00+00:00,39.88990010960491,0.0,39.88990010960491,39.18653347947321,0.7033666301316968,15.857589549373365
2014-06-14 06:00:00+00:00,163.8472380088994,0.4718526402761449,163.37538536862326,160.47818472546174,2.897200643161513,21.637399183870986
2014-06-14 07:00:00+00:00,132.0165741722639,0.0,132.0165741722639,129.6887655630185,2.3278086092453774,21.999048230957982
2014-06-14 08:00:00+00:00,233.64084349911448,0.0,233.64084349911448,229.52112466548598,4.11971883362851,26.990223533539893
2014-06-14 09:00:00+00:00,239.33940065762948,0.0,239.33940065762948,235.1192008768393,4.220199780790181,27.893553763149708
2014-06-14 10:00:00+00:00,306.8378958998537,1.9148474457211055,304.92304845413264,299.49707730740244,5.425971146730232,30.006957976565936
2014-06-14 11:00:00+00:00,475.69022345781195,87.7433002978588,387.94692315995314,378.80315696824107,9.143766191712059,35.31152942194276
2014-06-14 12:00:00+00:00,363.4515017586681,42.1935168139965,321.2579849446716,314.42528053767796,6.832704406993626,31.709884367316683
2014-06-14 13:00:00+00:00,276.1395470470243,38.41015995365832,237.72938709336594,232.32016277116264,5.409224322203287,29.064081331467836
2014-06-14 14:00:00+00:00,155.35804897707567,22.169197087925625,133.18885188915004,129.6887655630185,3.5000863261315387,24.81936150209106
2014-06-14 15:00:00+00:00,29.526279441628827,0.0,29.526279441628827,28.9233937586588,0.6028856829700258,20.23196305736118
2014-06-14 16:00:00+00:00,0.0,0.0,0.0,0.0,0.0,18.5
2014-06-14 17:00:00+00:00,0.0,0.0,0.0,0.0,0.0,17.83
2014-06-14 18:00:00+00:00,0.0,0.0,0.0,0.0,0.0,17.37
2014-06-14 19:00:00+00:00,0.0,0.0,0.0,0.0,0.0,16.85
2014-06-14 20:00:00+00:00,0.0,0.0,0.0,0.0,0.0,16.56
2014-06-14 21:00:00+00:00,0.0,0.0,0.0,0.0,0.0,16.19
2014-06-14 22:00:00+00:00,0.0,0.0,0.0,0.0,0.0,15.77
2014-06-14 23:00:00+00:00,0.0,0.0,0.0,0.0,0.0,15.51
2014-06-15 00:00:00+00:00,0.0,0.0,0.0,0.0,0.0,15.21
2014-06-15 01:00:00+00:00,0.0,0.0,0.0,0.0,0.0,14.94
2014-06-15 02:00:00+00:00,0.0,0.0,0.0,0.0,0.0,14.7
2014-06-15 03:00:00+00:00,0.0,0.0,0.0,0.0,0.0,14.51
2014-06-15 04:00:00+00:00,11.397114317029974,0.0,11.397114317029974,11.196152422706632,0.20096189432334194,14.7877882744357
2014-06-15 05:00:00+00:00,75.031002587114,0.0,75.031002587114,73.70800344948533,1.3229991376286678,17.742160049648785
2014-06-15 06:00:00+00:00,312.36492168820297,85.19049821390307,227.1744234742999,220.19099764656377,6.9834258277361325,27.566767503049416
2014-06-15 07:00:00+00:00,413.6434722218221,83.49790557722238,330.1455666445997,321.8893821528157,8.256184491783964,32.88309258055052
2014-06-15 08:00:00+00:00,579.5432516383856,428.1723304368529,151.3709212015327,137.15286717815624,14.218054023376443,40.382598821777684
2014-06-15 09:00:00+00:00,634.9183926839573,426.99731733497526,207.92107534898201,193.13362929168943,14.787446057292577,43.11662771026304
2014-06-15 10:00:00+00:00,617.4353074001501,308.25607445423356,309.1792329459166,295.76502649983354,13.414206446083075,42.83100968958001
2014-06-15 11:00:00+00:00,578.7176301660031,381.4161873245181,197.30144284148503,183.80350227276722,13.4979405687178,41.65697074221632
2014-06-15 12:00:00+00:00,467.3688705904098,280.8928316223618,186.476038968048,175.40638795573724,11.069651012310752,37.95318787963198
2014-06-15 13:00:00+00:00,318.4563470092481,173.24825723363122,145.20808977561686,137.15286717815624,8.055222597460622,32.84637774290875
2014-06-15 14:00:00+00:00,155.701639340229,40.53666215689944,115.16497718332957,111.02851152517411,4.136465658155455,27.375410516322336
2014-06-15 15:00:00+00:00,25.66025403784439,0.0,25.66025403784439,25.191342951089926,0.4689110867544645,22.70471453012199
2014-06-15 16:00:00+00:00,0.0,0.0,0.0,0.0,0.0,20.45
2014-06-15 17:00:00+00:00,0.0,0.0,0.0,0.0,0.0,19.06
2014-06-15 18:00:00+00:00,0.0,0.0,0.0,0.0,0.0,17.95
2014-06-15 19:00:00+00:00,0.0,0.0,0.0,0.0,0.0,17.75
2014-06-15 20:00:00+00:00,0.0,0.0,0.0,0.0,0.0,17.08
2014-06-15 21:00:00+00:00,0.0,0.0,0.0,0.0,0.0,16.53
2014-06-15 22:00:00+00:00,0.0,0.0,0.0,0.0,0.0,15.86
2014-06-15 23:00:00+00:00,0.0,0.0,0.0,0.0,0.0,15.06
2014-06-16 00:00:00+00:00,0.0,0.0,0.0,0.0,0.0,14.62
2014-06-16 01:00:00+00:00,0.0,0.0,0.0,0.0,0.0,14.04
2014-06-16 02:00:00+00:00,0.0,0.0,0.0,0.0,0.0,13.93
2014-06-16 03:00:00+00:00,0.0,0.0,0.0,0.0,0.0,13.76
2014-06-16 04:00:00+00:00,42.05736835487436,0.0,42.05736835487436,41.05255888325765,1.0048094716167097,15.01209580361404
2014-06-16 05:00:00+00:00,106.87953102693365,0.4729704189333308,106.40656060800032,104.49742261192857,1.9091379960717485,18.37312644320355
2014-06-16 06:00:00+00:00,160.046922245006,0.4705749820594038,159.57634726294657,156.74613391789285,2.8302133450537323,22.05668885281188
2014-06-16 07:00:00+00:00,378.4577501158131,45.635182608842044,332.82256750697104,325.6214329603846,7.201134546586419,31.548816475853098
2014-06-16 08:00:00+00:00,578.9541757396449,417.4205957644595,161.53357997518543,147.41600689897066,14.117573076214772,39.97079712068499
2014-06-16 09:00:00+00:00,641.5971085685087,481.6065548594791,159.99055370902965,144.616968793294,15.373584915735659,43.25814748616741
2014-06-16 10:00:00+00:00,643.6858077668014,483.74549453135256,159.94031323544883,144.616968793294,15.323344442154823,44.021932783332375
2014-06-16 11:00:00+00:00,594.4538755274771,472.5876774714296,121.86619805604752,107.29646071760523,14.569737338442291,42.86519533829853
2014-06-16 12:00:00+00:00,475.1301475044938,338.316680983967,136.8134665205268,125.0237020535574,11.789764466969395,39.03411392855337
2014-06-16 13:00:00+00:00,321.0468810705351,204.2765271422956,116.77035392823949,108.22947341949745,8.540880508742033,34.087328334494664
2014-06-16 14:00:00+00:00,153.16467797331183,16.478230819970147,136.68644715334167,133.42081637058737,3.2656307827543065,28.34983379085568
2014-06-16 15:00:00+00:00,31.727241335952172,0.0,31.727241335952172,30.78941916244324,0.937822173508929,23.710984324846024
2014-06-16 16:00:00+00:00,0.0,0.0,0.0,0.0,0.0,21.12
2014-06-16 17:00:00+00:00,0.0,0.0,0.0,0.0,0.0,19.86
2014-06-16 18:00:00+00:00,0.0,0.0,0.0,0.0,0.0,18.5
2014-06-16 19:00:00+00:00,0.0,0.0,0.0,0.0,0.0,17.87
2014-06-16 20:00:00+00:00,0.0,0.0,0.0,0.0,0.0,16.88
2014-06-16 21:00:00+00:00,0.0,0.0,0.0,0.0,0.0,16.18
2014-06-16 22:00:00+00:00,0.0,0.0,0.0,0.0,0.0,15.89
2014-06-16 23:00:00+00:00,0.0,0.0,0.0,0.0,0.0,15.31
2014-06-17 00:00:00+00:00,0.0,0.0,0.0,0.0,0.0,14.93
2014-06-17 01:00:00+00:00,0.0,0.0,0.0,0.0,0.0,14.71
2014-06-17 02:00:00+00:00,0.0,0.0,0.0,0.0,0.0,14.32
2014-06-17 03:00:00+00:00,0.0,0.0,0.0,0.0,0.0,13.99
2014-06-17 04:00:00+00:00,17.09567147554496,0.0,17.09567147554496,16.794228634059948,0.3014428414850129,14.286155026388
2014-06-17 05:00:00+00:00,96.17684449295993,0.2343855000973601,95.94245899286257,94.23428289111416,1.7081761017484065,18.18108768594281
2014-06-17 06:00:00+00:00,157.66008138558132,0.0,157.66008138558132,154.88010851410843,2.779972871472897,22.09188493769083
2014-06-17 07:00:00+00:00,317.6684944233473,15.192800759825428,302.47569366352184,296.69803920172575,5.7776544617960806,29.702675092411425
2014-06-17 08:00:00+00:00,485.46863277086584,90.72267150523604,394.7459612656298,385.3342458814866,9.41171538414318,36.5618343575586
2014-06-17 09:00:00+00:00,500.30739799063474,73.80551121161565,426.5018867790191,417.05667774582207,9.445209033197072,37.67059182213751
2014-06-17 10:00:00+00:00,583.5034963744844,194.67611939589665,388.8273769785877,376.93713156445665,11.890245414131064,40.713699001158346
2014-06-17 11:00:00+00:00,586.0985471282546,434.84485369841053,151.25369342984408,137.15286717815624,14.100826251687826,41.50593531964994
2014-06-17 12:00:00+00:00,462.8229321603766,220.11973818250797,242.70319397786864,232.32016277116264,10.383031206706,37.84925733348747
2014-06-17 13:00:00+00:00,314.36163378153606,102.11541353751164,212.2462202440244,205.26279441628827,6.9834258277361325,33.42527928945336
2014-06-17 14:00:00+00:00,154.58098571388135,47.59541412873146,106.98557158514988,102.63139720814414,4.354174377005742,27.996506664617826
2014-06-17 15:00:00+00:00,30.844469107640787,0.0,30.844469107640787,29.85640646055102,0.9880626470897645,23.287191681543884
2014-06-17 16:00:00+00:00,0.0,0.0,0.0,0.0,0.0,20.79
2014-06-17 17:00:00+00:00,0.0,0.0,0.0,0.0,0.0,19.49
2014-06-17 18:00:00+00:00,0.0,0.0,0.0,0.0,0.0,18.45
2014-06-17 19:00:00+00:00,0.0,0.0,0.0,0.0,0.0,17.44
2014-06-17 20:00:00+00:00,0.0,0.0,0.0,0.0,0.0,16.62
2014-06-17 21:00:00+00:00,0.0,0.0,0.0,0.0,0.0,15.96
2014-06-17 22:00:00+00:00,0.0,0.0,0.0,0.0,0.0,15.79
2014-06-17 23:00:00+00:00,0.0,0.0,0.0,0.0,0.0,15.44
2014-06-18 00:00:00+00:00,0.0,0.0,0.0,0.0,0.0,15.22
2014-06-18 01:00:00+00:00,0.0,0.0,0.0,0.0,0.0,14.98
2014-06-18 02:00:00+00:00,0.0,0.0,0.0,0.0,0.0,14.7
2014-06-18 03:00:00+00:00,0.0,0.0,0.0,0.0,0.0,14.44
2014-06-18 04:00:00+00:00,5.698557158514987,0.0,5.698557158514987,5.598076211353316,0.10048094716167097,14.317297045940633
2014-06-18 05:00:00+00:00,43.688938215281574,0.0,43.688938215281574,42.918584287042094,0.7703539282394775,17.045137655184895
2014-06-18 06:00:00+00:00,180.9564261199622,1.401635153159264,179.55479096680293,176.33940065762945,3.215390309173471,23.300576826064834
2014-06-18 07:00:00+00:00,227.2023415216607,1.126080584845661,226.07626093681506,222.05702305034822,4.019237886466839,27.30343949992808
2014-06-18 08:00:00+00:00,499.9969049032071,113.1791468678528,386.8177580353543,376.93713156445665,9.880626470897646,37.90730148665929
2014-06-18 09:00:00+00:00,625.9286920848153,370.11058874493494,255.81810333988042,241.65028979008483,14.167813549795607,42.72717869594131
2014-06-18 10:00:00+00:00,626.62947840436,364.39751392292266,262.23196448143733,248.18137870333035,14.05058577810699,43.06413395443149
2014-06-18 11:00:00+00:00,576.5204883955066,372.7884375879378,203.7320508075689,190.33459118601277,13.397459621556129,42.02614525449143
2014-06-18 12:00:00+00:00,469.3807901160967,326.25394340117464,143.12684671492204,131.55479096680293,11.572055748119107,38.662936530458836
2014-06-18 13:00:00+00:00,313.2941978850282,101.08147129005772,212.21272659497052,205.26279441628827,6.949932178682242,33.64895122721582
2014-06-18 14:00:00+00:00,23.743988160479113,0.0,23.743988160479113,23.325317547305485,0.418670613173629,24.088871190750034
2014-06-18 15:00:00+00:00,26.610013564263554,0.0,26.610013564263554,26.124355652982143,0.48565791128140967,22.901466779395243
2014-06-18 16:00:00+00:00,0.0,0.0,0.0,0.0,0.0,20.49
2014-06-18 17:00:00+00:00,0.0,0.0,0.0,0.0,0.0,18.97
2014-06-18 18:00:00+00:00,0.0,0.0,0.0,0.0,0.0,18.0
2014-06-18 19:00:00+00:00,0.0,0.0,0.0,0.0,0.0,17.52
2014-06-18 20:00:00+00:00,0.0,0.0,0.0,0.0,0.0,16.88
2014-06-18 21:00:00+00:00,0.0,0.0,0.0,0.0,0.0,16.19
2014-06-18 22:00:00+00:00,0.0,0.0,0.0,0.0,0.0,15.52
2014-06-18 23:00:00+00:00,0.0,0.0,0.0,0.0,0.0,15.16
2014-06-19 00:00:00+00:00,0.0,0.0,0.0,0.0,0.0,14.77
2014-06-19 01:00:00+00:00,0.0,0.0,0.0,0.0,0.0,14.56
2014-06-19 02:00:00+00:00,0.0,0.0,0.0,0.0,0.0,14.29
2014-06-19 03:00:00+00:00,0.0,0.0,0.0,0.0,0.0,14.0
2014-06-19 04:00:00+00:00,5.698557158514987,0.0,5.698557158514987,5.598076211353316,0.10048094716167097,14.167297045940632
2014-06-19 05:00:00+00:00,121.39791538802956,1.6109872875261966,119.78692810050336,117.55960043841965,2.2273276620837064,19.750039987850894
2014-06-19 06:00:00+00:00,309.22756646494895,160.98598304027823,148.24158342467075,139.9519052838329,8.289678140837855,28.060647248181827
2014-06-19 07:00:00+00:00,458.242737170998,290.95804115403996,167.28469601695807,155.81312121600064,11.471574800957436,34.36135631831033
2014-06-19 08:00:00+00:00,571.2492661345436,386.79229240069947,184.45697373384422,170.74132444627614,13.715649287568088,38.73858627477162
2014-06-19 09:00:00+00:00,592.9285564532628,228.7901176899567,364.1384387633061,351.7457886133667,12.392650149939419,39.93617406196375
2014-06-19 10:00:00+00:00,523.2467482253865,101.72330515022365,421.5234430751628,411.45860153446876,10.064841540694042,38.15929575470104
2014-06-19 11:00:00+00:00,264.6766207921355,0.6267256230808199,264.0498951690547,259.377531126037,4.6723640430177005,30.869232274878055
2014-06-19 12:00:00+00:00,129.16729559300637,0.0,129.16729559300637,126.88972745734183,2.277568135664542,26.909397901570564
2014-06-19 13:00:00+00:00,42.7391786888624,0.0,42.7391786888624,41.98557158514987,0.7536071037125323,24.003256658607906
2014-06-19 14:00:00+00:00,26.593266739736606,0.0,26.593266739736606,26.124355652982143,0.4689110867544645,22.427652512132166
2014-06-19 15:00:00+00:00,29.492785792574935,0.0,29.492785792574935,28.9233937586588,0.5693920339161355,20.866977000478986
2014-06-19 16:00:00+00:00,0.0,0.0,0.0,0.0,0.0,18.43
2014-06-19 17:00:00+00:00,0.0,0.0,0.0,0.0,0.0,17.34
2014-06-19 18:00:00+00:00,0.0,0.0,0.0,0.0,0.0,16.78
2014-06-19 19:00:00+00:00,0.0,0.0,0.0,0.0,0.0,16.52
2014-06-19 20:00:00+00:00,0.0,0.0,0.0,0.0,0.0,16.27
2014-06-19 21:00:00+00:00,0.0,0.0,0.0,0.0,0.0,16.31
2014-06-19 22:00:00+00:00,0.0,0.0,0.0,0.0,0.0,16.16
2014-06-19 23:00:00+00:00,0.0,0.0,0.0,0.0,0.0,15.85
2014-06-20 00:00:00+00:00,0.0,0.0,0.0,0.0,0.0,15.46
2014-06-20 01:00:00+00:00,0.0,0.0,0.0,0.0,0.0,15.07
2014-06-20 02:00:00+00:00,0.0,0.0,0.0,0.0,0.0,14.75
2014-06-20 03:00:00+00:00,0.0,0.0,0.0,0.0,0.0,14.38
2014-06-20 04:00:00+00:00,5.698557158514987,0.0,5.698557158514987,5.598076211353316,0.10048094716167097,14.417297045940632
2014-06-20 05:00:00+00:00,37.040621530347416,0.0,37.040621530347416,36.387495373796554,0.6531261565508613,16.35743079861411
2014-06-20 06:00:00+00:00,113.97114317029975,0.0,113.97114317029975,111.96152422706633,2.0096189432334195,20.475940918812647
2014-06-20 07:00:00+00:00,131.0668146458447,0.0,131.0668146458447,128.75575286112627,2.3110617847184325,22.292007575883773
2014-06-20 08:00:00+00:00,376.1513305869503,19.455609794901296,356.695720792049,349.8797632095823,6.815957582466681,30.404110985150155
2014-06-20 09:00:00+00:00,252.63603402749777,0.0,252.63603402749777,248.18137870333035,4.454655324167413,27.02070784334612
2014-06-20 10:00:00+00:00,399.17661213066026,19.70340952907826,379.473202601582,372.27206805499554,7.201134546586419,31.7723889417285
2014-06-20 11:00:00+00:00,272.9132572256684,1.2485390207334346,271.66471820493496,266.84163274117475,4.823085463760206,27.022706169438752
2014-06-20 12:00:00+00:00,298.0761551903988,11.863601247691363,286.2125539427075,280.83682326955807,5.375730673149397,28.186334938206464
2014-06-20 13:00:00+00:00,156.29635505905873,0.5190459017887732,155.77730915726994,153.01408311032398,2.7632260469459515,23.504050012476956
2014-06-20 14:00:00+00:00,98.16174295592847,0.31976491022757403,97.8419780457009,96.1003082948986,1.7416697508022967,21.695583767761963
2014-06-20 15:00:00+00:00,28.543026266155774,0.0,28.543026266155774,27.990381056766584,0.5526452093891904,19.13090086157893
2014-06-20 16:00:00+00:00,0.0,0.0,0.0,0.0,0.0,17.62
2014-06-20 17:00:00+00:00,0.0,0.0,0.0,0.0,0.0,17.4
2014-06-20 18:00:00+00:00,0.0,0.0,0.0,0.0,0.0,17.21
2014-06-20 19:00:00+00:00,0.0,0.0,0.0,0.0,0.0,17.62
2014-06-20 20:00:00+00:00,0.0,0.0,0.0,0.0,0.0,17.15
2014-06-20 21:00:00+00:00,0.0,0.0,0.0,0.0,0.0,16.68
2014-06-20 22:00:00+00:00,0.0,0.0,0.0,0.0,0.0,16.13
2014-06-20 23:00:00+00:00,0.0,0.0,0.0,0.0,0.0,15.72
2014-06-21 00:00:00+00:00,0.0,0.0,0.0,0.0,0.0,15.5
2014-06-21 01:00:00+00:00,0.0,0.0,0.0,0.0,0.0,15.49
2014-06-21 02:00:00+00:00,0.0,0.0,0.0,0.0,0.0,15.32
2014-06-21 03:00:00+00:00,0.0,0.0,0.0,0.0,0.0,15.14
2014-06-21 04:00:00+00:00,6.6483166849341515,0.0,6.6483166849341515,6.531088913245536,0.11722777168861613,15.190539228386223
2014-06-21 05:00:00+00:00,29.4425453189941,0.0,29.4425453189941,28.9233937586588,0.5191515603353,15.89539791046592
2014-06-21 06:00:00+00:00,239.52598945713922,12.098045205258328,227.4279442518809,222.99003575224043,4.437908499640468,22.840108423446488
2014-06-21 07:00:00+00:00,295.70088543438607,9.538571965259473,286.1623134691266,280.83682326955807,5.325490199568561,25.21179658826398
2014-06-21 08:00:00+00:00,358.1786079716973,13.980482443839989,344.1981255278573,337.75059808498344,6.447527442873887,28.198291070688285
2014-06-21 09:00:00+00:00,298.5676597683016,1.2594343500491691,297.30822541825245,292.0329756922647,5.275249725987726,27.55427249682344
2014-06-21 10:00:00+00:00,137.71513133077886,0.0,137.71513133077886,135.28684177437182,2.4282895564070484,23.800451350937916
2014-06-21 11:00:00+00:00,98.77499074759312,0.0,98.77499074759312,97.03332099679082,1.7416697508022967,22.90602139694613
2014-06-21 12:00:00+00:00,178.55479096680293,0.0,178.55479096680293,175.40638795573724,3.14840301106569,25.178154579662472
2014-06-21 13:00:00+00:00,106.37306695894642,0.0,106.37306695894642,104.49742261192857,1.875644347017858,22.98580197310248
2014-06-21 14:00:00+00:00,122.7094059574212,2.8889842078639565,119.82042174955724,117.55960043841965,2.260821311137597,23.231918213940602
2014-06-21 15:00:00+00:00,24.710494511425225,0.0,24.710494511425225,24.258330249197705,0.4521642622275194,19.87107775855317
2014-06-21 16:00:00+00:00,0.0,0.0,0.0,0.0,0.0,18.42
2014-06-21 17:00:00+00:00,0.0,0.0,0.0,0.0,0.0,17.86
2014-06-21 18:00:00+00:00,0.0,0.0,0.0,0.0,0.0,17.29
2014-06-21 19:00:00+00:00,0.0,0.0,0.0,0.0,0.0,16.64
2014-06-21 20:00:00+00:00,0.0,0.0,0.0,0.0,0.0,16.24
2014-06-21 21:00:00+00:00,0.0,0.0,0.0,0.0,0.0,15.91
2014-06-21 22:00:00+00:00,0.0,0.0,0.0,0.0,0.0,15.62
2014-06-21 23:00:00+00:00,0.0,0.0,0.0,0.0,0.0,15.19
2014-06-22 00:00:00+00:00,0.0,0.0,0.0,0.0,0.0,14.84
2014-06-22 01:00:00+00:00,0.0,0.0,0.0,0.0,0.0,14.74
2014-06-22 02:00:00+00:00,0.0,0.0,0.0,0.0,0.0,14.37
2014-06-22 03:00:00+00:00,0.0,0.0,0.0,0.0,0.0,14.27
2014-06-22 04:00:00+00:00,8.54783573777248,0.0,8.54783573777248,8.397114317029974,0.15072142074250644,14.401714331918916
2014-06-22 05:00:00+00:00,77.88028116637149,0.0,77.88028116637149,76.50704155516199,1.3732396112095033,17.137826730909847
2014-06-22 06:00:00+00:00,294.1968466185457,50.19951033274864,243.99733628579705,237.91823898251596,6.0790973032810935,24.719564768062842
2014-06-22 07:00:00+00:00,427.7695480372973,111.03303306263787,316.7365149746594,307.8941916244324,8.842323350227046,29.41172218442181
2014-06-22 08:00:00+00:00,573.0982545490554,389.5073062189956,183.5909483300598,169.80831174438393,13.782636585675869,34.347691969568125
2014-06-22 09:00:00+00:00,611.7986765543734,286.0261768687202,325.7724996856532,312.5592551338935,13.213244551759733,36.24669629524703
2014-06-22 10:00:00+00:00,373.3047885766015,12.07797887130697,361.2268097052945,354.5448267190434,6.6819829862511195,29.92144126764455
2014-06-22 11:00:00+00:00,104.47354790610811,0.0,104.47354790610811,102.63139720814414,1.8421506979639677,23.066819123528656
2014-06-22 12:00:00+00:00,59.83485016440737,0.0,59.83485016440737,58.779800219209825,1.0550499451975452,21.46989263087292
2014-06-22 13:00:00+00:00,55.08605253231155,0.0,55.08605253231155,54.114736709748726,0.9713158225628193,21.0924999601405
2014-06-22 14:00:00+00:00,105.15155702815896,0.6445154729969755,104.50704155516199,102.63139720814414,1.875644347017858,22.27875897992301
2014-06-22 15:00:00+00:00,18.045431001964126,0.0,18.045431001964126,17.72724133595217,0.3181896660119581,19.199711039825164
2014-06-22 16:00:00+00:00,0.0,0.0,0.0,0.0,0.0,17.62
2014-06-22 17:00:00+00:00,0.0,0.0,0.0,0.0,0.0,16.53
2014-06-22 18:00:00+00:00,0.0,0.0,0.0,0.0,0.0,15.62
2014-06-22 19:00:00+00:00,0.0,0.0,0.0,0.0,0.0,15.33
2014-06-22 20:00:00+00:00,0.0,0.0,0.0,0.0,0.0,14.99
2014-06-22 21:00:00+00:00,0.0,0.0,0.0,0.0,0.0,14.7
2014-06-22 22:00:00+00:00,0.0,0.0,0.0,0.0,0.0,14.55
2014-06-22 23:00:00+00:00,0.0,0.0,0.0,0.0,0.0,14.37
2014-06-23 00:00:00+00:00,0.0,0.0,0.0,0.0,0.0,14.2
2014-06-23 01:00:00+00:00,0.0,0.0,0.0,0.0,0.0,14.09
2014-06-23 02:00:00+00:00,0.0,0.0,0.0,0.0,0.0,13.96
2014-06-23 03:00:00+00:00,0.0,0.0,0.0,0.0,0.0,13.93
2014-06-23 04:00:00+00:00,16.145911949125797,0.0,16.145911949125797,15.86121593216773,0.28469601695806773,14.405174846304524
2014-06-23 05:00:00+00:00,75.98076211353317,0.0,75.98076211353317,74.64101615137756,1.339745962155613,16.787124373537633
2014-06-23 06:00:00+00:00,111.12186459104225,0.0,111.12186459104225,109.16248612138968,1.959378469652584,19.03646731238056
2014-06-23 07:00:00+00:00,106.37306695894642,0.0,106.37306695894642,104.49742261192857,1.875644347017858,20.420920232662972
2014-06-23 08:00:00+00:00,521.1840386987215,147.65810456161876,373.5259341371027,362.94194103607333,10.583993101029343,32.881500829223015
2014-06-23 09:00:00+00:00,449.1491219141047,39.69747560866637,409.4516463054383,401.19546181365433,8.256184491783964,31.5279228774718
2014-06-23 10:00:00+00:00,102.57402885326978,0.0,102.57402885326978,100.7653718043597,1.8086570489100775,22.783313862995765
2014-06-23 11:00:00+00:00,398.06183515764536,28.784784978770084,369.2770501788753,362.0089283341811,7.2681218446942,31.29116598583969
2014-06-23 12:00:00+00:00,183.30358859889876,0.0,183.30358859889876,180.07145146519835,3.2321371337004163,25.708847725051037
2014-06-23 13:00:00+00:00,238.1075187612643,13.52885308864089,224.5786656726234,220.19099764656377,4.387668026059632,26.460952367398953
2014-06-23 14:00:00+00:00,99.11581895786733,0.3240813857472749,98.79173757212006,97.03332099679082,1.758416575329242,22.119595211470326
2014-06-23 15:00:00+00:00,32.358811196359376,0.0,32.358811196359376,31.72243186433546,0.6363793320239162,19.541009193454247
2014-06-23 16:00:00+00:00,0.0,0.0,0.0,0.0,0.0,17.5
2014-06-23 17:00:00+00:00,0.0,0.0,0.0,0.0,0.0,16.61
2014-06-23 18:00:00+00:00,0.0,0.0,0.0,0.0,0.0,15.83
2014-06-23 19:00:00+00:00,0.0,0.0,0.0,0.0,0.0,15.19
2014-06-23 20:00:00+00:00,0.0,0.0,0.0,0.0,0.0,14.77
2014-06-23 21:00:00+00:00,0.0,0.0,0.0,0.0,0.0,14.54
2014-06-23 22:00:00+00:00,0.0,0.0,0.0,0.0,0.0,14.31
2014-06-23 23:00:00+00:00,0.0,0.0,0.0,0.0,0.0,14.15
2014-06-24 00:00:00+00:00,0.0,0.0,0.0,0.0,0.0,13.91
2014-06-24 01:00:00+00:00,0.0,0.0,0.0,0.0,0.0,13.7
2014-06-24 02:00:00+00:00,0.0,0.0,0.0,0.0,0.0,13.52
2014-06-24 03:00:00+00:00,0.0,0.0,0.0,0.0,0.0,13.48
2014-06-24 04:00:00+00:00,26.610013564263554,0.0,26.610013564263554,26.124355652982143,0.48565791128140967,13.97871306536666
2014-06-24 05:00:00+00:00,158.28566472222946,14.7164453405764,143.56921938165306,139.9519052838329,3.617314097820155,18.871505630400623
2014-06-24 06:00:00+00:00,242.34674493245788,12.069522101319468,230.2772228311384,225.7890738579171,4.488148973221303,23.242666167533528
2014-06-24 07:00:00+00:00,386.69146753693434,52.70143178469392,333.99003575224043,326.5544456622768,7.435590089963652,29.798340906216474
2014-06-24 08:00:00+00:00,350.9269288257751,11.544588228121452,339.3823405976537,333.08553457552233,6.29680602213138,29.719202652604498
2014-06-24 09:00:00+00:00,630.5983099248785,359.8520033547226,270.7463065701559,256.5784930203603,14.167813549795607,38.786096707717014
2014-06-24 10:00:00+00:00,562.3964970489837,148.19837152112638,414.1981255278573,403.0614872174388,11.136638310418533,37.275139375952755
2014-06-24 11:00:00+00:00,435.4024695439096,47.577583627261795,387.8248859166478,379.7361696701333,8.088716246514513,33.9082581805609
2014-06-24 12:00:00+00:00,476.745575384508,316.8077532109991,159.93782217350892,148.34901960086287,11.588802572646053,34.94585707894241
2014-06-24 13:00:00+00:00,161.99699897862703,0.5211326628421112,161.4758663157849,158.6121593216773,2.8637069941076225,25.7865516485709
2014-06-24 14:00:00+00:00,116.63350184089545,1.6288650215418101,115.00463681935364,112.89453692895854,2.1100998903950905,24.081391438132286
2014-06-24 15:00:00+00:00,32.84446910764078,0.0,32.84446910764078,31.72243186433546,1.1220372433053258,20.893259361109312
2014-06-24 16:00:00+00:00,0.0,0.0,0.0,0.0,0.0,18.63
2014-06-24 17:00:00+00:00,0.0,0.0,0.0,0.0,0.0,17.47
2014-06-24 18:00:00+00:00,0.0,0.0,0.0,0.0,0.0,16.78
2014-06-24 19:00:00+00:00,0.0,0.0,0.0,0.0,0.0,15.96
2014-06-24 20:00:00+00:00,0.0,0.0,0.0,0.0,0.0,15.18
2014-06-24 21:00:00+00:00,0.0,0.0,0.0,0.0,0.0,14.65
2014-06-24 22:00:00+00:00,0.0,0.0,0.0,0.0,0.0,14.13
2014-06-24 23:00:00+00:00,0.0,0.0,0.0,0.0,0.0,13.88
2014-06-25 00:00:00+00:00,0.0,0.0,0.0,0.0,0.0,13.58
2014-06-25 01:00:00+00:00,0.0,0.0,0.0,0.0,0.0,13.57
2014-06-25 02:00:00+00:00,0.0,0.0,0.0,0.0,0.0,13.37
2014-06-25 03:00:00+00:00,0.0,0.0,0.0,0.0,0.0,13.33
2014-06-25 04:00:00+00:00,28.509532617101883,0.0,28.509532617101883,27.990381056766584,0.5191515603353,14.14310032938283
2014-06-25 05:00:00+00:00,134.67967270647733,44.868697247890445,89.8109754585869,84.90415587219196,4.906819586394932,18.461130149797995
2014-06-25 06:00:00+00:00,305.4629287833777,193.98920822500656,111.47372055837118,102.63139720814414,8.842323350227046,25.54654252318194
2014-06-25 07:00:00+00:00,460.5696788569161,261.8472469925806,198.72243186433548,187.53555308033611,11.186878783999369,31.587666575203812
2014-06-25 08:00:00+00:00,574.3592143667368,376.8735564554553,197.4856579112814,183.80350227276722,13.682155638514198,36.40724292509189
2014-06-25 09:00:00+00:00,427.71902563236927,28.999430134499846,398.7195954978694,390.9323220928399,7.7872734050295005,33.06414868775711
2014-06-25 10:00:00+00:00,332.23884752596024,4.454583139659841,327.7842643863004,321.8893821528157,5.894882233484697,30.430926401157027
2014-06-25 11:00:00+00:00,304.93467574951956,3.760424927482746,301.1742508220368,295.76502649983354,5.409224322203287,29.97213638117901
2014-06-25 12:00:00+00:00,422.55505176478385,98.7563589636333,323.79869280115054,315.3582932395702,8.440399561580362,33.64461086058178
2014-06-25 13:00:00+00:00,326.2827699564316,159.6991221599284,166.5836477965032,158.6121593216773,7.971488474825897,30.49080893003043
2014-06-25 14:00:00+00:00,152.7317147429137,64.88724563527292,87.84446910764079,83.03813046840753,4.806338639233261,25.1721096647599
2014-06-25 15:00:00+00:00,34.610013564263554,0.0,34.610013564263554,33.588457268119896,1.0215562961436548,20.99557662232706
2014-06-25 16:00:00+00:00,0.0,0.0,0.0,0.0,0.0,18.81
2014-06-25 17:00:00+00:00,0.0,0.0,0.0,0.0,0.0,17.7
2014-06-25 18:00:00+00:00,0.0,0.0,0.0,0.0,0.0,16.75
2014-06-25 19:00:00+00:00,0.0,0.0,0.0,0.0,0.0,15.83
2014-06-25 20:00:00+00:00,0.0,0.0,0.0,0.0,0.0,15.07
2014-06-25 21:00:00+00:00,0.0,0.0,0.0,0.0,0.0,14.41
2014-06-25 22:00:00+00:00,0.0,0.0,0.0,0.0,0.0,13.71
2014-06-25 23:00:00+00:00,0.0,0.0,0.0,0.0,0.0,13.22
2014-06-26 00:00:00+00:00,0.0,0.0,0.0,0.0,0.0,12.8
2014-06-26 01:00:00+00:00,0.0,0.0,0.0,0.0,0.0,12.51
2014-06-26 02:00:00+00:00,0.0,0.0,0.0,0.0,0.0,12.22
2014-06-26 03:00:00+00:00,0.0,0.0,0.0,0.0,0.0,11.82
2014-06-26 04:00:00+00:00,29.459292143521047,0.0,29.459292143521047,28.9233937586588,0.5358983848622452,12.593519128177434
2014-06-26 05:00:00+00:00,121.33725156458587,1.5503234640825103,119.78692810050336,117.55960043841965,2.2273276620837064,17.61617680472144
2014-06-26 06:00:00+00:00,162.89028860714134,0.4646627649372488,162.42562584220408,159.5451720235695,2.880453818634568,21.01841788232991
2014-06-26 07:00:00+00:00,209.89685533863536,0.0,209.89685533863536,206.19580711818048,3.7010482204548807,24.433614470757444
2014-06-26 08:00:00+00:00,264.6568696258858,0.6069744568310889,264.0498951690547,259.377531126037,4.6723640430177005,27.73626694959667
2014-06-26 09:00:00+00:00,217.49493154998868,0.0,217.49493154998868,213.65990873331825,3.835022816670442,27.137252629205648
2014-06-26 10:00:00+00:00,148.16248612138966,0.0,148.16248612138966,145.54998149518622,2.612504626203445,25.638434496655155
2014-06-26 11:00:00+00:00,585.2504770513193,394.2624144042295,190.98806264708978,177.2724133595217,13.715649287568088,40.289980643548624
2014-06-26 12:00:00+00:00,440.1845223661102,131.61066616510348,308.5738562010067,299.49707730740244,9.076778893604278,36.25302971517108
2014-06-26 13:00:00+00:00,316.8057916733513,92.54763407641664,224.25815759693464,217.39195954088711,6.866198056047517,32.27983727971824
2014-06-26 14:00:00+00:00,163.50718607710388,39.91160092769046,123.59558514941342,119.42562584220408,4.1699593072093455,27.271123248643693
2014-06-26 15:00:00+00:00,35.54302626615578,0.0,35.54302626615578,34.52146997001212,1.0215562961436548,22.31761043272692
2014-06-26 16:00:00+00:00,0.0,0.0,0.0,0.0,0.0,19.47
2014-06-26 17:00:00+00:00,0.0,0.0,0.0,0.0,0.0,17.85
2014-06-26 18:00:00+00:00,0.0,0.0,0.0,0.0,0.0,16.77
2014-06-26 19:00:00+00:00,0.0,0.0,0.0,0.0,0.0,15.95
2014-06-26 20:00:00+00:00,0.0,0.0,0.0,0.0,0.0,15.36
2014-06-26 21:00:00+00:00,0.0,0.0,0.0,0.0,0.0,14.67
2014-06-26 22:00:00+00:00,0.0,0.0,0.0,0.0,0.0,14.31
2014-06-26 23:00:00+00:00,0.0,0.0,0.0,0.0,0.0,13.92
2014-06-27 00:00:00+00:00,0.0,0.0,0.0,0.0,0.0,13.84
2014-06-27 01:00:00+00:00,0.0,0.0,0.0,0.0,0.0,13.85
2014-06-27 02:00:00+00:00,0.0,0.0,0.0,0.0,0.0,14.0
2014-06-27 03:00:00+00:00,0.0,0.0,0.0,0.0,0.0,13.68
2014-06-27 04:00:00+00:00,15.196152422706634,0.0,15.196152422706634,14.92820323027551,0.2679491924311226,14.024870443580728
2014-06-27 05:00:00+00:00,71.23196448143733,0.0,71.23196448143733,69.97595264191645,1.256011839520887,16.668865912417548
2014-06-27 06:00:00+00:00,275.3515813808364,30.174839496859715,245.17674188397672,239.78426438630038,5.392477497676342,24.58442323601053
2014-06-27 07:00:00+00:00,455.0529549556161,194.70625376443004,260.34670119118607,250.0474041071148,10.299297084071274,32.098921353449555
2014-06-27 08:00:00+00:00,577.3251558782764,393.63372660105495,183.69142927722146,169.80831174438393,13.88311753283754,37.351855237063894
2014-06-27 09:00:00+00:00,511.9499579300506,83.29734973028897,428.65260819976163,418.9227031496065,9.72990505015514,35.801778906755715
2014-06-27 10:00:00+00:00,594.1844846683714,213.41928551627484,380.7651991520966,368.54001724742665,12.225181904669968,38.36993416427076
2014-06-27 11:00:00+00:00,481.7741864755799,87.19569345521957,394.5784930203603,385.3342458814866,9.24424713887373,35.39325520259534
2014-06-27 12:00:00+00:00,406.1851759930324,74.52526725971414,331.6599087333182,323.7554075566001,7.904501176718116,33.262012965302155
2014-06-27 13:00:00+00:00,328.34489627795233,175.52198346645517,152.82291281149713,144.616968793294,8.205944018203128,31.17963645500486
2014-06-27 14:00:00+00:00,165.5678909133277,29.22831760343512,136.33957330989256,132.48780366869516,3.851769641197387,26.031506471462833
2014-06-27 15:00:00+00:00,37.275077073724646,0.0,37.275077073724646,36.387495373796554,0.8875816999280935,21.56224244296328
2014-06-27 16:00:00+00:00,0.0,0.0,0.0,0.0,0.0,19.11
2014-06-27 17:00:00+00:00,0.0,0.0,0.0,0.0,0.0,17.9
2014-06-27 18:00:00+00:00,0.0,0.0,0.0,0.0,0.0,17.01
2014-06-27 19:00:00+00:00,0.0,0.0,0.0,0.0,0.0,16.11
2014-06-27 20:00:00+00:00,0.0,0.0,0.0,0.0,0.0,15.46
2014-06-27 21:00:00+00:00,0.0,0.0,0.0,0.0,0.0,14.84
2014-06-27 22:00:00+00:00,0.0,0.0,0.0,0.0,0.0,14.47
2014-06-27 23:00:00+00:00,0.0,0.0,0.0,0.0,0.0,14.23
2014-06-28 00:00:00+00:00,0.0,0.0,0.0,0.0,0.0,14.09
2014-06-28 01:00:00+00:00,0.0,0.0,0.0,0.0,0.0,13.96
2014-06-28 02:00:00+00:00,0.0,0.0,0.0,0.0,0.0,13.72
2014-06-28 03:00:00+00:00,0.0,0.0,0.0,0.0,0.0,13.73
2014-06-28 04:00:00+00:00,23.743988160479113,0.0,23.743988160479113,23.325317547305485,0.418670613173629,14.486225571741043
2014-06-28 05:00:00+00:00,85.4783573777248,0.0,85.4783573777248,83.97114317029974,1.5072142074250645,17.24739624514159
2014-06-28 06:00:00+00:00,293.21137688204504,50.16380012266718,243.04757675937788,236.98522628062372,6.062350478754149,25.035626767686157
2014-06-28 07:00:00+00:00,261.43272601416135,3.930666582879159,257.5020594312822,252.84644221279146,4.655617218490755,26.370292882299797
2014-06-28 08:00:00+00:00,305.7747320728253,3.650721724369362,302.12401034845595,296.69803920172575,5.425971146730232,29.156491370433464
2014-06-28 09:00:00+00:00,563.0226115955362,151.5565368752478,411.4660747202884,400.2624491117621,11.203625608526313,37.94615849005593
2014-06-28 10:00:00+00:00,632.5291698492208,362.7661164545379,269.7630533946829,255.64548031846812,14.117573076214772,40.19812082643783
2014-06-28 11:00:00+00:00,589.5830080348476,420.702554216213,168.88045381863458,154.88010851410843,14.000345304526155,39.597672404751954
2014-06-28 12:00:00+00:00,474.9140897520779,261.4811633763172,213.4329263757607,202.46375631061161,10.96917006514908,36.48199314108759
2014-06-28 13:00:00+00:00,328.68492011477747,212.68011064316073,116.00480947161671,107.29646071760523,8.708348754011483,31.61829832402262
2014-06-28 14:00:00+00:00,155.996386935636,66.25239877515688,89.74398816047912,84.90415587219196,4.839832288287152,25.868136177187548
2014-06-28 15:00:00+00:00,35.6267603887905,0.0,35.6267603887905,34.52146997001212,1.1052904187783807,21.53784752664333
2014-06-28 16:00:00+00:00,0.0,0.0,0.0,0.0,0.0,19.38
2014-06-28 17:00:00+00:00,0.0,0.0,0.0,0.0,0.0,18.11
2014-06-28 18:00:00+00:00,0.0,0.0,0.0,0.0,0.0,17.13
2014-06-28 19:00:00+00:00,0.0,0.0,0.0,0.0,0.0,16.4
2014-06-28 20:00:00+00:00,0.0,0.0,0.0,0.0,0.0,15.55
2014-06-28 21:00:00+00:00,0.0,0.0,0.0,0.0,0.0,14.66
2014-06-28 22:00:00+00:00,0.0,0.0,0.0,0.0,0.0,14.34
2014-06-28 23:00:00+00:00,0.0,0.0,0.0,0.0,0.0,13.96
2014-06-29 00:00:00+00:00,0.0,0.0,0.0,0.0,0.0,13.29
2014-06-29 01:00:00+00:00,0.0,0.0,0.0,0.0,0.0,12.7
2014-06-29 02:00:00+00:00,0.0,0.0,0.0,0.0,0.0,12.19
2014-06-29 03:00:00+00:00,0.0,0.0,0.0,0.0,0.0,11.61
2014-06-29 04:00:00+00:00,36.45929214352105,0.0,36.45929214352105,35.45448267190434,1.0048094716167097,12.782861248055582
2014-06-29 05:00:00+00:00,142.22888386556392,5.078335097084481,137.15054876847944,134.35382907247958,2.796719695999842,18.695944608040417
2014-06-29 06:00:00+00:00,308.90865680994847,81.81796745828328,227.0906893516652,220.19099764656377,6.899691705101406,26.377775286698583
2014-06-29 07:00:00+00:00,446.90852303362306,154.5260097837063,292.38251324991677,282.7028486733425,9.679664576574304,32.45874380680979
2014-06-29 08:00:00+00:00,527.5114531809365,154.75106350045658,372.76038968047993,362.0089283341811,10.751461346298793,36.62508165994243
2014-06-29 09:00:00+00:00,645.7788570217812,486.620835067482,159.15802195429913,143.6839560914018,15.47406586289733,41.44373928638791
2014-06-29 10:00:00+00:00,653.808230212223,504.74587973346877,149.06235047875415,133.42081637058737,15.64153410816678,42.8596081785256
2014-06-29 11:00:00+00:00,602.5201982577257,477.720987499786,124.79921075793973,110.09549882328189,14.703711934657852,41.91651394160607
2014-06-29 12:00:00+00:00,485.863740012701,349.7488306506892,136.11490936201182,124.09068935166518,12.024220010346626,38.80100612082105
2014-06-29 13:00:00+00:00,331.520244928455,212.68290370210775,118.83734122634726,110.09549882328189,8.741842403065375,34.36916410066673
2014-06-29 14:00:00+00:00,159.62384519082838,63.39900859068456,96.22483660014382,91.4352447854375,4.789591814706316,28.644043042579185
2014-06-29 15:00:00+00:00,35.6267603887905,0.0,35.6267603887905,34.52146997001212,1.1052904187783807,23.675359186803796
2014-06-29 16:00:00+00:00,0.0,0.0,0.0,0.0,0.0,20.7
2014-06-29 17:00:00+00:00,0.0,0.0,0.0,0.0,0.0,19.03
2014-06-29 18:00:00+00:00,0.0,0.0,0.0,0.0,0.0,17.7
2014-06-29 19:00:00+00:00,0.0,0.0,0.0,0.0,0.0,16.41
2014-06-29 20:00:00+00:00,0.0,0.0,0.0,0.0,0.0,15.52
2014-06-29 21:00:00+00:00,0.0,0.0,0.0,0.0,0.0,14.66
2014-06-29 22:00:00+00:00,0.0,0.0,0.0,0.0,0.0,13.91
2014-06-29 23:00:00+00:00,0.0,0.0,0.0,0.0,0.0,13.12
2014-06-30 00:00:00+00:00,0.0,0.0,0.0,0.0,0.0,12.5
2014-06-30 01:00:00+00:00,0.0,0.0,0.0,0.0,0.0,11.8
2014-06-30 02:00:00+00:00,0.0,0.0,0.0,0.0,0.0,11.39
2014-06-30 03:00:00+00:00,0.0,0.0,0.0,0.0,0.0,10.98
2014-06-30 04:00:00+00:00,18.045431001964126,0.0,18.045431001964126,17.72724133595217,0.3181896660119581,11.58864381409811
2014-06-30 05:00:00+00:00,73.13148353427567,0.0,73.13148353427567,71.8419780457009,1.2895054885747774,15.774582162937286
2014-06-30 06:00:00+00:00,97.82523122117395,0.0,97.82523122117395,96.1003082948986,1.7249229262753516,18.88707262635125
2014-06-30 07:00:00+00:00,204.1982981801204,0.0,204.1982981801204,200.59773090682717,3.6005672732932097,23.879539916972963
2014-06-30 08:00:00+00:00,442.9800334352088,51.222134816668735,391.75789861854,383.4682204777022,8.289678140837855,33.37831406050504
2014-06-30 09:00:00+00:00,618.2986583261554,285.91133560462197,332.38732272153345,319.090344047139,13.296978674394458,40.78676385404741
2014-06-30 10:00:00+00:00,655.6217262176629,506.5258820898548,149.09584412780805,133.42081637058737,15.675027757220672,43.36427291356757
2014-06-30 11:00:00+00:00,602.9688491182826,472.6218026225703,130.34704649571222,115.6935750346352,14.653471461077016,43.03484795180893
2014-06-30 12:00:00+00:00,491.2033946259696,370.6650051791675,120.53838944680214,108.22947341949745,12.308916027304694,39.978834858730494
2014-06-30 13:00:00+00:00,333.4671112382033,220.11061845152074,113.35649278668257,104.49742261192857,8.85907017475399,34.871744395349815
2014-06-30 14:00:00+00:00,158.73359437814125,70.72165702523101,88.01193735291024,83.03813046840753,4.973806884502713,29.097297214379914
2014-06-30 15:00:00+00:00,38.22483660014382,0.0,38.22483660014382,37.32050807568878,0.9043285244550388,24.238596627254683
2014-06-30 16:00:00+00:00,0.0,0.0,0.0,0.0,0.0,18.0
2014-06-30 17:00:00+00:00,0.0,0.0,0.0,0.0,0.0,17.67
2014-06-30 18:00:00+00:00,0.0,0.0,0.0,0.0,0.0,17.34
2014-06-30 19:00:00+00:00,0.0,0.0,0.0,0.0,0.0,17.01
2014-06-30 20:00:00+00:00,0.0,0.0,0.0,0.0,0.0,16.68
2014-06-30 21:00:00+00:00,0.0,0.0,0.0,0.0,0.0,16.34
2014-06-30 22:00:00+00:00,0.0,0.0,0.0,0.0,0.0,16.01
2014-06-30 23:00:00+00:00,0.0,0.0,0.0,0.0,0.0,15.68
2014-07-01 00:00:00+00:00,0.0,0.0,0.0,0.0,0.0,15.35
2014-07-01 01:00:00+00:00,0.0,0.0,0.0,0.0,0.0,15.02
2014-07-01 02:00:00+00:00,0.0,0.0,0.0,0.0,0.0,14.69
2014-07-01 03:00:00+00:00,0.0,0.0,0.0,0.0,0.0,14.35
2014-07-01 04:00:00+00:00,26.610013564263554,0.0,26.610013564263554,26.124355652982143,0.48565791128140967,14.861781516575233
2014-07-01 05:00:00+00:00,77.88028116637149,0.0,77.88028116637149,76.50704155516199,1.3732396112095033,16.161627820299564
2014-07-01 06:00:00+00:00,141.51416943645552,0.0,141.51416943645552,139.0188925819407,2.495276854514829,17.86564777092568
2014-07-01 07:00:00+00:00,206.0978172329587,0.0,206.0978172329587,202.46375631061161,3.6340609223471,19.613137418138727
2014-07-01 08:00:00+00:00,338.34809335516303,8.547082144335734,329.8010112108273,323.7554075566001,6.045603654227203,29.270892654345218
2014-07-01 09:00:00+00:00,305.8746654240121,1.9013764962986153,303.9732889277135,298.5640646055102,5.409224322203287,28.66460572329092
2014-07-01 10:00:00+00:00,264.9829078709469,0.0,264.9829078709469,260.3105438279292,4.6723640430177005,27.760652640272525
2014-07-01 11:00:00+00:00,322.7386486049995,6.301258062148315,316.43739054285123,310.69322973010907,5.744160812742191,29.142327986110224
2014-07-01 12:00:00+00:00,100.67450980043144,0.0,100.67450980043144,98.89934640057525,1.775163399856187,23.179986456394637
2014-07-01 13:00:00+00:00,79.77980021920982,0.0,79.77980021920982,78.37306695894642,1.4067332602633935,22.595771195168343
2014-07-01 14:00:00+00:00,161.28752504050937,64.12967573847332,97.15784930203604,92.36825748732973,4.789591814706316,24.188829950606117
2014-07-01 15:00:00+00:00,33.30857072277854,0.0,33.30857072277854,32.65544456622768,0.6531261565508613,19.79734427613331
2014-07-01 16:00:00+00:00,0.0,0.0,0.0,0.0,0.0,17.69
2014-07-01 17:00:00+00:00,0.0,0.0,0.0,0.0,0.0,16.83
2014-07-01 18:00:00+00:00,0.0,0.0,0.0,0.0,0.0,15.96
2014-07-01 19:00:00+00:00,0.0,0.0,0.0,0.0,0.0,15.58
2014-07-01 20:00:00+00:00,0.0,0.0,0.0,0.0,0.0,15.15
2014-07-01 21:00:00+00:00,0.0,0.0,0.0,0.0,0.0,14.75
2014-07-01 22:00:00+00:00,0.0,0.0,0.0,0.0,0.0,14.42
2014-07-01 23:00:00+00:00,0.0,0.0,0.0,0.0,0.0,14.16
2014-07-02 00:00:00+00:00,0.0,0.0,0.0,0.0,0.0,13.86
2014-07-02 01:00:00+00:00,0.0,0.0,0.0,0.0,0.0,13.52
2014-07-02 02:00:00+00:00,0.0,0.0,0.0,0.0,0.0,13.21
2014-07-02 03:00:00+00:00,0.0,0.0,0.0,0.0,0.0,13.04
2014-07-02 04:00:00+00:00,17.09567147554496,0.0,17.09567147554496,16.794228634059948,0.3014428414850129,13.36168241165355
2014-07-02 05:00:00+00:00,64.58364779650319,0.0,64.58364779650319,63.44486372867092,1.138784067832271,15.71523821860902
2014-07-02 06:00:00+00:00,121.56921938165307,0.0,121.56921938165307,119.42562584220408,2.1435935394489807,18.73600798439466
2014-07-02 07:00:00+00:00,207.04757675937788,0.0,207.04757675937788,203.39676901250382,3.650807746874045,23.45125042660582
2014-07-02 08:00:00+00:00,278.5837575016792,1.2204821382292648,277.36327536344993,272.43970895252806,4.923566410921877,26.701489040479235
2014-07-02 09:00:00+00:00,382.47004540966043,12.678653142066556,369.7913922675939,362.94194103607333,6.849451231520571,30.41285936668091
2014-07-02 10:00:00+00:00,347.5312869125749,6.400148682825357,341.1311382297495,334.95155997930675,6.1795782504427645,30.265583447678054
2014-07-02 11:00:00+00:00,270.079663666129,1.2642240404515748,268.81543962567747,264.0425946354981,4.7728449901793715,28.23984354790887
2014-07-02 12:00:00+00:00,468.9170757361977,194.7091586128439,274.2079171233538,264.0425946354981,10.165322487855713,34.57330401745425
2014-07-02 13:00:00+00:00,291.996392802975,44.60194220014794,247.39445060282702,241.65028979008483,5.744160812742191,29.245441635597825
2014-07-02 14:00:00+00:00,167.85090095891576,55.016050794508395,112.83485016440737,108.22947341949745,4.605376744909919,25.074305055153452
2014-07-02 15:00:00+00:00,39.24158342467076,0.0,39.24158342467076,38.253520777580995,0.9880626470897645,20.5608526180695
2014-07-02 16:00:00+00:00,0.0,0.0,0.0,0.0,0.0,18.34
2014-07-02 17:00:00+00:00,0.0,0.0,0.0,0.0,0.0,17.3
2014-07-02 18:00:00+00:00,0.0,0.0,0.0,0.0,0.0,16.58
2014-07-02 19:00:00+00:00,0.0,0.0,0.0,0.0,0.0,15.87
2014-07-02 20:00:00+00:00,0.0,0.0,0.0,0.0,0.0,15.07
2014-07-02 21:00:00+00:00,0.0,0.0,0.0,0.0,0.0,14.41
2014-07-02 22:00:00+00:00,0.0,0.0,0.0,0.0,0.0,13.51
2014-07-02 23:00:00+00:00,0.0,0.0,0.0,0.0,0.0,12.98
2014-07-03 00:00:00+00:00,0.0,0.0,0.0,0.0,0.0,12.56
2014-07-03 01:00:00+00:00,0.0,0.0,0.0,0.0,0.0,12.04
2014-07-03 02:00:00+00:00,0.0,0.0,0.0,0.0,0.0,11.68
2014-07-03 03:00:00+00:00,0.0,0.0,0.0,0.0,0.0,11.51
2014-07-03 04:00:00+00:00,18.995190528383294,0.0,18.995190528383294,18.66025403784439,0.33493649053890323,11.820673430290833
2014-07-03 05:00:00+00:00,37.040621530347416,0.0,37.040621530347416,36.387495373796554,0.6531261565508613,14.111871706228023
2014-07-03 06:00:00+00:00,76.93052163995232,0.0,76.93052163995232,75.57402885326977,1.356492786682558,17.466239642754864
2014-07-03 07:00:00+00:00,136.7653718043597,0.0,136.7653718043597,134.35382907247958,2.411542731880103,21.326758982443994
2014-07-03 08:00:00+00:00,164.30839807051547,0.0,164.30839807051547,161.41119742735395,2.897200643161513,24.054317371309807
2014-07-03 09:00:00+00:00,147.21272659497052,0.0,147.21272659497052,144.616968793294,2.5957578016765,24.784428473729157
2014-07-03 10:00:00+00:00,295.7392491805834,1.2803023415884578,294.4589468389949,289.233937586588,5.22500925240689,30.96597584680195
2014-07-03 11:00:00+00:00,510.96805589456386,115.65270259501794,395.3153532995459,385.3342458814866,9.981107418059317,38.553117725811525
2014-07-03 12:00:00+00:00,450.7723190595542,135.4831588755056,315.2891601840486,306.02816622064796,9.260993963400674,37.21814071089177
2014-07-03 13:00:00+00:00,338.5915047991744,210.407289729378,128.1842150697964,119.42562584220408,8.758589227592319,33.785850825656894
2014-07-03 14:00:00+00:00,162.99586769195267,75.78296844471909,87.21289924723358,82.1051177665153,5.107781480718274,28.045510447387255
2014-07-03 15:00:00+00:00,36.593266739736606,0.0,36.593266739736606,35.45448267190434,1.138784067832271,23.2682701875857
2014-07-03 16:00:00+00:00,0.0,0.0,0.0,0.0,0.0,20.18
2014-07-03 17:00:00+00:00,0.0,0.0,0.0,0.0,0.0,18.68
2014-07-03 18:00:00+00:00,0.0,0.0,0.0,0.0,0.0,17.44
2014-07-03 19:00:00+00:00,0.0,0.0,0.0,0.0,0.0,15.96
2014-07-03 20:00:00+00:00,0.0,0.0,0.0,0.0,0.0,15.08
2014-07-03 21:00:00+00:00,0.0,0.0,0.0,0.0,0.0,14.28
2014-07-03 22:00:00+00:00,0.0,0.0,0.0,0.0,0.0,13.37
2014-07-03 23:00:00+00:00,0.0,0.0,0.0,0.0,0.0,12.62
2014-07-04 00:00:00+00:00,0.0,0.0,0.0,0.0,0.0,12.1
2014-07-04 01:00:00+00:00,0.0,0.0,0.0,0.0,0.0,11.69
2014-07-04 02:00:00+00:00,0.0,0.0,0.0,0.0,0.0,11.19
2014-07-04 03:00:00+00:00,0.0,0.0,0.0,0.0,0.0,10.66
2014-07-04 04:00:00+00:00,23.743988160479113,0.0,23.743988160479113,23.325317547305485,0.418670613173629,11.314531334339616
2014-07-04 05:00:00+00:00,138.56967953275768,40.56255165146414,98.00712788129353,93.30127018922194,4.70585769207159,17.558993224669127
2014-07-04 06:00:00+00:00,261.6728773024423,21.56312271657337,240.10975458586896,235.1192008768393,4.990553709029658,24.168621523548865
2014-07-04 07:00:00+00:00,275.5539316786724,5.654757930360223,269.8991737483122,264.97560733739033,4.923566410921877,26.612605556958677
2014-07-04 08:00:00+00:00,470.64153347403385,73.53195154042797,397.1095819336059,388.1332839871633,8.976297946442607,34.770517932755155
2014-07-04 09:00:00+00:00,649.2176010096741,469.68402103448864,179.53357997518543,164.2102355330306,15.323344442154823,41.789455761347384
2014-07-04 10:00:00+00:00,667.0607156671704,533.4744041564642,133.58631151070617,117.55960043841965,16.02671107228652,43.784192764950234
2014-07-04 11:00:00+00:00,575.2260575034097,265.23584909890616,309.99020840450356,297.631051903618,12.359156500885529,41.62285318846318
2014-07-04 12:00:00+00:00,456.4462727933983,150.25278408489467,306.19348870850365,296.69803920172575,9.495449506777907,38.273224946391785
2014-07-04 13:00:00+00:00,269.0460293662927,25.12048985022014,243.92553951607255,238.85125168440817,5.074287831664384,32.49951901449686
2014-07-04 14:00:00+00:00,166.365607138118,20.097830597949983,146.26777654016803,142.75094338950956,3.516833150658484,28.808346803163797
2014-07-04 15:00:00+00:00,40.20808977561687,0.0,40.20808977561687,39.18653347947321,1.0215562961436548,23.767780494722903
2014-07-04 16:00:00+00:00,0.0,0.0,0.0,0.0,0.0,20.65
2014-07-04 17:00:00+00:00,0.0,0.0,0.0,0.0,0.0,19.11
2014-07-04 18:00:00+00:00,0.0,0.0,0.0,0.0,0.0,17.72
2014-07-04 19:00:00+00:00,0.0,0.0,0.0,0.0,0.0,16.8
2014-07-04 20:00:00+00:00,0.0,0.0,0.0,0.0,0.0,15.71
2014-07-04 21:00:00+00:00,0.0,0.0,0.0,0.0,0.0,14.67
2014-07-04 22:00:00+00:00,0.0,0.0,0.0,0.0,0.0,13.85
2014-07-04 23:00:00+00:00,0.0,0.0,0.0,0.0,0.0,13.24
2014-07-05 00:00:00+00:00,0.0,0.0,0.0,0.0,0.0,12.66
2014-07-05 01:00:00+00:00,0.0,0.0,0.0,0.0,0.0,12.17
2014-07-05 02:00:00+00:00,0.0,0.0,0.0,0.0,0.0,11.6
2014-07-05 03:00:00+00:00,0.0,0.0,0.0,0.0,0.0,11.21
2014-07-05 04:00:00+00:00,21.844469107640787,0.0,21.844469107640787,21.459292143521047,0.38517696411973873,11.81797200943909
2014-07-05 05:00:00+00:00,57.93533111156904,0.0,57.93533111156904,56.913774815425384,1.0215562961436548,15.238636478314888
2014-07-05 06:00:00+00:00,160.9966897157831,0.47058292641733224,160.52610678936577,157.6791466197851,2.8469601695806777,21.101550747179793
2014-07-05 07:00:00+00:00,289.8784274639621,8.498405275985201,281.3800221879769,276.17175976009696,5.208262427879945,27.614195961863764
2014-07-05 08:00:00+00:00,397.1996775903534,27.00636153411282,370.1933160562406,362.94194103607333,7.251375020167255,32.77951074863255
2014-07-05 09:00:00+00:00,623.4156726995532,302.9733000328221,320.44237266673105,306.96117892254017,13.481193744190856,40.87669197385974
2014-07-05 10:00:00+00:00,576.117921539261,167.1661889076911,408.9517326315699,397.4634110060855,11.488321625484382,39.29978825964646
2014-07-05 11:00:00+00:00,568.1567326001275,245.40578921061797,322.7509433895096,310.69322973010907,12.057713659400516,39.050530810701076
2014-07-05 12:00:00+00:00,479.3680341530858,243.72701800170822,235.64101615137756,224.85606115602488,10.784954995352685,36.80374674147729
2014-07-05 13:00:00+00:00,336.74012298590594,208.6563888632712,128.08373412263472,119.42562584220408,8.658108280430648,32.516236097637716
2014-07-05 14:00:00+00:00,156.46259207924982,12.462764731512884,143.99982734773693,140.88491798572514,3.1149093620118,26.55136861116096
2014-07-05 15:00:00+00:00,39.358811196359376,0.0,39.358811196359376,38.253520777580995,1.1052904187783807,22.417679772433903
2014-07-05 16:00:00+00:00,0.0,0.0,0.0,0.0,0.0,20.2
2014-07-05 17:00:00+00:00,0.0,0.0,0.0,0.0,0.0,19.07
2014-07-05 18:00:00+00:00,0.0,0.0,0.0,0.0,0.0,18.11
2014-07-05 19:00:00+00:00,0.0,0.0,0.0,0.0,0.0,17.7
2014-07-05 20:00:00+00:00,0.0,0.0,0.0,0.0,0.0,16.86
2014-07-05 21:00:00+00:00,0.0,0.0,0.0,0.0,0.0,15.98
2014-07-05 22:00:00+00:00,0.0,0.0,0.0,0.0,0.0,15.15
2014-07-05 23:00:00+00:00,0.0,0.0,0.0,0.0,0.0,14.45
2014-07-06 00:00:00+00:00,0.0,0.0,0.0,0.0,0.0,13.92
2014-07-06 01:00:00+00:00,0.0,0.0,0.0,0.0,0.0,13.51
2014-07-06 02:00:00+00:00,0.0,0.0,0.0,0.0,0.0,13.21
2014-07-06 03:00:00+00:00,0.0,0.0,0.0,0.0,0.0,12.94
2014-07-06 04:00:00+00:00,16.145911949125797,0.0,16.145911949125797,15.86121593216773,0.28469601695806773,13.281033388783909
2014-07-06 05:00:00+00:00,76.93052163995232,0.0,76.93052163995232,75.57402885326977,1.356492786682558,16.265428987270234
2014-07-06 06:00:00+00:00,110.1721050646231,0.0,110.1721050646231,108.22947341949745,1.9426316451256387,19.178580660174056
2014-07-06 07:00:00+00:00,134.86585275152137,0.0,134.86585275152137,132.48780366869516,2.378049082826213,21.847048348053985
2014-07-06 08:00:00+00:00,162.40887901767712,0.0,162.40887901767712,159.5451720235695,2.8637069941076225,24.573172579149155
2014-07-06 09:00:00+00:00,413.9017860015611,22.94773496031443,390.95405104124666,383.4682204777022,7.4858305635444875,33.41822726537748
2014-07-06 10:00:00+00:00,343.11408003592527,5.798726736379296,337.31535329954596,331.2195091717379,6.095844127808038,31.723816710672605
2014-07-06 11:00:00+00:00,558.1499787002375,213.4588947275422,344.6910839726953,333.08553457552233,11.605549397172997,38.9412136522075
2014-07-06 12:00:00+00:00,454.944196635689,149.73396110265844,305.2102355330306,295.76502649983354,9.445209033197072,36.07344796700729
2014-07-06 13:00:00+00:00,337.7317995378205,159.9017588450299,177.83004069279065,169.80831174438393,8.021728948406732,32.40290356592293
2014-07-06 14:00:00+00:00,143.91725897221775,6.833697501846103,137.08356147037165,134.35382907247958,2.7297323978920613,26.03574654309578
2014-07-06 15:00:00+00:00,38.09086200392826,0.0,38.09086200392826,37.32050807568878,0.7703539282394775,21.86784971236327
2014-07-06 16:00:00+00:00,0.0,0.0,0.0,0.0,0.0,19.51
2014-07-06 17:00:00+00:00,0.0,0.0,0.0,0.0,0.0,18.41
2014-07-06 18:00:00+00:00,0.0,0.0,0.0,0.0,0.0,17.4
2014-07-06 19:00:00+00:00,0.0,0.0,0.0,0.0,0.0,17.07
2014-07-06 20:00:00+00:00,0.0,0.0,0.0,0.0,0.0,16.4
2014-07-06 21:00:00+00:00,0.0,0.0,0.0,0.0,0.0,15.86
2014-07-06 22:00:00+00:00,0.0,0.0,0.0,0.0,0.0,15.09
2014-07-06 23:00:00+00:00,0.0,0.0,0.0,0.0,0.0,14.55
2014-07-07 00:00:00+00:00,0.0,0.0,0.0,0.0,0.0,14.09
2014-07-07 01:00:00+00:00,0.0,0.0,0.0,0.0,0.0,13.57
2014-07-07 02:00:00+00:00,0.0,0.0,0.0,0.0,0.0,13.13
2014-07-07 03:00:00+00:00,0.0,0.0,0.0,0.0,0.0,12.69
2014-07-07 04:00:00+00:00,35.40905166994021,0.0,35.40905166994021,34.52146997001212,0.8875816999280935,13.632660646443844
2014-07-07 05:00:00+00:00,139.56476594324792,5.263495754026009,134.30127018922192,131.55479096680293,2.7464792224190067,18.54314222736713
2014-07-07 06:00:00+00:00,190.4993746077114,2.363254254082037,188.13612035362934,184.73651497465946,3.3996053789698677,22.085043358374314
2014-07-07 07:00:00+00:00,393.182960756399,60.874735338146614,332.3082254182524,324.68842025849233,7.619805159760048,30.44160686755854
2014-07-07 08:00:00+00:00,213.69589344431205,0.0,213.69589344431205,209.92785792574938,3.7680355185626615,26.55191230057459
2014-07-07 09:00:00+00:00,500.49047901522596,72.1560604814763,428.33441853374967,418.9227031496065,9.41171538414318,36.729341301034175
2014-07-07 10:00:00+00:00,564.6219844653498,145.7922890770853,418.8296953882645,407.72655072689986,11.103144661364642,38.93642779577477
2014-07-07 11:00:00+00:00,404.90941262825163,29.91705846633439,374.99235416191726,367.60700454553444,7.3853496163828165,33.58654571076426
2014-07-07 12:00:00+00:00,465.7255306209315,175.0248277050027,290.7007029159288,280.83682326955807,9.8638796463707,35.71245994365396
2014-07-07 13:00:00+00:00,338.87196595487444,154.57782364694606,184.2941423079284,176.33940065762945,7.954741650298952,32.21129315551949
2014-07-07 14:00:00+00:00,119.67127892844887,1.8173635298377433,117.85391539861112,115.6935750346352,2.160340363975926,24.99116489559423
2014-07-07 15:00:00+00:00,39.375558020886324,0.0,39.375558020886324,38.253520777580995,1.1220372433053258,21.90264368557813
2014-07-07 16:00:00+00:00,0.0,0.0,0.0,0.0,0.0,19.27
2014-07-07 17:00:00+00:00,0.0,0.0,0.0,0.0,0.0,17.93
2014-07-07 18:00:00+00:00,0.0,0.0,0.0,0.0,0.0,17.05
2014-07-07 19:00:00+00:00,0.0,0.0,0.0,0.0,0.0,16.76
2014-07-07 20:00:00+00:00,0.0,0.0,0.0,0.0,0.0,16.1
2014-07-07 21:00:00+00:00,0.0,0.0,0.0,0.0,0.0,15.4
2014-07-07 22:00:00+00:00,0.0,0.0,0.0,0.0,0.0,14.79
2014-07-07 23:00:00+00:00,0.0,0.0,0.0,0.0,0.0,14.34
2014-07-08 00:00:00+00:00,0.0,0.0,0.0,0.0,0.0,13.8
2014-07-08 01:00:00+00:00,0.0,0.0,0.0,0.0,0.0,13.53
2014-07-08 02:00:00+00:00,0.0,0.0,0.0,0.0,0.0,13.17
2014-07-08 03:00:00+00:00,0.0,0.0,0.0,0.0,0.0,12.97
2014-07-08 04:00:00+00:00,29.492785792574935,0.0,29.492785792574935,28.9233937586588,0.5693920339161355,14.001068858125652
2014-07-08 05:00:00+00:00,101.1696764103166,0.4616729608312718,100.70800344948533,98.89934640057525,1.8086570489100775,18.058667646672834
2014-07-08 06:00:00+00:00,312.76965006628353,120.46357040544486,192.30607966083866,184.73651497465946,7.569564686179213,27.650123050603316
2014-07-08 07:00:00+00:00,461.5050127059818,231.51231323953837,229.9926994664434,219.25798494467156,10.73471452177185,34.479665434384266
2014-07-08 08:00:00+00:00,583.875487609195,417.72708459812935,166.1484030110657,152.08107040843177,14.067332602633936,39.359687726652105
2014-07-08 09:00:00+00:00,611.3679940233286,253.3252267355674,358.0427672877612,345.2146997001212,12.828067587639994,41.114122981982824
2014-07-08 10:00:00+00:00,547.5758279636485,120.85142299416233,426.72440496948616,416.12366504392986,10.600739925556287,40.22545664755125
2014-07-08 11:00:00+00:00,569.1026770064392,241.73691058104936,327.36576642538984,315.3582932395702,12.00747318581968,41.23042678011705
2014-07-08 12:00:00+00:00,466.5063579650235,174.8726423472025,291.633715617821,281.7698359714503,9.8638796463707,38.5074377677442
2014-07-08 13:00:00+00:00,316.53617214151507,74.88570969916715,241.6504624423479,235.1192008768393,6.531261565508613,33.95109802967499
2014-07-08 14:00:00+00:00,173.7750699665045,30.8541672697856,142.9209026967189,139.0188925819407,3.9020101147782227,29.433061693465184
2014-07-08 15:00:00+00:00,39.09086200392825,0.0,39.09086200392825,38.253520777580995,0.837341226347258,24.62865063549413
2014-07-08 16:00:00+00:00,0.0,0.0,0.0,0.0,0.0,21.96
2014-07-08 17:00:00+00:00,0.0,0.0,0.0,0.0,0.0,20.54
2014-07-08 18:00:00+00:00,0.0,0.0,0.0,0.0,0.0,19.18
2014-07-08 19:00:00+00:00,0.0,0.0,0.0,0.0,0.0,18.39
2014-07-08 20:00:00+00:00,0.0,0.0,0.0,0.0,0.0,17.43
2014-07-08 21:00:00+00:00,0.0,0.0,0.0,0.0,0.0,16.69
2014-07-08 22:00:00+00:00,0.0,0.0,0.0,0.0,0.0,16.03
2014-07-08 23:00:00+00:00,0.0,0.0,0.0,0.0,0.0,15.49
2014-07-09 00:00:00+00:00,0.0,0.0,0.0,0.0,0.0,14.73
2014-07-09 01:00:00+00:00,0.0,0.0,0.0,0.0,0.0,14.0
2014-07-09 02:00:00+00:00,0.0,0.0,0.0,0.0,0.0,13.49
2014-07-09 03:00:00+00:00,0.0,0.0,0.0,0.0,0.0,13.64
2014-07-09 04:00:00+00:00,35.39230484541327,0.0,35.39230484541327,34.52146997001212,0.8708348754011483,14.526523405368009
2014-07-09 05:00:00+00:00,137.82071495758484,41.74659977818353,96.07411517940132,91.4352447854375,4.63887039396381,19.63273527858927
2014-07-09 06:00:00+00:00,307.7095630457021,177.06124636076797,130.64831668493417,122.22466394788074,8.423652737053416,27.77250695420138
2014-07-09 07:00:00+00:00,466.1200874925181,321.8257725323266,144.2943149601915,132.48780366869516,11.806511291496339,35.02450056278309
2014-07-09 08:00:00+00:00,584.093872384074,417.9622161975352,166.13165618653875,152.08107040843177,14.05058577810699,39.66289964847145
2014-07-09 09:00:00+00:00,434.2680984809047,30.76621170188557,403.5018867790191,395.597385602301,7.904501176718116,36.36040177981272
2014-07-09 10:00:00+00:00,515.3619470249621,84.82656659688908,430.53538042807304,420.78872855339097,9.746651874682083,39.2344429811878
2014-07-09 11:00:00+00:00,606.1510727928343,449.99786031015185,156.15321248268242,141.81793068761735,14.335281795065058,42.36470679437979
2014-07-09 12:00:00+00:00,341.3782629935203,24.438467714860657,316.93979527865963,310.69322973010907,6.246565548550545,34.56584596020725
2014-07-09 13:00:00+00:00,343.04309209982796,215.79188973192376,127.25120236790418,118.49261314031186,8.758589227592319,34.63147095811523
2014-07-09 14:00:00+00:00,174.25121795391564,54.95226617437051,119.29895177954513,114.76056233274299,4.538389446802139,29.082812329088636
2014-07-09 15:00:00+00:00,35.17459612656298,0.0,35.17459612656298,34.52146997001212,0.6531261565508613,24.265401027227448
2014-07-09 16:00:00+00:00,0.0,0.0,0.0,0.0,0.0,22.13
2014-07-09 17:00:00+00:00,0.0,0.0,0.0,0.0,0.0,20.76
2014-07-09 18:00:00+00:00,0.0,0.0,0.0,0.0,0.0,19.48
2014-07-09 19:00:00+00:00,0.0,0.0,0.0,0.0,0.0,19.61
2014-07-09 20:00:00+00:00,0.0,0.0,0.0,0.0,0.0,18.61
2014-07-09 21:00:00+00:00,0.0,0.0,0.0,0.0,0.0,17.83
2014-07-09 22:00:00+00:00,0.0,0.0,0.0,0.0,0.0,17.0
2014-07-09 23:00:00+00:00,0.0,0.0,0.0,0.0,0.0,16.27
2014-07-10 00:00:00+00:00,0.0,0.0,0.0,0.0,0.0,15.62
2014-07-10 01:00:00+00:00,0.0,0.0,0.0,0.0,0.0,14.92
2014-07-10 02:00:00+00:00,0.0,0.0,0.0,0.0,0.0,14.68
2014-07-10 03:00:00+00:00,0.0,0.0,0.0,0.0,0.0,14.19
2014-07-10 04:00:00+00:00,35.39230484541327,0.0,35.39230484541327,34.52146997001212,0.8708348754011483,15.250150741576785
2014-07-10 05:00:00+00:00,149.91023571434198,27.348144213982437,122.56209150035953,118.49261314031186,4.0694783600476745,20.233253054206855
2014-07-10 06:00:00+00:00,309.74703932358227,141.43134071951022,168.31569860407208,160.47818472546174,7.837513878610336,26.922084136608852
2014-07-10 07:00:00+00:00,446.38888177098204,163.33649553998748,283.05238623099456,273.3727216544203,9.679664576574304,31.848695301825384
2014-07-10 08:00:00+00:00,515.1569558588506,136.31764152735258,378.8393143314979,368.54001724742665,10.299297084071274,35.16419671613124
2014-07-10 09:00:00+00:00,370.2092852419865,10.915488238584283,359.29379700340223,352.6788013152589,6.614995688143339,32.07655018151008
2014-07-10 10:00:00+00:00,636.0734771826625,349.717157048243,286.3563201344195,272.43970895252806,13.91661118189143,41.078090070915344
2014-07-10 11:00:00+00:00,571.991665176773,257.53735515713186,314.45431001964124,302.29611541307906,12.158194606562187,39.8429516286855
2014-07-10 12:00:00+00:00,441.2194800083971,120.70067375258792,320.5188062558092,311.6262424320013,8.892563823807881,37.05333875007047
2014-07-10 13:00:00+00:00,233.91066815826878,10.39898978375313,223.51167837451564,219.25798494467156,4.253693429844071,30.958418704317257
2014-07-10 14:00:00+00:00,52.236773953054055,0.0,52.236773953054055,51.31569860407207,0.9210753489819838,25.40219620854734
2014-07-10 15:00:00+00:00,27.559773090682718,0.0,27.559773090682718,27.057368354874363,0.5024047358083549,24.132764285456
2014-07-10 16:00:00+00:00,0.0,0.0,0.0,0.0,0.0,21.92
2014-07-10 17:00:00+00:00,0.0,0.0,0.0,0.0,0.0,20.19
2014-07-10 18:00:00+00:00,0.0,0.0,0.0,0.0,0.0,19.23
2014-07-10 19:00:00+00:00,0.0,0.0,0.0,0.0,0.0,17.65
2014-07-10 20:00:00+00:00,0.0,0.0,0.0,0.0,0.0,17.37
2014-07-10 21:00:00+00:00,0.0,0.0,0.0,0.0,0.0,17.0
2014-07-10 22:00:00+00:00,0.0,0.0,0.0,0.0,0.0,16.7
2014-07-10 23:00:00+00:00,0.0,0.0,0.0,0.0,0.0,16.0
2014-07-11 00:00:00+00:00,0.0,0.0,0.0,0.0,0.0,15.4
2014-07-11 01:00:00+00:00,0.0,0.0,0.0,0.0,0.0,14.84
2014-07-11 02:00:00+00:00,0.0,0.0,0.0,0.0,0.0,14.59
2014-07-11 03:00:00+00:00,0.0,0.0,0.0,0.0,0.0,14.21
2014-07-11 04:00:00+00:00,6.6483166849341515,0.0,6.6483166849341515,6.531088913245536,0.11722777168861613,14.317395480227896
2014-07-11 05:00:00+00:00,32.29182389825159,0.0,32.29182389825159,31.72243186433546,0.5693920339161355,15.697349475392642
2014-07-11 06:00:00+00:00,47.487976320958225,0.0,47.487976320958225,46.65063509461097,0.837341226347258,17.396632825947222
2014-07-11 07:00:00+00:00,74.08124306069483,0.0,74.08124306069483,72.77499074759311,1.3062523131017225,19.010978208253707
2014-07-11 08:00:00+00:00,131.0668146458447,0.0,131.0668146458447,128.75575286112627,2.3110617847184325,21.029858809794238
2014-07-11 09:00:00+00:00,148.16248612138966,0.0,148.16248612138966,145.54998149518622,2.612504626203445,21.76843449665515
2014-07-11 10:00:00+00:00,283.696142713449,0.6510570160110346,283.04508569743797,278.0377851638814,5.007300533556603,26.505111073330763
2014-07-11 11:00:00+00:00,218.44469107640785,0.0,218.44469107640785,214.59292143521046,3.851769641197387,24.636057732124303
2014-07-11 12:00:00+00:00,103.52378837968894,0.0,103.52378837968894,101.69838450625191,1.8254038734370226,21.64914270596441
2014-07-11 13:00:00+00:00,133.9160932251022,0.0,133.9160932251022,131.55479096680293,2.361302258299268,22.683452086244273
2014-07-11 14:00:00+00:00,91.17691453623979,0.0,91.17691453623979,89.56921938165306,1.6076951545867355,21.35167813579338
2014-07-11 15:00:00+00:00,36.157849302036034,0.0,36.157849302036034,35.45448267190434,0.7033666301316968,19.347446946178124
2014-07-11 16:00:00+00:00,0.0,0.0,0.0,0.0,0.0,17.65
2014-07-11 17:00:00+00:00,0.0,0.0,0.0,0.0,0.0,17.2
2014-07-11 18:00:00+00:00,0.0,0.0,0.0,0.0,0.0,16.87
2014-07-11 19:00:00+00:00,0.0,0.0,0.0,0.0,0.0,16.2
2014-07-11 20:00:00+00:00,0.0,0.0,0.0,0.0,0.0,15.74
2014-07-11 21:00:00+00:00,0.0,0.0,0.0,0.0,0.0,15.25
2014-07-11 22:00:00+00:00,0.0,0.0,0.0,0.0,0.0,14.73
2014-07-11 23:00:00+00:00,0.0,0.0,0.0,0.0,0.0,14.37
2014-07-12 00:00:00+00:00,0.0,0.0,0.0,0.0,0.0,14.09
2014-07-12 01:00:00+00:00,0.0,0.0,0.0,0.0,0.0,13.6
2014-07-12 02:00:00+00:00,0.0,0.0,0.0,0.0,0.0,13.36
2014-07-12 03:00:00+00:00,0.0,0.0,0.0,0.0,0.0,13.0
2014-07-12 04:00:00+00:00,7.598076211353317,0.0,7.598076211353317,7.464101615137755,0.1339745962155613,13.090616261012826
2014-07-12 05:00:00+00:00,26.593266739736606,0.0,26.593266739736606,26.124355652982143,0.4689110867544645,14.408993530738172
2014-07-12 06:00:00+00:00,62.684128743664864,0.0,62.684128743664864,61.57883832488648,1.1052904187783807,17.081847866953495
2014-07-12 07:00:00+00:00,100.67450980043144,0.0,100.67450980043144,98.89934640057525,1.775163399856187,18.85792404433015
2014-07-12 08:00:00+00:00,175.70551238754544,0.0,175.70551238754544,172.6073498500606,3.0981625374848547,22.325049719525197
2014-07-12 09:00:00+00:00,128.21753606658723,0.0,128.21753606658723,125.95671475544962,2.260821311137597,22.586657903437306
2014-07-12 10:00:00+00:00,115.87066222313808,0.0,115.87066222313808,113.82754963085077,2.0431125922873097,22.725276031254452
2014-07-12 11:00:00+00:00,558.2610012377656,196.9766505253337,361.28435071243194,349.8797632095823,11.404587502849655,36.75913072717794
2014-07-12 12:00:00+00:00,414.4022946403322,75.19455016924142,339.20774447109073,331.2195091717379,7.9882352993528425,32.994880305938764
2014-07-12 13:00:00+00:00,250.52393439364954,15.464420281361406,235.05951411228813,230.4541373673782,4.605376744909919,28.00141727646686
2014-07-12 14:00:00+00:00,123.9729027649878,2.303202436173054,121.66970032881474,119.42562584220408,2.2440744866106517,23.866267527988853
2014-07-12 15:00:00+00:00,41.27507707372465,0.0,41.27507707372465,40.119546181365436,1.1555308923592162,20.873078230031904
2014-07-12 16:00:00+00:00,0.0,0.0,0.0,0.0,0.0,18.79
2014-07-12 17:00:00+00:00,0.0,0.0,0.0,0.0,0.0,18.02
2014-07-12 18:00:00+00:00,0.0,0.0,0.0,0.0,0.0,17.34
2014-07-12 19:00:00+00:00,0.0,0.0,0.0,0.0,0.0,17.1
2014-07-12 20:00:00+00:00,0.0,0.0,0.0,0.0,0.0,16.46
2014-07-12 21:00:00+00:00,0.0,0.0,0.0,0.0,0.0,15.69
2014-07-12 22:00:00+00:00,0.0,0.0,0.0,0.0,0.0,14.99
2014-07-12 23:00:00+00:00,0.0,0.0,0.0,0.0,0.0,14.39
2014-07-13 00:00:00+00:00,0.0,0.0,0.0,0.0,0.0,13.74
2014-07-13 01:00:00+00:00,0.0,0.0,0.0,0.0,0.0,13.26
2014-07-13 02:00:00+00:00,0.0,0.0,0.0,0.0,0.0,12.58
2014-07-13 03:00:00+00:00,0.0,0.0,0.0,0.0,0.0,12.28
2014-07-13 04:00:00+00:00,25.66025403784439,0.0,25.66025403784439,25.191342951089926,0.4689110867544645,12.503886358619006
2014-07-13 05:00:00+00:00,91.4381928418716,0.24453148110485765,91.19366136076674,89.56921938165306,1.6244419791136806,16.69272324904954
2014-07-13 06:00:00+00:00,135.81561227794055,0.0,135.81561227794055,133.42081637058737,2.394795907353158,20.62988822762836
2014-07-13 07:00:00+00:00,470.9999467940029,283.28945228257766,187.71049451142522,176.33940065762945,11.371093853795765,33.36210414187266
2014-07-13 08:00:00+00:00,574.59206913461,283.943925101939,290.6481440326711,278.0377851638814,12.610358868789707,38.832471194854804
2014-07-13 09:00:00+00:00,591.0148177684904,190.04152884077692,400.9732889277135,389.0662966890555,11.90699223865801,40.41896078032585
2014-07-13 10:00:00+00:00,665.9429775877902,476.1295110672635,189.8134665205268,174.47337525384503,15.340091266681767,43.888752047686395
2014-07-13 11:00:00+00:00,597.9900867309009,331.0643745625653,266.9257121683356,253.77945491468367,13.146257253651951,42.24033761077832
2014-07-13 12:00:00+00:00,469.3737478653846,167.5606266493839,301.8131212160007,292.0329756922647,9.780145523735975,38.258317526817976
2014-07-13 13:00:00+00:00,350.5645558876289,213.06696062343727,137.49759526419163,128.75575286112627,8.741842403065375,34.39989466111374
2014-07-13 14:00:00+00:00,175.29365229140964,84.2817149384994,91.01193735291024,85.83716857408419,5.174768778826055,28.639403989613477
2014-07-13 15:00:00+00:00,41.30857072277854,0.0,41.30857072277854,40.119546181365436,1.1890245414131064,23.635889513888742
2014-07-13 16:00:00+00:00,0.0,0.0,0.0,0.0,0.0,20.83
2014-07-13 17:00:00+00:00,0.0,0.0,0.0,0.0,0.0,19.4
2014-07-13 18:00:00+00:00,0.0,0.0,0.0,0.0,0.0,18.31
2014-07-13 19:00:00+00:00,0.0,0.0,0.0,0.0,0.0,18.12
2014-07-13 20:00:00+00:00,0.0,0.0,0.0,0.0,0.0,17.3
2014-07-13 21:00:00+00:00,0.0,0.0,0.0,0.0,0.0,16.67
2014-07-13 22:00:00+00:00,0.0,0.0,0.0,0.0,0.0,16.19
2014-07-13 23:00:00+00:00,0.0,0.0,0.0,0.0,0.0,15.56
2014-07-14 00:00:00+00:00,0.0,0.0,0.0,0.0,0.0,14.74
2014-07-14 01:00:00+00:00,0.0,0.0,0.0,0.0,0.0,14.17
2014-07-14 02:00:00+00:00,0.0,0.0,0.0,0.0,0.0,13.77
2014-07-14 03:00:00+00:00,0.0,0.0,0.0,0.0,0.0,13.49
2014-07-14 04:00:00+00:00,30.442545318994103,0.0,30.442545318994103,29.85640646055102,0.5861388584430807,13.86557141907757
2014-07-14 05:00:00+00:00,146.69908461708192,35.998209048890104,110.70087556819182,106.36344801571302,4.337427552478797,18.93935402044809
2014-07-14 06:00:00+00:00,310.86515188185865,176.56851851199036,134.29663336986832,125.95671475544962,8.339918614418691,26.52171106408759
2014-07-14 07:00:00+00:00,469.6128028700215,320.7371585230036,148.87564434701787,137.15286717815624,11.722777168861613,34.713417698277915
2014-07-14 08:00:00+00:00,590.7610721287176,429.2107453290053,161.55032679971237,147.41600689897066,14.134319900741716,40.64068689468742
2014-07-14 09:00:00+00:00,628.1974174467914,301.2909431649227,326.9064742818688,313.4922678357857,13.414206446083075,42.88882565729128
2014-07-14 10:00:00+00:00,344.1550942909697,5.8899814650045945,338.2651128259651,332.1525218736301,6.112590952334984,34.56983019684589
2014-07-14 11:00:00+00:00,438.80725725931484,47.23357371057118,391.57368354874365,383.4682204777022,8.105463071041457,38.1712197532216
2014-07-14 12:00:00+00:00,95.92571216833562,0.0,95.92571216833562,94.23428289111416,1.6914292772214614,27.46778029528693
2014-07-14 13:00:00+00:00,44.63869774170073,0.0,44.63869774170073,43.85159698893431,0.7871007527664226,25.687756649012286
2014-07-14 14:00:00+00:00,134.2133033159333,3.9287799512383157,130.284523364695,127.82274015923406,2.4617832054609385,27.961150545759757
2014-07-14 15:00:00+00:00,40.4425453189941,0.0,40.4425453189941,39.18653347947321,1.256011839520887,24.025056288723523
2014-07-14 16:00:00+00:00,0.0,0.0,0.0,0.0,0.0,21.15
2014-07-14 17:00:00+00:00,0.0,0.0,0.0,0.0,0.0,19.9
2014-07-14 18:00:00+00:00,0.0,0.0,0.0,0.0,0.0,18.86
2014-07-14 19:00:00+00:00,0.0,0.0,0.0,0.0,0.0,17.03
2014-07-14 20:00:00+00:00,0.0,0.0,0.0,0.0,0.0,16.55
2014-07-14 21:00:00+00:00,0.0,0.0,0.0,0.0,0.0,16.02
2014-07-14 22:00:00+00:00,0.0,0.0,0.0,0.0,0.0,15.52
2014-07-14 23:00:00+00:00,0.0,0.0,0.0,0.0,0.0,15.06
2014-07-15 00:00:00+00:00,0.0,0.0,0.0,0.0,0.0,14.74
2014-07-15 01:00:00+00:00,0.0,0.0,0.0,0.0,0.0,14.54
2014-07-15 02:00:00+00:00,0.0,0.0,0.0,0.0,0.0,14.53
2014-07-15 03:00:00+00:00,0.0,0.0,0.0,0.0,0.0,14.39
2014-07-15 04:00:00+00:00,12.34687384344914,0.0,12.34687384344914,12.129165124598853,0.2177087188502871,14.785444384329853
2014-07-15 05:00:00+00:00,108.12899652195105,0.7559295630046083,107.37306695894644,105.4304353138208,1.9426316451256387,18.187150520007638
2014-07-15 06:00:00+00:00,223.74570140296836,8.79860559075214,214.94709581221622,210.8608706276416,4.086225184574619,22.745590166735827
2014-07-15 07:00:00+00:00,169.0571957026113,0.0,169.0571957026113,166.07626093681506,2.980934765796239,22.17360173112123
2014-07-15 08:00:00+00:00,544.4019872261591,192.59848495339193,351.8035022727672,340.54963619066007,11.253866082107148,35.1766777902888
2014-07-15 09:00:00+00:00,472.42804026226213,51.3113304473627,421.1167098148994,412.39161423636097,8.72509557853843,33.47017323813086
2014-07-15 10:00:00+00:00,577.7299569458387,166.04617350670003,411.6837834391387,400.2624491117621,11.4213343273766,37.39671686128357
2014-07-15 11:00:00+00:00,476.8661164567045,77.85701547026028,399.0091009864442,389.9993093909477,9.009791595496496,35.102435142627186
2014-07-15 12:00:00+00:00,433.10681137605854,100.82727013524331,332.2795412408152,323.7554075566001,8.524133684215087,33.8974286838467
2014-07-15 13:00:00+00:00,312.92794884061357,64.99759985292428,247.93034898768926,241.65028979008483,6.2800591976044355,29.639483047268914
2014-07-15 14:00:00+00:00,168.88006933896062,19.88024199122371,148.99982734773693,145.54998149518622,3.449845852550703,25.097889354424517
2014-07-15 15:00:00+00:00,40.40905166994021,0.0,40.40905166994021,39.18653347947321,1.2225181904669968,20.718502911156424
2014-07-15 16:00:00+00:00,0.0,0.0,0.0,0.0,0.0,18.69
2014-07-15 17:00:00+00:00,0.0,0.0,0.0,0.0,0.0,17.92
2014-07-15 18:00:00+00:00,0.0,0.0,0.0,0.0,0.0,17.44
2014-07-15 19:00:00+00:00,0.0,0.0,0.0,0.0,0.0,17.08
2014-07-15 20:00:00+00:00,0.0,0.0,0.0,0.0,0.0,16.28
2014-07-15 21:00:00+00:00,0.0,0.0,0.0,0.0,0.0,15.51
2014-07-15 22:00:00+00:00,0.0,0.0,0.0,0.0,0.0,14.77
2014-07-15 23:00:00+00:00,0.0,0.0,0.0,0.0,0.0,14.1
2014-07-16 00:00:00+00:00,0.0,0.0,0.0,0.0,0.0,13.54
2014-07-16 01:00:00+00:00,0.0,0.0,0.0,0.0,0.0,13.16
2014-07-16 02:00:00+00:00,0.0,0.0,0.0,0.0,0.0,12.97
2014-07-16 03:00:00+00:00,0.0,0.0,0.0,0.0,0.0,12.78
2014-07-16 04:00:00+00:00,19.944950054802455,0.0,19.944950054802455,19.593266739736606,0.3516833150658484,13.5981549929127
2014-07-16 05:00:00+00:00,56.035812058730706,0.0,56.035812058730706,55.04774941164094,0.9880626470897645,15.88414839761868
2014-07-16 06:00:00+00:00,225.69187493633524,8.845260071280691,216.84661486505453,212.72689603142604,4.11971883362851,23.152092158342885
2014-07-16 07:00:00+00:00,290.1375711467398,8.757548958762872,281.3800221879769,276.17175976009696,5.208262427879945,26.423146818915868
2014-07-16 08:00:00+00:00,303.05089797563613,3.7761662064375856,299.2747317691985,293.8990010960491,5.375730673149397,28.19958077555348
2014-07-16 09:00:00+00:00,456.1738701887863,41.02366672483302,415.1502034639533,406.79353802500765,8.356665438945635,33.306137148843604
2014-07-16 10:00:00+00:00,534.4250473371446,100.67195819022132,433.7530891469233,423.5877666590676,10.165322487855713,36.2642732002768
2014-07-16 11:00:00+00:00,390.91313638264,22.77006079998022,368.1430755826598,361.0759156322889,7.067159950370858,32.178284266238144
2014-07-16 12:00:00+00:00,284.3849272512615,6.870930467069056,277.51399678419244,272.43970895252806,5.074287831664384,29.24207212004262
2014-07-16 13:00:00+00:00,227.51370573016194,7.884799583957699,219.62890614620426,215.5259341371027,4.102972009101564,27.398446557434884
2014-07-16 14:00:00+00:00,142.63244441714272,5.632617069405801,136.99982734773693,134.35382907247958,2.6459982752573357,24.69918534966603
2014-07-16 15:00:00+00:00,40.95688740771269,0.0,40.95688740771269,40.119546181365436,0.837341226347258,21.375657717720298
2014-07-16 16:00:00+00:00,0.0,0.0,0.0,0.0,0.0,19.34
2014-07-16 17:00:00+00:00,0.0,0.0,0.0,0.0,0.0,18.78
2014-07-16 18:00:00+00:00,0.0,0.0,0.0,0.0,0.0,18.04
2014-07-16 19:00:00+00:00,0.0,0.0,0.0,0.0,0.0,17.45
2014-07-16 20:00:00+00:00,0.0,0.0,0.0,0.0,0.0,16.87
2014-07-16 21:00:00+00:00,0.0,0.0,0.0,0.0,0.0,16.11
2014-07-16 22:00:00+00:00,0.0,0.0,0.0,0.0,0.0,15.09
2014-07-16 23:00:00+00:00,0.0,0.0,0.0,0.0,0.0,14.16
2014-07-17 00:00:00+00:00,0.0,0.0,0.0,0.0,0.0,13.37
2014-07-17 01:00:00+00:00,0.0,0.0,0.0,0.0,0.0,12.7
2014-07-17 02:00:00+00:00,0.0,0.0,0.0,0.0,0.0,12.36
2014-07-17 03:00:00+00:00,0.0,0.0,0.0,0.0,0.0,12.0
2014-07-17 04:00:00+00:00,18.045431001964126,0.0,18.045431001964126,17.72724133595217,0.3181896660119581,12.401463619905462
2014-07-17 05:00:00+00:00,73.13148353427567,0.0,73.13148353427567,71.8419780457009,1.2895054885747774,15.954667061972938
2014-07-17 06:00:00+00:00,269.8510701078978,27.674328223921076,242.17674188397672,236.98522628062372,5.191515603353,24.388200308525235
2014-07-17 07:00:00+00:00,307.6887209808636,12.894837651329821,294.7938833295338,289.233937586588,5.559945742945794,26.619235402300237
2014-07-17 08:00:00+00:00,397.60973919726916,26.500157263663233,371.1095819336059,363.8749537379656,7.23462819564031,30.620880192819627
2014-07-17 09:00:00+00:00,249.78675544824029,0.0,249.78675544824029,245.3823405976537,4.404414850586577,27.401716855794255
2014-07-17 10:00:00+00:00,588.6066285744993,174.8223641881989,413.7842643863004,402.12847451554654,11.655789870753832,37.93324078562414
2014-07-17 11:00:00+00:00,440.716432584602,46.32696410565471,394.38946847894726,386.26725858337886,8.122209895568403,33.602208884768
2014-07-17 12:00:00+00:00,424.00108811427276,82.72635634507422,341.2747317691985,333.08553457552233,8.189197193676184,33.25069198034499
2014-07-17 13:00:00+00:00,49.38749537379656,0.0,49.38749537379656,48.51666049839541,0.8708348754011483,22.160193773226155
2014-07-17 14:00:00+00:00,167.8672258036922,17.101853999332512,150.7653718043597,147.41600689897066,3.349364905389032,25.146478902486628
2014-07-17 15:00:00+00:00,38.04062153034742,0.0,38.04062153034742,37.32050807568878,0.720113454658642,20.718496509962833
2014-07-17 16:00:00+00:00,0.0,0.0,0.0,0.0,0.0,18.62
2014-07-17 17:00:00+00:00,0.0,0.0,0.0,0.0,0.0,17.26
2014-07-17 18:00:00+00:00,0.0,0.0,0.0,0.0,0.0,16.31
2014-07-17 19:00:00+00:00,0.0,0.0,0.0,0.0,0.0,15.92
2014-07-17 20:00:00+00:00,0.0,0.0,0.0,0.0,0.0,15.41
2014-07-17 21:00:00+00:00,0.0,0.0,0.0,0.0,0.0,15.01
2014-07-17 22:00:00+00:00,0.0,0.0,0.0,0.0,0.0,14.53
2014-07-17 23:00:00+00:00,0.0,0.0,0.0,0.0,0.0,14.29
2014-07-18 00:00:00+00:00,0.0,0.0,0.0,0.0,0.0,14.06
2014-07-18 01:00:00+00:00,0.0,0.0,0.0,0.0,0.0,13.91
2014-07-18 02:00:00+00:00,0.0,0.0,0.0,0.0,0.0,13.62
2014-07-18 03:00:00+00:00,0.0,0.0,0.0,0.0,0.0,13.15
2014-07-18 04:00:00+00:00,32.69374768689828,0.0,32.69374768689828,31.72243186433546,0.9713158225628193,13.8084536531062
2014-07-18 05:00:00+00:00,142.63852683311532,48.39694340844457,94.24158342467075,89.56921938165306,4.6723640430177005,18.80789426058059
2014-07-18 06:00:00+00:00,318.33608270033886,190.3528295248658,127.98325317547307,119.42562584220408,8.557627333268977,26.602800227337585
2014-07-18 07:00:00+00:00,481.7139658002847,340.0177270514465,141.6962387488382,129.6887655630185,12.00747318581968,33.770576080093626
2014-07-18 08:00:00+00:00,605.0783552739698,454.3892444064251,150.68911086754466,136.21985447626403,14.46925639128062,38.928664361360106
2014-07-18 09:00:00+00:00,677.5589526535056,526.3793744030628,151.17957825044277,135.28684177437182,15.892736476070958,42.4728628306386
2014-07-18 10:00:00+00:00,660.5356557269604,383.00705787565477,277.5285978513056,263.10958193360585,14.419015917699785,42.27653320936749
2014-07-18 11:00:00+00:00,540.2507614977364,149.86361142846607,390.3871500692704,379.7361696701333,10.650980399137122,38.36905961787615
2014-07-18 12:00:00+00:00,323.559635337136,16.351890866045256,307.20774447109073,301.36310271118685,5.844641759903862,32.537837846821034
2014-07-18 13:00:00+00:00,328.2309175122968,80.8149106133261,247.4160068989707,240.71727708819262,6.698729810778064,32.07053908666211
2014-07-18 14:00:00+00:00,25.643507213317445,0.0,25.643507213317445,25.191342951089926,0.4521642622275194,23.019732404853883
2014-07-18 15:00:00+00:00,43.99038105676659,0.0,43.99038105676659,42.918584287042094,1.0717967697244903,22.666491952522822
2014-07-18 16:00:00+00:00,0.0,0.0,0.0,0.0,0.0,19.86
2014-07-18 17:00:00+00:00,0.0,0.0,0.0,0.0,0.0,18.59
2014-07-18 18:00:00+00:00,0.0,0.0,0.0,0.0,0.0,17.59
2014-07-18 19:00:00+00:00,0.0,0.0,0.0,0.0,0.0,16.76
2014-07-18 20:00:00+00:00,0.0,0.0,0.0,0.0,0.0,15.86
2014-07-18 21:00:00+00:00,0.0,0.0,0.0,0.0,0.0,15.28
2014-07-18 22:00:00+00:00,0.0,0.0,0.0,0.0,0.0,14.58
2014-07-18 23:00:00+00:00,0.0,0.0,0.0,0.0,0.0,14.17
2014-07-19 00:00:00+00:00,0.0,0.0,0.0,0.0,0.0,14.06
2014-07-19 01:00:00+00:00,0.0,0.0,0.0,0.0,0.0,13.88
2014-07-19 02:00:00+00:00,0.0,0.0,0.0,0.0,0.0,13.74
2014-07-19 03:00:00+00:00,0.0,0.0,0.0,0.0,0.0,13.41
2014-07-19 04:00:00+00:00,31.710494511425225,0.0,31.710494511425225,30.78941916244324,0.9210753489819838,14.2883131978909
2014-07-19 05:00:00+00:00,141.49919317158964,52.73845818658358,88.76073498500605,83.97114317029974,4.789591814706316,19.253181602010027
2014-07-19 06:00:00+00:00,319.36358182406303,195.97840485994328,123.38517696411975,114.76056233274299,8.624614631376758,27.37641072087183
2014-07-19 07:00:00+00:00,482.4224279019395,340.74293597762824,141.67949192431124,129.6887655630185,11.990726361292735,36.03121341732832
2014-07-19 08:00:00+00:00,601.8629954443227,427.23374399359227,174.6292514507304,160.47818472546174,14.151066725268661,41.80170227515591
2014-07-19 09:00:00+00:00,671.8091382642376,497.6559257815552,174.15321248268242,158.6121593216773,15.54105316100511,45.59663282839985
2014-07-19 10:00:00+00:00,666.1423395149362,407.955806035463,258.1865334794732,243.51631519386927,14.670218285603962,46.34490207415157
2014-07-19 11:00:00+00:00,586.2769333858215,254.0283947321203,332.24853865370125,320.0233567490313,12.225181904669968,44.316600779231976
2014-07-19 12:00:00+00:00,455.03548268491136,125.00233434038358,330.0331483445278,320.9563694509235,9.076778893604278,40.42886506455537
2014-07-19 13:00:00+00:00,249.90316028170204,14.877139818467823,235.02602046323423,230.4541373673782,4.5718830958560295,33.87394589493885
2014-07-19 14:00:00+00:00,148.37512232439946,7.509269572878072,140.86585275152137,138.08587988004848,2.779972871472897,29.9085896425595
2014-07-19 15:00:00+00:00,43.90664693413186,0.0,43.90664693413186,42.918584287042094,0.9880626470897645,25.439885539479196
2014-07-19 16:00:00+00:00,0.0,0.0,0.0,0.0,0.0,21.98
2014-07-19 17:00:00+00:00,0.0,0.0,0.0,0.0,0.0,20.2
2014-07-19 18:00:00+00:00,0.0,0.0,0.0,0.0,0.0,18.97
2014-07-19 19:00:00+00:00,0.0,0.0,0.0,0.0,0.0,18.09
2014-07-19 20:00:00+00:00,0.0,0.0,0.0,0.0,0.0,17.17
2014-07-19 21:00:00+00:00,0.0,0.0,0.0,0.0,0.0,16.36
2014-07-19 22:00:00+00:00,0.0,0.0,0.0,0.0,0.0,15.62
2014-07-19 23:00:00+00:00,0.0,0.0,0.0,0.0,0.0,14.86
2014-07-20 00:00:00+00:00,0.0,0.0,0.0,0.0,0.0,14.18
2014-07-20 01:00:00+00:00,0.0,0.0,0.0,0.0,0.0,13.6
2014-07-20 02:00:00+00:00,0.0,0.0,0.0,0.0,0.0,13.16
2014-07-20 03:00:00+00:00,0.0,0.0,0.0,0.0,0.0,12.85
2014-07-20 04:00:00+00:00,22.794228634059948,0.0,22.794228634059948,22.392304845413264,0.4019237886466839,13.397958670217767
2014-07-20 05:00:00+00:00,89.27739548340146,0.0,89.27739548340146,87.70319397786862,1.574201505532845,17.543256146962396
2014-07-20 06:00:00+00:00,187.28208679526895,2.0119918454240553,185.2700949498449,181.9374768689828,3.3326180808620873,23.232274675754873
2014-07-20 07:00:00+00:00,420.802538833569,94.27179522484957,326.5307436087194,318.1573313452468,8.37341226347258,33.22339945638121
2014-07-20 08:00:00+00:00,501.7569713912724,107.62583316152283,394.1311382297495,384.4012331795944,9.72990505015514,38.04021981036164
2014-07-20 09:00:00+00:00,601.8103099876502,208.06666713169716,393.743642855953,381.60219507391776,12.141447782035241,42.42815927613688
2014-07-20 10:00:00+00:00,667.8744669251631,438.3936184854984,229.4808484396647,214.59292143521046,14.887927004454248,45.39028233295965
2014-07-20 11:00:00+00:00,620.5104615564786,436.551083086826,183.9593784696526,169.80831174438393,14.151066725268661,44.30364417517093
2014-07-20 12:00:00+00:00,502.35199048383095,275.6726712117828,226.67931927204816,215.5259341371027,11.153385134945477,40.339242311609176
2014-07-20 13:00:00+00:00,324.1430276818609,75.94472950174045,248.1982981801204,241.65028979008483,6.548008390035558,34.28629573448276
2014-07-20 14:00:00+00:00,160.38563691165893,12.670505580880064,147.71513133077886,144.616968793294,3.0981625374848547,28.32614642800139
2014-07-20 15:00:00+00:00,22.794228634059948,0.0,22.794228634059948,22.392304845413264,0.4019237886466839,22.283004677184646
2014-07-20 16:00:00+00:00,0.0,0.0,0.0,0.0,0.0,19.87
2014-07-20 17:00:00+00:00,0.0,0.0,0.0,0.0,0.0,18.93
2014-07-20 18:00:00+00:00,0.0,0.0,0.0,0.0,0.0,17.86
2014-07-20 19:00:00+00:00,0.0,0.0,0.0,0.0,0.0,17.27
2014-07-20 20:00:00+00:00,0.0,0.0,0.0,0.0,0.0,16.53
2014-07-20 21:00:00+00:00,0.0,0.0,0.0,0.0,0.0,16.06
2014-07-20 22:00:00+00:00,0.0,0.0,0.0,0.0,0.0,15.46
2014-07-20 23:00:00+00:00,0.0,0.0,0.0,0.0,0.0,14.78
2014-07-21 00:00:00+00:00,0.0,0.0,0.0,0.0,0.0,14.07
2014-07-21 01:00:00+00:00,0.0,0.0,0.0,0.0,0.0,13.6
2014-07-21 02:00:00+00:00,0.0,0.0,0.0,0.0,0.0,13.38
2014-07-21 03:00:00+00:00,0.0,0.0,0.0,0.0,0.0,13.04
2014-07-21 04:00:00+00:00,6.6483166849341515,0.0,6.6483166849341515,6.531088913245536,0.11722777168861613,13.125237945480182
2014-07-21 05:00:00+00:00,33.24158342467076,0.0,33.24158342467076,32.65544456622768,0.5861388584430807,15.890258321521168
2014-07-21 06:00:00+00:00,130.11705511942554,0.0,130.11705511942554,127.82274015923406,2.294314960191487,20.87891613314091
2014-07-21 07:00:00+00:00,284.33547733807984,7.737746431252677,276.59773090682717,271.50669625063585,5.091034656191329,27.77010633230528
2014-07-21 08:00:00+00:00,529.8952837943872,150.7880202704582,379.107263523929,368.54001724742665,10.567246276502397,37.10760622542882
2014-07-21 09:00:00+00:00,533.1681175941279,100.38153479815071,432.7865827959772,422.6547539571754,10.131828838801823,37.58781277070341
2014-07-21 10:00:00+00:00,143.41368848929386,0.0,143.41368848929386,140.88491798572514,2.5287705035687194,25.662712544090578
2014-07-21 11:00:00+00:00,356.6828612049204,12.5517229751709,344.1311382297495,337.75059808498344,6.3805401447661065,32.66571975561886
2014-07-21 12:00:00+00:00,285.46055087315426,6.996794562542664,278.4637563106116,273.3727216544203,5.091034656191329,30.536295839158218
2014-07-21 13:00:00+00:00,287.05050213749183,35.292430866688726,251.7580712708031,246.31535329954593,5.442717971257178,30.481944729203953
2014-07-21 14:00:00+00:00,186.23038623337789,78.67542261431186,107.55496361906602,102.63139720814414,4.923566410921877,26.48070261974501
2014-07-21 15:00:00+00:00,42.32531754730549,0.0,42.32531754730549,41.05255888325765,1.2727586640478323,21.35719618516898
2014-07-21 16:00:00+00:00,0.0,0.0,0.0,0.0,0.0,19.08
2014-07-21 17:00:00+00:00,0.0,0.0,0.0,0.0,0.0,18.44
2014-07-21 18:00:00+00:00,0.0,0.0,0.0,0.0,0.0,17.94
2014-07-21 19:00:00+00:00,0.0,0.0,0.0,0.0,0.0,17.87
2014-07-21 20:00:00+00:00,0.0,0.0,0.0,0.0,0.0,17.4
2014-07-21 21:00:00+00:00,0.0,0.0,0.0,0.0,0.0,16.85
2014-07-21 22:00:00+00:00,0.0,0.0,0.0,0.0,0.0,16.37
2014-07-21 23:00:00+00:00,0.0,0.0,0.0,0.0,0.0,15.83
2014-07-22 00:00:00+00:00,0.0,0.0,0.0,0.0,0.0,15.24
2014-07-22 01:00:00+00:00,0.0,0.0,0.0,0.0,0.0,14.85
2014-07-22 02:00:00+00:00,0.0,0.0,0.0,0.0,0.0,14.63
2014-07-22 03:00:00+00:00,0.0,0.0,0.0,0.0,0.0,14.59
2014-07-22 04:00:00+00:00,18.995190528383294,0.0,18.995190528383294,18.66025403784439,0.33493649053890323,14.869625067471693
2014-07-22 05:00:00+00:00,128.02999154326554,3.410531688031649,124.6194598552339,122.22466394788074,2.394795907353158,19.188019423307274
2014-07-22 06:00:00+00:00,163.88383468692854,0.5084493183052772,163.37538536862326,160.47818472546174,2.897200643161513,22.2971150636885
2014-07-22 07:00:00+00:00,238.3353696259529,1.7950070740000645,236.54036255195282,232.32016277116264,4.220199780790181,26.20338029535044
2014-07-22 08:00:00+00:00,390.94568581321636,23.718876107921844,367.2268097052945,360.1429029303967,7.0839067748978035,32.23155182371301
2014-07-22 09:00:00+00:00,391.0448820646579,14.571679463075872,376.473202601582,369.4730299493189,7.000172652263077,32.84850914527014
2014-07-22 10:00:00+00:00,362.4900198146599,8.02875456598813,354.46126524867174,348.01373780579786,6.447527442873887,32.235335329616234
2014-07-22 11:00:00+00:00,473.3625717977313,68.92286284520321,404.43970895252806,395.597385602301,8.842323350227046,35.851470820372874
2014-07-22 12:00:00+00:00,202.29877912728207,0.0,202.29877912728207,198.73170550304275,3.5670736242393195,27.26351445423932
2014-07-22 13:00:00+00:00,287.95354526101073,34.329448586423226,253.62409667458752,248.18137870333035,5.442717971257178,30.320439893105004
2014-07-22 14:00:00+00:00,116.26955288502121,1.2984097147214795,114.97114317029974,112.89453692895854,2.0766062413412,25.16150712327897
2014-07-22 15:00:00+00:00,40.57651991520966,0.0,40.57651991520966,39.18653347947321,1.3899864357364484,22.23228106578051
2014-07-22 16:00:00+00:00,0.0,0.0,0.0,0.0,0.0,20.1
2014-07-22 17:00:00+00:00,0.0,0.0,0.0,0.0,0.0,19.17
2014-07-22 18:00:00+00:00,0.0,0.0,0.0,0.0,0.0,18.45
2014-07-22 19:00:00+00:00,0.0,0.0,0.0,0.0,0.0,17.83
2014-07-22 20:00:00+00:00,0.0,0.0,0.0,0.0,0.0,17.19
2014-07-22 21:00:00+00:00,0.0,0.0,0.0,0.0,0.0,16.73
2014-07-22 22:00:00+00:00,0.0,0.0,0.0,0.0,0.0,16.21
2014-07-22 23:00:00+00:00,0.0,0.0,0.0,0.0,0.0,15.58
2014-07-23 00:00:00+00:00,0.0,0.0,0.0,0.0,0.0,15.04
2014-07-23 01:00:00+00:00,0.0,0.0,0.0,0.0,0.0,14.4
2014-07-23 02:00:00+00:00,0.0,0.0,0.0,0.0,0.0,13.93
2014-07-23 03:00:00+00:00,0.0,0.0,0.0,0.0,0.0,13.54
2014-07-23 04:00:00+00:00,13.296633369868303,0.0,13.296633369868303,13.062177826491071,0.23445554337723226,13.687471401203583
2014-07-23 05:00:00+00:00,57.93533111156904,0.0,57.93533111156904,56.913774815425384,1.0215562961436548,16.0446989902228
2014-07-23 06:00:00+00:00,82.6290787984673,0.0,82.6290787984673,81.17210506462308,1.456973733844229,18.746701838514483
2014-07-23 07:00:00+00:00,273.3850005650235,5.40209269407662,267.9829078709469,263.10958193360585,4.873325937341042,26.48087321530588
2014-07-23 08:00:00+00:00,310.733187869688,3.8603798891361403,306.87280798055184,301.36310271118685,5.509705269364958,29.269884637918018
2014-07-23 09:00:00+00:00,288.46058753138243,0.6667042018486217,287.7938833295338,282.7028486733425,5.091034656191329,28.9885818836614
2014-07-23 10:00:00+00:00,147.21272659497052,0.0,147.21272659497052,144.616968793294,2.5957578016765,24.85756176043639
2014-07-23 11:00:00+00:00,219.39445060282702,0.0,219.39445060282702,215.5259341371027,3.8685164657243325,26.785219901076445
2014-07-23 12:00:00+00:00,158.6098409120005,0.0,158.6098409120005,155.81312121600064,2.796719695999842,25.346163352859772
2014-07-23 13:00:00+00:00,348.49668941983873,119.97058263047293,228.52610678936577,221.124010348456,7.402096440909761,30.85545373846052
2014-07-23 14:00:00+00:00,151.1095277509149,8.327409122028294,142.78211862888662,139.9519052838329,2.8302133450537323,24.58784435882576
2014-07-23 15:00:00+00:00,42.87315328507796,0.0,42.87315328507796,41.98557158514987,0.8875816999280935,21.130977061593963
2014-07-23 16:00:00+00:00,0.0,0.0,0.0,0.0,0.0,19.22
2014-07-23 17:00:00+00:00,0.0,0.0,0.0,0.0,0.0,18.82
2014-07-23 18:00:00+00:00,0.0,0.0,0.0,0.0,0.0,18.41
2014-07-23 19:00:00+00:00,0.0,0.0,0.0,0.0,0.0,17.59
2014-07-23 20:00:00+00:00,0.0,0.0,0.0,0.0,0.0,16.92
2014-07-23 21:00:00+00:00,0.0,0.0,0.0,0.0,0.0,16.25
2014-07-23 22:00:00+00:00,0.0,0.0,0.0,0.0,0.0,15.68
2014-07-23 23:00:00+00:00,0.0,0.0,0.0,0.0,0.0,15.14
2014-07-24 00:00:00+00:00,0.0,0.0,0.0,0.0,0.0,14.72
2014-07-24 01:00:00+00:00,0.0,0.0,0.0,0.0,0.0,14.44
2014-07-24 02:00:00+00:00,0.0,0.0,0.0,0.0,0.0,14.2
2014-07-24 03:00:00+00:00,0.0,0.0,0.0,0.0,0.0,13.91
2014-07-24 04:00:00+00:00,32.69374768689828,0.0,32.69374768689828,31.72243186433546,0.9713158225628193,14.847585267067165
2014-07-24 05:00:00+00:00,113.63171606523333,1.476357825137196,112.15535824009613,110.09549882328189,2.059859416814255,17.820117610023242
2014-07-24 06:00:00+00:00,131.0668146458447,0.0,131.0668146458447,128.75575286112627,2.3110617847184325,20.090227358175493
2014-07-24 07:00:00+00:00,249.4177787143641,2.413314547273516,247.00446416709056,242.58330249197704,4.421161675113523,24.88143625621483
2014-07-24 08:00:00+00:00,181.40406954606044,0.0,181.40406954606044,178.2054260614139,3.1986434846465257,24.20587446366061
2014-07-24 09:00:00+00:00,572.7097687933069,147.31549084274297,425.39427795056395,414.25763964014544,11.136638310418533,37.017278167383274
2014-07-24 10:00:00+00:00,175.70551238754544,0.0,175.70551238754544,172.6073498500606,3.0981625374848547,24.94197264804823
2014-07-24 11:00:00+00:00,97.82523122117395,0.0,97.82523122117395,96.1003082948986,1.7249229262753516,22.535314501345773
2014-07-24 12:00:00+00:00,89.27739548340146,0.0,89.27739548340146,87.70319397786862,1.574201505532845,22.29537661424523
2014-07-24 13:00:00+00:00,151.01176470064715,0.0,151.01176470064715,148.34901960086287,2.6627450997842805,23.895318171338108
2014-07-24 14:00:00+00:00,102.08426735554005,0.443251204162489,101.64101615137756,99.83235910246748,1.8086570489100775,21.97912450587887
2014-07-24 15:00:00+00:00,40.923393758658804,0.0,40.923393758658804,40.119546181365436,0.8038475772933678,19.85952598037602
2014-07-24 16:00:00+00:00,0.0,0.0,0.0,0.0,0.0,18.23
2014-07-24 17:00:00+00:00,0.0,0.0,0.0,0.0,0.0,17.88
2014-07-24 18:00:00+00:00,0.0,0.0,0.0,0.0,0.0,17.47
2014-07-24 19:00:00+00:00,0.0,0.0,0.0,0.0,0.0,17.13
2014-07-24 20:00:00+00:00,0.0,0.0,0.0,0.0,0.0,16.66
2014-07-24 21:00:00+00:00,0.0,0.0,0.0,0.0,0.0,16.12
2014-07-24 22:00:00+00:00,0.0,0.0,0.0,0.0,0.0,15.69
2014-07-24 23:00:00+00:00,0.0,0.0,0.0,0.0,0.0,15.28
2014-07-25 00:00:00+00:00,0.0,0.0,0.0,0.0,0.0,14.98
2014-07-25 01:00:00+00:00,0.0,0.0,0.0,0.0,0.0,14.62
2014-07-25 02:00:00+00:00,0.0,0.0,0.0,0.0,0.0,14.56
2014-07-25 03:00:00+00:00,0.0,0.0,0.0,0.0,0.0,14.35
2014-07-25 04:00:00+00:00,8.54783573777248,0.0,8.54783573777248,8.397114317029974,0.15072142074250644,14.600693293639429
2014-07-25 05:00:00+00:00,36.09086200392825,0.0,36.09086200392825,35.45448267190434,0.6363793320239162,15.900101120478016
2014-07-25 06:00:00+00:00,207.1292486419302,4.679748093905625,202.44950054802456,198.73170550304275,3.717795044981826,22.320203917932414
2014-07-25 07:00:00+00:00,419.8401106605777,87.84526543672061,331.9948452238571,323.7554075566001,8.23943766725702,30.405933713805624
2014-07-25 08:00:00+00:00,325.76430638989706,6.477637267788357,319.2866691221087,313.4922678357857,5.794401286323026,27.96614454100458
2014-07-25 09:00:00+00:00,420.7283178005616,24.075709600799996,396.65260819976163,389.0662966890555,7.5863115107061585,31.363448862771705
2014-07-25 10:00:00+00:00,222.2437291820845,0.0,222.2437291820845,218.32497224277935,3.918756939305168,25.520641625433
2014-07-25 11:00:00+00:00,425.2446030932561,36.82164096525498,388.42296212800113,380.66918237202555,7.75377975597561,32.18292901555527
2014-07-25 12:00:00+00:00,133.9160932251022,0.0,133.9160932251022,131.55479096680293,2.361302258299268,23.336692666890816
2014-07-25 13:00:00+00:00,151.01176470064715,0.0,151.01176470064715,148.34901960086287,2.6627450997842805,23.703985402891398
2014-07-25 14:00:00+00:00,109.20534188015651,0.8992622193178541,108.30607966083866,106.36344801571302,1.9426316451256387,22.095347894165766
2014-07-25 15:00:00+00:00,27.543026266155774,0.0,27.543026266155774,27.057368354874363,0.48565791128140967,19.07113016307146
2014-07-25 16:00:00+00:00,0.0,0.0,0.0,0.0,0.0,17.64
2014-07-25 17:00:00+00:00,0.0,0.0,0.0,0.0,0.0,17.12
2014-07-25 18:00:00+00:00,0.0,0.0,0.0,0.0,0.0,16.76
2014-07-25 19:00:00+00:00,0.0,0.0,0.0,0.0,0.0,16.65
2014-07-25 20:00:00+00:00,0.0,0.0,0.0,0.0,0.0,16.25
2014-07-25 21:00:00+00:00,0.0,0.0,0.0,0.0,0.0,15.96
2014-07-25 22:00:00+00:00,0.0,0.0,0.0,0.0,0.0,15.75
2014-07-25 23:00:00+00:00,0.0,0.0,0.0,0.0,0.0,15.65
2014-07-26 00:00:00+00:00,0.0,0.0,0.0,0.0,0.0,15.49
2014-07-26 01:00:00+00:00,0.0,0.0,0.0,0.0,0.0,15.4
2014-07-26 02:00:00+00:00,0.0,0.0,0.0,0.0,0.0,15.16
2014-07-26 03:00:00+00:00,0.0,0.0,0.0,0.0,0.0,14.93
2014-07-26 04:00:00+00:00,15.196152422706634,0.0,15.196152422706634,14.92820323027551,0.2679491924311226,15.098538744232666
2014-07-26 05:00:00+00:00,75.98076211353317,0.0,75.98076211353317,74.64101615137756,1.339745962155613,17.897124373537633
2014-07-26 06:00:00+00:00,181.12520129622345,1.570410329420526,179.55479096680293,176.33940065762945,3.215390309173471,22.664336400578875
2014-07-26 07:00:00+00:00,288.932916991577,8.519401154546188,280.4135158370308,275.23874705820475,5.174768778826055,27.5844552139473
2014-07-26 08:00:00+00:00,474.6613872172733,74.78626082704469,399.8751263902286,390.9323220928399,8.942804297388717,34.42513776942029
2014-07-26 09:00:00+00:00,560.803800620236,130.16312977338455,430.64067084685144,419.85571585149876,10.784954995352685,37.76437926247273
2014-07-26 10:00:00+00:00,601.2097550289686,189.09055415212933,412.1192008768393,400.2624491117621,11.856751765077174,39.28700698003606
2014-07-26 11:00:00+00:00,262.82109165515436,0.6707155389379873,262.15037611621636,257.51150572225254,4.63887039396381,29.46540101936971
2014-07-26 12:00:00+00:00,447.5481666158233,110.38585314669668,337.1623134691266,328.4204710660612,8.741842403065375,34.92245408517088
2014-07-26 13:00:00+00:00,267.0852367945081,21.44439329539359,245.64084349911448,240.71727708819262,4.923566410921877,29.4643677455234
2014-07-26 14:00:00+00:00,163.73816304625652,14.10676583811238,149.63139720814414,146.48299419707845,3.14840301106569,25.179454444853725
2014-07-26 15:00:00+00:00,45.00712788129353,0.0,45.00712788129353,43.85159698893431,1.1555308923592162,21.043217934464817
2014-07-26 16:00:00+00:00,0.0,0.0,0.0,0.0,0.0,18.83
2014-07-26 17:00:00+00:00,0.0,0.0,0.0,0.0,0.0,18.07
2014-07-26 18:00:00+00:00,0.0,0.0,0.0,0.0,0.0,17.47
2014-07-26 19:00:00+00:00,0.0,0.0,0.0,0.0,0.0,16.56
2014-07-26 20:00:00+00:00,0.0,0.0,0.0,0.0,0.0,16.16
2014-07-26 21:00:00+00:00,0.0,0.0,0.0,0.0,0.0,16.04
2014-07-26 22:00:00+00:00,0.0,0.0,0.0,0.0,0.0,15.74
2014-07-26 23:00:00+00:00,0.0,0.0,0.0,0.0,0.0,15.36
2014-07-27 00:00:00+00:00,0.0,0.0,0.0,0.0,0.0,14.93
2014-07-27 01:00:00+00:00,0.0,0.0,0.0,0.0,0.0,14.78
2014-07-27 02:00:00+00:00,0.0,0.0,0.0,0.0,0.0,14.27
2014-07-27 03:00:00+00:00,0.0,0.0,0.0,0.0,0.0,14.13
2014-07-27 04:00:00+00:00,4.748797632095823,0.0,4.748797632095823,4.665063509461097,0.08373412263472581,14.283741389628704
2014-07-27 05:00:00+00:00,38.940140583185745,0.0,38.940140583185745,38.253520777580995,0.6866198056047517,16.37780973429728
2014-07-27 06:00:00+00:00,193.62385422113914,2.6384552882523127,190.98539893288682,187.53555308033611,3.449845852550703,22.511689989627634
2014-07-27 07:00:00+00:00,139.61465038361717,0.0,139.61465038361717,137.15286717815624,2.4617832054609385,21.97130050828483
2014-07-27 08:00:00+00:00,194.70070291592873,0.0,194.70070291592873,191.26760388790498,3.4330990280237583,24.78889391858321
2014-07-27 09:00:00+00:00,474.65060260534756,49.8185888074062,424.83201379794133,416.12366504392986,8.708348754011483,34.03291531559464
2014-07-27 10:00:00+00:00,308.86420317388047,2.0416356669094617,306.822567506971,301.36310271118685,5.459464795784123,29.77665142786598
2014-07-27 11:00:00+00:00,344.24630739888994,8.763485854074595,335.48282154481535,329.35348376795343,6.129337776861929,31.36083290447647
2014-07-27 12:00:00+00:00,424.85284251998473,80.86280676774433,343.99003575224043,335.88457268119896,8.105463071041457,33.63913070725822
2014-07-27 13:00:00+00:00,354.31657561432013,131.25457044009212,223.062005174228,215.5259341371027,7.536071037125323,31.32593664099172
2014-07-27 14:00:00+00:00,195.6517363961625,82.48194974121621,113.16978665494628,108.22947341949745,4.940313235448823,25.937624230435343
2014-07-27 15:00:00+00:00,7.598076211353317,0.0,7.598076211353317,7.464101615137755,0.1339745962155613,19.877022935125314
2014-07-27 16:00:00+00:00,0.0,0.0,0.0,0.0,0.0,18.72
2014-07-27 17:00:00+00:00,0.0,0.0,0.0,0.0,0.0,17.99
2014-07-27 18:00:00+00:00,0.0,0.0,0.0,0.0,0.0,17.58
2014-07-27 19:00:00+00:00,0.0,0.0,0.0,0.0,0.0,17.57
2014-07-27 20:00:00+00:00,0.0,0.0,0.0,0.0,0.0,17.2
2014-07-27 21:00:00+00:00,0.0,0.0,0.0,0.0,0.0,16.82
2014-07-27 22:00:00+00:00,0.0,0.0,0.0,0.0,0.0,16.28
2014-07-27 23:00:00+00:00,0.0,0.0,0.0,0.0,0.0,15.75
2014-07-28 00:00:00+00:00,0.0,0.0,0.0,0.0,0.0,15.15
2014-07-28 01:00:00+00:00,0.0,0.0,0.0,0.0,0.0,14.49
2014-07-28 02:00:00+00:00,0.0,0.0,0.0,0.0,0.0,13.86
2014-07-28 03:00:00+00:00,0.0,0.0,0.0,0.0,0.0,13.35
2014-07-28 04:00:00+00:00,20.89470958122162,0.0,20.89470958122162,20.526279441628827,0.3684301395927936,13.881740773319917
2014-07-28 05:00:00+00:00,113.41806297300317,1.2794515574339744,112.1386114155692,110.09549882328189,2.0431125922873097,18.13888094920753
2014-07-28 06:00:00+00:00,232.65840411203698,10.096485263940497,222.56191884809647,218.32497224277935,4.236946605317126,23.580352451936214
2014-07-28 07:00:00+00:00,473.3305383167386,186.17767113858233,287.15286717815627,277.10477246198917,10.048094716167096,32.35667752506049
2014-07-28 08:00:00+00:00,523.7353804585156,124.50376128160444,399.2316191769112,389.0662966890555,10.165322487855713,35.04408296315844
2014-07-28 09:00:00+00:00,664.783380369386,353.98451491597245,310.79886545341355,296.69803920172575,14.100826251687826,40.465580058428
2014-07-28 10:00:00+00:00,713.1719105972062,566.3057125411586,146.86619805604752,130.62177826491072,16.244419791136806,43.01151256132236
2014-07-28 11:00:00+00:00,649.6056195013795,486.5528879658587,163.05273153552073,148.34901960086287,14.703711934657852,41.923823223864204
2014-07-28 12:00:00+00:00,536.4069441850231,378.5647934870591,157.84215069796397,145.54998149518622,12.292169202777748,39.08453137358358
2014-07-28 13:00:00+00:00,377.9722414842073,229.14451920109346,148.82772228311384,139.9519052838329,8.875816999280936,34.21417413329924
2014-07-28 14:00:00+00:00,198.56558758837855,108.25220739398331,90.31338019439525,84.90415587219196,5.409224322203287,28.131604947699937
2014-07-28 15:00:00+00:00,45.99038105676658,0.0,45.99038105676658,44.78460969082653,1.2057713659400515,22.693617711488237
2014-07-28 16:00:00+00:00,0.0,0.0,0.0,0.0,0.0,19.77
2014-07-28 17:00:00+00:00,0.0,0.0,0.0,0.0,0.0,18.35
2014-07-28 18:00:00+00:00,0.0,0.0,0.0,0.0,0.0,17.47
2014-07-28 19:00:00+00:00,0.0,0.0,0.0,0.0,0.0,16.85
2014-07-28 20:00:00+00:00,0.0,0.0,0.0,0.0,0.0,16.03
2014-07-28 21:00:00+00:00,0.0,0.0,0.0,0.0,0.0,15.4
2014-07-28 22:00:00+00:00,0.0,0.0,0.0,0.0,0.0,14.9
2014-07-28 23:00:00+00:00,0.0,0.0,0.0,0.0,0.0,14.56
2014-07-29 00:00:00+00:00,0.0,0.0,0.0,0.0,0.0,14.26
2014-07-29 01:00:00+00:00,0.0,0.0,0.0,0.0,0.0,14.14
2014-07-29 02:00:00+00:00,0.0,0.0,0.0,0.0,0.0,14.29
2014-07-29 03:00:00+00:00,0.0,0.0,0.0,0.0,0.0,14.24
2014-07-29 04:00:00+00:00,11.397114317029974,0.0,11.397114317029974,11.196152422706632,0.20096189432334194,14.765025585535247
2014-07-29 05:00:00+00:00,52.236773953054055,0.0,52.236773953054055,51.31569860407207,0.9210753489819838,16.583033933703216
2014-07-29 06:00:00+00:00,167.7111898423393,0.5367663680393927,167.1744234742999,164.2102355330306,2.9641879412692935,21.44123607280999
2014-07-29 07:00:00+00:00,314.07719597084827,13.584755482799519,300.49244048804877,294.83201379794133,5.660426690107465,27.533116278320833
2014-07-29 08:00:00+00:00,552.9910524486207,169.71632067942224,383.2747317691985,372.27206805499554,11.00266371420297,35.60892789243728
2014-07-29 09:00:00+00:00,676.7503671543391,389.79116133694953,286.95920581738955,272.43970895252806,14.519496864861456,40.018047333606695
2014-07-29 10:00:00+00:00,663.5595857684204,317.6746677826952,345.88491798572517,332.1525218736301,13.732396112095033,40.5228411434025
2014-07-29 11:00:00+00:00,654.8845133149338,491.74804765677834,163.13646565815546,148.34901960086287,14.787446057292577,40.9657782130812
2014-07-29 12:00:00+00:00,543.4203275224163,394.7073419490512,148.71298557336513,136.21985447626403,12.49313109710109,38.44505196957671
2014-07-29 13:00:00+00:00,385.8741464680813,260.90283064551846,124.97131582256281,115.6935750346352,9.27774078792762,33.764048242631254
2014-07-29 14:00:00+00:00,200.7377671519361,104.8932980442953,95.84446910764079,90.50223208354528,5.342237024095507,28.163648650788634
2014-07-29 15:00:00+00:00,45.77267233791629,0.0,45.77267233791629,44.78460969082653,0.9880626470897645,23.062086330226144
2014-07-29 16:00:00+00:00,0.0,0.0,0.0,0.0,0.0,20.4
2014-07-29 17:00:00+00:00,0.0,0.0,0.0,0.0,0.0,19.17
2014-07-29 18:00:00+00:00,0.0,0.0,0.0,0.0,0.0,18.17
2014-07-29 19:00:00+00:00,0.0,0.0,0.0,0.0,0.0,16.85
2014-07-29 20:00:00+00:00,0.0,0.0,0.0,0.0,0.0,15.81
2014-07-29 21:00:00+00:00,0.0,0.0,0.0,0.0,0.0,15.1
2014-07-29 22:00:00+00:00,0.0,0.0,0.0,0.0,0.0,14.49
2014-07-29 23:00:00+00:00,0.0,0.0,0.0,0.0,0.0,14.09
2014-07-30 00:00:00+00:00,0.0,0.0,0.0,0.0,0.0,13.83
2014-07-30 01:00:00+00:00,0.0,0.0,0.0,0.0,0.0,13.74
2014-07-30 02:00:00+00:00,0.0,0.0,0.0,0.0,0.0,13.52
2014-07-30 03:00:00+00:00,0.0,0.0,0.0,0.0,0.0,13.59
2014-07-30 04:00:00+00:00,33.55977309068272,0.0,33.55977309068272,32.65544456622768,0.9043285244550388,14.628780509806695
2014-07-30 05:00:00+00:00,66.48316684934152,0.0,66.48316684934152,65.31088913245536,1.1722777168861613,16.15176522193319
2014-07-30 06:00:00+00:00,170.5625132989776,0.5388112454201954,170.0237020535574,167.00927363870727,3.014428414850129,21.013620527248612
2014-07-30 07:00:00+00:00,472.515998074767,168.78661098140108,303.7293870933659,293.8990010960491,9.83038599731681,32.25385881556405
2014-07-30 08:00:00+00:00,496.55988512993054,87.83548016044436,408.72440496948616,399.3294364098699,9.394968559616236,34.24024112419638
2014-07-30 09:00:00+00:00,355.7867983878751,6.124571244879999,349.6622271429951,343.34867429633675,6.313552846658326,30.642804968327383
2014-07-30 10:00:00+00:00,271.6312245558811,0.0,271.6312245558811,266.84163274117475,4.789591814706316,28.809397420083652
2014-07-30 11:00:00+00:00,242.18867923688697,0.0,242.18867923688697,237.91823898251596,4.2704402543710165,28.500233648163874
2014-07-30 12:00:00+00:00,120.6194598552339,0.0,120.6194598552339,118.49261314031186,2.1268467149220354,25.126950725041333
2014-07-30 13:00:00+00:00,46.53821679453907,0.0,46.53821679453907,45.71762239271875,0.820594401820313,22.808593916706
2014-07-30 14:00:00+00:00,203.2687939257604,89.94828585007161,113.32050807568878,108.22947341949745,5.091034656191329,27.124042296956016
2014-07-30 15:00:00+00:00,43.34206437183243,0.0,43.34206437183243,41.98557158514987,1.356492786682558,21.818816895981342
2014-07-30 16:00:00+00:00,0.0,0.0,0.0,0.0,0.0,19.27
2014-07-30 17:00:00+00:00,0.0,0.0,0.0,0.0,0.0,17.89
2014-07-30 18:00:00+00:00,0.0,0.0,0.0,0.0,0.0,16.76
2014-07-30 19:00:00+00:00,0.0,0.0,0.0,0.0,0.0,16.3
2014-07-30 20:00:00+00:00,0.0,0.0,0.0,0.0,0.0,15.53
2014-07-30 21:00:00+00:00,0.0,0.0,0.0,0.0,0.0,15.22
2014-07-30 22:00:00+00:00,0.0,0.0,0.0,0.0,0.0,14.94
2014-07-30 23:00:00+00:00,0.0,0.0,0.0,0.0,0.0,14.77
2014-07-31 00:00:00+00:00,0.0,0.0,0.0,0.0,0.0,14.62
2014-07-31 01:00:00+00:00,0.0,0.0,0.0,0.0,0.0,14.54
2014-07-31 02:00:00+00:00,0.0,0.0,0.0,0.0,0.0,14.31
2014-07-31 03:00:00+00:00,0.0,0.0,0.0,0.0,0.0,13.97
2014-07-31 04:00:00+00:00,4.748797632095823,0.0,4.748797632095823,4.665063509461097,0.08373412263472581,13.953741389628703
2014-07-31 05:00:00+00:00,64.58364779650319,0.0,64.58364779650319,63.44486372867092,1.138784067832271,16.562952730054022
2014-07-31 06:00:00+00:00,131.0668146458447,0.0,131.0668146458447,128.75575286112627,2.3110617847184325,19.974768977810328
2014-07-31 07:00:00+00:00,251.39920723232993,2.4952240124010174,248.9039832199289,244.44932789576148,4.454655324167413,24.561636850517203
2014-07-31 08:00:00+00:00,412.3940302054376,29.8370934812209,382.5569367242167,375.07110616067223,7.4858305635444875,29.949713932321636
2014-07-31 09:00:00+00:00,438.7256806871177,28.675958170326098,410.0497225167916,402.12847451554654,7.921248001245061,32.206438769375275
2014-07-31 10:00:00+00:00,285.63446332362344,0.6898585733471078,284.9446047502763,279.9038105676658,5.040794182610494,28.02951077587309
2014-07-31 11:00:00+00:00,179.5045504932221,0.0,179.5045504932221,176.33940065762945,3.1651498355926355,24.94988151187346
2014-07-31 12:00:00+00:00,413.21231522155847,63.05962069566528,350.1526945258932,342.41566159444454,7.737032931448665,32.395120357458005
2014-07-31 13:00:00+00:00,381.4419468921811,205.824805446624,175.61714144555708,167.00927363870727,8.607867806849812,31.51747304675629
2014-07-31 14:00:00+00:00,193.721287477713,43.11857444700604,150.60271303070695,146.48299419707845,4.11971883362851,25.074590942321908
2014-07-31 15:00:00+00:00,45.9233937586588,0.0,45.9233937586588,44.78460969082653,1.138784067832271,19.52081885577276
2014-07-31 16:00:00+00:00,0.0,0.0,0.0,0.0,0.0,15.44
2014-07-31 17:00:00+00:00,0.0,0.0,0.0,0.0,0.0,15.47
2014-07-31 18:00:00+00:00,0.0,0.0,0.0,0.0,0.0,15.49
2014-07-31 19:00:00+00:00,0.0,0.0,0.0,0.0,0.0,15.52
2014-07-31 20:00:00+00:00,0.0,0.0,0.0,0.0,0.0,15.55
2014-07-31 21:00:00+00:00,0.0,0.0,0.0,0.0,0.0,15.58
2014-07-31 22:00:00+00:00,0.0,0.0,0.0,0.0,0.0,15.6
2014-07-31 23:00:00+00:00,0.0,0.0,0.0,0.0,0.0,15.63
2020-08-01 00:00:00+00:00,0.0,0.0,0.0,0.0,0.0,15.66
2020-08-01 01:00:00+00:00,0.0,0.0,0.0,0.0,0.0,15.68
2020-08-01 02:00:00+00:00,0.0,0.0,0.0,0.0,0.0,15.71
2020-08-01 03:00:00+00:00,0.0,0.0,0.0,0.0,0.0,15.74
2020-08-01 04:00:00+00:00,8.54783573777248,0.0,8.54783573777248,8.397114317029974,0.15072142074250644,16.04913224617506
2020-08-01 05:00:00+00:00,36.09086200392825,0.0,36.09086200392825,35.45448267190434,0.6363793320239162,16.976214624290673
2020-08-01 06:00:00+00:00,78.83004069279066,0.0,78.83004069279066,77.44005425705421,1.3899864357364484,18.429193928057806
2020-08-01 07:00:00+00:00,140.56440991003637,0.0,140.56440991003637,138.08587988004848,2.478530029987884,20.5353356246885
2020-08-01 08:00:00+00:00,396.4946607383867,22.669774821738866,373.8248859166478,366.6739918436422,7.150894073005584,32.26888953218333
2020-08-01 09:00:00+00:00,574.226684516623,130.35636759801108,443.87031691861193,432.9178936779898,10.952423240622135,38.326332912450866
2020-08-01 10:00:00+00:00,626.0096894021169,207.8402480516968,418.16944135042013,405.86052532311544,12.308916027304694,40.825694863148435
2020-08-01 11:00:00+00:00,524.4881253069697,108.6967330393758,415.7913922675939,405.86052532311544,9.930866944478481,38.155841383283175
2020-08-01 12:00:00+00:00,444.9590788539937,92.18675182060352,352.7723270333902,344.28168699822896,8.490640035161197,35.91393328099238
2020-08-01 13:00:00+00:00,349.7694624172001,97.35345551822944,252.41600689897066,245.3823405976537,7.033666301316968,32.83584491972483
2020-08-01 14:00:00+00:00,206.47208520878763,104.16351448600909,102.30857072277854,97.03332099679082,5.275249725987726,28.237556237762377
2020-08-01 15:00:00+00:00,41.52627944162883,0.0,41.52627944162883,40.119546181365436,1.4067332602633935,22.645932986385066
2020-08-01 16:00:00+00:00,0.0,0.0,0.0,0.0,0.0,20.06
2020-08-01 17:00:00+00:00,0.0,0.0,0.0,0.0,0.0,18.75
2020-08-01 18:00:00+00:00,0.0,0.0,0.0,0.0,0.0,17.79
2020-08-01 19:00:00+00:00,0.0,0.0,0.0,0.0,0.0,17.05
2020-08-01 20:00:00+00:00,0.0,0.0,0.0,0.0,0.0,16.14
2020-08-01 21:00:00+00:00,0.0,0.0,0.0,0.0,0.0,15.16
2020-08-01 22:00:00+00:00,0.0,0.0,0.0,0.0,0.0,14.27
2020-08-01 23:00:00+00:00,0.0,0.0,0.0,0.0,0.0,13.65
2020-08-02 00:00:00+00:00,0.0,0.0,0.0,0.0,0.0,13.47
2020-08-02 01:00:00+00:00,0.0,0.0,0.0,0.0,0.0,13.29
2020-08-02 02:00:00+00:00,0.0,0.0,0.0,0.0,0.0,13.1
2020-08-02 03:00:00+00:00,0.0,0.0,0.0,0.0,0.0,12.86
2020-08-02 04:00:00+00:00,19.944950054802455,0.0,19.944950054802455,19.593266739736606,0.3516833150658484,13.318794774686681
2020-08-02 05:00:00+00:00,157.66836146646688,13.618293645149102,144.05006782131778,140.88491798572514,3.1651498355926355,18.4730496300356
2020-08-02 06:00:00+00:00,346.51498068790966,139.0629890779452,207.45199160996447,199.66471820493496,7.7872734050295005,26.296408735573095
2020-08-02 07:00:00+00:00,521.9340050069214,356.7114868164544,165.222518190467,153.01408311032398,12.208435080143023,32.399263667313484
2020-08-02 08:00:00+00:00,652.084351442048,486.06511355558126,166.01923788646684,151.14805770653953,14.871180179927304,38.13078988928786
2020-08-02 09:00:00+00:00,733.5084743776165,585.3575803046109,148.1508940730056,131.55479096680293,16.596103106202655,41.78559227891272
2020-08-02 10:00:00+00:00,751.7480798177775,626.4870858543768,125.26099396340068,108.22947341949745,17.03152054390323,43.1641388034189
2020-08-02 11:00:00+00:00,680.7780670538751,525.5698046259952,155.20826242787993,139.9519052838329,15.256357144047042,41.67030572087519
2020-08-02 12:00:00+00:00,549.3513937835452,334.89691111164086,214.45448267190434,202.46375631061161,11.990726361292735,38.0147602721506
2020-08-02 13:00:00+00:00,406.0109706551473,296.4319596779977,109.57901097714957,99.83235910246748,9.746651874682083,33.79564964910584
2020-08-02 14:00:00+00:00,210.4342027789271,114.47250589959769,95.96169687932941,90.50223208354528,5.459464795784123,27.61118160660144
2020-08-02 15:00:00+00:00,43.392304845413264,0.0,43.392304845413264,41.98557158514987,1.4067332602633935,21.98565855150585
2020-08-02 16:00:00+00:00,0.0,0.0,0.0,0.0,0.0,19.09
2020-08-02 17:00:00+00:00,0.0,0.0,0.0,0.0,0.0,17.75
2020-08-02 18:00:00+00:00,0.0,0.0,0.0,0.0,0.0,16.58
2020-08-02 19:00:00+00:00,0.0,0.0,0.0,0.0,0.0,15.56
2020-08-02 20:00:00+00:00,0.0,0.0,0.0,0.0,0.0,14.76
2020-08-02 21:00:00+00:00,0.0,0.0,0.0,0.0,0.0,14.06
2020-08-02 22:00:00+00:00,0.0,0.0,0.0,0.0,0.0,13.21
2020-08-02 23:00:00+00:00,0.0,0.0,0.0,0.0,0.0,12.54
2020-08-03 00:00:00+00:00,0.0,0.0,0.0,0.0,0.0,11.95
2020-08-03 01:00:00+00:00,0.0,0.0,0.0,0.0,0.0,11.41
2020-08-03 02:00:00+00:00,0.0,0.0,0.0,0.0,0.0,11.13
2020-08-03 03:00:00+00:00,0.0,0.0,0.0,0.0,0.0,10.78
2020-08-03 04:00:00+00:00,10.44735479061081,0.0,10.44735479061081,10.263139720814413,0.1842150697963968,10.883348429961751
2020-08-03 05:00:00+00:00,97.25823805359767,0.36601953431592854,96.89221851928174,95.16729559300639,1.7249229262753516,15.96855231713696
2020-08-03 06:00:00+00:00,343.27054956602274,121.19179756726777,222.07875199875494,214.59292143521046,7.4858305635444875,26.293316548213678
2020-08-03 07:00:00+00:00,524.6312271499576,364.93979787273616,159.69142927722146,147.41600689897066,12.275422378250804,33.22007419781698
2020-08-03 08:00:00+00:00,649.4735901348079,451.13384417265223,198.33974596215563,183.80350227276722,14.5362436893884,38.03013490404935
2020-08-03 09:00:00+00:00,723.4754964169396,532.9586632662811,190.5168331506585,174.47337525384503,16.043457896813464,41.32160204489169
2020-08-03 10:00:00+00:00,709.2280111623315,426.4147172940679,282.8132938682637,267.77464544306696,15.038648425196754,41.712846375536145
2020-08-03 11:00:00+00:00,662.7816385044921,420.87499157036024,241.90664693413186,227.65509926170154,14.251547672430332,41.20064156258056
2020-08-03 12:00:00+00:00,523.5954594334207,231.956934343983,291.6385250894377,280.83682326955807,10.801701819879629,37.57539400548987
2020-08-03 13:00:00+00:00,345.39250584047977,84.79709334332945,260.59541249715033,253.77945491468367,6.815957582466681,32.20228511866202
2020-08-03 14:00:00+00:00,210.79525352288,84.52979539238875,126.26545813049123,121.29165124598852,4.973806884502713,27.159451142939464
2020-08-03 15:00:00+00:00,45.77267233791629,0.0,45.77267233791629,44.78460969082653,0.9880626470897645,21.364509076837518
2020-08-03 16:00:00+00:00,0.0,0.0,0.0,0.0,0.0,18.2
2020-08-03 17:00:00+00:00,0.0,0.0,0.0,0.0,0.0,16.85
2020-08-03 18:00:00+00:00,0.0,0.0,0.0,0.0,0.0,15.88
2020-08-03 19:00:00+00:00,0.0,0.0,0.0,0.0,0.0,15.36
2020-08-03 20:00:00+00:00,0.0,0.0,0.0,0.0,0.0,14.6
2020-08-03 21:00:00+00:00,0.0,0.0,0.0,0.0,0.0,13.92
2020-08-03 22:00:00+00:00,0.0,0.0,0.0,0.0,0.0,13.4
2020-08-03 23:00:00+00:00,0.0,0.0,0.0,0.0,0.0,12.77
2020-08-04 00:00:00+00:00,0.0,0.0,0.0,0.0,0.0,12.16
2020-08-04 01:00:00+00:00,0.0,0.0,0.0,0.0,0.0,11.71
2020-08-04 02:00:00+00:00,0.0,0.0,0.0,0.0,0.0,11.5
2020-08-04 03:00:00+00:00,0.0,0.0,0.0,0.0,0.0,11.18
2020-08-04 04:00:00+00:00,20.89470958122162,0.0,20.89470958122162,20.526279441628827,0.3684301395927936,11.726755835115652
2020-08-04 05:00:00+00:00,128.88125703092996,3.362278122857743,125.51897890807223,123.15767664977297,2.361302258299268,17.690896414390252
2020-08-04 06:00:00+00:00,331.25254058728984,95.71449644501386,235.538044142276,228.58811196359375,6.949932178682242,26.775268928347234
2020-08-04 07:00:00+00:00,492.40147316177854,208.64572030065227,283.75575286112627,273.3727216544203,10.383031206706,33.368403042980376
2020-08-04 08:00:00+00:00,559.1055998728026,167.450500611101,391.6550992617016,380.66918237202555,10.985916889676027,36.97532036747854
2020-08-04 09:00:00+00:00,646.8744737484739,256.04228729826946,390.8321864502044,377.87014426634886,12.962042183855555,41.149072763886664
2020-08-04 10:00:00+00:00,678.554351859867,330.6359402250879,347.91841163477903,334.01854727741454,13.899864357364484,43.061686687590026
2020-08-04 11:00:00+00:00,623.994211093799,293.07579945901995,330.91841163477903,318.1573313452468,12.761080289532213,42.13028107894511
2020-08-04 12:00:00+00:00,375.16352854850805,35.22854274146514,339.9349858070429,333.08553457552233,6.849451231520571,34.283296316138205
2020-08-04 13:00:00+00:00,395.9379431732017,261.7369812788784,134.20096189432334,125.0237020535574,9.177259840765949,34.851358058940775
2020-08-04 14:00:00+00:00,210.34109767300612,107.11626107286229,103.22483660014383,97.96633369868304,5.258502901460781,28.551591061082092
2020-08-04 15:00:00+00:00,42.85640646055102,0.0,42.85640646055102,41.98557158514987,0.8708348754011483,22.69761869932066
2020-08-04 16:00:00+00:00,0.0,0.0,0.0,0.0,0.0,19.83
2020-08-04 17:00:00+00:00,0.0,0.0,0.0,0.0,0.0,18.53
2020-08-04 18:00:00+00:00,0.0,0.0,0.0,0.0,0.0,17.4
2020-08-04 19:00:00+00:00,0.0,0.0,0.0,0.0,0.0,16.98
2020-08-04 20:00:00+00:00,0.0,0.0,0.0,0.0,0.0,16.3
2020-08-04 21:00:00+00:00,0.0,0.0,0.0,0.0,0.0,15.65
2020-08-04 22:00:00+00:00,0.0,0.0,0.0,0.0,0.0,14.65
2020-08-04 23:00:00+00:00,0.0,0.0,0.0,0.0,0.0,13.73
2020-08-05 00:00:00+00:00,0.0,0.0,0.0,0.0,0.0,13.33
2020-08-05 01:00:00+00:00,0.0,0.0,0.0,0.0,0.0,13.05
2020-08-05 02:00:00+00:00,0.0,0.0,0.0,0.0,0.0,12.78
2020-08-05 03:00:00+00:00,0.0,0.0,0.0,0.0,0.0,12.5
2020-08-05 04:00:00+00:00,35.39230484541327,0.0,35.39230484541327,34.52146997001212,0.8708348754011483,13.465818910521785
2020-08-05 05:00:00+00:00,173.9666206381538,51.103086296309264,122.86353434184454,118.49261314031186,4.3709212015326875,19.832135137776966
2020-08-05 06:00:00+00:00,355.10295421600836,218.5383716537089,136.56458256229942,127.82274015923406,8.741842403065375,27.82927812472443
2020-08-05 07:00:00+00:00,506.1490867261173,257.2449308539253,248.90415587219198,237.91823898251596,10.985916889676027,34.59210838279057
2020-08-05 08:00:00+00:00,609.37675807185,281.40810596349013,327.9686521083599,315.3582932395702,12.610358868789707,39.385285964606
2020-08-05 09:00:00+00:00,417.688454837161,20.203314882668803,397.4851399544922,389.9993093909477,7.4858305635444875,34.47986933112064
2020-08-05 10:00:00+00:00,521.0261313775006,73.83049691158313,447.19563446591746,437.5829571874509,9.612677278466522,38.31001771626406
2020-08-05 11:00:00+00:00,359.29963654945624,10.486687985718643,348.8129485637376,342.41566159444454,6.397286969293051,33.464680603659964
2020-08-05 12:00:00+00:00,339.59818653720527,19.060315047192308,320.53787149001295,314.42528053767796,6.112590952334984,32.75662330836729
2020-08-05 13:00:00+00:00,217.97261675471947,5.092508240611042,212.88010851410843,208.99484522385714,3.8852632902512774,28.803232535102552
2020-08-05 14:00:00+00:00,149.55016641595614,7.784794611596453,141.7653718043597,139.0188925819407,2.7464792224190067,26.26812068127331
2020-08-05 15:00:00+00:00,45.95688740771269,0.0,45.95688740771269,44.78460969082653,1.1722777168861613,22.282032081539466
2020-08-05 16:00:00+00:00,0.0,0.0,0.0,0.0,0.0,19.67
2020-08-05 17:00:00+00:00,0.0,0.0,0.0,0.0,0.0,18.71
2020-08-05 18:00:00+00:00,0.0,0.0,0.0,0.0,0.0,17.91
2020-08-05 19:00:00+00:00,0.0,0.0,0.0,0.0,0.0,17.29
2020-08-05 20:00:00+00:00,0.0,0.0,0.0,0.0,0.0,16.55
2020-08-05 21:00:00+00:00,0.0,0.0,0.0,0.0,0.0,15.85
2020-08-05 22:00:00+00:00,0.0,0.0,0.0,0.0,0.0,15.04
2020-08-05 23:00:00+00:00,0.0,0.0,0.0,0.0,0.0,14.64
2020-08-06 00:00:00+00:00,0.0,0.0,0.0,0.0,0.0,14.16
2020-08-06 01:00:00+00:00,0.0,0.0,0.0,0.0,0.0,13.75
2020-08-06 02:00:00+00:00,0.0,0.0,0.0,0.0,0.0,13.35
2020-08-06 03:00:00+00:00,0.0,0.0,0.0,0.0,0.0,12.79
2020-08-06 04:00:00+00:00,32.358811196359376,0.0,32.358811196359376,31.72243186433546,0.6363793320239162,13.781622347970698
2020-08-06 05:00:00+00:00,171.17181707839558,73.96372730277868,97.20808977561688,92.36825748732973,4.839832288287152,20.40338196915109
2020-08-06 06:00:00+00:00,346.327870259442,131.6294857531901,214.69838450625193,207.12881982007272,7.569564686179213,28.662085030680448
2020-08-06 07:00:00+00:00,493.66488667880725,202.5287663251779,291.13612035362934,280.83682326955807,10.299297084071274,35.84058123009566
2020-08-06 08:00:00+00:00,649.7376941382247,451.5319227722846,198.20577136594005,183.80350227276722,14.402269093172839,41.49353721119937
2020-08-06 09:00:00+00:00,719.2479975582677,502.0757198413815,217.17227771688619,201.5307436087194,15.64153410816678,44.151622235969846
2020-08-06 10:00:00+00:00,723.482392757235,490.54938005534274,232.9330127018922,217.39195954088711,15.54105316100511,45.01158935626918
2020-08-06 11:00:00+00:00,557.8777748545433,148.78013027384765,409.09764458069566,398.3964237079777,10.701220872717958,40.797523208476754
2020-08-06 12:00:00+00:00,262.08847425226486,2.737136241725147,259.35133801053973,254.7124676165759,4.63887039396381,32.39810553017658
2020-08-06 13:00:00+00:00,322.2440792825788,57.65347625704515,264.59060302553365,258.4445184241448,6.146084601388874,34.26042971041698
2020-08-06 14:00:00+00:00,95.92571216833562,0.0,95.92571216833562,94.23428289111416,1.6914292772214614,27.13535146849754
2020-08-06 15:00:00+00:00,6.6483166849341515,0.0,6.6483166849341515,6.531088913245536,0.11722777168861613,23.17848393341001
2020-08-06 16:00:00+00:00,0.0,0.0,0.0,0.0,0.0,21.31
2020-08-06 17:00:00+00:00,0.0,0.0,0.0,0.0,0.0,20.01
2020-08-06 18:00:00+00:00,0.0,0.0,0.0,0.0,0.0,18.94
2020-08-06 19:00:00+00:00,0.0,0.0,0.0,0.0,0.0,18.18
2020-08-06 20:00:00+00:00,0.0,0.0,0.0,0.0,0.0,17.19
2020-08-06 21:00:00+00:00,0.0,0.0,0.0,0.0,0.0,16.34
2020-08-06 22:00:00+00:00,0.0,0.0,0.0,0.0,0.0,15.42
2020-08-06 23:00:00+00:00,0.0,0.0,0.0,0.0,0.0,14.59
2020-08-07 00:00:00+00:00,0.0,0.0,0.0,0.0,0.0,13.81
2020-08-07 01:00:00+00:00,0.0,0.0,0.0,0.0,0.0,13.35
2020-08-07 02:00:00+00:00,0.0,0.0,0.0,0.0,0.0,12.75
2020-08-07 03:00:00+00:00,0.0,0.0,0.0,0.0,0.0,12.35
2020-08-07 04:00:00+00:00,36.30857072277854,0.0,36.30857072277854,35.45448267190434,0.8540880508742033,13.497888662313946
2020-08-07 05:00:00+00:00,174.74464557110392,68.34040337278041,106.4042421983235,101.69838450625191,4.70585769207159,20.542079279581877
2020-08-07 06:00:00+00:00,359.9139076486149,218.7010084013813,141.2128992472336,132.48780366869516,8.72509557853843,29.866445361538084
2020-08-07 07:00:00+00:00,532.6002343134738,385.87050191558177,146.72973239789206,134.35382907247958,12.375903325412475,37.352827865837625
2020-08-07 08:00:00+00:00,661.5300856484401,504.8074811318416,156.72260451659855,141.81793068761735,14.904673828981194,42.573078734412725
2020-08-07 09:00:00+00:00,705.8156920629757,429.63396805511917,276.18172400785653,261.24355652982143,14.938167478035083,44.52024471279095
2020-08-07 10:00:00+00:00,639.9910451634441,225.3191990772157,414.67184608622847,402.12847451554654,12.543371570681925,43.248393894759836
2020-08-07 11:00:00+00:00,532.4124845964463,115.57085185527156,416.84163274117475,406.79353802500765,10.048094716167096,40.45462377363532
2020-08-07 12:00:00+00:00,262.0997985297904,2.7484605192506457,259.35133801053973,254.7124676165759,4.63887039396381,32.15370522862246
2020-08-07 13:00:00+00:00,224.11117651058515,6.448776715327013,217.66239979525815,213.65990873331825,4.002491061939893,30.83271216094571
2020-08-07 14:00:00+00:00,58.8850906379882,0.0,58.8850906379882,57.8467875173176,1.0383031206706,25.226898969325184
2020-08-07 15:00:00+00:00,38.99038105676658,0.0,38.99038105676658,38.253520777580995,0.7368602791855872,23.983329315746808
2020-08-07 16:00:00+00:00,0.0,0.0,0.0,0.0,0.0,21.53
2020-08-07 17:00:00+00:00,0.0,0.0,0.0,0.0,0.0,20.48
2020-08-07 18:00:00+00:00,0.0,0.0,0.0,0.0,0.0,19.37
2020-08-07 19:00:00+00:00,0.0,0.0,0.0,0.0,0.0,18.35
2020-08-07 20:00:00+00:00,0.0,0.0,0.0,0.0,0.0,17.79
2020-08-07 21:00:00+00:00,0.0,0.0,0.0,0.0,0.0,17.16
2020-08-07 22:00:00+00:00,0.0,0.0,0.0,0.0,0.0,16.47
2020-08-07 23:00:00+00:00,0.0,0.0,0.0,0.0,0.0,15.81
2020-08-08 00:00:00+00:00,0.0,0.0,0.0,0.0,0.0,15.13
2020-08-08 01:00:00+00:00,0.0,0.0,0.0,0.0,0.0,14.76
2020-08-08 02:00:00+00:00,0.0,0.0,0.0,0.0,0.0,14.31
2020-08-08 03:00:00+00:00,0.0,0.0,0.0,0.0,0.0,14.01
2020-08-08 04:00:00+00:00,18.995190528383294,0.0,18.995190528383294,18.66025403784439,0.33493649053890323,15.050732236652848
2020-08-08 05:00:00+00:00,178.78269436393745,60.41675528628455,118.36593907765291,113.82754963085077,4.538389446802139,21.38830750153802
2020-08-08 06:00:00+00:00,361.7322247349564,220.51932548772282,141.2128992472336,132.48780366869516,8.72509557853843,29.259436872846244
2020-08-08 07:00:00+00:00,516.7769004614818,279.7507073459845,237.02619311549728,225.7890738579171,11.237119257580204,35.71903209108522
2020-08-08 08:00:00+00:00,532.7207559913693,122.29298439175146,410.4277715996178,400.2624491117621,10.165322487855713,36.9909396732471
2020-08-08 09:00:00+00:00,297.9975677867871,0.7060891930616453,297.29147859372546,292.0329756922647,5.258502901460781,30.339912119917607
2020-08-08 10:00:00+00:00,568.9213318751323,118.78787523570591,450.13345663942636,439.44898259123534,10.684474048191014,39.007600784567146
2020-08-08 11:00:00+00:00,190.9016648102521,0.0,190.9016648102521,187.53555308033611,3.3661117299159775,28.610685235465155
2020-08-08 12:00:00+00:00,411.3008698381027,59.399377680113695,351.901492157989,344.28168699822896,7.619805159760048,35.41531322215294
2020-08-08 13:00:00+00:00,226.0519637237222,6.490044875625734,219.56191884809647,215.5259341371027,4.035984710993784,30.099421664364705
2020-08-08 14:00:00+00:00,192.57926881283066,36.629681938674565,155.9495868741561,152.08107040843177,3.8685164657243325,28.466905954310402
2020-08-08 15:00:00+00:00,45.822912811497126,0.0,45.822912811497126,44.78460969082653,1.0383031206706,22.95836936138472
2020-08-08 16:00:00+00:00,0.0,0.0,0.0,0.0,0.0,20.19
2020-08-08 17:00:00+00:00,0.0,0.0,0.0,0.0,0.0,19.23
2020-08-08 18:00:00+00:00,0.0,0.0,0.0,0.0,0.0,18.44
2020-08-08 19:00:00+00:00,0.0,0.0,0.0,0.0,0.0,17.77
2020-08-08 20:00:00+00:00,0.0,0.0,0.0,0.0,0.0,17.24
2020-08-08 21:00:00+00:00,0.0,0.0,0.0,0.0,0.0,16.33
2020-08-08 22:00:00+00:00,0.0,0.0,0.0,0.0,0.0,15.46
2020-08-08 23:00:00+00:00,0.0,0.0,0.0,0.0,0.0,14.71
2020-08-09 00:00:00+00:00,0.0,0.0,0.0,0.0,0.0,14.26
2020-08-09 01:00:00+00:00,0.0,0.0,0.0,0.0,0.0,13.53
2020-08-09 02:00:00+00:00,0.0,0.0,0.0,0.0,0.0,12.85
2020-08-09 03:00:00+00:00,0.0,0.0,0.0,0.0,0.0,12.48
2020-08-09 04:00:00+00:00,11.397114317029974,0.0,11.397114317029974,11.196152422706632,0.20096189432334194,12.898866869682784
2020-08-09 05:00:00+00:00,90.22715500982063,0.0,90.22715500982063,88.63620667976085,1.5909483300597904,17.44503141525639
2020-08-09 06:00:00+00:00,231.29493757202255,8.800006022033852,222.4949315499887,218.32497224277935,4.1699593072093455,24.651876083083234
2020-08-09 07:00:00+00:00,405.8398116876195,57.70386398625327,348.1359477013662,340.54963619066007,7.5863115107061585,31.60931269718377
2020-08-09 08:00:00+00:00,424.5207333602985,32.43270772283626,392.08802563746224,384.4012331795944,7.6867924578678295,33.12324545717854
2020-08-09 09:00:00+00:00,484.46944251793144,47.40778264822955,437.0616598697019,428.2528301685287,8.808829701173154,36.03311470983921
2020-08-09 10:00:00+00:00,560.4675048111147,104.97042750371227,455.49707730740244,445.04705880258865,10.45001850481378,38.72726565331003
2020-08-09 11:00:00+00:00,520.887244857217,98.76572557070081,422.1215192865161,412.39161423636097,9.72990505015514,37.77554112793986
2020-08-09 12:00:00+00:00,427.7139770713504,70.79573808883444,356.91823898251596,348.94675050769007,7.971488474825897,35.6998527248995
2020-08-09 13:00:00+00:00,397.40077979289845,207.821941468012,189.57883832488648,181.00446416709056,8.574374157795923,35.05367802780411
2020-08-09 14:00:00+00:00,186.8934976238292,28.36258136284673,158.53091626098248,154.88010851410843,3.650807746874045,28.45213373545238
2020-08-09 15:00:00+00:00,43.358811196359376,0.0,43.358811196359376,41.98557158514987,1.3732396112095033,23.29869147091154
2020-08-09 16:00:00+00:00,0.0,0.0,0.0,0.0,0.0,20.44
2020-08-09 17:00:00+00:00,0.0,0.0,0.0,0.0,0.0,19.11
2020-08-09 18:00:00+00:00,0.0,0.0,0.0,0.0,0.0,17.83
2020-08-09 19:00:00+00:00,0.0,0.0,0.0,0.0,0.0,17.14
2020-08-09 20:00:00+00:00,0.0,0.0,0.0,0.0,0.0,16.25
2020-08-09 21:00:00+00:00,0.0,0.0,0.0,0.0,0.0,15.46
2020-08-09 22:00:00+00:00,0.0,0.0,0.0,0.0,0.0,14.66
2020-08-09 23:00:00+00:00,0.0,0.0,0.0,0.0,0.0,14.06
2020-08-10 00:00:00+00:00,0.0,0.0,0.0,0.0,0.0,13.49
2020-08-10 01:00:00+00:00,0.0,0.0,0.0,0.0,0.0,13.25
2020-08-10 02:00:00+00:00,0.0,0.0,0.0,0.0,0.0,12.95
2020-08-10 03:00:00+00:00,0.0,0.0,0.0,0.0,0.0,12.6
2020-08-10 04:00:00+00:00,14.24639289628747,0.0,14.24639289628747,13.995190528383292,0.25120236790417744,12.969735343044626
2020-08-10 05:00:00+00:00,63.63388827008403,0.0,63.63388827008403,62.5118510267787,1.1220372433053258,15.915161185982416
2020-08-10 06:00:00+00:00,210.3547337054929,4.139688700845572,206.21504500464732,202.46375631061161,3.751288694035716,23.142661665220007
2020-08-10 07:00:00+00:00,537.8740683621613,344.8621310092511,193.01193735291025,181.00446416709056,12.00747318581968,36.43459771675052
2020-08-10 08:00:00+00:00,671.4464368389014,494.2477933542549,177.1986434846465,162.34421012924616,14.854433355400358,42.76506646677748
2020-08-10 09:00:00+00:00,737.86292007935,527.8700479606435,209.9928721187065,194.06664199358164,15.92623012512485,45.92144042545792
2020-08-10 10:00:00+00:00,757.8238504883597,595.7447531850786,162.0790973032811,145.54998149518622,16.529115808094875,47.19045650177144
2020-08-10 11:00:00+00:00,664.2432854493002,381.75299071866516,282.490294730635,268.70765814495917,13.782636585675869,44.98456386433937
2020-08-10 12:00:00+00:00,588.4719326587204,456.8833027383375,131.58862992038297,118.49261314031186,13.096016780071116,43.01749180705622
2020-08-10 13:00:00+00:00,407.1421107260337,246.0679955466324,161.07411517940133,152.08107040843177,8.993044770969552,37.76990494697044
2020-08-10 14:00:00+00:00,208.8450008493674,63.50542753947485,145.33957330989256,140.88491798572514,4.454655324167413,31.4188151854873
2020-08-10 15:00:00+00:00,45.86483762100385,0.04192480950672635,45.822912811497126,44.78460969082653,1.0383031206706,25.093168045213158
2020-08-10 16:00:00+00:00,0.0,0.0,0.0,0.0,0.0,21.81
2020-08-10 17:00:00+00:00,0.0,0.0,0.0,0.0,0.0,19.98
2020-08-10 18:00:00+00:00,0.0,0.0,0.0,0.0,0.0,18.55
2020-08-10 19:00:00+00:00,0.0,0.0,0.0,0.0,0.0,17.53
2020-08-10 20:00:00+00:00,0.0,0.0,0.0,0.0,0.0,16.68
2020-08-10 21:00:00+00:00,0.0,0.0,0.0,0.0,0.0,15.99
2020-08-10 22:00:00+00:00,0.0,0.0,0.0,0.0,0.0,15.33
2020-08-10 23:00:00+00:00,0.0,0.0,0.0,0.0,0.0,14.82
2020-08-11 00:00:00+00:00,0.0,0.0,0.0,0.0,0.0,14.48
2020-08-11 01:00:00+00:00,0.0,0.0,0.0,0.0,0.0,13.91
2020-08-11 02:00:00+00:00,0.0,0.0,0.0,0.0,0.0,13.27
2020-08-11 03:00:00+00:00,0.0,0.0,0.0,0.0,0.0,12.95
2020-08-11 04:00:00+00:00,29.459292143521047,0.0,29.459292143521047,28.9233937586588,0.5358983848622452,13.794600909081403
2020-08-11 05:00:00+00:00,173.9940644858267,26.69279429660473,147.30127018922195,143.6839560914018,3.617314097820155,20.184319580835872
2020-08-11 06:00:00+00:00,344.6546612323237,107.9826424938321,236.67201873849157,229.52112466548598,7.150894073005584,28.22812689126561
2020-08-11 07:00:00+00:00,544.6721503175436,397.85868379701674,146.8134665205268,134.35382907247958,12.4596374480472,38.18373625886749
2020-08-11 08:00:00+00:00,668.6847061717913,491.60329045883344,177.0814157129579,162.34421012924616,14.737205583711741,43.970379359122525
2020-08-11 09:00:00+00:00,752.443894463175,600.6279368807083,151.8159575824667,135.28684177437182,16.529115808094875,47.66978979007817
2020-08-11 10:00:00+00:00,742.0358097595132,531.1769122370223,210.8588975224909,194.99965469547385,15.859242827017068,47.95700936367801
2020-08-11 11:00:00+00:00,703.5867491861852,560.3736772866886,143.21307189949667,127.82274015923406,15.390331740262603,46.96289973380253
2020-08-11 12:00:00+00:00,255.73827219753673,2.1022381700389583,253.63603402749777,249.1143914052226,4.521642622275194,33.54308213869051
2020-08-11 13:00:00+00:00,63.63388827008403,0.0,63.63388827008403,62.5118510267787,1.1220372433053258,27.357591662837766
2020-08-11 14:00:00+00:00,88.32763595698229,0.0,88.32763595698229,86.7701812759764,1.5574546810059,26.668141766074317
2020-08-11 15:00:00+00:00,45.64065424290601,0.549792238977756,45.09086200392825,43.85159698893431,1.239265014993942,24.654435655795602
2020-08-11 16:00:00+00:00,0.0,0.0,0.0,0.0,0.0,21.87
2020-08-11 17:00:00+00:00,0.0,0.0,0.0,0.0,0.0,20.76
2020-08-11 18:00:00+00:00,0.0,0.0,0.0,0.0,0.0,19.96
2020-08-11 19:00:00+00:00,0.0,0.0,0.0,0.0,0.0,18.27
2020-08-11 20:00:00+00:00,0.0,0.0,0.0,0.0,0.0,17.36
2020-08-11 21:00:00+00:00,0.0,0.0,0.0,0.0,0.0,16.92
2020-08-11 22:00:00+00:00,0.0,0.0,0.0,0.0,0.0,16.17
2020-08-11 23:00:00+00:00,0.0,0.0,0.0,0.0,0.0,15.53
2020-08-12 00:00:00+00:00,0.0,0.0,0.0,0.0,0.0,15.31
2020-08-12 01:00:00+00:00,0.0,0.0,0.0,0.0,0.0,14.76
2020-08-12 02:00:00+00:00,0.0,0.0,0.0,0.0,0.0,14.43
2020-08-12 03:00:00+00:00,0.0,0.0,0.0,0.0,0.0,14.04
2020-08-12 04:00:00+00:00,12.34687384344914,0.0,12.34687384344914,12.129165124598853,0.2177087188502871,14.376937729689041
2020-08-12 05:00:00+00:00,54.136293005892384,0.0,54.136293005892384,53.18172400785651,0.9545689980358742,16.797951116145562
2020-08-12 06:00:00+00:00,239.69077249047322,11.430296483861747,228.26047600661147,223.92304845413267,4.337427552478797,24.437920864889744
2020-08-12 07:00:00+00:00,471.06902195419354,138.0358736096658,333.0331483445277,323.7554075566001,9.27774078792762,34.52146112978872
2020-08-12 08:00:00+00:00,621.5841452017596,291.68248039150757,329.9016648102521,317.2243186433546,12.677346166897488,41.09724072551189
2020-08-12 09:00:00+00:00,554.7870914764994,103.13929274835442,451.64779872814495,441.31500799501976,10.332790733125165,40.17721194819772
2020-08-12 10:00:00+00:00,672.8025644991958,289.0493027000093,383.7532617991864,370.4060426512111,13.347219147975293,44.799923943401815
2020-08-12 11:00:00+00:00,586.9694599788163,192.1468924718453,394.822567506971,383.4682204777022,11.35434702926882,41.88829194285756
2020-08-12 12:00:00+00:00,501.57218566398853,175.4337469006824,326.1384387633061,316.2913059414624,9.847132821843754,38.67663797536429
2020-08-12 13:00:00+00:00,75.98076211353317,0.0,75.98076211353317,74.64101615137756,1.339745962155613,24.615426905740623
2020-08-12 14:00:00+00:00,129.23235367112517,2.830602534741552,126.40175113638361,124.09068935166518,2.3110617847184325,25.282661971416783
2020-08-12 15:00:00+00:00,43.17619674506578,0.30304345998782073,42.87315328507796,41.98557158514987,0.8875816999280935,21.63515833937568
2020-08-12 16:00:00+00:00,0.0,0.0,0.0,0.0,0.0,18.87
2020-08-12 17:00:00+00:00,0.0,0.0,0.0,0.0,0.0,17.9
2020-08-12 18:00:00+00:00,0.0,0.0,0.0,0.0,0.0,17.24
2020-08-12 19:00:00+00:00,0.0,0.0,0.0,0.0,0.0,16.58
2020-08-12 20:00:00+00:00,0.0,0.0,0.0,0.0,0.0,16.15
2020-08-12 21:00:00+00:00,0.0,0.0,0.0,0.0,0.0,15.93
2020-08-12 22:00:00+00:00,0.0,0.0,0.0,0.0,0.0,15.59
2020-08-12 23:00:00+00:00,0.0,0.0,0.0,0.0,0.0,15.2
2020-08-13 00:00:00+00:00,0.0,0.0,0.0,0.0,0.0,15.17
2020-08-13 01:00:00+00:00,0.0,0.0,0.0,0.0,0.0,15.1
2020-08-13 02:00:00+00:00,0.0,0.0,0.0,0.0,0.0,15.07
2020-08-13 03:00:00+00:00,0.0,0.0,0.0,0.0,0.0,15.12
2020-08-13 04:00:00+00:00,13.296633369868303,0.0,13.296633369868303,13.062177826491071,0.23445554337723226,15.612103328608468
2020-08-13 05:00:00+00:00,153.60952066908624,10.7436679175649,142.86585275152134,139.9519052838329,2.913947467688458,20.591879022360434
2020-08-13 06:00:00+00:00,282.23522785734815,29.728358954449238,252.50686890289893,247.24836600143814,5.258502901460781,25.686542142480018
2020-08-13 07:00:00+00:00,521.8552451129029,256.17360743117797,265.68163768172496,254.7124676165759,10.96917006514908,35.10220915395155
2020-08-13 08:00:00+00:00,433.4589532420375,36.538395849844754,396.9205573921928,389.0662966890555,7.854260703137281,33.87381442387153
2020-08-13 09:00:00+00:00,339.8966142083568,3.598007733337852,336.29860647501897,330.28649646984564,6.012110005173313,31.961792606754134
2020-08-13 10:00:00+00:00,627.3659757241508,190.82097635284435,436.54499937130646,424.5207793609598,12.024220010346626,42.05474261243471
2020-08-13 11:00:00+00:00,614.7546451053216,240.67125628721308,374.0833888181086,362.0089283341811,12.074460483927462,41.84525188574271
2020-08-13 12:00:00+00:00,554.8755328558907,307.3182508271479,247.55728202874283,236.0522135787315,11.505068450011326,40.66009062770282
2020-08-13 13:00:00+00:00,347.37945049105315,85.9515062391722,261.42794425188094,254.7124676165759,6.71547663530501,34.15950770267274
2020-08-13 14:00:00+00:00,153.80134945516025,9.169952247016106,144.63139720814414,141.81793068761735,2.813466520526787,27.927861810980723
2020-08-13 15:00:00+00:00,43.31765402548214,0.44450074040418336,42.87315328507796,41.98557158514987,0.8875816999280935,23.3568833460472
2020-08-13 16:00:00+00:00,0.0,0.0,0.0,0.0,0.0,20.7
2020-08-13 17:00:00+00:00,0.0,0.0,0.0,0.0,0.0,19.46
2020-08-13 18:00:00+00:00,0.0,0.0,0.0,0.0,0.0,18.49
2020-08-13 19:00:00+00:00,0.0,0.0,0.0,0.0,0.0,18.27
2020-08-13 20:00:00+00:00,0.0,0.0,0.0,0.0,0.0,17.69
2020-08-13 21:00:00+00:00,0.0,0.0,0.0,0.0,0.0,17.09
2020-08-13 22:00:00+00:00,0.0,0.0,0.0,0.0,0.0,16.62
2020-08-13 23:00:00+00:00,0.0,0.0,0.0,0.0,0.0,16.45
2020-08-14 00:00:00+00:00,0.0,0.0,0.0,0.0,0.0,15.91
2020-08-14 01:00:00+00:00,0.0,0.0,0.0,0.0,0.0,15.64
2020-08-14 02:00:00+00:00,0.0,0.0,0.0,0.0,0.0,15.19
2020-08-14 03:00:00+00:00,0.0,0.0,0.0,0.0,0.0,14.87
2020-08-14 04:00:00+00:00,7.598076211353317,0.0,7.598076211353317,7.464101615137755,0.1339745962155613,14.833350390356832
2020-08-14 05:00:00+00:00,86.42811690414398,0.0,86.42811690414398,84.90415587219196,1.5239610319520096,17.896490640399954
2020-08-14 06:00:00+00:00,279.02107907667107,27.53095699829909,251.490122078372,246.31535329954593,5.174768778826055,25.016893955794426
2020-08-14 07:00:00+00:00,553.450175774718,401.9548989202031,151.49527685451483,139.0188925819407,12.476384272574146,36.6855799975002
2020-08-14 08:00:00+00:00,648.9115411870091,356.4762964015717,292.4352447854375,278.9707978657736,13.46444691966391,41.46780689965993
2020-08-14 09:00:00+00:00,392.46468982799473,12.276183243370848,380.1885065846239,373.20508075688775,6.9834258277361325,33.954952463721156
2020-08-14 10:00:00+00:00,484.5810154750283,46.61983655248815,437.96117892254017,429.1858428704209,8.775336052119265,37.13361922241364
2020-08-14 11:00:00+00:00,90.22715500982063,0.0,90.22715500982063,88.63620667976085,1.5909483300597904,25.384652945950027
2020-08-14 12:00:00+00:00,301.26640350945803,8.539507478031961,292.72689603142607,287.3679121828036,5.358983848622452,31.130667528085556
2020-08-14 13:00:00+00:00,272.65126380653896,22.31186314890953,250.33940065762945,245.3823405976537,4.957060059975768,30.091708543837534
2020-08-14 14:00:00+00:00,109.82035591480212,0.5812635520712497,109.23909236273087,107.29646071760523,1.9426316451256387,23.53882850439257
2020-08-14 15:00:00+00:00,6.6483166849341515,0.0,6.6483166849341515,6.531088913245536,0.11722777168861613,19.529748382684545
2020-08-14 16:00:00+00:00,0.0,0.0,0.0,0.0,0.0,18.66
2020-08-14 17:00:00+00:00,0.0,0.0,0.0,0.0,0.0,18.13
2020-08-14 18:00:00+00:00,0.0,0.0,0.0,0.0,0.0,17.47
2020-08-14 19:00:00+00:00,0.0,0.0,0.0,0.0,0.0,17.81
2020-08-14 20:00:00+00:00,0.0,0.0,0.0,0.0,0.0,17.26
2020-08-14 21:00:00+00:00,0.0,0.0,0.0,0.0,0.0,16.47
2020-08-14 22:00:00+00:00,0.0,0.0,0.0,0.0,0.0,15.89
2020-08-14 23:00:00+00:00,0.0,0.0,0.0,0.0,0.0,15.73
2020-08-15 00:00:00+00:00,0.0,0.0,0.0,0.0,0.0,15.24
2020-08-15 01:00:00+00:00,0.0,0.0,0.0,0.0,0.0,14.9
2020-08-15 02:00:00+00:00,0.0,0.0,0.0,0.0,0.0,15.0
2020-08-15 03:00:00+00:00,0.0,0.0,0.0,0.0,0.0,14.49
2020-08-15 04:00:00+00:00,39.258330249197705,0.0,39.258330249197705,38.253520777580995,1.0048094716167097,15.645039177176782
2020-08-15 05:00:00+00:00,186.31100609038216,42.3231160955555,143.98788999482667,139.9519052838329,4.035984710993784,21.743415780645435
2020-08-15 06:00:00+00:00,348.967800891609,104.8819210115605,244.08587988004848,236.98522628062372,7.100653599424748,29.24643402089399
2020-08-15 07:00:00+00:00,449.780612419254,99.70684254437883,350.07376987487515,341.4826488925523,8.591120982322868,34.583439617466745
2020-08-15 08:00:00+00:00,652.0004916571138,359.53175322262246,292.4687384344914,278.9707978657736,13.4979405687178,42.09173239080508
2020-08-15 09:00:00+00:00,741.4222307345688,498.1758378382812,243.2463928962875,227.65509926170154,15.591293634585945,45.91688915351484
2020-08-15 10:00:00+00:00,695.3547541454093,326.9603035425822,368.394450602827,354.5448267190434,13.849623883783648,45.23155438681931
2020-08-15 11:00:00+00:00,575.7899577324824,165.49135125746344,410.29860647501897,399.3294364098699,10.96917006514908,42.593583016258656
2020-08-15 12:00:00+00:00,585.9540047075357,427.77691751903274,158.17708718850287,145.54998149518622,12.627105693316652,42.334547374971706
2020-08-15 13:00:00+00:00,361.1973931128943,106.88186716108528,254.315525951809,247.24836600143814,7.067159950370858,35.21388483718768
2020-08-15 14:00:00+00:00,26.593266739736606,0.0,26.593266739736606,26.124355652982143,0.4689110867544645,25.129241705462736
2020-08-15 15:00:00+00:00,38.31500041554085,0.2743788851934296,38.04062153034742,37.32050807568878,0.720113454658642,24.111400260086455
2020-08-15 16:00:00+00:00,0.0,0.0,0.0,0.0,0.0,20.52
2020-08-15 17:00:00+00:00,0.0,0.0,0.0,0.0,0.0,19.08
2020-08-15 18:00:00+00:00,0.0,0.0,0.0,0.0,0.0,18.48
2020-08-15 19:00:00+00:00,0.0,0.0,0.0,0.0,0.0,18.56
2020-08-15 20:00:00+00:00,0.0,0.0,0.0,0.0,0.0,17.88
2020-08-15 21:00:00+00:00,0.0,0.0,0.0,0.0,0.0,17.04
2020-08-15 22:00:00+00:00,0.0,0.0,0.0,0.0,0.0,16.11
2020-08-15 23:00:00+00:00,0.0,0.0,0.0,0.0,0.0,15.42
2020-08-16 00:00:00+00:00,0.0,0.0,0.0,0.0,0.0,14.79
2020-08-16 01:00:00+00:00,0.0,0.0,0.0,0.0,0.0,14.28
2020-08-16 02:00:00+00:00,0.0,0.0,0.0,0.0,0.0,13.86
2020-08-16 03:00:00+00:00,0.0,0.0,0.0,0.0,0.0,13.62
2020-08-16 04:00:00+00:00,10.44735479061081,0.0,10.44735479061081,10.263139720814413,0.1842150697963968,13.788367000487908
2020-08-16 05:00:00+00:00,34.19134295108992,0.0,34.19134295108992,33.588457268119896,0.6028856829700258,14.986605326886327
2020-08-16 06:00:00+00:00,103.52378837968894,0.0,103.52378837968894,101.69838450625191,1.8254038734370226,18.34160584558168
2020-08-16 07:00:00+00:00,149.11224564780883,0.0,149.11224564780883,146.48299419707845,2.6292514507303903,21.73662707347428
2020-08-16 08:00:00+00:00,247.88723639540197,0.0,247.88723639540197,243.51631519386927,4.3709212015326875,25.671689488089108
2020-08-16 09:00:00+00:00,334.4476940586915,2.9146320402952486,331.53306201839627,325.6214329603846,5.911629058011642,29.679610214416748
2020-08-16 10:00:00+00:00,383.9716770559123,9.548714927911174,374.42296212800113,367.60700454553444,6.815957582466681,32.618068153308876
2020-08-16 11:00:00+00:00,613.0888051057248,223.32841542524483,389.76038968047993,377.87014426634886,11.890245414131064,40.343921543448175
2020-08-16 12:00:00+00:00,594.7479112941404,442.9176979490867,151.83021334505375,139.0188925819407,12.811320763113049,39.639434651545386
2020-08-16 13:00:00+00:00,427.2951911783288,297.5080904255624,129.78710075276643,120.35863854409631,9.428462208670126,34.639183964412936
2020-08-16 14:00:00+00:00,230.6468916927064,133.80242258506559,96.84446910764079,91.4352447854375,5.409224322203287,28.623742679680092
2020-08-16 15:00:00+00:00,44.822943368409256,4.279917102253482,40.54302626615577,39.18653347947321,1.356492786682558,22.668209905990786
2020-08-16 16:00:00+00:00,0.0,0.0,0.0,0.0,0.0,20.24
2020-08-16 17:00:00+00:00,0.0,0.0,0.0,0.0,0.0,19.09
2020-08-16 18:00:00+00:00,0.0,0.0,0.0,0.0,0.0,18.23
2020-08-16 19:00:00+00:00,0.0,0.0,0.0,0.0,0.0,17.35
2020-08-16 20:00:00+00:00,0.0,0.0,0.0,0.0,0.0,16.74
2020-08-16 21:00:00+00:00,0.0,0.0,0.0,0.0,0.0,15.88
2020-08-16 22:00:00+00:00,0.0,0.0,0.0,0.0,0.0,15.15
2020-08-16 23:00:00+00:00,0.0,0.0,0.0,0.0,0.0,14.77
2020-08-17 00:00:00+00:00,0.0,0.0,0.0,0.0,0.0,14.4
2020-08-17 01:00:00+00:00,0.0,0.0,0.0,0.0,0.0,14.06
2020-08-17 02:00:00+00:00,0.0,0.0,0.0,0.0,0.0,13.78
2020-08-17 03:00:00+00:00,0.0,0.0,0.0,0.0,0.0,13.51
2020-08-17 04:00:00+00:00,13.296633369868303,0.0,13.296633369868303,13.062177826491071,0.23445554337723226,13.869086320174983
2020-08-17 05:00:00+00:00,43.688938215281574,0.0,43.688938215281574,42.918584287042094,0.7703539282394775,16.18354350082375
2020-08-17 06:00:00+00:00,128.21753606658723,0.0,128.21753606658723,125.95671475544962,2.260821311137597,21.14707648296943
2020-08-17 07:00:00+00:00,211.7963743914737,0.0,211.7963743914737,208.06183252196493,3.734541869508771,24.885782403724612
2020-08-17 08:00:00+00:00,366.930223410048,11.452211336849285,355.47801207319867,348.94675050769007,6.531261565508613,29.94427749346679
2020-08-17 09:00:00+00:00,400.2139632050396,12.427380409062396,387.7865827959772,380.66918237202555,7.117400423951693,32.267948992044566
2020-08-17 10:00:00+00:00,419.8509401731692,17.70073670921593,402.1502034639533,394.6643729004088,7.4858305635444875,34.07752775072084
2020-08-17 11:00:00+00:00,593.4357367400377,180.91942154616837,412.5163151938693,401.19546181365433,11.32085338021493,39.52734016963264
2020-08-17 12:00:00+00:00,511.26503252663247,172.01417546325447,339.250857063378,329.35348376795343,9.89737329542459,36.959993056171626
2020-08-17 13:00:00+00:00,375.15157112058165,124.24990631032955,250.9016648102521,243.51631519386927,7.3853496163828165,33.13183007585559
2020-08-17 14:00:00+00:00,214.32948540816994,66.22436764165462,148.10511776651532,143.6839560914018,4.421161675113523,27.76761959196848
2020-08-17 15:00:00+00:00,46.813477807989436,1.9235776983845296,44.88990010960491,43.85159698893431,1.0383031206706,22.002148693075526
2020-08-17 16:00:00+00:00,0.0,0.0,0.0,0.0,0.0,19.38
2020-08-17 17:00:00+00:00,0.0,0.0,0.0,0.0,0.0,18.21
2020-08-17 18:00:00+00:00,0.0,0.0,0.0,0.0,0.0,17.45
2020-08-17 19:00:00+00:00,0.0,0.0,0.0,0.0,0.0,16.92
2020-08-17 20:00:00+00:00,0.0,0.0,0.0,0.0,0.0,16.27
2020-08-17 21:00:00+00:00,0.0,0.0,0.0,0.0,0.0,15.76
2020-08-17 22:00:00+00:00,0.0,0.0,0.0,0.0,0.0,15.4
2020-08-17 23:00:00+00:00,0.0,0.0,0.0,0.0,0.0,14.96
2020-08-18 00:00:00+00:00,0.0,0.0,0.0,0.0,0.0,14.65
2020-08-18 01:00:00+00:00,0.0,0.0,0.0,0.0,0.0,14.13
2020-08-18 02:00:00+00:00,0.0,0.0,0.0,0.0,0.0,13.88
2020-08-18 03:00:00+00:00,0.0,0.0,0.0,0.0,0.0,13.63
2020-08-18 04:00:00+00:00,39.05736835487436,0.0,39.05736835487436,38.253520777580995,0.8038475772933678,14.924474621014404
2020-08-18 05:00:00+00:00,43.688938215281574,0.0,43.688938215281574,42.918584287042094,0.7703539282394775,16.58400252529459
2020-08-18 06:00:00+00:00,244.68094634196973,10.755406825897142,233.92553951607258,229.52112466548598,4.404414850586577,24.669462715314356
2020-08-18 07:00:00+00:00,490.7694511430101,149.03774563996737,341.73170550304275,332.1525218736301,9.579183629412633,33.98186441091276
2020-08-18 08:00:00+00:00,606.0341909964018,213.55849733287985,392.4756936635219,380.66918237202555,11.806511291496339,38.31822753616501
2020-08-18 09:00:00+00:00,695.6897392210008,310.60154093127545,385.0881982897253,371.33905535310333,13.749142936621977,42.38493364089785
2020-08-18 10:00:00+00:00,677.222412618244,262.88069355093774,414.34171906730626,401.19546181365433,13.146257253651951,43.305661963793575
2020-08-18 11:00:00+00:00,301.6337316175273,1.476227620017408,300.1575039975099,294.83201379794133,5.325490199568561,33.39948408780229
2020-08-18 12:00:00+00:00,138.66489085719803,0.0,138.66489085719803,136.21985447626403,2.4450363809339937,28.555778452873277
2020-08-18 13:00:00+00:00,81.67931927204816,0.0,81.67931927204816,80.23909236273087,1.440226909317284,27.118516896180118
2020-08-18 14:00:00+00:00,193.65618334785793,35.957798841606035,157.6983845062519,153.9470958122162,3.751288694035716,29.300381320577753
2020-08-18 15:00:00+00:00,8.54783573777248,0.0,8.54783573777248,8.397114317029974,0.15072142074250644,22.49965493186141
2020-08-18 16:00:00+00:00,0.0,0.0,0.0,0.0,0.0,20.73
2020-08-18 17:00:00+00:00,0.0,0.0,0.0,0.0,0.0,19.52
2020-08-18 18:00:00+00:00,0.0,0.0,0.0,0.0,0.0,18.43
2020-08-18 19:00:00+00:00,0.0,0.0,0.0,0.0,0.0,18.14
2020-08-18 20:00:00+00:00,0.0,0.0,0.0,0.0,0.0,17.23
2020-08-18 21:00:00+00:00,0.0,0.0,0.0,0.0,0.0,16.37
2020-08-18 22:00:00+00:00,0.0,0.0,0.0,0.0,0.0,15.56
2020-08-18 23:00:00+00:00,0.0,0.0,0.0,0.0,0.0,14.95
2020-08-19 00:00:00+00:00,0.0,0.0,0.0,0.0,0.0,14.64
2020-08-19 01:00:00+00:00,0.0,0.0,0.0,0.0,0.0,14.49
2020-08-19 02:00:00+00:00,0.0,0.0,0.0,0.0,0.0,14.26
2020-08-19 03:00:00+00:00,0.0,0.0,0.0,0.0,0.0,13.87
2020-08-19 04:00:00+00:00,5.698557158514987,0.0,5.698557158514987,5.598076211353316,0.10048094716167097,14.087767554481054
2020-08-19 05:00:00+00:00,34.19134295108992,0.0,34.19134295108992,33.588457268119896,0.6028856829700258,15.637331037689652
2020-08-19 06:00:00+00:00,68.38268590217984,0.0,68.38268590217984,67.17691453623979,1.2057713659400515,18.219200681360654
2020-08-19 07:00:00+00:00,120.6194598552339,0.0,120.6194598552339,118.49261314031186,2.1268467149220354,21.247636700476658
2020-08-19 08:00:00+00:00,170.00695522903047,0.0,170.00695522903047,167.00927363870727,2.9976815903231837,24.308921442820743
2020-08-19 09:00:00+00:00,170.00695522903047,0.0,170.00695522903047,167.00927363870727,2.9976815903231837,24.990079282406583
2020-08-19 10:00:00+00:00,182.35382907247958,0.0,182.35382907247958,179.1384387633061,3.215390309173471,25.873303128019803
2020-08-19 11:00:00+00:00,180.45431001964127,0.0,180.45431001964127,177.2724133595217,3.181896660119581,26.067421049700258
2020-08-19 12:00:00+00:00,363.4514578901017,28.482978434004945,334.96847945609676,328.4204710660612,6.548008390035558,32.292263874262275
2020-08-19 13:00:00+00:00,329.25213721925854,63.69502784277878,265.5571093764798,259.377531126037,6.1795782504427645,31.306520151496173
2020-08-19 14:00:00+00:00,151.9690882780228,9.253956947243955,142.71513133077886,139.9519052838329,2.7632260469459515,25.30943684008751
2020-08-19 15:00:00+00:00,37.588821586638375,0.49795958271012103,37.09086200392825,36.387495373796554,0.7033666301316968,21.225706047969545
2020-08-19 16:00:00+00:00,0.0,0.0,0.0,0.0,0.0,18.98
2020-08-19 17:00:00+00:00,0.0,0.0,0.0,0.0,0.0,17.84
2020-08-19 18:00:00+00:00,0.0,0.0,0.0,0.0,0.0,17.23
2020-08-19 19:00:00+00:00,0.0,0.0,0.0,0.0,0.0,16.91
2020-08-19 20:00:00+00:00,0.0,0.0,0.0,0.0,0.0,16.5
2020-08-19 21:00:00+00:00,0.0,0.0,0.0,0.0,0.0,16.14
2020-08-19 22:00:00+00:00,0.0,0.0,0.0,0.0,0.0,15.81
2020-08-19 23:00:00+00:00,0.0,0.0,0.0,0.0,0.0,15.49
2020-08-20 00:00:00+00:00,0.0,0.0,0.0,0.0,0.0,15.14
2020-08-20 01:00:00+00:00,0.0,0.0,0.0,0.0,0.0,15.23
2020-08-20 02:00:00+00:00,0.0,0.0,0.0,0.0,0.0,15.01
2020-08-20 03:00:00+00:00,0.0,0.0,0.0,0.0,0.0,14.74
2020-08-20 04:00:00+00:00,8.54783573777248,0.0,8.54783573777248,8.397114317029974,0.15072142074250644,14.846651331721581
2020-08-20 05:00:00+00:00,42.7391786888624,0.0,42.7391786888624,41.98557158514987,0.7536071037125323,16.434084394498118
2020-08-20 06:00:00+00:00,66.48316684934152,0.0,66.48316684934152,65.31088913245536,1.1722777168861613,18.466176255689724
2020-08-20 07:00:00+00:00,262.3796246312002,2.09527391876827,260.28435071243194,255.64548031846812,4.63887039396381,26.047489461726958
2020-08-20 08:00:00+00:00,605.8912578997727,209.75050072678965,396.14075717298294,384.4012331795944,11.73952399338856,37.710692462583474
2020-08-20 09:00:00+00:00,266.88242692378526,0.0,266.88242692378526,262.17656923171364,4.70585769207159,28.443584265487317
2020-08-20 10:00:00+00:00,390.5949425951359,10.456676484092828,380.13826611104304,373.20508075688775,6.933185354155297,32.37112028809099
2020-08-20 11:00:00+00:00,714.7493638791877,503.0459972490561,211.7033666301317,196.8656800992583,14.837686530873412,42.54207287268103
2020-08-20 12:00:00+00:00,564.5183319123,296.568745038144,267.94958687415607,256.5784930203603,11.371093853795765,37.684396908479535
2020-08-20 13:00:00+00:00,373.9023649366196,121.23515566974478,252.66720926687483,245.3823405976537,7.2848686692211455,31.851241967797197
2020-08-20 14:00:00+00:00,196.8053753975494,39.97301629508192,156.83235910246748,153.01408311032398,3.818275992143497,26.518346081448783
2020-08-20 15:00:00+00:00,43.20360372822227,1.2969567940904136,41.90664693413186,41.05255888325765,0.8540880508742033,21.3758027133625
2020-08-20 16:00:00+00:00,0.0,0.0,0.0,0.0,0.0,19.1
2020-08-20 17:00:00+00:00,0.0,0.0,0.0,0.0,0.0,18.09
2020-08-20 18:00:00+00:00,0.0,0.0,0.0,0.0,0.0,17.3
2020-08-20 19:00:00+00:00,0.0,0.0,0.0,0.0,0.0,16.93
2020-08-20 20:00:00+00:00,0.0,0.0,0.0,0.0,0.0,15.99
2020-08-20 21:00:00+00:00,0.0,0.0,0.0,0.0,0.0,15.37
2020-08-20 22:00:00+00:00,0.0,0.0,0.0,0.0,0.0,14.73
2020-08-20 23:00:00+00:00,0.0,0.0,0.0,0.0,0.0,14.48
2020-08-21 00:00:00+00:00,0.0,0.0,0.0,0.0,0.0,14.46
2020-08-21 01:00:00+00:00,0.0,0.0,0.0,0.0,0.0,14.44
2020-08-21 02:00:00+00:00,0.0,0.0,0.0,0.0,0.0,14.4
2020-08-21 03:00:00+00:00,0.0,0.0,0.0,0.0,0.0,14.29
2020-08-21 04:00:00+00:00,33.27507707372465,0.0,33.27507707372465,32.65544456622768,0.619632507496971,15.254684459091186
2020-08-21 05:00:00+00:00,36.09086200392825,0.0,36.09086200392825,35.45448267190434,0.6363793320239162,15.92967126646508
2020-08-21 06:00:00+00:00,88.32763595698229,0.0,88.32763595698229,86.7701812759764,1.5574546810059,18.98715845554762
2020-08-21 07:00:00+00:00,147.21272659497052,0.0,147.21272659497052,144.616968793294,2.5957578016765,20.95979282341639
2020-08-21 08:00:00+00:00,199.44950054802456,0.0,199.44950054802456,195.9326673973661,3.516833150658484,23.850849100054518
2020-08-21 09:00:00+00:00,241.2389197104678,0.0,241.2389197104678,236.98522628062372,4.253693429844071,26.37788414958975
2020-08-21 10:00:00+00:00,202.29877912728207,0.0,202.29877912728207,198.73170550304275,3.5670736242393195,26.47572457670159
2020-08-21 11:00:00+00:00,177.60503144038378,0.0,177.60503144038378,174.47337525384503,3.1316561865387453,26.574221390054696
2020-08-21 12:00:00+00:00,308.9836251993241,9.591665658436948,299.3919595408871,293.8990010960491,5.492958444838013,30.420183893398058
2020-08-21 13:00:00+00:00,248.620164447535,12.778359054097175,235.84180539343782,231.3871500692704,4.454655324167413,28.65512231507973
2020-08-21 14:00:00+00:00,190.155647182579,33.50750314990792,156.64814403267107,153.01408311032398,3.6340609223471,26.51291581875683
2020-08-21 15:00:00+00:00,40.99788421192511,1.0242499796854783,39.97363423223963,39.18653347947321,0.7871007527664226,21.374172553540884
2020-08-21 16:00:00+00:00,0.0,0.0,0.0,0.0,0.0,19.17
2020-08-21 17:00:00+00:00,0.0,0.0,0.0,0.0,0.0,18.43
2020-08-21 18:00:00+00:00,0.0,0.0,0.0,0.0,0.0,17.8
2020-08-21 19:00:00+00:00,0.0,0.0,0.0,0.0,0.0,16.97
2020-08-21 20:00:00+00:00,0.0,0.0,0.0,0.0,0.0,16.37
2020-08-21 21:00:00+00:00,0.0,0.0,0.0,0.0,0.0,15.69
2020-08-21 22:00:00+00:00,0.0,0.0,0.0,0.0,0.0,15.03
2020-08-21 23:00:00+00:00,0.0,0.0,0.0,0.0,0.0,14.69
2020-08-22 00:00:00+00:00,0.0,0.0,0.0,0.0,0.0,14.64
2020-08-22 01:00:00+00:00,0.0,0.0,0.0,0.0,0.0,14.5
2020-08-22 02:00:00+00:00,0.0,0.0,0.0,0.0,0.0,14.45
2020-08-22 03:00:00+00:00,0.0,0.0,0.0,0.0,0.0,14.53
2020-08-22 04:00:00+00:00,6.6483166849341515,0.0,6.6483166849341515,6.531088913245536,0.11722777168861613,14.842130819066568
2020-08-22 05:00:00+00:00,37.040621530347416,0.0,37.040621530347416,36.387495373796554,0.6531261565508613,16.163004272437526
2020-08-22 06:00:00+00:00,82.6290787984673,0.0,82.6290787984673,81.17210506462308,1.456973733844229,18.836571875216176
2020-08-22 07:00:00+00:00,225.09300776134202,0.0,225.09300776134202,221.124010348456,3.9689974128860035,25.104816283239447
2020-08-22 08:00:00+00:00,246.93747686898277,0.0,246.93747686898277,242.58330249197704,4.354174377005742,26.6706542139973
2020-08-22 09:00:00+00:00,151.01176470064715,0.0,151.01176470064715,148.34901960086287,2.6627450997842805,24.468581004105385
2020-08-22 10:00:00+00:00,263.08338881810863,0.0,263.08338881810863,258.4445184241448,4.63887039396381,27.998630484445368
2020-08-22 11:00:00+00:00,405.99614900241914,21.807642417795254,384.1885065846239,376.93713156445665,7.251375020167255,32.39121895706128
2020-08-22 12:00:00+00:00,331.2521218050346,15.580275718806087,315.6718460862285,309.76021702821686,5.911629058011642,30.03026991100964
2020-08-22 13:00:00+00:00,70.28220495501819,0.0,70.28220495501819,69.04293994002424,1.239265014993942,22.03746214990916
2020-08-22 14:00:00+00:00,33.24158342467076,0.0,33.24158342467076,32.65544456622768,0.5861388584430807,20.399475341173254
2020-08-22 15:00:00+00:00,17.09567147554496,0.0,17.09567147554496,16.794228634059948,0.3014428414850129,19.100387257340024
2020-08-22 16:00:00+00:00,0.0,0.0,0.0,0.0,0.0,17.59
2020-08-22 17:00:00+00:00,0.0,0.0,0.0,0.0,0.0,16.85
2020-08-22 18:00:00+00:00,0.0,0.0,0.0,0.0,0.0,16.58
2020-08-22 19:00:00+00:00,0.0,0.0,0.0,0.0,0.0,16.47
2020-08-22 20:00:00+00:00,0.0,0.0,0.0,0.0,0.0,16.19
2020-08-22 21:00:00+00:00,0.0,0.0,0.0,0.0,0.0,15.85
2020-08-22 22:00:00+00:00,0.0,0.0,0.0,0.0,0.0,15.55
2020-08-22 23:00:00+00:00,0.0,0.0,0.0,0.0,0.0,15.23
2020-08-23 00:00:00+00:00,0.0,0.0,0.0,0.0,0.0,14.9
2020-08-23 01:00:00+00:00,0.0,0.0,0.0,0.0,0.0,14.71
2020-08-23 02:00:00+00:00,0.0,0.0,0.0,0.0,0.0,14.5
2020-08-23 03:00:00+00:00,0.0,0.0,0.0,0.0,0.0,14.27
2020-08-23 04:00:00+00:00,24.69374768689828,0.0,24.69374768689828,24.258330249197705,0.4354174377005742,14.96906542139973
2020-08-23 05:00:00+00:00,41.78941916244324,0.0,41.78941916244324,41.05255888325765,0.7368602791855872,15.943628732861065
2020-08-23 06:00:00+00:00,108.27258601178477,0.0,108.27258601178477,106.36344801571302,1.9091379960717485,18.86901379939524
2020-08-23 07:00:00+00:00,149.11224564780883,0.0,149.11224564780883,146.48299419707845,2.6292514507303903,21.417527025479867
2020-08-23 08:00:00+00:00,177.60503144038378,0.0,177.60503144038378,174.47337525384503,3.1316561865387453,23.56030289022124
2020-08-23 09:00:00+00:00,319.7057688140772,1.5028338146031952,318.202934999474,312.5592551338935,5.64367986558052,29.023941837703006
2020-08-23 10:00:00+00:00,227.9422863405995,0.0,227.9422863405995,223.92304845413267,4.019237886466839,27.260702179242173
2020-08-23 11:00:00+00:00,252.63603402749777,0.0,252.63603402749777,248.18137870333035,4.454655324167413,28.25070784334612
2020-08-23 12:00:00+00:00,389.73546818596947,40.26939346568102,349.4660747202885,342.41566159444454,7.050413125843913,32.413485252632114
2020-08-23 13:00:00+00:00,277.681491846383,24.476065784969098,253.2054260614139,248.18137870333035,5.024047358083548,28.910115731359074
2020-08-23 14:00:00+00:00,166.01048429693694,15.546555334062239,150.4639289628747,147.41600689897066,3.047922063904019,25.349283589415574
2020-08-23 15:00:00+00:00,47.450304720281494,4.409683189934078,43.040621530347416,41.98557158514987,1.0550499451975452,21.13192713668288
2020-08-23 16:00:00+00:00,0.0,0.0,0.0,0.0,0.0,19.03
2020-08-23 17:00:00+00:00,0.0,0.0,0.0,0.0,0.0,18.31
2020-08-23 18:00:00+00:00,0.0,0.0,0.0,0.0,0.0,17.73
2020-08-23 19:00:00+00:00,0.0,0.0,0.0,0.0,0.0,17.09
2020-08-23 20:00:00+00:00,0.0,0.0,0.0,0.0,0.0,16.44
2020-08-23 21:00:00+00:00,0.0,0.0,0.0,0.0,0.0,15.79
2020-08-23 22:00:00+00:00,0.0,0.0,0.0,0.0,0.0,15.37
2020-08-23 23:00:00+00:00,0.0,0.0,0.0,0.0,0.0,14.96
2020-08-24 00:00:00+00:00,0.0,0.0,0.0,0.0,0.0,14.8
2020-08-24 01:00:00+00:00,0.0,0.0,0.0,0.0,0.0,14.78
2020-08-24 02:00:00+00:00,0.0,0.0,0.0,0.0,0.0,14.71
2020-08-24 03:00:00+00:00,0.0,0.0,0.0,0.0,0.0,14.72
2020-08-24 04:00:00+00:00,6.6483166849341515,0.0,6.6483166849341515,6.531088913245536,0.11722777168861613,14.848960818492303
2020-08-24 05:00:00+00:00,37.040621530347416,0.0,37.040621530347416,36.387495373796554,0.6531261565508613,16.16984062364849
2020-08-24 06:00:00+00:00,108.27258601178477,0.0,108.27258601178477,106.36344801571302,1.9091379960717485,19.023076186874672
2020-08-24 07:00:00+00:00,83.57883832488648,0.0,83.57883832488648,82.1051177665153,1.4737205583711743,19.279427633343033
2020-08-24 08:00:00+00:00,144.363448015713,0.0,144.363448015713,141.81793068761735,2.5455173280956647,22.0720643813563
2020-08-24 09:00:00+00:00,151.96152422706635,0.0,151.96152422706635,149.2820323027551,2.679491924311226,23.124804611954
2020-08-24 10:00:00+00:00,133.9160932251022,0.0,133.9160932251022,131.55479096680293,2.361302258299268,23.43140247845981
2020-08-24 11:00:00+00:00,494.93294903811443,69.7994923986881,425.13345663942636,416.12366504392986,9.009791595496496,35.34709834969911
2020-08-24 12:00:00+00:00,174.7557528611263,0.0,174.7557528611263,171.67433714816838,3.08141571295791,26.01781887979314
2020-08-24 13:00:00+00:00,150.062005174228,0.0,150.062005174228,147.41600689897066,2.6459982752573357,25.476692403643543
2020-08-24 14:00:00+00:00,122.63591092407388,1.9662105952591569,120.66970032881473,118.49261314031186,2.177087188502871,24.37679139024554
2020-08-24 15:00:00+00:00,37.887574479894774,0.7967124759665246,37.09086200392825,36.387495373796554,0.7033666301316968,21.056203091416865
2020-08-24 16:00:00+00:00,0.0,0.0,0.0,0.0,0.0,18.69
2020-08-24 17:00:00+00:00,0.0,0.0,0.0,0.0,0.0,17.51
2020-08-24 18:00:00+00:00,0.0,0.0,0.0,0.0,0.0,17.03
2020-08-24 19:00:00+00:00,0.0,0.0,0.0,0.0,0.0,17.19
2020-08-24 20:00:00+00:00,0.0,0.0,0.0,0.0,0.0,16.67
2020-08-24 21:00:00+00:00,0.0,0.0,0.0,0.0,0.0,16.15
2020-08-24 22:00:00+00:00,0.0,0.0,0.0,0.0,0.0,15.68
2020-08-24 23:00:00+00:00,0.0,0.0,0.0,0.0,0.0,15.31
2020-08-25 00:00:00+00:00,0.0,0.0,0.0,0.0,0.0,15.01
2020-08-25 01:00:00+00:00,0.0,0.0,0.0,0.0,0.0,14.77
2020-08-25 02:00:00+00:00,0.0,0.0,0.0,0.0,0.0,14.4
2020-08-25 03:00:00+00:00,0.0,0.0,0.0,0.0,0.0,14.15
2020-08-25 04:00:00+00:00,12.34687384344914,0.0,12.34687384344914,12.129165124598853,0.2177087188502871,14.521001424145844
2020-08-25 05:00:00+00:00,86.42811690414398,0.0,86.42811690414398,84.90415587219196,1.5239610319520096,17.316141242962654
2020-08-25 06:00:00+00:00,311.37242424356884,41.55217514627461,269.8202490972942,264.0425946354981,5.7776544617960806,25.677794542245774
2020-08-25 07:00:00+00:00,360.25015457723634,24.415649717355087,335.83450485988124,329.35348376795343,6.4810210919277775,29.49080144450975
2020-08-25 08:00:00+00:00,370.40448929499826,11.144185940649903,359.26030335434837,352.6788013152589,6.5815020390894485,31.32915719983309
2020-08-25 09:00:00+00:00,528.4926641058432,67.31858593606952,461.17407816977374,451.5781477158342,9.595930453939578,37.167571048921744
2020-08-25 10:00:00+00:00,505.68047429168655,53.37242152569715,452.3080527659894,443.18103339880423,9.127019367185113,36.95926348828775
2020-08-25 11:00:00+00:00,414.3276580542412,24.390353837521502,389.9373042167197,382.53520777580997,7.402096440909761,34.699654934988665
2020-08-25 12:00:00+00:00,345.7975209475027,19.59458594802862,326.20293499947405,320.0233567490313,6.1795782504427645,32.85263442227958
2020-08-25 13:00:00+00:00,294.7905127885788,32.853035919596,261.9374768689828,256.5784930203603,5.358983848622452,31.36006588942584
2020-08-25 14:00:00+00:00,210.48058910652964,57.07883797014603,153.4017511363836,149.2820323027551,4.11971883362851,28.607373077362027
2020-08-25 15:00:00+00:00,39.50700832231542,1.4328931429141083,38.07411517940131,37.32050807568878,0.7536071037125323,22.813331280631477
2020-08-25 16:00:00+00:00,0.0,0.0,0.0,0.0,0.0,20.5
2020-08-25 17:00:00+00:00,0.0,0.0,0.0,0.0,0.0,19.19
2020-08-25 18:00:00+00:00,0.0,0.0,0.0,0.0,0.0,18.06
2020-08-25 19:00:00+00:00,0.0,0.0,0.0,0.0,0.0,17.27
2020-08-25 20:00:00+00:00,0.0,0.0,0.0,0.0,0.0,16.18
2020-08-25 21:00:00+00:00,0.0,0.0,0.0,0.0,0.0,15.32
2020-08-25 22:00:00+00:00,0.0,0.0,0.0,0.0,0.0,14.61
2020-08-25 23:00:00+00:00,0.0,0.0,0.0,0.0,0.0,14.13
2020-08-26 00:00:00+00:00,0.0,0.0,0.0,0.0,0.0,13.89
2020-08-26 01:00:00+00:00,0.0,0.0,0.0,0.0,0.0,13.72
2020-08-26 02:00:00+00:00,0.0,0.0,0.0,0.0,0.0,13.59
2020-08-26 03:00:00+00:00,0.0,0.0,0.0,0.0,0.0,13.65
2020-08-26 04:00:00+00:00,11.397114317029974,0.0,11.397114317029974,11.196152422706632,0.20096189432334194,14.00092439151924
2020-08-26 05:00:00+00:00,52.236773953054055,0.0,52.236773953054055,51.31569860407207,0.9210753489819838,16.122142270839397
2020-08-26 06:00:00+00:00,214.30750126207636,3.3771522743870666,210.93034898768929,207.12881982007272,3.8015291676165517,22.56551333956771
2020-08-26 07:00:00+00:00,304.6632751776507,7.2210751631827454,297.44220001446797,292.0329756922647,5.409224322203287,27.169740706188144
2020-08-26 08:00:00+00:00,522.5668750194237,86.58413980073986,435.98273521868384,426.3868047647443,9.595930453939578,35.03829977743104
2020-08-26 09:00:00+00:00,693.1635781360827,262.82666854039314,430.3369095956896,417.05667774582207,13.280231849867514,40.50007750863677
2020-08-26 10:00:00+00:00,690.1310183608256,258.0453111330402,432.0857072277854,418.9227031496065,13.163004078178897,41.26395094653986
2020-08-26 11:00:00+00:00,574.1864281776853,140.86394699684584,433.3224811808395,422.6547539571754,10.667727223664068,38.881051047737024
2020-08-26 12:00:00+00:00,569.9905086875614,274.25150265096204,295.73900603659933,284.5688740771269,11.170131959472423,38.89445285006479
2020-08-26 13:00:00+00:00,425.03555248990676,220.56200458379863,204.4735479061081,195.9326673973661,8.540880508742033,34.847839854427825
2020-08-26 14:00:00+00:00,242.70311159758108,133.0141733822995,109.68893821528157,104.49742261192857,5.191515603353,29.438337935328594
2020-08-26 15:00:00+00:00,48.584455890651014,5.5438343603036015,43.040621530347416,41.98557158514987,1.0550499451975452,22.935913858912713
2020-08-26 16:00:00+00:00,0.0,0.0,0.0,0.0,0.0,19.79
2020-08-26 17:00:00+00:00,0.0,0.0,0.0,0.0,0.0,18.4
2020-08-26 18:00:00+00:00,0.0,0.0,0.0,0.0,0.0,17.3
2020-08-26 19:00:00+00:00,0.0,0.0,0.0,0.0,0.0,16.57
2020-08-26 20:00:00+00:00,0.0,0.0,0.0,0.0,0.0,15.48
2020-08-26 21:00:00+00:00,0.0,0.0,0.0,0.0,0.0,14.72
2020-08-26 22:00:00+00:00,0.0,0.0,0.0,0.0,0.0,14.29
2020-08-26 23:00:00+00:00,0.0,0.0,0.0,0.0,0.0,14.17
2020-08-27 00:00:00+00:00,0.0,0.0,0.0,0.0,0.0,13.88
2020-08-27 01:00:00+00:00,0.0,0.0,0.0,0.0,0.0,14.13
2020-08-27 02:00:00+00:00,0.0,0.0,0.0,0.0,0.0,14.41
2020-08-27 03:00:00+00:00,0.0,0.0,0.0,0.0,0.0,14.49
2020-08-27 04:00:00+00:00,25.643507213317445,0.0,25.643507213317445,25.191342951089926,0.4521642622275194,15.197523617480325
2020-08-27 05:00:00+00:00,193.52877018008786,32.0815880417401,161.44718213834776,157.6791466197851,3.7680355185626615,21.48831921378077
2020-08-27 06:00:00+00:00,427.98139319443015,262.90727801502885,165.0741151794013,155.81312121600064,9.260993963400674,30.47242614721326
2020-08-27 07:00:00+00:00,570.2417725191673,289.0960332223045,281.14573929686276,269.64067084685144,11.505068450011326,36.33579036591422
2020-08-27 08:00:00+00:00,689.6436864409775,365.2180605987733,324.4256258422041,310.69322973010907,13.732396112095033,41.383563555070054
2020-08-27 09:00:00+00:00,772.0586342820961,464.58508637598806,307.47354790610814,292.0329756922647,15.440572213843438,45.23706897324195
2020-08-27 10:00:00+00:00,765.0675832225318,438.30221141817213,326.7653718043597,311.6262424320013,15.139129372358425,45.17167617415376
2020-08-27 11:00:00+00:00,688.6408158900857,356.06927809875583,332.5715377913299,319.090344047139,13.481193744190856,43.20512450553028
2020-08-27 12:00:00+00:00,623.983189222612,451.6434432604564,172.3397459621556,159.5451720235695,12.794573938586103,40.71880317741903
2020-08-27 13:00:00+00:00,392.862504493905,147.34120717615593,245.52129731774906,237.91823898251596,7.603058335233103,33.65144589685549
2020-08-27 14:00:00+00:00,251.7950927164523,160.4649656975301,91.3301270189222,85.83716857408419,5.492958444838013,29.248154756080904
2020-08-27 15:00:00+00:00,49.607367665363654,12.863379504884543,36.74398816047911,35.45448267190434,1.2895054885747774,22.35450173736816
2020-08-27 16:00:00+00:00,0.0,0.0,0.0,0.0,0.0,19.53
2020-08-27 17:00:00+00:00,0.0,0.0,0.0,0.0,0.0,18.31
2020-08-27 18:00:00+00:00,0.0,0.0,0.0,0.0,0.0,17.39
2020-08-27 19:00:00+00:00,0.0,0.0,0.0,0.0,0.0,16.71
2020-08-27 20:00:00+00:00,0.0,0.0,0.0,0.0,0.0,15.83
2020-08-27 21:00:00+00:00,0.0,0.0,0.0,0.0,0.0,15.21
2020-08-27 22:00:00+00:00,0.0,0.0,0.0,0.0,0.0,14.79
2020-08-27 23:00:00+00:00,0.0,0.0,0.0,0.0,0.0,14.37
2020-08-28 00:00:00+00:00,0.0,0.0,0.0,0.0,0.0,14.25
2020-08-28 01:00:00+00:00,0.0,0.0,0.0,0.0,0.0,14.0
2020-08-28 02:00:00+00:00,0.0,0.0,0.0,0.0,0.0,13.84
2020-08-28 03:00:00+00:00,0.0,0.0,0.0,0.0,0.0,13.9
2020-08-28 04:00:00+00:00,41.205809506242275,0.29916257211041697,40.90664693413186,40.119546181365436,0.7871007527664226,15.414719170438836
2020-08-28 05:00:00+00:00,154.64479159300294,8.147368981074338,146.49742261192858,143.6839560914018,2.813466520526787,20.10729906665262
2020-08-28 06:00:00+00:00,339.85428544412457,66.59861890912981,273.25566653499476,266.84163274117475,6.414033793819997,27.91719904057656
2020-08-28 07:00:00+00:00,437.19203790121975,70.85993777714692,366.33210012407284,358.2768775266122,8.055222597460622,33.21234087217859
2020-08-28 08:00:00+00:00,609.1855467244055,193.63573788148236,415.5498088429232,403.994499919331,11.555308923592161,39.57522377429865
2020-08-28 09:00:00+00:00,813.4172901333011,625.9291411600798,187.4881489732213,170.74132444627614,16.74682452694516,46.413854966887
2020-08-28 10:00:00+00:00,820.0879143883853,640.9298924340862,179.1580219542991,162.34421012924616,16.81381182505294,47.47049695157556
2020-08-28 11:00:00+00:00,690.0785928064743,363.08838440197076,326.9902084045035,313.4922678357857,13.4979405687178,44.557909592407434
2020-08-28 12:00:00+00:00,558.9345072355638,254.20031067058113,304.73419656498265,293.8990010960491,10.83519546893352,41.09172974067474
2020-08-28 13:00:00+00:00,421.10807709305163,214.00295932653634,207.10511776651532,198.73170550304275,8.37341226347258,36.46491483383103
2020-08-28 14:00:00+00:00,210.2253138051766,57.806815844266055,152.41849796091054,148.34901960086287,4.0694783600476745,29.386242173204632
2020-08-28 15:00:00+00:00,37.56628939494865,1.4084400929126157,36.157849302036034,35.45448267190434,0.7033666301316968,23.069026716686484
2020-08-28 16:00:00+00:00,0.0,0.0,0.0,0.0,0.0,20.37
2020-08-28 17:00:00+00:00,0.0,0.0,0.0,0.0,0.0,19.4
2020-08-28 18:00:00+00:00,0.0,0.0,0.0,0.0,0.0,18.8
2020-08-28 19:00:00+00:00,0.0,0.0,0.0,0.0,0.0,18.74
2020-08-28 20:00:00+00:00,0.0,0.0,0.0,0.0,0.0,18.25
2020-08-28 21:00:00+00:00,0.0,0.0,0.0,0.0,0.0,17.5
2020-08-28 22:00:00+00:00,0.0,0.0,0.0,0.0,0.0,16.54
2020-08-28 23:00:00+00:00,0.0,0.0,0.0,0.0,0.0,15.87
2020-08-29 00:00:00+00:00,0.0,0.0,0.0,0.0,0.0,15.51
2020-08-29 01:00:00+00:00,0.0,0.0,0.0,0.0,0.0,15.04
2020-08-29 02:00:00+00:00,0.0,0.0,0.0,0.0,0.0,14.47
2020-08-29 03:00:00+00:00,0.0,0.0,0.0,0.0,0.0,13.83
2020-08-29 04:00:00+00:00,15.196152422706634,0.0,15.196152422706634,14.92820323027551,0.2679491924311226,13.995700053977355
2020-08-29 05:00:00+00:00,216.99154648467152,63.238112033222066,153.75343445144946,149.2820323027551,4.4714021486943585,22.33238185112182
2020-08-29 06:00:00+00:00,408.4189931753588,182.70386184457996,225.71513133077886,217.39195954088711,8.323171789891745,30.550800804532223
2020-08-29 07:00:00+00:00,615.8062420821315,448.86361043700583,166.94263164512563,153.9470958122162,12.995535832909445,38.87660600735095
2020-08-29 08:00:00+00:00,755.5411405037732,594.2323971287317,161.30874337504162,145.54998149518622,15.758761879855397,45.48839264016683
2020-08-29 09:00:00+00:00,837.3622485569538,689.3907600821278,147.9714884748259,130.62177826491072,17.349710209915187,49.487629957436305
2020-08-29 10:00:00+00:00,849.7922591111522,721.1963286572127,128.5959304539396,111.02851152517411,17.567418928765473,50.37951075701495
2020-08-29 11:00:00+00:00,763.9988818310526,603.7571257541188,160.24175607693385,144.616968793294,15.624787283639836,47.26758128702941
2020-08-29 12:00:00+00:00,322.99384969211576,13.08754806251007,309.9063016296057,304.16214081686354,5.744160812742191,34.386566276762075
2020-08-29 13:00:00+00:00,376.5999648472819,119.40166666716152,257.1982981801204,250.0474041071148,7.150894073005584,35.82681155111023
2020-08-29 14:00:00+00:00,33.24158342467076,0.0,33.24158342467076,32.65544456622768,0.5861388584430807,24.90769515367467
2020-08-29 15:00:00+00:00,23.743988160479113,0.0,23.743988160479113,23.325317547305485,0.418670613173629,23.800966681958208
2020-08-29 16:00:00+00:00,0.0,0.0,0.0,0.0,0.0,21.84
2020-08-29 17:00:00+00:00,0.0,0.0,0.0,0.0,0.0,20.59
2020-08-29 18:00:00+00:00,0.0,0.0,0.0,0.0,0.0,19.59
2020-08-29 19:00:00+00:00,0.0,0.0,0.0,0.0,0.0,18.78
2020-08-29 20:00:00+00:00,0.0,0.0,0.0,0.0,0.0,17.88
2020-08-29 21:00:00+00:00,0.0,0.0,0.0,0.0,0.0,16.82
2020-08-29 22:00:00+00:00,0.0,0.0,0.0,0.0,0.0,15.93
2020-08-29 23:00:00+00:00,0.0,0.0,0.0,0.0,0.0,15.17
2020-08-30 00:00:00+00:00,0.0,0.0,0.0,0.0,0.0,14.63
2020-08-30 01:00:00+00:00,0.0,0.0,0.0,0.0,0.0,14.32
2020-08-30 02:00:00+00:00,0.0,0.0,0.0,0.0,0.0,14.04
2020-08-30 03:00:00+00:00,0.0,0.0,0.0,0.0,0.0,13.81
2020-08-30 04:00:00+00:00,51.6633864570227,2.8739672945794563,48.789419162443245,47.58364779650319,1.2057713659400515,15.372591978471371
2020-08-30 05:00:00+00:00,244.09875736542043,150.61790892575573,93.4808484396647,87.70319397786862,5.7776544617960806,23.012649274914764
2020-08-30 06:00:00+00:00,457.09641721825074,342.50065941657425,114.5957578016765,104.49742261192857,10.098335189747932,32.35840663296907
2020-08-30 07:00:00+00:00,642.1171251867288,512.7246476890525,129.39247749767634,115.6935750346352,13.698902463041142,41.20700741696344
2020-08-30 08:00:00+00:00,781.4733091334067,654.0496563963533,127.42365273705343,111.02851152517411,16.395141211879313,47.19108312532699
2020-08-30 09:00:00+00:00,853.0679217130308,717.840421398684,135.2275003143468,117.55960043841965,17.667899875927144,50.41604287557518
2020-08-30 10:00:00+00:00,842.025465763363,682.9750526375191,159.05041312584393,141.81793068761735,17.232482438226572,50.605935517520265
2020-08-30 11:00:00+00:00,726.2004286062875,450.5880966323471,275.6123319739404,261.24355652982143,14.368775444118949,47.390543262995664
2020-08-30 12:00:00+00:00,559.9208269746621,246.85650339075733,313.0643235839048,302.29611541307906,10.768208170825739,42.3399039736298
2020-08-30 13:00:00+00:00,414.96895034420083,191.33755313605664,223.63139720814416,215.5259341371027,8.105463071041457,37.945858563558254
2020-08-30 14:00:00+00:00,248.87917694660555,146.62084669740784,102.25833024919771,97.03332099679082,5.22500925240689,32.31230737708855
2020-08-30 15:00:00+00:00,50.561299988618174,11.152248318677959,39.40905166994021,38.253520777580995,1.1555308923592162,25.164969500866025
2020-08-30 16:00:00+00:00,0.0,0.0,0.0,0.0,0.0,21.91
2020-08-30 17:00:00+00:00,0.0,0.0,0.0,0.0,0.0,20.58
2020-08-30 18:00:00+00:00,0.0,0.0,0.0,0.0,0.0,19.56
2020-08-30 19:00:00+00:00,0.0,0.0,0.0,0.0,0.0,18.3
2020-08-30 20:00:00+00:00,0.0,0.0,0.0,0.0,0.0,17.25
2020-08-30 21:00:00+00:00,0.0,0.0,0.0,0.0,0.0,16.36
2020-08-30 22:00:00+00:00,0.0,0.0,0.0,0.0,0.0,15.5
2020-08-30 23:00:00+00:00,0.0,0.0,0.0,0.0,0.0,14.77
2020-08-31 00:00:00+00:00,0.0,0.0,0.0,0.0,0.0,14.13
2020-08-31 01:00:00+00:00,0.0,0.0,0.0,0.0,0.0,13.4
2020-08-31 02:00:00+00:00,0.0,0.0,0.0,0.0,0.0,12.9
2020-08-31 03:00:00+00:00,0.0,0.0,0.0,0.0,0.0,12.26
2020-08-31 04:00:00+00:00,50.833086317483456,7.357047349435469,43.47603896804799,41.98557158514987,1.4904673828981194,13.738180500595691
2020-08-31 05:00:00+00:00,246.73292536475958,148.62050706468767,98.11241830007192,92.36825748732973,5.744160812742191,23.018904372435976
2020-08-31 06:00:00+00:00,461.2039125819649,343.7923698500848,117.4115427318801,107.29646071760523,10.115082014274877,32.67783490906236
2020-08-31 07:00:00+00:00,642.7269644303752,505.9541194401959,136.77284499017938,123.15767664977297,13.615168340406417,41.13514294370175
2020-08-31 08:00:00+00:00,781.8770302308777,643.3577060182794,138.51932421259838,122.22466394788074,16.294660264717642,47.1918757623694
2020-08-31 09:00:00+00:00,832.7398490021104,644.0842317836197,188.65561721849076,171.67433714816838,16.981280070322395,49.96218960868332
2020-08-31 10:00:00+00:00,825.3765877293304,610.015285471031,215.3613022582993,198.73170550304275,16.629596755256546,50.19498422615546
2020-08-31 11:00:00+00:00,662.454401125832,280.35426548319634,382.10013564263556,369.4730299493189,12.627105693316652,45.158219916516735
2020-08-31 12:00:00+00:00,589.8499050311959,314.30224194568643,275.54766308550944,264.0425946354981,11.505068450011326,42.34299302143274
2020-08-31 13:00:00+00:00,384.9625107173524,129.47951652027396,255.48299419707845,248.18137870333035,7.30161549374809,35.27296535703908
2020-08-31 14:00:00+00:00,89.27739548340146,0.0,89.27739548340146,87.70319397786862,1.574201505532845,25.655500543939826
2020-08-31 15:00:00+00:00,38.28550745755461,2.110911330991628,36.17459612656298,35.45448267190434,0.720113454658642,23.198738669412954
2020-08-31 16:00:00+00:00,0.0,0.0,0.0,0.0,0.0,19.24
2020-08-31 17:00:00+00:00,0.0,0.0,0.0,0.0,0.0,18.87
2020-08-31 18:00:00+00:00,0.0,0.0,0.0,0.0,0.0,18.5
2020-08-31 19:00:00+00:00,0.0,0.0,0.0,0.0,0.0,18.13
2020-08-31 20:00:00+00:00,0.0,0.0,0.0,0.0,0.0,17.76
2020-08-31 21:00:00+00:00,0.0,0.0,0.0,0.0,0.0,17.39
2020-08-31 22:00:00+00:00,0.0,0.0,0.0,0.0,0.0,17.02
2020-08-31 23:00:00+00:00,0.0,0.0,0.0,0.0,0.0,16.64
2012-09-01 00:00:00+00:00,0.0,0.0,0.0,0.0,0.0,16.27
2012-09-01 01:00:00+00:00,0.0,0.0,0.0,0.0,0.0,15.9
2012-09-01 02:00:00+00:00,0.0,0.0,0.0,0.0,0.0,15.53
2012-09-01 03:00:00+00:00,0.0,0.0,0.0,0.0,0.0,15.16
2012-09-01 04:00:00+00:00,12.34687384344914,0.0,12.34687384344914,12.129165124598853,0.2177087188502871,15.185231555711105
2012-09-01 05:00:00+00:00,72.1817240078565,0.0,72.1817240078565,70.90896534380867,1.2727586640478323,16.743060088906304
2012-09-01 06:00:00+00:00,264.2864438754175,14.164751936638337,250.12169193877918,245.3823405976537,4.739351341125481,22.601611588470128
2012-09-01 07:00:00+00:00,370.53608031888297,26.13699289670226,344.3990874221807,337.75059808498344,6.648489337197229,25.734376693197255
2012-09-01 08:00:00+00:00,704.4587440710849,375.25082694773107,329.2079171233538,315.3582932395702,13.849623883783648,42.352935676830754
2012-09-01 09:00:00+00:00,824.4605534273161,605.350453536921,219.1100998903951,202.46375631061161,16.64634357978349,47.59650025137191
2012-09-01 10:00:00+00:00,838.4981918371841,656.3904103564658,182.10778148071827,165.14324823492282,16.964533245795447,48.35829435101759
2012-09-01 11:00:00+00:00,762.3248958914518,562.2985301236914,200.02636576776038,184.73651497465946,15.289850793100932,45.55135540647764
2012-09-01 12:00:00+00:00,628.923306597319,436.27498991238485,192.64831668493417,180.07145146519835,12.576865219735817,40.66071789871722
2012-09-01 13:00:00+00:00,413.12430855999946,184.01206291219057,229.11224564780886,221.124010348456,7.9882352993528425,34.1900198367763
2012-09-01 14:00:00+00:00,257.6993502408536,167.3859700464584,90.31338019439525,84.90415587219196,5.409224322203287,29.4933013700591
2012-09-01 15:00:00+00:00,49.07640436116688,10.684099515753607,38.39230484541327,37.32050807568878,1.0717967697244903,22.722691431071528
2012-09-01 16:00:00+00:00,0.0,0.0,0.0,0.0,0.0,19.84
2012-09-01 17:00:00+00:00,0.0,0.0,0.0,0.0,0.0,18.65
2012-09-01 18:00:00+00:00,0.0,0.0,0.0,0.0,0.0,17.49
2012-09-01 19:00:00+00:00,0.0,0.0,0.0,0.0,0.0,17.11
2012-09-01 20:00:00+00:00,0.0,0.0,0.0,0.0,0.0,16.17
2012-09-01 21:00:00+00:00,0.0,0.0,0.0,0.0,0.0,15.21
2012-09-01 22:00:00+00:00,0.0,0.0,0.0,0.0,0.0,14.54
2012-09-01 23:00:00+00:00,0.0,0.0,0.0,0.0,0.0,14.15
2012-09-02 00:00:00+00:00,0.0,0.0,0.0,0.0,0.0,13.9
2012-09-02 01:00:00+00:00,0.0,0.0,0.0,0.0,0.0,13.61
2012-09-02 02:00:00+00:00,0.0,0.0,0.0,0.0,0.0,13.42
2012-09-02 03:00:00+00:00,0.0,0.0,0.0,0.0,0.0,13.09
2012-09-02 04:00:00+00:00,19.944950054802455,0.0,19.944950054802455,19.593266739736606,0.3516833150658484,13.495713836440546
2012-09-02 05:00:00+00:00,131.7412259703321,2.506943079217924,129.23428289111416,126.88972745734183,2.3445554337723227,18.85772427300244
2012-09-02 06:00:00+00:00,309.10157935419016,35.683254045542704,273.41832530864747,267.77464544306696,5.64367986558052,26.53710285592155
2012-09-02 07:00:00+00:00,631.465255110553,455.10876232387045,176.35649278668257,163.2772228311384,13.079269955544172,39.360878418230705
2012-09-02 08:00:00+00:00,754.3416917899075,536.588084686195,217.75360710371254,202.46375631061161,15.289850793100932,44.95121389798134
2012-09-02 09:00:00+00:00,854.4609953444179,707.3052917997957,147.1557035446223,129.6887655630185,17.466937981603802,48.98747214428781
2012-09-02 10:00:00+00:00,839.6776856426911,657.6033978110268,182.07428783166438,165.14324823492282,16.93103959674156,49.052547218237954
2012-09-02 11:00:00+00:00,554.9149418085528,119.29582725784512,435.61911455070776,425.4537920628521,10.165322487855713,40.2817472697125
2012-09-02 12:00:00+00:00,467.9707459607308,102.96877285558011,365.0019731051507,356.4108521228278,8.591120982322868,38.037545092347884
2012-09-02 13:00:00+00:00,333.151790947362,64.86263076331333,268.2891601840486,262.17656923171364,6.112590952334984,33.724928522994546
2012-09-02 14:00:00+00:00,226.25643550996193,84.69915348121911,141.55728202874283,137.15286717815624,4.404414850586577,29.700149619634445
2012-09-02 15:00:00+00:00,49.728779474843925,13.169006384161207,36.55977309068272,35.45448267190434,1.1052904187783807,23.648086039746797
2012-09-02 16:00:00+00:00,0.0,0.0,0.0,0.0,0.0,20.92
2012-09-02 17:00:00+00:00,0.0,0.0,0.0,0.0,0.0,19.75
2012-09-02 18:00:00+00:00,0.0,0.0,0.0,0.0,0.0,18.72
2012-09-02 19:00:00+00:00,0.0,0.0,0.0,0.0,0.0,17.79
2012-09-02 20:00:00+00:00,0.0,0.0,0.0,0.0,0.0,16.59
2012-09-02 21:00:00+00:00,0.0,0.0,0.0,0.0,0.0,15.81
2012-09-02 22:00:00+00:00,0.0,0.0,0.0,0.0,0.0,15.26
2012-09-02 23:00:00+00:00,0.0,0.0,0.0,0.0,0.0,14.95
2012-09-03 00:00:00+00:00,0.0,0.0,0.0,0.0,0.0,14.46
2012-09-03 01:00:00+00:00,0.0,0.0,0.0,0.0,0.0,14.13
2012-09-03 02:00:00+00:00,0.0,0.0,0.0,0.0,0.0,13.72
2012-09-03 03:00:00+00:00,0.0,0.0,0.0,0.0,0.0,13.45
2012-09-03 04:00:00+00:00,58.1845218793163,7.361609067819165,50.82291281149713,49.44967320028763,1.3732396112095033,15.355166031343312
2012-09-03 05:00:00+00:00,234.3818507059811,77.52793530736994,156.85391539861115,152.08107040843177,4.7728449901793715,22.628066332357307
2012-09-03 06:00:00+00:00,463.9106691313516,324.34127709743547,139.56939203391616,129.6887655630185,9.880626470897646,32.11053550100687
2012-09-03 07:00:00+00:00,651.8843423746238,506.73112989194135,145.1532124826824,131.55479096680293,13.59842151587947,39.640264038321604
2012-09-03 08:00:00+00:00,772.5018872196357,578.5879397519473,193.91394746768847,178.2054260614139,15.708521406274562,44.67180585723818
2012-09-03 09:00:00+00:00,804.0824295110021,503.67105943138506,300.41137007961703,284.5688740771269,15.842496002490122,46.39803489275033
2012-09-03 10:00:00+00:00,779.3229643585771,433.9308321654269,345.3921321931502,330.28649646984564,15.105635723304536,46.38347381779352
2012-09-03 11:00:00+00:00,671.079145471324,288.87852888152673,382.2006165897972,369.4730299493189,12.727586640478323,43.83028456276756
2012-09-03 12:00:00+00:00,369.0628707324137,28.446074591382793,340.61679614103093,334.01854727741454,6.598248863616393,35.36104967651411
2012-09-03 13:00:00+00:00,146.26296706855135,0.0,146.26296706855135,143.6839560914018,2.579010977149555,28.913587762517395
2012-09-03 14:00:00+00:00,168.00470824661517,18.47379198563269,149.53091626098248,146.48299419707845,3.047922063904019,29.304085891424908
2012-09-03 15:00:00+00:00,43.63194807074051,5.457351944177533,38.17459612656298,37.32050807568878,0.8540880508742033,24.627439470161953
2012-09-03 16:00:00+00:00,0.0,0.0,0.0,0.0,0.0,21.47
2012-09-03 17:00:00+00:00,0.0,0.0,0.0,0.0,0.0,19.8
2012-09-03 18:00:00+00:00,0.0,0.0,0.0,0.0,0.0,18.66
2012-09-03 19:00:00+00:00,0.0,0.0,0.0,0.0,0.0,17.98
2012-09-03 20:00:00+00:00,0.0,0.0,0.0,0.0,0.0,17.12
2012-09-03 21:00:00+00:00,0.0,0.0,0.0,0.0,0.0,16.22
2012-09-03 22:00:00+00:00,0.0,0.0,0.0,0.0,0.0,15.16
2012-09-03 23:00:00+00:00,0.0,0.0,0.0,0.0,0.0,14.27
2012-09-04 00:00:00+00:00,0.0,0.0,0.0,0.0,0.0,13.44
2012-09-04 01:00:00+00:00,0.0,0.0,0.0,0.0,0.0,12.63
2012-09-04 02:00:00+00:00,0.0,0.0,0.0,0.0,0.0,12.11
2012-09-04 03:00:00+00:00,0.0,0.0,0.0,0.0,0.0,11.73
2012-09-04 04:00:00+00:00,57.61905972669594,5.080842932156873,52.53821679453907,51.31569860407207,1.2225181904669968,13.511565884011135
2012-09-04 05:00:00+00:00,211.3709348606142,41.24194238827841,170.1289924723358,166.07626093681506,4.052731535520729,19.515331358337125
2012-09-04 06:00:00+00:00,297.69483388447213,28.259761751297678,269.43507213317446,264.0425946354981,5.392477497676342,24.524247988406348
2012-09-04 07:00:00+00:00,657.1071354378096,515.6189864645883,141.4881489732213,127.82274015923406,13.665408813987252,38.91490229926311
2012-09-04 08:00:00+00:00,794.4907101575393,651.3063224354798,143.18438772205948,126.88972745734183,16.294660264717642,45.971480528284054
2012-09-04 09:00:00+00:00,869.8359946813348,729.9266840329999,139.90931064833484,122.22466394788074,17.684646700454092,49.679912027375266
2012-09-04 10:00:00+00:00,775.4955958159303,424.63936200764243,350.8562338082879,335.88457268119896,14.971661127088975,47.62283485337539
2012-09-04 11:00:00+00:00,702.3709186322868,359.5529879446695,342.8179306876173,329.35348376795343,13.46444691966391,45.910591939453454
2012-09-04 12:00:00+00:00,363.79908208449615,27.014817698195742,336.7842643863004,330.28649646984564,6.497767916454722,35.94443634858652
2012-09-04 13:00:00+00:00,125.36825748732973,0.0,125.36825748732973,123.15767664977297,2.2105808375567615,28.43561441850259
2012-09-04 14:00:00+00:00,56.98557158514988,0.0,56.98557158514988,55.98076211353317,1.0048094716167097,25.674370190228448
2012-09-04 15:00:00+00:00,13.296633369868303,0.0,13.296633369868303,13.062177826491071,0.23445554337723226,23.466353044386636
2012-09-04 16:00:00+00:00,0.0,0.0,0.0,0.0,0.0,21.63
2012-09-04 17:00:00+00:00,0.0,0.0,0.0,0.0,0.0,20.48
2012-09-04 18:00:00+00:00,0.0,0.0,0.0,0.0,0.0,19.43
2012-09-04 19:00:00+00:00,0.0,0.0,0.0,0.0,0.0,18.77
2012-09-04 20:00:00+00:00,0.0,0.0,0.0,0.0,0.0,17.82
2012-09-04 21:00:00+00:00,0.0,0.0,0.0,0.0,0.0,16.56
2012-09-04 22:00:00+00:00,0.0,0.0,0.0,0.0,0.0,15.49
2012-09-04 23:00:00+00:00,0.0,0.0,0.0,0.0,0.0,14.65
2012-09-05 00:00:00+00:00,0.0,0.0,0.0,0.0,0.0,14.04
2012-09-05 01:00:00+00:00,0.0,0.0,0.0,0.0,0.0,13.57
2012-09-05 02:00:00+00:00,0.0,0.0,0.0,0.0,0.0,13.12
2012-09-05 03:00:00+00:00,0.0,0.0,0.0,0.0,0.0,12.79
2012-09-05 04:00:00+00:00,15.196152422706634,0.0,15.196152422706634,14.92820323027551,0.2679491924311226,13.014870443580728
2012-09-05 05:00:00+00:00,56.035812058730706,0.0,56.035812058730706,55.04774941164094,0.9880626470897645,16.117879225484003
2012-09-05 06:00:00+00:00,185.9514307707111,0.7315762944470537,185.21985447626406,181.9374768689828,3.282377607281252,22.45093117968558
2012-09-05 07:00:00+00:00,536.1752798037625,181.7282703176778,354.44700948608465,344.28168699822896,10.165322487855713,34.8623297900398
2012-09-05 08:00:00+00:00,758.8260626498793,525.3284673856876,233.49759526419166,218.32497224277935,15.172623021412317,43.87086732301412
2012-09-05 09:00:00+00:00,809.2374916563513,524.6203502107942,284.6171414455571,268.70765814495917,15.909483300597904,46.81697373616733
2012-09-05 10:00:00+00:00,743.5315254383456,350.57730174483595,392.95422369350973,378.80315696824107,14.151066725268661,45.63374994471187
2012-09-05 11:00:00+00:00,479.7420008289088,56.85974655738661,422.8822542715222,414.25763964014544,8.624614631376758,37.391417291353
2012-09-05 12:00:00+00:00,339.7725018305418,18.368604936744408,321.40389689379737,315.3582932395702,6.045603654227203,32.67951534756694
2012-09-05 13:00:00+00:00,225.692948271258,7.097535774107625,218.59541249715036,214.59292143521046,4.002491061939893,28.43538309324885
2012-09-05 14:00:00+00:00,158.1097269400809,14.377848784775079,143.73187815530582,140.88491798572514,2.8469601695806777,25.881336393543357
2012-09-05 15:00:00+00:00,41.191428105839385,4.949844681168628,36.24158342467076,35.45448267190434,0.7871007527664226,21.919813445060747
2012-09-05 16:00:00+00:00,0.0,0.0,0.0,0.0,0.0,20.1
2012-09-05 17:00:00+00:00,0.0,0.0,0.0,0.0,0.0,19.7
2012-09-05 18:00:00+00:00,0.0,0.0,0.0,0.0,0.0,19.39
2012-09-05 19:00:00+00:00,0.0,0.0,0.0,0.0,0.0,18.52
2012-09-05 20:00:00+00:00,0.0,0.0,0.0,0.0,0.0,17.12
2012-09-05 21:00:00+00:00,0.0,0.0,0.0,0.0,0.0,15.95
2012-09-05 22:00:00+00:00,0.0,0.0,0.0,0.0,0.0,15.21
2012-09-05 23:00:00+00:00,0.0,0.0,0.0,0.0,0.0,14.56
2012-09-06 00:00:00+00:00,0.0,0.0,0.0,0.0,0.0,14.07
2012-09-06 01:00:00+00:00,0.0,0.0,0.0,0.0,0.0,13.55
2012-09-06 02:00:00+00:00,0.0,0.0,0.0,0.0,0.0,13.37
2012-09-06 03:00:00+00:00,0.0,0.0,0.0,0.0,0.0,13.18
2012-09-06 04:00:00+00:00,12.34687384344914,0.0,12.34687384344914,12.129165124598853,0.2177087188502871,13.43247625721621
2012-09-06 05:00:00+00:00,68.38268590217984,0.0,68.38268590217984,67.17691453623979,1.2057713659400515,16.403210653772653
2012-09-06 06:00:00+00:00,236.61380968211827,6.621282867937927,229.99252681418034,225.7890738579171,4.203452956263235,23.79121196885511
2012-09-06 07:00:00+00:00,316.3532337005954,8.446932070989703,307.9063016296057,302.29611541307906,5.610186216526629,28.00200227626248
2012-09-06 08:00:00+00:00,588.4888544028008,148.4343224143925,440.0545319884083,429.1858428704209,10.86868911798741,38.5540309016355
2012-09-06 09:00:00+00:00,503.5505199085967,48.54390998409241,455.0066099245043,445.98007150448086,9.026538420023442,37.317509423965944
2012-09-06 10:00:00+00:00,768.5277396590848,405.7935430941022,362.73419656498265,348.01373780579786,14.720458759184798,47.27957583050597
2012-09-06 11:00:00+00:00,506.4905651758567,75.62505772886148,430.86550744699525,421.7217412552832,9.143766191712059,39.7292622872867
2012-09-06 12:00:00+00:00,465.1500057325145,101.1815262764177,363.9684794560968,355.4778394209356,8.490640035161197,38.51489675700131
2012-09-06 13:00:00+00:00,420.82104600063946,200.98868689817198,219.83235910246748,211.7938833295338,8.038475772933678,36.87060110199508
2012-09-06 14:00:00+00:00,168.342060214197,20.677169356998974,147.66489085719803,144.616968793294,3.047922063904019,28.582349634476863
2012-09-06 15:00:00+00:00,35.620857110005986,2.3122863872274486,33.30857072277854,32.65544456622768,0.6531261565508613,23.86270552070893
2012-09-06 16:00:00+00:00,0.0,0.0,0.0,0.0,0.0,21.46
2012-09-06 17:00:00+00:00,0.0,0.0,0.0,0.0,0.0,20.62
2012-09-06 18:00:00+00:00,0.0,0.0,0.0,0.0,0.0,19.61
2012-09-06 19:00:00+00:00,0.0,0.0,0.0,0.0,0.0,18.93
2012-09-06 20:00:00+00:00,0.0,0.0,0.0,0.0,0.0,17.59
2012-09-06 21:00:00+00:00,0.0,0.0,0.0,0.0,0.0,16.34
2012-09-06 22:00:00+00:00,0.0,0.0,0.0,0.0,0.0,15.35
2012-09-06 23:00:00+00:00,0.0,0.0,0.0,0.0,0.0,14.62
2012-09-07 00:00:00+00:00,0.0,0.0,0.0,0.0,0.0,14.22
2012-09-07 01:00:00+00:00,0.0,0.0,0.0,0.0,0.0,13.94
2012-09-07 02:00:00+00:00,0.0,0.0,0.0,0.0,0.0,13.64
2012-09-07 03:00:00+00:00,0.0,0.0,0.0,0.0,0.0,13.44
2012-09-07 04:00:00+00:00,10.44735479061081,0.0,10.44735479061081,10.263139720814413,0.1842150697963968,13.535907183215267
2012-09-07 05:00:00+00:00,172.62541520622136,12.747625101789763,159.8777901044316,156.74613391789285,3.1316561865387453,19.688639840654346
2012-09-07 06:00:00+00:00,225.8391501988056,4.444699595978582,221.39445060282702,217.39195954088711,4.002491061939893,23.45189160755259
2012-09-07 07:00:00+00:00,175.70551238754544,0.0,175.70551238754544,172.6073498500606,3.0981625374848547,23.981932701477415
2012-09-07 08:00:00+00:00,285.7332013505708,0.7885966002945352,284.9446047502763,279.9038105676658,5.040794182610494,28.762427499000584
2012-09-07 09:00:00+00:00,485.4222063628308,39.164394070422325,446.2578122924085,437.5829571874509,8.674855104957594,35.638115522105124
2012-09-07 10:00:00+00:00,586.4298899574815,111.13858401601908,475.2913059414624,464.6403255423253,10.650980399137122,39.192336343806964
2012-09-07 11:00:00+00:00,533.0320731110838,96.98235059429223,436.04972251679163,426.3868047647443,9.662917752047358,38.13084830527677
2012-09-07 12:00:00+00:00,420.6903628027075,61.35826267863467,359.33210012407284,351.7457886133667,7.5863115107061585,35.05593175658042
2012-09-07 13:00:00+00:00,315.35837203966616,51.203186451833034,264.1551855878331,258.4445184241448,5.7106671636883,31.874861865967915
2012-09-07 14:00:00+00:00,108.90552913975851,1.5492090053390168,107.35632013441949,105.4304353138208,1.9258848205986936,25.649103918194488
2012-09-07 15:00:00+00:00,40.75456373066425,5.4627398324126535,35.2918238982516,34.52146997001212,0.7703539282394775,23.022767457770378
2012-09-07 16:00:00+00:00,0.0,0.0,0.0,0.0,0.0,20.32
2012-09-07 17:00:00+00:00,0.0,0.0,0.0,0.0,0.0,18.94
2012-09-07 18:00:00+00:00,0.0,0.0,0.0,0.0,0.0,17.6
2012-09-07 19:00:00+00:00,0.0,0.0,0.0,0.0,0.0,16.48
2012-09-07 20:00:00+00:00,0.0,0.0,0.0,0.0,0.0,15.87
2012-09-07 21:00:00+00:00,0.0,0.0,0.0,0.0,0.0,15.42
2012-09-07 22:00:00+00:00,0.0,0.0,0.0,0.0,0.0,15.21
2012-09-07 23:00:00+00:00,0.0,0.0,0.0,0.0,0.0,15.13
2012-09-08 00:00:00+00:00,0.0,0.0,0.0,0.0,0.0,14.92
2012-09-08 01:00:00+00:00,0.0,0.0,0.0,0.0,0.0,14.73
2012-09-08 02:00:00+00:00,0.0,0.0,0.0,0.0,0.0,14.63
2012-09-08 03:00:00+00:00,0.0,0.0,0.0,0.0,0.0,14.42
2012-09-08 04:00:00+00:00,8.54783573777248,0.0,8.54783573777248,8.397114317029974,0.15072142074250644,14.571714331918916
2012-09-08 05:00:00+00:00,200.90534395951295,29.228515749404707,171.67682821010825,167.94228634059948,3.734541869508771,21.086278701130535
2012-09-08 06:00:00+00:00,188.81443973165636,0.7453066761348149,188.06913305552155,184.73651497465946,3.3326180808620873,21.61455783460224
2012-09-08 07:00:00+00:00,559.96633442454,213.44752816873094,346.5188062558091,335.88457268119896,10.634233574610178,35.53403900118159
2012-09-08 08:00:00+00:00,428.459451597247,26.15852671255116,402.3009248846958,394.6643729004088,7.636551984286994,33.24675285481099
2012-09-08 09:00:00+00:00,553.9647855708371,80.25961848781778,473.70516708301926,463.707312840433,9.99785424258626,38.10298479365811
2012-09-08 10:00:00+00:00,804.0701413236378,490.93152990806857,313.13861141556924,297.631051903618,15.50755951195122,46.813333824982564
2012-09-08 11:00:00+00:00,706.3758765214734,364.54119900932903,341.8346775121443,328.4204710660612,13.414206446083075,44.244671639808516
2012-09-08 12:00:00+00:00,467.18385056846626,102.26561158595027,364.91823898251596,356.4108521228278,8.507386859688141,36.76243264632254
2012-09-08 13:00:00+00:00,228.57162375203814,8.059945377522503,220.51167837451564,216.4589468389949,4.052731535520729,29.582709849028223
2012-09-08 14:00:00+00:00,153.23117071418733,13.331824313612074,139.89934640057524,137.15286717815624,2.7464792224190067,26.939433302176273
2012-09-08 15:00:00+00:00,39.419677694741104,5.094360147435621,34.32531754730548,33.588457268119896,0.7368602791855872,22.806497514051213
2012-09-08 16:00:00+00:00,0.0,0.0,0.0,0.0,0.0,20.81
2012-09-08 17:00:00+00:00,0.0,0.0,0.0,0.0,0.0,20.05
2012-09-08 18:00:00+00:00,0.0,0.0,0.0,0.0,0.0,18.54
2012-09-08 19:00:00+00:00,0.0,0.0,0.0,0.0,0.0,17.36
2012-09-08 20:00:00+00:00,0.0,0.0,0.0,0.0,0.0,16.31
2012-09-08 21:00:00+00:00,0.0,0.0,0.0,0.0,0.0,15.45
2012-09-08 22:00:00+00:00,0.0,0.0,0.0,0.0,0.0,14.65
2012-09-08 23:00:00+00:00,0.0,0.0,0.0,0.0,0.0,14.02
2012-09-09 00:00:00+00:00,0.0,0.0,0.0,0.0,0.0,13.38
2012-09-09 01:00:00+00:00,0.0,0.0,0.0,0.0,0.0,13.22
2012-09-09 02:00:00+00:00,0.0,0.0,0.0,0.0,0.0,12.89
2012-09-09 03:00:00+00:00,0.0,0.0,0.0,0.0,0.0,12.62
2012-09-09 04:00:00+00:00,43.60646835510674,0.8337960171904482,42.77267233791629,41.98557158514987,0.7871007527664226,13.936140630205744
2012-09-09 05:00:00+00:00,204.3467011318631,31.66987292175482,172.67682821010828,168.87529904249172,3.8015291676165517,20.37413572323915
2012-09-09 06:00:00+00:00,282.121139660336,19.552092930946024,262.56904672939,257.51150572225254,5.057541007137439,24.683965118538282
2012-09-09 07:00:00+00:00,519.9634153330485,148.27482242229303,371.6885929107554,362.0089283341811,9.679664576574304,33.638337271992725
2012-09-09 08:00:00+00:00,763.9839533797312,506.3954961116113,257.5884572681199,242.58330249197704,15.005154776142865,43.37879816808245
2012-09-09 09:00:00+00:00,852.7262678921577,639.9797886697387,212.74647922241903,195.9326673973661,16.81381182505294,48.666018506792724
2012-09-09 10:00:00+00:00,654.7315567323425,189.24641677785021,465.48513995449224,453.44417311961865,12.04096683487357,43.07838239319686
2012-09-09 11:00:00+00:00,436.70527930519694,34.25363299975864,402.4516463054383,394.6643729004088,7.7872734050295005,36.85957020283273
2012-09-09 12:00:00+00:00,567.5419205224454,254.59482471022923,312.94709581221616,302.29611541307906,10.650980399137122,41.40294618868084
2012-09-09 13:00:00+00:00,154.81080280632384,0.0,154.81080280632384,152.08107040843177,2.7297323978920613,28.06935189673531
2012-09-09 14:00:00+00:00,101.48512935227272,0.7938727273143394,100.69125662495838,98.89934640057525,1.7919102243831322,25.77205534165338
2012-09-09 15:00:00+00:00,42.668437612787166,7.343120065481679,35.32531754730549,34.52146997001212,0.8038475772933678,23.296769858228636
2012-09-09 16:00:00+00:00,0.0,0.0,0.0,0.0,0.0,21.12
2012-09-09 17:00:00+00:00,0.0,0.0,0.0,0.0,0.0,20.23
2012-09-09 18:00:00+00:00,0.0,0.0,0.0,0.0,0.0,19.57
2012-09-09 19:00:00+00:00,0.0,0.0,0.0,0.0,0.0,17.89
2012-09-09 20:00:00+00:00,0.0,0.0,0.0,0.0,0.0,17.17
2012-09-09 21:00:00+00:00,0.0,0.0,0.0,0.0,0.0,16.24
2012-09-09 22:00:00+00:00,0.0,0.0,0.0,0.0,0.0,15.32
2012-09-09 23:00:00+00:00,0.0,0.0,0.0,0.0,0.0,14.54
2012-09-10 00:00:00+00:00,0.0,0.0,0.0,0.0,0.0,13.83
2012-09-10 01:00:00+00:00,0.0,0.0,0.0,0.0,0.0,13.26
2012-09-10 02:00:00+00:00,0.0,0.0,0.0,0.0,0.0,12.77
2012-09-10 03:00:00+00:00,0.0,0.0,0.0,0.0,0.0,12.41
2012-09-10 04:00:00+00:00,72.2779688235986,23.885663978185338,48.392304845413264,46.65063509461097,1.7416697508022967,14.747535962767348
2012-09-10 05:00:00+00:00,247.3740414885525,85.75458163331862,161.61945985523388,156.74613391789285,4.873325937341042,22.044427433179166
2012-09-10 06:00:00+00:00,379.214831655621,93.17687383947658,286.03795781614446,278.9707978657736,7.067159950370858,28.403885205709848
2012-09-10 07:00:00+00:00,586.2651299078954,259.7032110597989,326.56191884809647,315.3582932395702,11.203625608526313,37.666134984241104
2012-09-10 08:00:00+00:00,776.5406850803167,532.696215972676,243.84446910764078,228.58811196359375,15.256357144047042,45.534331651302395
2012-09-10 09:00:00+00:00,851.1738365945396,620.834090632384,230.33974596215563,213.65990873331825,16.679837228837382,49.34910542063397
2012-09-10 10:00:00+00:00,794.1570164117403,454.3127199563626,339.8442964553777,324.68842025849233,15.155876196885371,47.935142895591824
2012-09-10 11:00:00+00:00,706.2100058282972,358.8609862274343,347.3490196008629,334.01854727741454,13.33047232344835,45.68064702081291
2012-09-10 12:00:00+00:00,525.5817634572178,177.20174126924084,348.3800221879769,338.68361078687565,9.696411401101248,39.73992987739505
2012-09-10 13:00:00+00:00,47.487976320958225,0.0,47.487976320958225,46.65063509461097,0.837341226347258,25.566752253953283
2012-09-10 14:00:00+00:00,44.63869774170073,0.0,44.63869774170073,43.85159698893431,0.7871007527664226,24.589764289110047
2012-09-10 15:00:00+00:00,11.397114317029974,0.0,11.397114317029974,11.196152422706632,0.20096189432334194,22.48520976697417
2012-09-10 16:00:00+00:00,0.0,0.0,0.0,0.0,0.0,21.35
2012-09-10 17:00:00+00:00,0.0,0.0,0.0,0.0,0.0,20.66
2012-09-10 18:00:00+00:00,0.0,0.0,0.0,0.0,0.0,19.78
2012-09-10 19:00:00+00:00,0.0,0.0,0.0,0.0,0.0,19.42
2012-09-10 20:00:00+00:00,0.0,0.0,0.0,0.0,0.0,18.42
2012-09-10 21:00:00+00:00,0.0,0.0,0.0,0.0,0.0,17.43
2012-09-10 22:00:00+00:00,0.0,0.0,0.0,0.0,0.0,16.23
2012-09-10 23:00:00+00:00,0.0,0.0,0.0,0.0,0.0,15.55
2012-09-11 00:00:00+00:00,0.0,0.0,0.0,0.0,0.0,15.11
2012-09-11 01:00:00+00:00,0.0,0.0,0.0,0.0,0.0,14.8
2012-09-11 02:00:00+00:00,0.0,0.0,0.0,0.0,0.0,14.51
2012-09-11 03:00:00+00:00,0.0,0.0,0.0,0.0,0.0,14.34
2012-09-11 04:00:00+00:00,69.06823243362263,10.747724357933842,58.32050807568878,56.913774815425384,1.4067332602633935,16.589040309656355
2012-09-11 05:00:00+00:00,263.58978104942855,116.46310698676956,147.12667406265896,141.81793068761735,5.308743375041616,23.854489333963155
2012-09-11 06:00:00+00:00,471.3407716289193,271.62795870781724,199.71281292110206,190.33459118601277,9.37822173508929,31.846409612800233
2012-09-11 07:00:00+00:00,552.860101447803,191.68104115414945,361.17906029365355,350.8127759114745,10.366284382179055,36.53856791685446
2012-09-11 08:00:00+00:00,432.48795850321034,27.321008214730057,405.1669502884803,397.4634110060855,7.703539282394774,34.117742563142954
2012-09-11 09:00:00+00:00,485.38000657205123,38.20592840227745,447.1740781697738,438.5159698893431,8.658108280430648,37.152832044865434
2012-09-11 10:00:00+00:00,559.7926514491633,86.00375024350922,473.788901205654,463.707312840433,10.081588365220988,39.545522779632634
2012-09-11 11:00:00+00:00,710.4710300560395,362.13875727970355,348.3322727763359,334.95155997930675,13.380712797029185,44.05293827502159
2012-09-11 12:00:00+00:00,487.1358568112228,123.71521309289854,363.4206437183243,354.5448267190434,8.875816999280936,37.27284626140878
2012-09-11 13:00:00+00:00,443.41248049648163,242.8217048186849,200.59077567779673,192.2006165897972,8.390159087999526,35.314623905115745
2012-09-11 14:00:00+00:00,259.5460749199874,158.45521291605914,101.09086200392825,96.1003082948986,4.990553709029658,29.290128619824817
2012-09-11 15:00:00+00:00,8.54783573777248,0.0,8.54783573777248,8.397114317029974,0.15072142074250644,21.228893552727502
2012-09-11 16:00:00+00:00,0.0,0.0,0.0,0.0,0.0,19.9
2012-09-11 17:00:00+00:00,0.0,0.0,0.0,0.0,0.0,18.88
2012-09-11 18:00:00+00:00,0.0,0.0,0.0,0.0,0.0,18.27
2012-09-11 19:00:00+00:00,0.0,0.0,0.0,0.0,0.0,17.88
2012-09-11 20:00:00+00:00,0.0,0.0,0.0,0.0,0.0,17.23
2012-09-11 21:00:00+00:00,0.0,0.0,0.0,0.0,0.0,16.76
2012-09-11 22:00:00+00:00,0.0,0.0,0.0,0.0,0.0,16.28
2012-09-11 23:00:00+00:00,0.0,0.0,0.0,0.0,0.0,15.94
2012-09-12 00:00:00+00:00,0.0,0.0,0.0,0.0,0.0,15.79
2012-09-12 01:00:00+00:00,0.0,0.0,0.0,0.0,0.0,15.46
2012-09-12 02:00:00+00:00,0.0,0.0,0.0,0.0,0.0,15.32
2012-09-12 03:00:00+00:00,0.0,0.0,0.0,0.0,0.0,15.18
2012-09-12 04:00:00+00:00,72.240806908199,14.75283058724077,57.48797632095823,55.98076211353317,1.5072142074250645,17.265019791580198
2012-09-12 05:00:00+00:00,44.63869774170073,0.0,44.63869774170073,43.85159698893431,0.7871007527664226,16.993620533450354
2012-09-12 06:00:00+00:00,179.5045504932221,0.0,179.5045504932221,176.33940065762945,3.1651498355926355,22.457411832829102
2012-09-12 07:00:00+00:00,294.67461703899886,3.964467832099795,290.7101492068991,285.5018867790191,5.208262427879945,26.901307362082235
2012-09-12 08:00:00+00:00,555.387925255669,104.92434159732042,450.4635836583485,440.38199529312755,10.081588365220988,35.34263370804249
2012-09-12 09:00:00+00:00,662.5567307705611,188.55724872735033,473.9994820432108,461.8412874366486,12.158194606562187,40.44712160575503
2012-09-12 10:00:00+00:00,790.2419212667725,431.00531996598147,359.236601300791,344.28168699822896,14.95491430256203,44.9737089295197
2012-09-12 11:00:00+00:00,741.7058821473806,436.53858655437426,305.1672955930064,291.09996299037243,14.067332602633936,44.713627621334936
2012-09-12 12:00:00+00:00,389.9068377759558,41.45750988019434,348.4493278957615,341.4826488925523,6.966679003209187,34.74020485107467
2012-09-12 13:00:00+00:00,202.8315509912994,3.315063145167036,199.51648784613235,195.9326673973661,3.5838204487662644,29.436751044220095
2012-09-12 14:00:00+00:00,106.26303192845698,0.8229776714027708,105.44005425705421,103.56440991003636,1.875644347017858,26.0564964345848
2012-09-12 15:00:00+00:00,11.397114317029974,0.0,11.397114317029974,11.196152422706632,0.20096189432334194,22.347967313595476
2012-09-12 16:00:00+00:00,0.0,0.0,0.0,0.0,0.0,20.86
2012-09-12 17:00:00+00:00,0.0,0.0,0.0,0.0,0.0,19.81
2012-09-12 18:00:00+00:00,0.0,0.0,0.0,0.0,0.0,19.09
2012-09-12 19:00:00+00:00,0.0,0.0,0.0,0.0,0.0,17.85
2012-09-12 20:00:00+00:00,0.0,0.0,0.0,0.0,0.0,17.24
2012-09-12 21:00:00+00:00,0.0,0.0,0.0,0.0,0.0,16.48
2012-09-12 22:00:00+00:00,0.0,0.0,0.0,0.0,0.0,16.15
2012-09-12 23:00:00+00:00,0.0,0.0,0.0,0.0,0.0,15.98
2012-09-13 00:00:00+00:00,0.0,0.0,0.0,0.0,0.0,15.82
2012-09-13 01:00:00+00:00,0.0,0.0,0.0,0.0,0.0,15.67
2012-09-13 02:00:00+00:00,0.0,0.0,0.0,0.0,0.0,15.67
2012-09-13 03:00:00+00:00,0.0,0.0,0.0,0.0,0.0,15.35
2012-09-13 04:00:00+00:00,26.593266739736606,0.0,26.593266739736606,26.124355652982143,0.4689110867544645,16.345333477081066
2012-09-13 05:00:00+00:00,57.93533111156904,0.0,57.93533111156904,56.913774815425384,1.0215562961436548,17.90780733482244
2012-09-13 06:00:00+00:00,161.45911949125798,0.0,161.45911949125798,158.6121593216773,2.8469601695806777,22.905715538980605
2012-09-13 07:00:00+00:00,303.9237167976443,5.58199773033799,298.3417190673063,292.9659883941569,5.375730673149397,28.37462068794335
2012-09-13 08:00:00+00:00,363.60935377093494,7.298809943005729,356.3105438279292,349.8797632095823,6.430780618346942,31.32216763959191
2012-09-13 09:00:00+00:00,599.4652859889707,115.57590383615499,483.8893821528157,473.03743985935523,10.851942293460464,39.11009675092183
2012-09-13 10:00:00+00:00,730.4529959367687,299.8313903241211,430.62160561264767,417.05667774582207,13.564927866825581,43.39505122052395
2012-09-13 11:00:00+00:00,710.0468664974646,357.13326433430234,352.9136021631623,339.61662348876786,13.296978674394458,43.16376391063362
2012-09-13 12:00:00+00:00,526.0903678193268,175.89456070114633,350.1958071181805,340.54963619066007,9.646170927520412,37.98327022424999
2012-09-13 13:00:00+00:00,420.1120892245722,191.18405864655972,228.92803057801245,221.124010348456,7.804020229556445,34.93972022736387
2012-09-13 14:00:00+00:00,205.77455726844346,57.40629978111376,148.3682574873297,144.616968793294,3.751288694035716,28.749431285460048
2012-09-13 15:00:00+00:00,45.371269591267705,12.811496500584987,32.55977309068272,31.72243186433546,0.837341226347258,23.495619386481856
2012-09-13 16:00:00+00:00,0.0,0.0,0.0,0.0,0.0,20.68
2012-09-13 17:00:00+00:00,0.0,0.0,0.0,0.0,0.0,19.71
2012-09-13 18:00:00+00:00,0.0,0.0,0.0,0.0,0.0,18.65
2012-09-13 19:00:00+00:00,0.0,0.0,0.0,0.0,0.0,17.45
2012-09-13 20:00:00+00:00,0.0,0.0,0.0,0.0,0.0,16.46
2012-09-13 21:00:00+00:00,0.0,0.0,0.0,0.0,0.0,15.9
2012-09-13 22:00:00+00:00,0.0,0.0,0.0,0.0,0.0,15.41
2012-09-13 23:00:00+00:00,0.0,0.0,0.0,0.0,0.0,15.26
2012-09-14 00:00:00+00:00,0.0,0.0,0.0,0.0,0.0,14.95
2012-09-14 01:00:00+00:00,0.0,0.0,0.0,0.0,0.0,14.69
2012-09-14 02:00:00+00:00,0.0,0.0,0.0,0.0,0.0,14.39
2012-09-14 03:00:00+00:00,0.0,0.0,0.0,0.0,0.0,14.18
2012-09-14 04:00:00+00:00,16.145911949125797,0.0,16.145911949125797,15.86121593216773,0.28469601695806773,14.631309554652255
2012-09-14 05:00:00+00:00,48.4377358473774,0.0,48.4377358473774,47.58364779650319,0.8540880508742033,16.60102421308896
2012-09-14 06:00:00+00:00,187.90034176506217,0.7809682359598302,187.11937352910235,183.80350227276722,3.315871256335142,22.50366071012066
2012-09-14 07:00:00+00:00,562.0441673488422,197.94884117782334,364.0953261710188,353.6118140171512,10.483512153867672,36.70597919345489
2012-09-14 08:00:00+00:00,762.0049040019067,447.921342531535,314.08356147037165,299.49707730740244,14.586484162969235,43.85120976602036
2012-09-14 09:00:00+00:00,850.0787638391373,568.7750025879755,281.30376125116186,264.97560733739033,16.328153913771533,47.11836574775031
2012-09-14 10:00:00+00:00,630.7892763036339,150.96207197730928,479.8272043263246,468.3723763498941,11.45482797643049,41.2646250170544
2012-09-14 11:00:00+00:00,802.6142915632696,601.5376853219284,201.0766062413412,185.66952767655167,15.407078564789549,46.810331456888704
2012-09-14 12:00:00+00:00,633.1265295613318,388.86588090245726,244.26064865887454,232.32016277116264,11.9404858877119,41.711843863475124
2012-09-14 13:00:00+00:00,472.95230292793883,311.9284282221184,161.02387470582048,152.08107040843177,8.942804297388717,36.88243142757696
2012-09-14 14:00:00+00:00,225.3769740781591,85.0206539437396,140.3563201344195,136.21985447626403,4.136465658155455,29.064045278509276
2012-09-14 15:00:00+00:00,42.53429728569964,10.041511493124704,32.492785792574935,31.72243186433546,0.7703539282394775,23.061010693140528
2012-09-14 16:00:00+00:00,0.0,0.0,0.0,0.0,0.0,20.59
2012-09-14 17:00:00+00:00,0.0,0.0,0.0,0.0,0.0,19.72
2012-09-14 18:00:00+00:00,0.0,0.0,0.0,0.0,0.0,19.04
2012-09-14 19:00:00+00:00,0.0,0.0,0.0,0.0,0.0,18.24
2012-09-14 20:00:00+00:00,0.0,0.0,0.0,0.0,0.0,17.23
2012-09-14 21:00:00+00:00,0.0,0.0,0.0,0.0,0.0,16.28
2012-09-14 22:00:00+00:00,0.0,0.0,0.0,0.0,0.0,15.34
2012-09-14 23:00:00+00:00,0.0,0.0,0.0,0.0,0.0,14.84
2012-09-15 00:00:00+00:00,0.0,0.0,0.0,0.0,0.0,14.52
2012-09-15 01:00:00+00:00,0.0,0.0,0.0,0.0,0.0,14.22
2012-09-15 02:00:00+00:00,0.0,0.0,0.0,0.0,0.0,14.29
2012-09-15 03:00:00+00:00,0.0,0.0,0.0,0.0,0.0,14.4
2012-09-15 04:00:00+00:00,47.696319067138845,1.1246086235458888,46.571710443592956,45.71762239271875,0.8540880508742033,15.95186782153455
2012-09-15 05:00:00+00:00,300.46014803169413,191.64917257310725,108.8109754585869,102.63139720814414,6.1795782504427645,25.055938489986914
2012-09-15 06:00:00+00:00,0.0,0.0,0.0,0.0,0.0,17.23
2012-09-15 07:00:00+00:00,708.3078106817301,559.9033958311435,148.40441485058656,134.35382907247958,14.05058577810699,41.17256462781788
2012-09-15 08:00:00+00:00,767.3536622953709,453.2031135268914,314.15054876847944,299.49707730740244,14.653471461077016,44.21131344396033
2012-09-15 09:00:00+00:00,864.135500397085,598.4250058856597,265.7104945114252,249.1143914052226,16.596103106202655,48.10973918602675
2012-09-15 10:00:00+00:00,847.2626058285714,560.5617302603796,286.70087556819186,270.57368354874365,16.12719201944819,47.859018129944616
2012-09-15 11:00:00+00:00,745.5819345404279,427.4194484190383,318.1624861213897,304.16214081686354,14.000345304526155,44.99260014963428
2012-09-15 12:00:00+00:00,677.6124853920411,508.88756246576577,168.72492292627535,155.81312121600064,12.91180171027472,43.13926182186117
2012-09-15 13:00:00+00:00,460.3096852586051,273.4963913903414,186.8132938682637,178.2054260614139,8.607867806849812,36.778094850940555
2012-09-15 14:00:00+00:00,261.5009494444407,155.86225170274,105.63869774170074,100.7653718043597,4.873325937341042,30.625597153324275
2012-09-15 15:00:00+00:00,48.20803282966766,17.480791493715493,30.72724133595217,29.85640646055102,0.8708348754011483,23.748518119089464
2012-09-15 16:00:00+00:00,0.0,0.0,0.0,0.0,0.0,21.23
2012-09-15 17:00:00+00:00,0.0,0.0,0.0,0.0,0.0,20.01
2012-09-15 18:00:00+00:00,0.0,0.0,0.0,0.0,0.0,18.96
2012-09-15 19:00:00+00:00,0.0,0.0,0.0,0.0,0.0,18.25
2012-09-15 20:00:00+00:00,0.0,0.0,0.0,0.0,0.0,17.04
2012-09-15 21:00:00+00:00,0.0,0.0,0.0,0.0,0.0,15.97
2012-09-15 22:00:00+00:00,0.0,0.0,0.0,0.0,0.0,15.21
2012-09-15 23:00:00+00:00,0.0,0.0,0.0,0.0,0.0,14.77
2012-09-16 00:00:00+00:00,0.0,0.0,0.0,0.0,0.0,14.28
2012-09-16 01:00:00+00:00,0.0,0.0,0.0,0.0,0.0,13.81
2012-09-16 02:00:00+00:00,0.0,0.0,0.0,0.0,0.0,13.45
2012-09-16 03:00:00+00:00,0.0,0.0,0.0,0.0,0.0,13.05
2012-09-16 04:00:00+00:00,16.145911949125797,0.0,16.145911949125797,15.86121593216773,0.28469601695806773,13.441309554652255
2012-09-16 05:00:00+00:00,279.8952004771427,120.48863986914238,159.40656060800032,153.9470958122162,5.459464795784123,23.49138303534579
2012-09-16 06:00:00+00:00,498.50622718078046,294.7096801370437,203.79654704373678,194.06664199358164,9.72990505015514,32.54099027212854
2012-09-16 07:00:00+00:00,448.2987318804273,62.3566181920909,385.9421136883364,377.87014426634886,8.071969421987568,32.809463973387714
2012-09-16 08:00:00+00:00,662.205720665035,222.6774681182555,439.5282525467795,427.3198174666365,12.208435080143023,41.02750549327943
2012-09-16 09:00:00+00:00,826.5620687730448,472.27041752705617,354.29165124598853,338.68361078687565,15.60804045911289,47.28966719949557
2012-09-16 10:00:00+00:00,886.3748769752441,655.7504349961304,230.6244419791137,213.65990873331825,16.964533245795447,50.43933830291863
2012-09-16 11:00:00+00:00,778.3054480952117,495.8605843665407,282.4448637286709,267.77464544306696,14.670218285603962,47.63063865988283
2012-09-16 12:00:00+00:00,680.6632267538901,498.8928728256506,181.7703539282395,168.87529904249172,12.895054885747774,45.20949094707317
2012-09-16 13:00:00+00:00,462.015998399135,267.7553497402605,194.26064865887454,185.66952767655167,8.591120982322868,38.46872701051159
2012-09-16 14:00:00+00:00,273.09015320498077,177.51363328977112,95.57651991520966,90.50223208354528,5.074287831664384,32.33932844057494
2012-09-16 15:00:00+00:00,5.698557158514987,0.0,5.698557158514987,5.598076211353316,0.10048094716167097,23.494595688572986
2012-09-16 16:00:00+00:00,0.0,0.0,0.0,0.0,0.0,21.34
2012-09-16 17:00:00+00:00,0.0,0.0,0.0,0.0,0.0,19.99
2012-09-16 18:00:00+00:00,0.0,0.0,0.0,0.0,0.0,18.91
2012-09-16 19:00:00+00:00,0.0,0.0,0.0,0.0,0.0,17.96
2012-09-16 20:00:00+00:00,0.0,0.0,0.0,0.0,0.0,16.84
2012-09-16 21:00:00+00:00,0.0,0.0,0.0,0.0,0.0,15.66
2012-09-16 22:00:00+00:00,0.0,0.0,0.0,0.0,0.0,14.74
2012-09-16 23:00:00+00:00,0.0,0.0,0.0,0.0,0.0,14.02
2012-09-17 00:00:00+00:00,0.0,0.0,0.0,0.0,0.0,13.5
2012-09-17 01:00:00+00:00,0.0,0.0,0.0,0.0,0.0,13.15
2012-09-17 02:00:00+00:00,0.0,0.0,0.0,0.0,0.0,12.85
2012-09-17 03:00:00+00:00,0.0,0.0,0.0,0.0,0.0,12.35
2012-09-17 04:00:00+00:00,11.397114317029974,0.0,11.397114317029974,11.196152422706632,0.20096189432334194,12.676874038045689
2012-09-17 05:00:00+00:00,57.93533111156904,0.0,57.93533111156904,56.913774815425384,1.0215562961436548,15.956128355041663
2012-09-17 06:00:00+00:00,182.35382907247958,0.0,182.35382907247958,179.1384387633061,3.215390309173471,21.367062034335557
2012-09-17 07:00:00+00:00,429.63287318876905,49.65726585137873,379.97560733739033,372.27206805499554,7.703539282394774,30.885742955591297
2012-09-17 08:00:00+00:00,671.9212340153626,236.8738299082478,435.0474041071148,422.6547539571754,12.392650149939419,39.52242003142274
2012-09-17 09:00:00+00:00,930.1849186721296,775.9287341803456,154.25618449178398,136.21985447626403,18.03633001551994,48.37078845905254
2012-09-17 10:00:00+00:00,929.4629905182742,782.7881354133166,146.6748551049576,128.75575286112627,17.919102243831322,49.10218840809702
2012-09-17 11:00:00+00:00,836.0306164046605,668.9228349239422,167.10778148071827,151.14805770653953,15.95972377417874,47.29356601268777
2012-09-17 12:00:00+00:00,684.4006821513321,510.0609361891766,174.33974596215563,161.41119742735395,12.928548534801665,43.640412159209596
2012-09-17 13:00:00+00:00,493.1608825874876,348.646540498769,144.5143420887186,135.28684177437182,9.227500314346784,38.184754443492174
2012-09-17 14:00:00+00:00,242.78154850326177,113.33668477459084,129.44486372867092,125.0237020535574,4.421161675113523,30.79115468452011
2012-09-17 15:00:00+00:00,41.03341017054244,9.523877553440556,31.509532617101883,30.78941916244324,0.720113454658642,23.916866885670373
2012-09-17 16:00:00+00:00,0.0,0.0,0.0,0.0,0.0,20.85
2012-09-17 17:00:00+00:00,0.0,0.0,0.0,0.0,0.0,19.45
2012-09-17 18:00:00+00:00,0.0,0.0,0.0,0.0,0.0,18.33
2012-09-17 19:00:00+00:00,0.0,0.0,0.0,0.0,0.0,17.09
2012-09-17 20:00:00+00:00,0.0,0.0,0.0,0.0,0.0,16.05
2012-09-17 21:00:00+00:00,0.0,0.0,0.0,0.0,0.0,15.25
2012-09-17 22:00:00+00:00,0.0,0.0,0.0,0.0,0.0,14.75
2012-09-17 23:00:00+00:00,0.0,0.0,0.0,0.0,0.0,14.46
2012-09-18 00:00:00+00:00,0.0,0.0,0.0,0.0,0.0,14.11
2012-09-18 01:00:00+00:00,0.0,0.0,0.0,0.0,0.0,13.9
2012-09-18 02:00:00+00:00,0.0,0.0,0.0,0.0,0.0,13.82
2012-09-18 03:00:00+00:00,0.0,0.0,0.0,0.0,0.0,13.74
2012-09-18 04:00:00+00:00,29.4425453189941,0.0,29.4425453189941,28.9233937586588,0.5191515603353,14.59590492105404
2012-09-18 05:00:00+00:00,155.70222819147182,4.589982543662986,151.11224564780883,148.34901960086287,2.7632260469459515,19.477160078054204
2012-09-18 06:00:00+00:00,243.16497841211938,5.607869035639612,237.55710937647976,233.25317547305485,4.303933903424906,23.915208028369396
2012-09-18 07:00:00+00:00,455.24665105230315,65.45525878470917,389.79139226759395,381.60219507391776,8.189197193676184,32.59738744866125
2012-09-18 08:00:00+00:00,695.0928344820816,273.5717098165956,421.521124665486,408.6595634287921,12.861561236693884,41.9120195644552
2012-09-18 09:00:00+00:00,865.6803047623192,566.5655680525705,299.11473670974874,282.7028486733425,16.411888036406257,48.378964759811886
2012-09-18 10:00:00+00:00,838.0498651370181,506.0332909647541,332.0165741722639,316.2913059414624,15.725268230801507,48.653555163796746
2012-09-18 11:00:00+00:00,725.8704485352886,364.4257574588807,361.4446910764079,348.01373780579786,13.43095327061002,45.929807831270054
2012-09-18 12:00:00+00:00,644.5392813291242,394.6303159853155,249.9089653438087,237.91823898251596,11.990726361292735,43.50799809246052
2012-09-18 13:00:00+00:00,366.15587089785953,102.04611631199059,264.1097545858689,257.51150572225254,6.598248863616393,35.29921787365072
2012-09-18 14:00:00+00:00,77.88028116637149,0.0,77.88028116637149,76.50704155516199,1.3732396112095033,26.40622434066735
2012-09-18 15:00:00+00:00,4.748797632095823,0.0,4.748797632095823,4.665063509461097,0.08373412263472581,23.166145137139367
2012-09-18 16:00:00+00:00,0.0,0.0,0.0,0.0,0.0,21.31
2012-09-18 17:00:00+00:00,0.0,0.0,0.0,0.0,0.0,19.59
2012-09-18 18:00:00+00:00,0.0,0.0,0.0,0.0,0.0,18.2
2012-09-18 19:00:00+00:00,0.0,0.0,0.0,0.0,0.0,17.04
2012-09-18 20:00:00+00:00,0.0,0.0,0.0,0.0,0.0,16.04
2012-09-18 21:00:00+00:00,0.0,0.0,0.0,0.0,0.0,15.3
2012-09-18 22:00:00+00:00,0.0,0.0,0.0,0.0,0.0,14.88
2012-09-18 23:00:00+00:00,0.0,0.0,0.0,0.0,0.0,14.76
2012-09-19 00:00:00+00:00,0.0,0.0,0.0,0.0,0.0,14.58
2012-09-19 01:00:00+00:00,0.0,0.0,0.0,0.0,0.0,14.26
2012-09-19 02:00:00+00:00,0.0,0.0,0.0,0.0,0.0,14.04
2012-09-19 03:00:00+00:00,0.0,0.0,0.0,0.0,0.0,13.96
2012-09-19 04:00:00+00:00,22.794228634059948,0.0,22.794228634059948,22.392304845413264,0.4019237886466839,14.7055765488714
2012-09-19 05:00:00+00:00,176.31760989723358,10.824996756921724,165.49261314031185,162.34421012924616,3.14840301106569,20.428407457968706
2012-09-19 06:00:00+00:00,361.59431573481186,62.08031895061942,299.51399678419244,292.9659883941569,6.548008390035558,28.130987044009245
2012-09-19 07:00:00+00:00,706.3521733956502,503.30193292206934,203.05024047358083,189.40157848412053,13.648661989460306,41.62478792509722
2012-09-19 08:00:00+00:00,865.4028959294317,707.7544065922344,157.64848933719725,140.88491798572514,16.763571351472105,48.388245633402036
2012-09-19 09:00:00+00:00,920.0405151595937,734.447075767594,185.59343939199968,167.94228634059948,17.6511530514002,50.88670636138579
2012-09-19 10:00:00+00:00,872.5569305138137,600.4493216853584,272.1076088284552,255.64548031846812,16.462128509987092,50.610018239070385
2012-09-19 11:00:00+00:00,778.6267032065277,489.7847251608269,288.8419780457009,274.3057343563125,14.5362436893884,47.69895478104317
2012-09-19 12:00:00+00:00,662.0728218874197,438.8862884079464,223.18653347947324,210.8608706276416,12.32566285183164,44.39276039981402
2012-09-19 13:00:00+00:00,468.03594766644505,282.15566650007355,185.8802811663715,177.2724133595217,8.607867806849812,38.71254281786709
2012-09-19 14:00:00+00:00,286.9909951358005,204.3259316263394,82.6650635094611,77.44005425705421,5.22500925240689,32.76855239164691
2012-09-19 15:00:00+00:00,4.748797632095823,0.0,4.748797632095823,4.665063509461097,0.08373412263472581,23.577163073810823
2012-09-19 16:00:00+00:00,0.0,0.0,0.0,0.0,0.0,21.9
2012-09-19 17:00:00+00:00,0.0,0.0,0.0,0.0,0.0,20.5
2012-09-19 18:00:00+00:00,0.0,0.0,0.0,0.0,0.0,19.3
2012-09-19 19:00:00+00:00,0.0,0.0,0.0,0.0,0.0,18.05
2012-09-19 20:00:00+00:00,0.0,0.0,0.0,0.0,0.0,16.9
2012-09-19 21:00:00+00:00,0.0,0.0,0.0,0.0,0.0,15.8
2012-09-19 22:00:00+00:00,0.0,0.0,0.0,0.0,0.0,15.1
2012-09-19 23:00:00+00:00,0.0,0.0,0.0,0.0,0.0,14.76
2012-09-20 00:00:00+00:00,0.0,0.0,0.0,0.0,0.0,14.45
2012-09-20 01:00:00+00:00,0.0,0.0,0.0,0.0,0.0,14.06
2012-09-20 02:00:00+00:00,0.0,0.0,0.0,0.0,0.0,13.67
2012-09-20 03:00:00+00:00,0.0,0.0,0.0,0.0,0.0,13.28
2012-09-20 04:00:00+00:00,22.794228634059948,0.0,22.794228634059948,22.392304845413264,0.4019237886466839,13.890051171070494
2012-09-20 05:00:00+00:00,136.46274970991493,1.5634033093396549,134.89934640057527,132.48780366869516,2.411542731880103,19.271509246467595
2012-09-20 06:00:00+00:00,463.77806780175115,194.77592204433736,269.00214575741376,260.3105438279292,8.69160192948454,32.03694726271167
2012-09-20 07:00:00+00:00,740.6757742528052,598.4340181758714,142.24175607693385,127.82274015923406,14.419015917699785,42.803261119827376
2012-09-20 08:00:00+00:00,879.9394778840642,735.1019640054539,144.83751387861034,127.82274015923406,17.014773719376283,48.60884693613183
2012-09-20 09:00:00+00:00,952.3314174007326,810.8694615430085,141.46195585772404,123.15767664977297,18.304279207951062,51.96459428248281
2012-09-20 10:00:00+00:00,941.8433902220885,795.11829464355,146.72509557853843,128.75575286112627,17.969342717412157,52.82810055899637
2012-09-20 11:00:00+00:00,850.6633665895524,689.969446250391,160.69392033916137,144.616968793294,16.076951545867356,50.59208918636902
2012-09-20 12:00:00+00:00,679.3754064944286,480.12901359814117,199.24639289628746,186.60254037844388,12.643852517843596,45.807279314064175
2012-09-20 13:00:00+00:00,422.2118196041507,185.03739612985083,237.1744234742999,229.52112466548598,7.653298808813939,38.175790277521344
2012-09-20 14:00:00+00:00,86.42811690414398,0.0,86.42811690414398,84.90415587219196,1.5239610319520096,27.855479255355878
2012-09-20 15:00:00+00:00,45.89361135543806,16.199863668539784,29.693747686898277,28.9233937586588,0.7703539282394775,25.276310426875707
2012-09-20 16:00:00+00:00,0.0,0.0,0.0,0.0,0.0,22.01
2012-09-20 17:00:00+00:00,0.0,0.0,0.0,0.0,0.0,20.54
2012-09-20 18:00:00+00:00,0.0,0.0,0.0,0.0,0.0,19.3
2012-09-20 19:00:00+00:00,0.0,0.0,0.0,0.0,0.0,18.09
2012-09-20 20:00:00+00:00,0.0,0.0,0.0,0.0,0.0,17.05
2012-09-20 21:00:00+00:00,0.0,0.0,0.0,0.0,0.0,16.13
2012-09-20 22:00:00+00:00,0.0,0.0,0.0,0.0,0.0,15.26
2012-09-20 23:00:00+00:00,0.0,0.0,0.0,0.0,0.0,14.51
2012-09-21 00:00:00+00:00,0.0,0.0,0.0,0.0,0.0,13.95
2012-09-21 01:00:00+00:00,0.0,0.0,0.0,0.0,0.0,13.65
2012-09-21 02:00:00+00:00,0.0,0.0,0.0,0.0,0.0,13.31
2012-09-21 03:00:00+00:00,0.0,0.0,0.0,0.0,0.0,12.96
2012-09-21 04:00:00+00:00,63.139284811597314,4.153713226447446,58.98557158514987,57.8467875173176,1.138784067832271,14.834613448350517
2012-09-21 05:00:00+00:00,144.88294546451715,2.3687760280616295,142.51416943645552,139.9519052838329,2.5622641526226095,19.54816043067671
2012-09-21 06:00:00+00:00,314.94053872675715,29.409795118037803,285.5307436087194,279.9038105676658,5.626933041053574,27.503552878630583
2012-09-21 07:00:00+00:00,742.6237356387389,594.8173969995056,147.80633863923327,133.42081637058737,14.385522268645893,43.34352926310167
2012-09-21 08:00:00+00:00,881.2322414551796,729.9138791369046,151.31836231827504,134.35382907247958,16.964533245795447,49.46343746775554
2012-09-21 09:00:00+00:00,948.1240453587293,794.7003926216759,153.42365273705343,135.28684177437182,18.13681096268161,52.81864265331629
2012-09-21 10:00:00+00:00,942.2701590729687,788.1479491774003,154.1222098955684,136.21985447626403,17.902355419304378,53.73125432660262
2012-09-21 11:00:00+00:00,857.6201539464287,703.373588397878,154.24656554855056,138.08587988004848,16.16068566850208,51.8033151115599
2012-09-21 12:00:00+00:00,729.7532386041764,607.8751031952187,121.87813540895776,108.22947341949745,13.648661989460306,48.043745157259096
2012-09-21 13:00:00+00:00,521.2890481320497,405.3296696623972,115.95937846965259,106.36344801571302,9.595930453939578,41.365039659621296
2012-09-21 14:00:00+00:00,208.5165381154532,62.99755920738096,145.51897890807223,141.81793068761735,3.7010482204548807,31.42975577540945
2012-09-21 15:00:00+00:00,21.087528200493615,1.1258313211642168,19.9616968793294,19.593266739736606,0.3684301395927936,24.747856308678653
2012-09-21 16:00:00+00:00,0.0,0.0,0.0,0.0,0.0,22.18
2012-09-21 17:00:00+00:00,0.0,0.0,0.0,0.0,0.0,20.59
2012-09-21 18:00:00+00:00,0.0,0.0,0.0,0.0,0.0,19.27
2012-09-21 19:00:00+00:00,0.0,0.0,0.0,0.0,0.0,17.96
2012-09-21 20:00:00+00:00,0.0,0.0,0.0,0.0,0.0,16.96
2012-09-21 21:00:00+00:00,0.0,0.0,0.0,0.0,0.0,16.02
2012-09-21 22:00:00+00:00,0.0,0.0,0.0,0.0,0.0,15.15
2012-09-21 23:00:00+00:00,0.0,0.0,0.0,0.0,0.0,14.44
2012-09-22 00:00:00+00:00,0.0,0.0,0.0,0.0,0.0,13.81
2012-09-22 01:00:00+00:00,0.0,0.0,0.0,0.0,0.0,13.27
2012-09-22 02:00:00+00:00,0.0,0.0,0.0,0.0,0.0,12.78
2012-09-22 03:00:00+00:00,0.0,0.0,0.0,0.0,0.0,12.36
2012-09-22 04:00:00+00:00,110.86826838298117,59.141027047029006,51.72724133595217,49.44967320028763,2.277568135664542,16.039338389937825
2012-09-22 05:00:00+00:00,338.4075466675009,239.3573061939201,99.05024047358084,92.36825748732973,6.6819829862511195,25.93772120596507
2012-09-22 06:00:00+00:00,564.392792845629,442.36161760625185,122.03117523937708,111.02851152517411,11.00266371420297,35.61608251806755
2012-09-22 07:00:00+00:00,744.8560565463724,596.1334520297739,148.72260451659852,134.35382907247958,14.368775444118949,42.83089607754752
2012-09-22 08:00:00+00:00,878.054825808998,721.2723618755851,156.7824639334128,139.9519052838329,16.83055864957989,48.37884280683983
2012-09-22 09:00:00+00:00,949.7899912317031,794.5338067399191,155.25618449178396,137.15286717815624,18.10331731362772,51.870953595968736
2012-09-22 10:00:00+00:00,941.9330815892031,788.8108716936347,153.12220989556843,135.28684177437182,17.8353681211966,52.737928428177156
2012-09-22 11:00:00+00:00,858.1727480884186,703.0434103115567,155.12933777686195,139.0188925819407,16.110445194921244,50.73041427578385
2012-09-22 12:00:00+00:00,722.83685051428,591.8295499807233,131.00730053355662,117.55960043841965,13.447700095136964,47.02948792753649
2012-09-22 13:00:00+00:00,429.88314722999814,200.07234442367428,229.81080280632384,222.05702305034822,7.75377975597561,38.13961339192605
2012-09-22 14:00:00+00:00,86.42811690414398,0.0,86.42811690414398,84.90415587219196,1.5239610319520096,27.448635887050454
2012-09-22 15:00:00+00:00,50.616155955389445,24.62096542700615,25.995190528383294,25.191342951089926,0.8038475772933678,25.2650277505869
2012-09-22 16:00:00+00:00,0.0,0.0,0.0,0.0,0.0,22.02
2012-09-22 17:00:00+00:00,0.0,0.0,0.0,0.0,0.0,20.6
2012-09-22 18:00:00+00:00,0.0,0.0,0.0,0.0,0.0,19.29
2012-09-22 19:00:00+00:00,0.0,0.0,0.0,0.0,0.0,18.21
2012-09-22 20:00:00+00:00,0.0,0.0,0.0,0.0,0.0,17.17
2012-09-22 21:00:00+00:00,0.0,0.0,0.0,0.0,0.0,16.1
2012-09-22 22:00:00+00:00,0.0,0.0,0.0,0.0,0.0,15.23
2012-09-22 23:00:00+00:00,0.0,0.0,0.0,0.0,0.0,14.45
2012-09-23 00:00:00+00:00,0.0,0.0,0.0,0.0,0.0,13.78
2012-09-23 01:00:00+00:00,0.0,0.0,0.0,0.0,0.0,13.19
2012-09-23 02:00:00+00:00,0.0,0.0,0.0,0.0,0.0,12.56
2012-09-23 03:00:00+00:00,0.0,0.0,0.0,0.0,0.0,12.07
2012-09-23 04:00:00+00:00,105.88616948272308,46.87904160142955,59.00712788129353,56.913774815425384,2.093353065868145,15.621003825131272
2012-09-23 05:00:00+00:00,331.09667221608964,219.21870945939494,111.87796275669469,105.4304353138208,6.447527442873887,26.164588252642165
2012-09-23 06:00:00+00:00,556.6918824442139,423.69901032550746,132.9928721187065,122.22466394788074,10.768208170825739,36.34261730404775
2012-09-23 07:00:00+00:00,737.0781071927963,576.4607930949762,160.61731409782016,146.48299419707845,14.134319900741716,44.63620959785173
2012-09-23 08:00:00+00:00,877.0195408155822,718.4547856010197,158.56475521456252,141.81793068761735,16.74682452694516,51.47516501409503
2012-09-23 09:00:00+00:00,951.6684948236496,802.0271333677458,149.6413614559037,131.55479096680293,18.086570489100776,55.86062584877376
2012-09-23 10:00:00+00:00,939.0889964224705,785.1510015966985,153.93799482577202,136.21985447626403,17.71814034950798,56.75317958831356
2012-09-23 11:00:00+00:00,777.1682355119439,482.929143149213,294.23909236273084,279.9038105676658,14.335281795065058,52.22579010206298
2012-09-23 12:00:00+00:00,441.50362357877566,79.08778933206803,362.4158342467076,354.5448267190434,7.871007527664226,41.63383142768774
2012-09-23 13:00:00+00:00,231.3257699765355,9.847585251073754,221.47818472546174,217.39195954088711,4.086225184574619,34.47326800526263
2012-09-23 14:00:00+00:00,155.7832065116401,18.682898216741506,137.10030829489858,134.35382907247958,2.7464792224190067,31.10589920821668
2012-09-23 15:00:00+00:00,50.39661424884325,24.418170544986896,25.97844370385635,25.191342951089926,0.7871007527664226,26.750753232202342
2012-09-23 16:00:00+00:00,0.0,0.0,0.0,0.0,0.0,23.67
2012-09-23 17:00:00+00:00,0.0,0.0,0.0,0.0,0.0,22.3
2012-09-23 18:00:00+00:00,0.0,0.0,0.0,0.0,0.0,20.96
2012-09-23 19:00:00+00:00,0.0,0.0,0.0,0.0,0.0,19.77
2012-09-23 20:00:00+00:00,0.0,0.0,0.0,0.0,0.0,18.65
2012-09-23 21:00:00+00:00,0.0,0.0,0.0,0.0,0.0,17.53
2012-09-23 22:00:00+00:00,0.0,0.0,0.0,0.0,0.0,16.69
2012-09-23 23:00:00+00:00,0.0,0.0,0.0,0.0,0.0,15.88
2012-09-24 00:00:00+00:00,0.0,0.0,0.0,0.0,0.0,15.19
2012-09-24 01:00:00+00:00,0.0,0.0,0.0,0.0,0.0,14.59
2012-09-24 02:00:00+00:00,0.0,0.0,0.0,0.0,0.0,14.06
2012-09-24 03:00:00+00:00,0.0,0.0,0.0,0.0,0.0,13.62
2012-09-24 04:00:00+00:00,108.3156614084503,51.141065281887315,57.17459612656298,55.04774941164094,2.1268467149220354,17.230059651344312
2012-09-24 05:00:00+00:00,302.3259483456824,147.333248879239,154.9926994664434,149.2820323027551,5.7106671636883,26.179215608861092
2012-09-24 06:00:00+00:00,472.3283487064635,210.70657044155274,261.62177826491074,252.84644221279146,8.775336052119265,34.725692533531365
2012-09-24 07:00:00+00:00,638.5925563949361,317.9086003035343,320.6839560914018,308.82720432632465,11.856751765077174,42.9283804929745
2012-09-24 08:00:00+00:00,858.7397647675142,677.3018562678737,181.43790849964046,165.14324823492282,16.294660264717642,52.268162300830106
2012-09-24 09:00:00+00:00,918.5448465987944,722.0901912746269,196.45465532416742,179.1384387633061,17.316216560861296,55.63770880399809
2012-09-24 10:00:00+00:00,932.7294735011876,777.1096683414276,155.61980515976006,138.08587988004848,17.533925279711585,57.223362040601025
2012-09-24 11:00:00+00:00,0.0,0.0,0.0,0.0,0.0,27.85
2012-09-24 12:00:00+00:00,65.53340732292234,0.0,65.53340732292234,64.37787643056313,1.1555308923592162,29.537516594894157
2012-09-24 13:00:00+00:00,46.53821679453907,0.0,46.53821679453907,45.71762239271875,0.820594401820313,28.275533912410914
2012-09-24 14:00:00+00:00,24.69374768689828,0.0,24.69374768689828,24.258330249197705,0.4354174377005742,23.664970371830165
2012-09-24 15:00:00+00:00,28.89552953574252,5.084554077155621,23.810975458586896,23.325317547305485,0.48565791128140967,21.039023747363977
2012-09-24 16:00:00+00:00,0.0,0.0,0.0,0.0,0.0,18.72
2012-09-24 17:00:00+00:00,0.0,0.0,0.0,0.0,0.0,18.6
2012-09-24 18:00:00+00:00,0.0,0.0,0.0,0.0,0.0,18.59
2012-09-24 19:00:00+00:00,0.0,0.0,0.0,0.0,0.0,17.55
2012-09-24 20:00:00+00:00,0.0,0.0,0.0,0.0,0.0,17.2
2012-09-24 21:00:00+00:00,0.0,0.0,0.0,0.0,0.0,16.86
2012-09-24 22:00:00+00:00,0.0,0.0,0.0,0.0,0.0,16.45
2012-09-24 23:00:00+00:00,0.0,0.0,0.0,0.0,0.0,16.03
2012-09-25 00:00:00+00:00,0.0,0.0,0.0,0.0,0.0,15.49
2012-09-25 01:00:00+00:00,0.0,0.0,0.0,0.0,0.0,15.07
2012-09-25 02:00:00+00:00,0.0,0.0,0.0,0.0,0.0,14.38
2012-09-25 03:00:00+00:00,0.0,0.0,0.0,0.0,0.0,14.24
2012-09-25 04:00:00+00:00,59.35045787605863,2.3146458173279143,57.03581205873071,55.98076211353317,1.0550499451975452,17.014399272084656
2012-09-25 05:00:00+00:00,320.6217900291423,185.770193040208,134.85159698893432,128.75575286112627,6.095844127808038,28.574985842760942
2012-09-25 06:00:00+00:00,549.6601993583288,396.4257438149516,153.23445554337724,142.75094338950956,10.483512153867672,39.14074632247909
2012-09-25 07:00:00+00:00,741.4174983964449,586.415007334505,155.0024910619399,140.88491798572514,14.117573076214772,47.136618374870125
2012-09-25 08:00:00+00:00,871.4735989093087,707.5452230267701,163.9283758825386,147.41600689897066,16.512368983567928,52.85271266597678
2012-09-25 09:00:00+00:00,954.2120990272762,810.2358010808335,143.97629794644263,125.95671475544962,18.019583190992993,56.38803692072326
2012-09-25 10:00:00+00:00,901.7106374708372,678.7177653521308,222.9928721187065,206.19580711818048,16.797065000525997,54.919031685367045
2012-09-25 11:00:00+00:00,806.6615636341536,566.9343222982014,239.7272413359522,224.85606115602488,14.871180179927304,51.62535831911749
2012-09-25 12:00:00+00:00,411.16047227592156,57.711144380160064,353.4493278957615,346.1477124020134,7.30161549374809,38.545099347324545
2012-09-25 13:00:00+00:00,46.53821679453907,0.0,46.53821679453907,45.71762239271875,0.820594401820313,25.769387533870066
2012-09-25 14:00:00+00:00,24.69374768689828,0.0,24.69374768689828,24.258330249197705,0.4354174377005742,22.18497037183017
2012-09-25 15:00:00+00:00,4.748797632095823,0.0,4.748797632095823,4.665063509461097,0.08373412263472581,19.85490626686792
2012-09-25 16:00:00+00:00,0.0,0.0,0.0,0.0,0.0,18.85
2012-09-25 17:00:00+00:00,0.0,0.0,0.0,0.0,0.0,18.42
2012-09-25 18:00:00+00:00,0.0,0.0,0.0,0.0,0.0,17.93
2012-09-25 19:00:00+00:00,0.0,0.0,0.0,0.0,0.0,17.88
2012-09-25 20:00:00+00:00,0.0,0.0,0.0,0.0,0.0,17.4
2012-09-25 21:00:00+00:00,0.0,0.0,0.0,0.0,0.0,17.18
2012-09-25 22:00:00+00:00,0.0,0.0,0.0,0.0,0.0,16.62
2012-09-25 23:00:00+00:00,0.0,0.0,0.0,0.0,0.0,16.26
2012-09-26 00:00:00+00:00,0.0,0.0,0.0,0.0,0.0,15.78
2012-09-26 01:00:00+00:00,0.0,0.0,0.0,0.0,0.0,15.06
2012-09-26 02:00:00+00:00,0.0,0.0,0.0,0.0,0.0,14.71
2012-09-26 03:00:00+00:00,0.0,0.0,0.0,0.0,0.0,14.33
2012-09-26 04:00:00+00:00,31.342064371832432,0.0,31.342064371832432,30.78941916244324,0.5526452093891904,15.3885292745771
2012-09-26 05:00:00+00:00,305.2922663363047,141.9191993773582,163.37306695894645,157.6791466197851,5.693920339161355,26.968665107599698
2012-09-26 06:00:00+00:00,560.1274672229702,413.25663234756905,146.87083487540116,136.21985447626403,10.650980399137122,37.15141555396239
2012-09-26 07:00:00+00:00,755.0915465097004,605.4694229402635,149.6221235694369,135.28684177437182,14.335281795065058,44.6314539187508
2012-09-26 08:00:00+00:00,882.3660554050683,718.2869581017873,164.0790973032811,147.41600689897066,16.663090404310434,49.52625559309253
2012-09-26 09:00:00+00:00,951.775812882788,789.2732354947166,162.50257738807144,144.616968793294,17.885608594777434,52.5305036557934
2012-09-26 10:00:00+00:00,961.7257644530858,825.2470617708349,136.47870268225097,118.49261314031186,17.986089541939105,53.352096856482326
2012-09-26 11:00:00+00:00,865.8930891636113,715.5125490188452,150.38054014476612,134.35382907247958,16.02671107228652,50.52808679582863
2012-09-26 12:00:00+00:00,741.6066384558002,630.9916427676568,110.61499568814335,97.03332099679082,13.581674691352527,46.17741271557363
2012-09-26 13:00:00+00:00,530.6505062463366,422.2389635144565,108.4115427318801,98.89934640057525,9.512196331304851,39.615604138785315
2012-09-26 14:00:00+00:00,281.04542607954954,191.3014379190704,89.74398816047912,84.90415587219196,4.839832288287152,32.03896237402154
2012-09-26 15:00:00+00:00,49.767088052791514,24.77189752440822,24.995190528383294,24.258330249197705,0.7368602791855872,24.695315546779625
2012-09-26 16:00:00+00:00,0.0,0.0,0.0,0.0,0.0,21.66
2012-09-26 17:00:00+00:00,0.0,0.0,0.0,0.0,0.0,20.37
2012-09-26 18:00:00+00:00,0.0,0.0,0.0,0.0,0.0,19.08
2012-09-26 19:00:00+00:00,0.0,0.0,0.0,0.0,0.0,18.26
2012-09-26 20:00:00+00:00,0.0,0.0,0.0,0.0,0.0,17.27
2012-09-26 21:00:00+00:00,0.0,0.0,0.0,0.0,0.0,16.26
2012-09-26 22:00:00+00:00,0.0,0.0,0.0,0.0,0.0,15.39
2012-09-26 23:00:00+00:00,0.0,0.0,0.0,0.0,0.0,14.68
2012-09-27 00:00:00+00:00,0.0,0.0,0.0,0.0,0.0,14.23
2012-09-27 01:00:00+00:00,0.0,0.0,0.0,0.0,0.0,13.78
2012-09-27 02:00:00+00:00,0.0,0.0,0.0,0.0,0.0,13.35
2012-09-27 03:00:00+00:00,0.0,0.0,0.0,0.0,0.0,13.03
2012-09-27 04:00:00+00:00,19.944950054802455,0.0,19.944950054802455,19.593266739736606,0.3516833150658484,13.589245148053628
2012-09-27 05:00:00+00:00,62.684128743664864,0.0,62.684128743664864,61.57883832488648,1.1052904187783807,16.39915533025033
2012-09-27 06:00:00+00:00,233.30471346665195,3.395920775106376,229.90879269154559,225.7890738579171,4.11971883362851,23.139716822029484
2012-09-27 07:00:00+00:00,381.6184194521195,23.10691372986699,358.51150572225254,351.7457886133667,6.765717108885846,30.495603845611132
2012-09-27 08:00:00+00:00,624.8478146935526,162.0158008956112,462.83201379794133,451.5781477158342,11.253866082107148,39.544601859722
2012-09-27 09:00:00+00:00,944.8872121770582,749.0306330642442,195.8565791128141,178.2054260614139,17.6511530514002,50.5493858324648
2012-09-27 10:00:00+00:00,964.0238636618583,815.4494895040623,148.57437415779594,130.62177826491072,17.952595892885213,51.75630888344609
2012-09-27 11:00:00+00:00,880.380803535256,736.3136435848851,144.06715995037086,127.82274015923406,16.244419791136806,49.39776703235839
2012-09-27 12:00:00+00:00,751.2050822450633,641.4058714871236,109.79921075793973,96.1003082948986,13.698902463041142,46.021975255609945
2012-09-27 13:00:00+00:00,512.3376551445403,378.1869337237978,134.1507214207425,125.0237020535574,9.127019367185113,38.673206020183926
2012-09-27 14:00:00+00:00,116.99528417114362,3.90691322915527,113.08837094198836,111.02851152517411,2.059859416814255,26.754647472427973
2012-09-27 15:00:00+00:00,38.67586625445094,12.88163762039099,25.79422863405995,25.191342951089926,0.6028856829700258,23.668813540422892
2012-09-27 16:00:00+00:00,0.0,0.0,0.0,0.0,0.0,21.22
2012-09-27 17:00:00+00:00,0.0,0.0,0.0,0.0,0.0,20.06
2012-09-27 18:00:00+00:00,0.0,0.0,0.0,0.0,0.0,19.11
2012-09-27 19:00:00+00:00,0.0,0.0,0.0,0.0,0.0,18.19
2012-09-27 20:00:00+00:00,0.0,0.0,0.0,0.0,0.0,17.32
2012-09-27 21:00:00+00:00,0.0,0.0,0.0,0.0,0.0,16.31
2012-09-27 22:00:00+00:00,0.0,0.0,0.0,0.0,0.0,15.47
2012-09-27 23:00:00+00:00,0.0,0.0,0.0,0.0,0.0,14.81
2012-09-28 00:00:00+00:00,0.0,0.0,0.0,0.0,0.0,14.29
2012-09-28 01:00:00+00:00,0.0,0.0,0.0,0.0,0.0,13.99
2012-09-28 02:00:00+00:00,0.0,0.0,0.0,0.0,0.0,13.44
2012-09-28 03:00:00+00:00,0.0,0.0,0.0,0.0,0.0,13.07
2012-09-28 04:00:00+00:00,76.82296870862275,8.272814561173465,68.55015414744929,67.17691453623979,1.3732396112095033,15.68047800832524
2012-09-28 05:00:00+00:00,100.67450980043144,0.0,100.67450980043144,98.89934640057525,1.775163399856187,18.35056012916529
2012-09-28 06:00:00+00:00,263.1616786722302,9.391670048516879,253.77000862371335,249.1143914052226,4.655617218490755,25.516076484544115
2012-09-28 07:00:00+00:00,562.0957171056169,169.39518684195124,392.70053026366566,382.53520777580997,10.165322487855713,36.25605229400158
2012-09-28 08:00:00+00:00,883.2833257846393,693.2138474245916,190.06947836004767,173.5403625519528,16.529115808094875,47.283195225060076
2012-09-28 09:00:00+00:00,946.1439742763232,749.3878761106707,196.75609816565242,179.1384387633061,17.61765940234631,49.8845963105449
2012-09-28 10:00:00+00:00,935.9972017744891,741.4085718541061,194.588629920383,177.2724133595217,17.316216560861296,50.47549425223265
2012-09-28 11:00:00+00:00,530.9621505698435,92.33109866622557,438.63105190361796,429.1858428704209,9.445209033197072,38.937550895032814
2012-09-28 12:00:00+00:00,191.85142433667124,0.0,191.85142433667124,188.46856578222832,3.382858554442923,29.738921804000483
2012-09-28 13:00:00+00:00,101.62426932685061,0.0,101.62426932685061,99.83235910246748,1.7919102243831322,26.919658987962595
2012-09-28 14:00:00+00:00,223.27107848989064,86.93150517999808,136.33957330989256,132.48780366869516,3.851769641197387,29.843815424524518
2012-09-28 15:00:00+00:00,28.814258045533634,5.953042113365909,22.861215932167728,22.392304845413264,0.4689110867544645,23.51608723662266
2012-09-28 16:00:00+00:00,0.0,0.0,0.0,0.0,0.0,21.06
2012-09-28 17:00:00+00:00,0.0,0.0,0.0,0.0,0.0,19.83
2012-09-28 18:00:00+00:00,0.0,0.0,0.0,0.0,0.0,18.98
2012-09-28 19:00:00+00:00,0.0,0.0,0.0,0.0,0.0,18.59
2012-09-28 20:00:00+00:00,0.0,0.0,0.0,0.0,0.0,17.86
2012-09-28 21:00:00+00:00,0.0,0.0,0.0,0.0,0.0,17.04
2012-09-28 22:00:00+00:00,0.0,0.0,0.0,0.0,0.0,16.23
2012-09-28 23:00:00+00:00,0.0,0.0,0.0,0.0,0.0,15.49
2012-09-29 00:00:00+00:00,0.0,0.0,0.0,0.0,0.0,14.89
2012-09-29 01:00:00+00:00,0.0,0.0,0.0,0.0,0.0,14.48
2012-09-29 02:00:00+00:00,0.0,0.0,0.0,0.0,0.0,14.12
2012-09-29 03:00:00+00:00,0.0,0.0,0.0,0.0,0.0,14.11
2012-09-29 04:00:00+00:00,50.24911344988502,0.8448712515615218,49.4042421983235,48.51666049839541,0.8875816999280935,16.10936156964289
2012-09-29 05:00:00+00:00,127.189649307919,0.8548854696431613,126.33476383827583,124.09068935166518,2.2440744866106517,19.981423021035795
2012-09-29 06:00:00+00:00,317.55636508700445,29.209836548081462,288.346528538923,282.7028486733425,5.64367986558052,27.689907645123956
2012-09-29 07:00:00+00:00,509.8036562826257,109.72756799807372,400.076088284552,390.9323220928399,9.143766191712059,34.384248550242965
2012-09-29 08:00:00+00:00,685.8046446279388,244.20940478305155,441.59523984488726,429.1858428704209,12.409396974466365,41.1025716194278
2012-09-29 09:00:00+00:00,810.8587808566583,403.2897341272682,407.56904672939004,392.7983474966244,14.770699232765633,45.94996095056784
2012-09-29 10:00:00+00:00,917.6364330496503,686.1627124912792,231.47372055837118,214.59292143521046,16.880799123160724,50.12878301723952
2012-09-29 11:00:00+00:00,682.3018259455353,278.1778155970792,404.124010348456,391.8653347947322,12.258675553723858,43.611019313143046
2012-09-29 12:00:00+00:00,629.805366935412,349.81034905929187,279.9950178761202,268.70765814495917,11.28735973116104,42.1690547933388
2012-09-29 13:00:00+00:00,444.39263755579213,229.4263038571091,214.96633369868306,207.12881982007272,7.837513878610336,36.79905567722523
2012-09-29 14:00:00+00:00,187.27989080320486,45.94512696492902,141.33476383827585,138.08587988004848,3.248883958227361,28.78028719245542
2012-09-29 15:00:00+00:00,12.34687384344914,0.0,12.34687384344914,12.129165124598853,0.2177087188502871,22.985297923061765
2012-09-29 16:00:00+00:00,0.0,0.0,0.0,0.0,0.0,20.95
2012-09-29 17:00:00+00:00,0.0,0.0,0.0,0.0,0.0,19.79
2012-09-29 18:00:00+00:00,0.0,0.0,0.0,0.0,0.0,18.91
2012-09-29 19:00:00+00:00,0.0,0.0,0.0,0.0,0.0,18.5
2012-09-29 20:00:00+00:00,0.0,0.0,0.0,0.0,0.0,17.66
2012-09-29 21:00:00+00:00,0.0,0.0,0.0,0.0,0.0,16.91
2012-09-29 22:00:00+00:00,0.0,0.0,0.0,0.0,0.0,16.16
2012-09-29 23:00:00+00:00,0.0,0.0,0.0,0.0,0.0,15.56
2012-09-30 00:00:00+00:00,0.0,0.0,0.0,0.0,0.0,15.06
2012-09-30 01:00:00+00:00,0.0,0.0,0.0,0.0,0.0,14.59
2012-09-30 02:00:00+00:00,0.0,0.0,0.0,0.0,0.0,14.35
2012-09-30 03:00:00+00:00,0.0,0.0,0.0,0.0,0.0,14.24
2012-09-30 04:00:00+00:00,38.940140583185745,0.0,38.940140583185745,38.253520777580995,0.6866198056047517,15.907809734297278
2012-09-30 05:00:00+00:00,255.35798372901553,58.56873721883538,196.78924651018016,192.2006165897972,4.588629920382974,24.19032532768818
2012-09-30 06:00:00+00:00,413.44671045423013,103.71500495118747,309.7317055030427,302.29611541307906,7.435590089963652,30.60961689777852
2012-09-30 07:00:00+00:00,593.2890611968745,207.48324051443046,385.80582068244405,375.07110616067223,10.73471452177185,38.03970546228195
2012-09-30 08:00:00+00:00,875.0245542479872,641.4216685650172,233.60288568297003,217.39195954088711,16.210926142082915,47.76835891222649
2012-09-30 09:00:00+00:00,968.7556880742736,792.1909328597111,176.56475521456252,158.6121593216773,17.952595892885213,51.727249601094954
2012-09-30 10:00:00+00:00,962.0937992035164,796.0266392531455,166.06715995037086,148.34901960086287,17.71814034950798,51.89264351974262
2012-09-30 11:00:00+00:00,820.9276181985379,557.8583124907532,263.0693057077846,248.18137870333035,14.887927004454248,48.45805662263129
2012-09-30 12:00:00+00:00,712.4872749603876,539.2145162963398,173.27275866404784,160.47818472546174,12.794573938586103,45.37594415370089
2012-09-30 13:00:00+00:00,315.669947967279,56.330547309649496,259.3394006576295,253.77945491468367,5.559945742945794,34.010256527633345
2012-09-30 14:00:00+00:00,199.07717227157738,57.55819336350516,141.51897890807223,138.08587988004848,3.4330990280237583,30.051287463041575
2012-09-30 15:00:00+00:00,41.60722245346899,17.679019223193478,23.92820323027551,23.325317547305485,0.6028856829700258,24.414235729710008
2012-09-30 16:00:00+00:00,0.0,0.0,0.0,0.0,0.0,18.92
2012-09-30 17:00:00+00:00,0.0,0.0,0.0,0.0,0.0,18.76
2012-09-30 18:00:00+00:00,0.0,0.0,0.0,0.0,0.0,18.59
2012-09-30 19:00:00+00:00,0.0,0.0,0.0,0.0,0.0,18.42
2012-09-30 20:00:00+00:00,0.0,0.0,0.0,0.0,0.0,18.26
2012-09-30 21:00:00+00:00,0.0,0.0,0.0,0.0,0.0,18.09
2012-09-30 22:00:00+00:00,0.0,0.0,0.0,0.0,0.0,17.92
2012-09-30 23:00:00+00:00,0.0,0.0,0.0,0.0,0.0,17.75
2019-10-01 00:00:00+00:00,0.0,0.0,0.0,0.0,0.0,17.59
2019-10-01 01:00:00+00:00,0.0,0.0,0.0,0.0,0.0,17.42
2019-10-01 02:00:00+00:00,0.0,0.0,0.0,0.0,0.0,17.25
2019-10-01 03:00:00+00:00,0.0,0.0,0.0,0.0,0.0,17.09
2019-10-01 04:00:00+00:00,49.324686725494594,0.8702040535902507,48.454482671904344,47.58364779650319,0.8708348754011483,18.466147502404137
2019-10-01 05:00:00+00:00,286.26036804407795,102.86342637931104,183.3969416647669,178.2054260614139,5.191515603353,25.815307785673454
2019-10-01 06:00:00+00:00,393.03706690299634,88.35560187353443,304.68146502946195,297.631051903618,7.050413125843913,29.14783727519133
2019-10-01 07:00:00+00:00,746.607797789771,571.2967360050525,175.31106178471845,161.41119742735395,13.899864357364484,40.52624085897302
2019-10-01 08:00:00+00:00,804.4316366991071,491.09687286083124,313.3347638382759,298.5640646055102,14.770699232765633,46.42370353101589
2019-10-01 09:00:00+00:00,801.7782919960118,400.94129607419063,400.83699592182114,386.26725858337886,14.569737338442291,48.0119557390063
2019-10-01 10:00:00+00:00,876.6683734303818,594.7497891433397,281.9185842870421,265.90862003928254,16.009964247759573,51.543350669041814
2019-10-01 11:00:00+00:00,587.2883863891877,154.16686710267166,433.1215192865161,422.6547539571754,10.466765329340726,43.3650594485651
2019-10-01 12:00:00+00:00,567.0576250367674,242.5340093093414,324.5236157274259,314.42528053767796,10.098335189747932,42.79282290927176
2019-10-01 13:00:00+00:00,281.388456911796,34.78110706173545,246.6073498500606,241.65028979008483,4.957060059975768,34.15711048412268
2019-10-01 14:00:00+00:00,72.1817240078565,0.0,72.1817240078565,70.90896534380867,1.2727586640478323,26.271282771131602
2019-10-01 15:00:00+00:00,3.7990381056766584,0.0,3.7990381056766584,3.7320508075688776,0.06698729810778065,22.566513303049515
2019-10-01 16:00:00+00:00,0.0,0.0,0.0,0.0,0.0,20.79
2019-10-01 17:00:00+00:00,0.0,0.0,0.0,0.0,0.0,19.53
2019-10-01 18:00:00+00:00,0.0,0.0,0.0,0.0,0.0,18.47
2019-10-01 19:00:00+00:00,0.0,0.0,0.0,0.0,0.0,16.96
2019-10-01 20:00:00+00:00,0.0,0.0,0.0,0.0,0.0,16.78
2019-10-01 21:00:00+00:00,0.0,0.0,0.0,0.0,0.0,16.56
2019-10-01 22:00:00+00:00,0.0,0.0,0.0,0.0,0.0,16.46
2019-10-01 23:00:00+00:00,0.0,0.0,0.0,0.0,0.0,16.32
2019-10-02 00:00:00+00:00,0.0,0.0,0.0,0.0,0.0,16.29
2019-10-02 01:00:00+00:00,0.0,0.0,0.0,0.0,0.0,16.22
2019-10-02 02:00:00+00:00,0.0,0.0,0.0,0.0,0.0,15.92
2019-10-02 03:00:00+00:00,0.0,0.0,0.0,0.0,0.0,15.92
2019-10-02 04:00:00+00:00,18.045431001964126,0.0,18.045431001964126,17.72724133595217,0.3181896660119581,16.541463619905464
2019-10-02 05:00:00+00:00,285.5809323782139,99.41844625682427,186.16248612138966,181.00446416709056,5.15802195429911,25.25982030949499
2019-10-02 06:00:00+00:00,392.8020023781748,86.27125876945541,306.5307436087194,299.49707730740244,7.033666301316968,29.176016565119806
2019-10-02 07:00:00+00:00,532.1638840947832,135.41792282915333,396.74596126562983,387.20027128527107,9.545689980358743,35.11757100464443
2019-10-02 08:00:00+00:00,474.0531168499315,42.991456980229586,431.0616598697019,422.6547539571754,8.40690591252647,33.960326692528476
2019-10-02 09:00:00+00:00,613.9934254625191,125.33849885308061,488.65492660943846,477.70250336881634,10.952423240622135,39.24407849256274
2019-10-02 10:00:00+00:00,789.3839764452031,388.8651701893939,400.5188062558092,386.26725858337886,14.251547672430332,44.840367801406586
2019-10-02 11:00:00+00:00,639.6497675720055,221.43489521962127,418.21487235238425,406.79353802500765,11.4213343273766,41.02754009464025
2019-10-02 12:00:00+00:00,406.41605238510977,56.816003068605795,349.600049316504,342.41566159444454,7.1843877220594745,34.149833214303804
2019-10-02 13:00:00+00:00,248.1408983900872,17.980903330637393,230.15999505944978,225.7890738579171,4.3709212015326875,29.297195923040626
2019-10-02 14:00:00+00:00,291.1652796591994,211.71792486858863,79.44735479061082,74.64101615137756,4.806338639233261,29.557998752414537
2019-10-02 15:00:00+00:00,51.41370457633963,30.217552153633,21.196152422706632,20.526279441628827,0.6698729810778065,21.91763919513268
2019-10-02 16:00:00+00:00,0.0,0.0,0.0,0.0,0.0,19.21
2019-10-02 17:00:00+00:00,0.0,0.0,0.0,0.0,0.0,18.46
2019-10-02 18:00:00+00:00,0.0,0.0,0.0,0.0,0.0,17.81
2019-10-02 19:00:00+00:00,0.0,0.0,0.0,0.0,0.0,17.94
2019-10-02 20:00:00+00:00,0.0,0.0,0.0,0.0,0.0,17.22
2019-10-02 21:00:00+00:00,0.0,0.0,0.0,0.0,0.0,16.56
2019-10-02 22:00:00+00:00,0.0,0.0,0.0,0.0,0.0,16.22
2019-10-02 23:00:00+00:00,0.0,0.0,0.0,0.0,0.0,15.94
2019-10-03 00:00:00+00:00,0.0,0.0,0.0,0.0,0.0,15.94
2019-10-03 01:00:00+00:00,0.0,0.0,0.0,0.0,0.0,16.06
2019-10-03 02:00:00+00:00,0.0,0.0,0.0,0.0,0.0,15.91
2019-10-03 03:00:00+00:00,0.0,0.0,0.0,0.0,0.0,15.62
2019-10-03 04:00:00+00:00,90.67178584667843,16.289099944498588,74.38268590217984,72.77499074759311,1.6076951545867355,18.399871852166218
2019-10-03 05:00:00+00:00,210.3562537595773,23.751222319193506,186.60503144038378,182.870489570875,3.734541869508771,22.522058811403813
2019-10-03 06:00:00+00:00,392.5310242235078,84.15100203553096,308.38002218797686,301.36310271118685,7.016919476790022,29.809346360129258
2019-10-03 07:00:00+00:00,552.3666729608522,157.11830695941407,395.2483660014381,385.3342458814866,9.914120119951535,35.68427968512557
2019-10-03 08:00:00+00:00,471.5390421910712,40.52762279495013,431.011419396121,422.6547539571754,8.356665438945635,34.81445933208657
2019-10-03 09:00:00+00:00,368.2755580320117,4.433925290836977,363.84163274117475,357.34386482472,6.497767916454722,32.97894429665885
2019-10-03 10:00:00+00:00,789.325997253532,383.2426084354234,406.08338881810863,391.8653347947322,14.218054023376443,45.100749988835005
2019-10-03 11:00:00+00:00,745.0461057202647,400.46263057602454,344.58347514424014,331.2195091717379,13.363965972502239,44.214847287019225
2019-10-03 12:00:00+00:00,497.7312934438213,140.90872593685023,356.82256750697104,348.01373780579786,8.808829701173154,37.60316253406068
2019-10-03 13:00:00+00:00,297.26452815320033,45.7241656012475,251.54036255195282,246.31535329954593,5.22500925240689,32.10469951998171
2019-10-03 14:00:00+00:00,239.13810146071154,114.76022503014839,124.37787643056315,120.35863854409631,4.019237886466839,29.013857632431627
2019-10-03 15:00:00+00:00,35.922281573713626,13.943837869857278,21.978443703856346,21.459292143521047,0.5191515603353,21.894392520334783
2019-10-03 16:00:00+00:00,0.0,0.0,0.0,0.0,0.0,19.34
2019-10-03 17:00:00+00:00,0.0,0.0,0.0,0.0,0.0,18.1
2019-10-03 18:00:00+00:00,0.0,0.0,0.0,0.0,0.0,17.11
2019-10-03 19:00:00+00:00,0.0,0.0,0.0,0.0,0.0,16.66
2019-10-03 20:00:00+00:00,0.0,0.0,0.0,0.0,0.0,16.33
2019-10-03 21:00:00+00:00,0.0,0.0,0.0,0.0,0.0,16.03
2019-10-03 22:00:00+00:00,0.0,0.0,0.0,0.0,0.0,15.85
2019-10-03 23:00:00+00:00,0.0,0.0,0.0,0.0,0.0,15.5
2019-10-04 00:00:00+00:00,0.0,0.0,0.0,0.0,0.0,15.22
2019-10-04 01:00:00+00:00,0.0,0.0,0.0,0.0,0.0,14.95
2019-10-04 02:00:00+00:00,0.0,0.0,0.0,0.0,0.0,14.68
2019-10-04 03:00:00+00:00,0.0,0.0,0.0,0.0,0.0,14.55
2019-10-04 04:00:00+00:00,119.08729571257781,47.93425588215848,71.15303983041933,69.04293994002424,2.1100998903950905,18.252989385648046
2019-10-04 05:00:00+00:00,336.21265824119985,184.5668326182056,151.64582562299427,145.54998149518622,6.095844127808038,25.451751673653163
2019-10-04 06:00:00+00:00,540.5720377443032,323.5793382778598,216.9926994664434,207.12881982007272,9.8638796463707,32.88585516841852
2019-10-04 07:00:00+00:00,730.7801471708513,499.990728008408,230.78941916244324,217.39195954088711,13.397459621556129,39.0116015602088
2019-10-04 08:00:00+00:00,315.2192917860137,1.7651544186355044,313.45413736737817,307.8941916244324,5.559945742945794,28.934106790707496
2019-10-04 09:00:00+00:00,206.0978172329587,0.0,206.0978172329587,202.46375631061161,3.6340609223471,26.791768979227896
2019-10-04 10:00:00+00:00,227.9422863405995,0.0,227.9422863405995,223.92304845413267,4.019237886466839,27.894875644318418
2019-10-04 11:00:00+00:00,132.96633369868303,0.0,132.96633369868303,130.62177826491072,2.3445554337723227,24.974387646383203
2019-10-04 12:00:00+00:00,101.62426932685061,0.0,101.62426932685061,99.83235910246748,1.7919102243831322,24.167449845745804
2019-10-04 13:00:00+00:00,267.6310938924489,27.80603532353802,239.8250585689109,235.1192008768393,4.70585769207159,28.718290178130857
2019-10-04 14:00:00+00:00,82.6290787984673,0.0,82.6290787984673,81.17210506462308,1.456973733844229,23.136523125026972
2019-10-04 15:00:00+00:00,28.19756067890915,7.235863799579746,20.961696879329402,20.526279441628827,0.4354174377005742,20.776457614618856
2019-10-04 16:00:00+00:00,0.0,0.0,0.0,0.0,0.0,19.14
2019-10-04 17:00:00+00:00,0.0,0.0,0.0,0.0,0.0,18.26
2019-10-04 18:00:00+00:00,0.0,0.0,0.0,0.0,0.0,17.45
2019-10-04 19:00:00+00:00,0.0,0.0,0.0,0.0,0.0,17.14
2019-10-04 20:00:00+00:00,0.0,0.0,0.0,0.0,0.0,16.61
2019-10-04 21:00:00+00:00,0.0,0.0,0.0,0.0,0.0,16.18
2019-10-04 22:00:00+00:00,0.0,0.0,0.0,0.0,0.0,15.82
2019-10-04 23:00:00+00:00,0.0,0.0,0.0,0.0,0.0,15.71
2019-10-05 00:00:00+00:00,0.0,0.0,0.0,0.0,0.0,15.5
2019-10-05 01:00:00+00:00,0.0,0.0,0.0,0.0,0.0,15.23
2019-10-05 02:00:00+00:00,0.0,0.0,0.0,0.0,0.0,15.06
2019-10-05 03:00:00+00:00,0.0,0.0,0.0,0.0,0.0,14.94
2019-10-05 04:00:00+00:00,80.7851422786285,9.385709551921703,71.39943272670679,69.97595264191645,1.4234800847903388,17.53830796372212
2019-10-05 05:00:00+00:00,258.4787152166149,63.5387472856922,194.9399679309227,190.33459118601277,4.605376744909919,24.027364092288526
2019-10-05 06:00:00+00:00,445.31617613013236,148.09400324419155,297.22217288594084,289.233937586588,7.9882352993528425,31.185772343028304
2019-10-05 07:00:00+00:00,339.40478960660283,11.520044273140742,327.8847453334621,321.8893821528157,5.995363180646367,29.04837750968509
2019-10-05 08:00:00+00:00,409.4451498147577,16.87627573763079,392.5688740771269,385.3342458814866,7.23462819564031,31.88957828040933
2019-10-05 09:00:00+00:00,169.0571957026113,0.0,169.0571957026113,166.07626093681506,2.980934765796239,26.372970992966444
2019-10-05 10:00:00+00:00,416.3850539193838,15.3018377535383,401.0832161658455,393.7313601985166,7.351855967328926,34.13315611350019
2019-10-05 11:00:00+00:00,295.35625258773047,0.9140525732624861,294.44220001446797,289.233937586588,5.208262427879945,30.66168935729701
2019-10-05 12:00:00+00:00,485.86870598774397,131.14661942793464,354.7220865598093,346.1477124020134,8.574374157795923,35.48031821053015
2019-10-05 13:00:00+00:00,324.31402808134555,70.45547586338077,253.85855221796476,248.18137870333035,5.67717351463441,30.09452129964453
2019-10-05 14:00:00+00:00,254.06135568751807,142.57818883817654,111.48316684934152,107.29646071760523,4.18670613173629,27.787975735487883
2019-10-05 15:00:00+00:00,30.36179594441059,9.383352240554245,20.978443703856346,20.526279441628827,0.4521642622275194,20.748546640677247
2019-10-05 16:00:00+00:00,0.0,0.0,0.0,0.0,0.0,17.74
2019-10-05 17:00:00+00:00,0.0,0.0,0.0,0.0,0.0,16.43
2019-10-05 18:00:00+00:00,0.0,0.0,0.0,0.0,0.0,15.79
2019-10-05 19:00:00+00:00,0.0,0.0,0.0,0.0,0.0,15.83
2019-10-05 20:00:00+00:00,0.0,0.0,0.0,0.0,0.0,15.69
2019-10-05 21:00:00+00:00,0.0,0.0,0.0,0.0,0.0,15.74
2019-10-05 22:00:00+00:00,0.0,0.0,0.0,0.0,0.0,15.64
2019-10-05 23:00:00+00:00,0.0,0.0,0.0,0.0,0.0,15.14
2019-10-06 00:00:00+00:00,0.0,0.0,0.0,0.0,0.0,15.03
2019-10-06 01:00:00+00:00,0.0,0.0,0.0,0.0,0.0,14.86
2019-10-06 02:00:00+00:00,0.0,0.0,0.0,0.0,0.0,14.85
2019-10-06 03:00:00+00:00,0.0,0.0,0.0,0.0,0.0,14.56
2019-10-06 04:00:00+00:00,14.24639289628747,0.0,14.24639289628747,13.995190528383292,0.25120236790417744,15.021155489399048
2019-10-06 05:00:00+00:00,196.05109492518125,16.24510159047416,179.8059933347071,176.33940065762945,3.4665926770776485,21.170569999925373
2019-10-06 06:00:00+00:00,182.35382907247958,0.0,182.35382907247958,179.1384387633061,3.215390309173471,21.932654872748955
2019-10-06 07:00:00+00:00,356.3327993151925,16.017446015646605,340.3153532995459,334.01854727741454,6.29680602213138,29.01245215259832
2019-10-06 08:00:00+00:00,498.836225607623,57.07600857940614,441.76021702821686,432.9178936779898,8.842323350227046,33.29259564428154
2019-10-06 09:00:00+00:00,279.22930076723435,0.0,279.22930076723435,274.3057343563125,4.923566410921877,28.606165610740312
2019-10-06 10:00:00+00:00,572.3929063894469,97.60400518379289,474.78890120565404,464.6403255423253,10.148575663328767,36.97714584583614
2019-10-06 11:00:00+00:00,147.21272659497052,0.0,147.21272659497052,144.616968793294,2.5957578016765,25.529038720880393
2019-10-06 12:00:00+00:00,466.5303700665326,110.2939414180047,356.2364286485279,348.01373780579786,8.222690842730074,34.08174073367102
2019-10-06 13:00:00+00:00,113.97114317029975,0.0,113.97114317029975,111.96152422706633,2.0096189432334195,24.3636820699953
2019-10-06 14:00:00+00:00,235.66346191517493,114.20185136197705,121.46161055319787,117.55960043841965,3.9020101147782227,26.997628541342497
2019-10-06 15:00:00+00:00,2.8492785792574935,0.0,2.8492785792574935,2.799038105676658,0.050240473580835485,19.379336233307363
2019-10-06 16:00:00+00:00,0.0,0.0,0.0,0.0,0.0,18.0
2019-10-06 17:00:00+00:00,0.0,0.0,0.0,0.0,0.0,17.0
2019-10-06 18:00:00+00:00,0.0,0.0,0.0,0.0,0.0,16.48
2019-10-06 19:00:00+00:00,0.0,0.0,0.0,0.0,0.0,15.97
2019-10-06 20:00:00+00:00,0.0,0.0,0.0,0.0,0.0,15.54
2019-10-06 21:00:00+00:00,0.0,0.0,0.0,0.0,0.0,15.55
2019-10-06 22:00:00+00:00,0.0,0.0,0.0,0.0,0.0,15.32
2019-10-06 23:00:00+00:00,0.0,0.0,0.0,0.0,0.0,15.1
2019-10-07 00:00:00+00:00,0.0,0.0,0.0,0.0,0.0,14.78
2019-10-07 01:00:00+00:00,0.0,0.0,0.0,0.0,0.0,14.53
2019-10-07 02:00:00+00:00,0.0,0.0,0.0,0.0,0.0,14.11
2019-10-07 03:00:00+00:00,0.0,0.0,0.0,0.0,0.0,13.68
2019-10-07 04:00:00+00:00,66.59796455043575,2.9138358067708845,63.684128743664864,62.5118510267787,1.1722777168861613,15.85902770325548
2019-10-07 05:00:00+00:00,317.4881089056887,139.22033236552068,178.26777654016806,172.6073498500606,5.660426690107465,25.10410083237397
2019-10-07 06:00:00+00:00,498.16124861732885,224.2428369825498,273.91841163477903,264.97560733739033,8.942804297388717,32.059410494565775
2019-10-07 07:00:00+00:00,744.1438517045233,511.37117936660695,232.7726723379163,219.25798494467156,13.514687393244746,40.71661797946589
2019-10-07 08:00:00+00:00,836.1368390804674,533.6297975253054,302.507041555162,287.3679121828036,15.139129372358425,44.552475765707726
2019-10-07 09:00:00+00:00,1020.2281649812746,918.6010592879579,101.62710569331666,83.03813046840753,18.58897522490913,50.64404889172478
2019-10-07 10:00:00+00:00,977.289191489843,835.5473490867776,141.7418424030654,124.09068935166518,17.6511530514002,49.750880008442536
2019-10-07 11:00:00+00:00,806.9066663299616,532.2273470579134,274.6793192720482,260.3105438279292,14.368775444118949,45.22710481239494
2019-10-07 12:00:00+00:00,679.2909719293573,460.23841304609954,219.0525588832577,207.12881982007272,11.923739063184955,41.437156422273745
2019-10-07 13:00:00+00:00,415.84042484708345,183.79997596899906,232.04044887808436,224.85606115602488,7.1843877220594745,33.44098888004698
2019-10-07 14:00:00+00:00,209.63157105302588,75.49295963745669,134.1386114155692,130.62177826491072,3.516833150658484,27.27593276316116
2019-10-07 15:00:00+00:00,18.178988987572296,2.016330213919555,16.16265877365274,15.86121593216773,0.3014428414850129,21.270582819422057
2019-10-07 16:00:00+00:00,0.0,0.0,0.0,0.0,0.0,19.39
2019-10-07 17:00:00+00:00,0.0,0.0,0.0,0.0,0.0,18.28
2019-10-07 18:00:00+00:00,0.0,0.0,0.0,0.0,0.0,17.4
2019-10-07 19:00:00+00:00,0.0,0.0,0.0,0.0,0.0,16.8
2019-10-07 20:00:00+00:00,0.0,0.0,0.0,0.0,0.0,16.02
2019-10-07 21:00:00+00:00,0.0,0.0,0.0,0.0,0.0,15.32
2019-10-07 22:00:00+00:00,0.0,0.0,0.0,0.0,0.0,14.86
2019-10-07 23:00:00+00:00,0.0,0.0,0.0,0.0,0.0,14.51
2019-10-08 00:00:00+00:00,0.0,0.0,0.0,0.0,0.0,14.32
2019-10-08 01:00:00+00:00,0.0,0.0,0.0,0.0,0.0,14.07
2019-10-08 02:00:00+00:00,0.0,0.0,0.0,0.0,0.0,13.95
2019-10-08 03:00:00+00:00,0.0,0.0,0.0,0.0,0.0,13.63
2019-10-08 04:00:00+00:00,149.4649533941917,92.8046993563473,56.66025403784439,54.114736709748726,2.5455173280956647,18.478898478280847
2019-10-08 05:00:00+00:00,403.00469511349627,316.4974809060712,86.50721420742506,79.30607966083865,7.201134546586419,28.642373028573747
2019-10-08 06:00:00+00:00,618.2995547384276,497.9334430085115,120.36611172991599,109.16248612138968,11.203625608526313,37.00060855478342
2019-10-08 07:00:00+00:00,816.1845468635951,698.6819694755236,117.50257738807144,102.63139720814414,14.871180179927304,44.46832461072721
2019-10-08 08:00:00+00:00,932.9786741525704,792.839717432475,140.13895672009536,123.15767664977297,16.981280070322395,49.146521689607326
2019-10-08 09:00:00+00:00,999.0662877849946,862.4536105065281,136.61267727846652,118.49261314031186,18.120064138154664,51.37495798264922
2019-10-08 10:00:00+00:00,970.6267093455047,814.1408787819602,156.48583056354448,139.0188925819407,17.466937981603802,50.61027742863773
2019-10-08 11:00:00+00:00,875.6146760976058,707.0260461772228,168.58862992038297,153.01408311032398,15.574546810059001,47.34489174043028
2019-10-08 12:00:00+00:00,668.8518558950811,434.155789798506,234.6960660965751,222.99003575224043,11.706030344334668,41.6042905202131
2019-10-08 13:00:00+00:00,453.5153002674407,247.94608088578767,205.56921938165306,197.7986928011505,7.770526580502555,35.548151448582466
2019-10-08 14:00:00+00:00,280.36946621764815,186.32884468730074,94.04062153034741,89.56921938165306,4.4714021486943585,30.46779520827282
2019-10-08 15:00:00+00:00,38.898588077018694,18.802916601473733,20.09567147554496,19.593266739736606,0.5024047358083549,22.613537013134444
2019-10-08 16:00:00+00:00,0.0,0.0,0.0,0.0,0.0,20.09
2019-10-08 17:00:00+00:00,0.0,0.0,0.0,0.0,0.0,19.16
2019-10-08 18:00:00+00:00,0.0,0.0,0.0,0.0,0.0,17.9
2019-10-08 19:00:00+00:00,0.0,0.0,0.0,0.0,0.0,18.23
2019-10-08 20:00:00+00:00,0.0,0.0,0.0,0.0,0.0,17.48
2019-10-08 21:00:00+00:00,0.0,0.0,0.0,0.0,0.0,16.76
2019-10-08 22:00:00+00:00,0.0,0.0,0.0,0.0,0.0,16.34
2019-10-08 23:00:00+00:00,0.0,0.0,0.0,0.0,0.0,15.98
2019-10-09 00:00:00+00:00,0.0,0.0,0.0,0.0,0.0,15.75
2019-10-09 01:00:00+00:00,0.0,0.0,0.0,0.0,0.0,15.62
2019-10-09 02:00:00+00:00,0.0,0.0,0.0,0.0,0.0,15.64
2019-10-09 03:00:00+00:00,0.0,0.0,0.0,0.0,0.0,15.79
2019-10-09 04:00:00+00:00,91.2795467353575,15.04758225392015,76.23196448143734,74.64101615137756,1.5909483300597904,18.875157378137924
2019-10-09 05:00:00+00:00,313.21121698402106,130.39560470608052,182.81561227794055,177.2724133595217,5.543198918418849,26.761530816654602
2019-10-09 06:00:00+00:00,498.8429014105449,224.95798342481976,273.88491798572517,264.97560733739033,8.909310648334825,34.17149744352047
2019-10-09 07:00:00+00:00,561.283168489012,166.88408106683144,394.3990874221806,384.4012331795944,9.99785424258626,35.92684189202539
2019-10-09 08:00:00+00:00,626.889337277699,166.95684253259597,459.93249474510304,448.77910961015755,11.153385134945477,38.94710912498263
2019-10-09 09:00:00+00:00,522.6225710262235,56.20209996016219,466.4204710660612,457.1762239271875,9.24424713887373,36.737243958519514
2019-10-09 10:00:00+00:00,849.1000872631569,504.59072729831814,344.5093599648388,329.35348376795343,15.155876196885371,46.56614576592179
2019-10-09 11:00:00+00:00,413.9135844644458,26.875799300564424,387.0377851638814,379.7361696701333,7.30161549374809,34.31514357326038
2019-10-09 12:00:00+00:00,479.7390737940118,124.23469595305278,355.504377840959,347.0807251039056,8.423652737053416,36.171415814647084
2019-10-09 13:00:00+00:00,192.9700795146014,2.967933757187647,190.00214575741376,186.60254037844388,3.3996053789698677,27.789025229501107
2019-10-09 14:00:00+00:00,85.4783573777248,0.0,85.4783573777248,83.97114317029974,1.5072142074250645,24.23634863811837
2019-10-09 15:00:00+00:00,36.433030082739094,17.303864958140238,19.129165124598853,18.66025403784439,0.4689110867544645,21.59848736086157
2019-10-09 16:00:00+00:00,0.0,0.0,0.0,0.0,0.0,19.17
2019-10-09 17:00:00+00:00,0.0,0.0,0.0,0.0,0.0,17.9
2019-10-09 18:00:00+00:00,0.0,0.0,0.0,0.0,0.0,17.2
2019-10-09 19:00:00+00:00,0.0,0.0,0.0,0.0,0.0,15.98
2019-10-09 20:00:00+00:00,0.0,0.0,0.0,0.0,0.0,15.57
2019-10-09 21:00:00+00:00,0.0,0.0,0.0,0.0,0.0,15.41
2019-10-09 22:00:00+00:00,0.0,0.0,0.0,0.0,0.0,15.3
2019-10-09 23:00:00+00:00,0.0,0.0,0.0,0.0,0.0,15.23
2019-10-10 00:00:00+00:00,0.0,0.0,0.0,0.0,0.0,15.24
2019-10-10 01:00:00+00:00,0.0,0.0,0.0,0.0,0.0,15.19
2019-10-10 02:00:00+00:00,0.0,0.0,0.0,0.0,0.0,15.14
2019-10-10 03:00:00+00:00,0.0,0.0,0.0,0.0,0.0,15.29
2019-10-10 04:00:00+00:00,131.21347926663614,58.077186260743765,73.13629300589238,70.90896534380867,2.2273276620837064,19.858010592013034
2019-10-10 05:00:00+00:00,140.5630378558214,0.9316406476772623,139.63139720814414,137.15286717815624,2.478530029987884,20.878939274194284
2019-10-10 06:00:00+00:00,230.73094810102666,2.738421286846313,227.99252681418034,223.92304845413267,4.0694783600476745,25.162035733886135
2019-10-10 07:00:00+00:00,432.5884397228343,48.93102205145595,383.65741767137837,376.00411886256444,7.653298808813939,32.60128471895134
2019-10-10 08:00:00+00:00,481.10385100361066,46.20965937917825,434.89419162443244,426.3868047647443,8.507386859688141,34.47796878220518
2019-10-10 09:00:00+00:00,606.7360281241787,118.28206340906357,488.45396471511515,477.70250336881634,10.751461346298793,38.01430042013572
2019-10-10 10:00:00+00:00,771.0017405668142,350.5093000787654,420.49244048804877,406.79353802500765,13.698902463041142,43.050565975703904
2019-10-10 11:00:00+00:00,114.92090269671891,0.0,114.92090269671891,112.89453692895854,2.0263657677603644,24.026249916844844
2019-10-10 12:00:00+00:00,442.5391540402212,88.62091505770523,353.91823898251596,346.1477124020134,7.770526580502555,33.43590855550594
2019-10-10 13:00:00+00:00,252.1318937356323,21.921658202601694,230.2102355330306,225.7890738579171,4.421161675113523,28.160748344613864
2019-10-10 14:00:00+00:00,140.22227380054215,15.569320296254352,124.6529535042878,122.22466394788074,2.4282895564070484,24.944458345856184
2019-10-10 15:00:00+00:00,47.35941639470046,29.09627667388605,18.263139720814415,17.72724133595217,0.5358983848622452,21.457697899928185
2019-10-10 16:00:00+00:00,0.0,0.0,0.0,0.0,0.0,18.98
2019-10-10 17:00:00+00:00,0.0,0.0,0.0,0.0,0.0,18.11
2019-10-10 18:00:00+00:00,0.0,0.0,0.0,0.0,0.0,17.39
2019-10-10 19:00:00+00:00,0.0,0.0,0.0,0.0,0.0,17.4
2019-10-10 20:00:00+00:00,0.0,0.0,0.0,0.0,0.0,16.88
2019-10-10 21:00:00+00:00,0.0,0.0,0.0,0.0,0.0,16.44
2019-10-10 22:00:00+00:00,0.0,0.0,0.0,0.0,0.0,15.92
2019-10-10 23:00:00+00:00,0.0,0.0,0.0,0.0,0.0,15.79
2019-10-11 00:00:00+00:00,0.0,0.0,0.0,0.0,0.0,15.56
2019-10-11 01:00:00+00:00,0.0,0.0,0.0,0.0,0.0,15.42
2019-10-11 02:00:00+00:00,0.0,0.0,0.0,0.0,0.0,15.18
2019-10-11 03:00:00+00:00,0.0,0.0,0.0,0.0,0.0,15.13
2019-10-11 04:00:00+00:00,20.89470958122162,0.0,20.89470958122162,20.526279441628827,0.3684301395927936,15.846734000975813
2019-10-11 05:00:00+00:00,186.23151026120593,11.274795505756286,174.95671475544964,171.67433714816838,3.282377607281252,21.30598559227441
2019-10-11 06:00:00+00:00,369.3252007326017,62.36384915779841,306.96135157480325,300.43009000929464,6.531261565508613,28.653979874619417
2019-10-11 07:00:00+00:00,354.8192567153844,15.470409766784602,339.3488469485998,333.08553457552233,6.263312373077491,28.692220708981974
2019-10-11 08:00:00+00:00,471.90087319674996,41.83921332704806,430.0616598697019,421.7217412552832,8.339918614418691,32.83266738319816
2019-10-11 09:00:00+00:00,607.1700477410452,118.71608302593012,488.45396471511515,477.70250336881634,10.751461346298793,36.95138411161369
2019-10-11 10:00:00+00:00,886.9567563405695,590.3444243666291,296.6123319739404,280.83682326955807,15.775508704382343,45.13960965480903
2019-10-11 11:00:00+00:00,178.55479096680293,0.0,178.55479096680293,175.40638795573724,3.14840301106569,26.49336374101755
2019-10-11 12:00:00+00:00,567.5285748320762,244.13893370086583,323.3896411312103,313.4922678357857,9.89737329542459,37.14415553587404
2019-10-11 13:00:00+00:00,532.5179247893773,420.07769788006,112.44022690931729,103.56440991003636,8.875816999280936,35.99889591947988
2019-10-11 14:00:00+00:00,153.2945883830394,24.708622176859397,128.58596620618002,125.95671475544962,2.6292514507303903,25.02022991065193
2019-10-11 15:00:00+00:00,43.68901742024488,25.45937134848436,18.229646071760524,17.72724133595217,0.5024047358083549,20.535354098473224
2019-10-11 16:00:00+00:00,0.0,0.0,0.0,0.0,0.0,17.81
2019-10-11 17:00:00+00:00,0.0,0.0,0.0,0.0,0.0,17.03
2019-10-11 18:00:00+00:00,0.0,0.0,0.0,0.0,0.0,16.33
2019-10-11 19:00:00+00:00,0.0,0.0,0.0,0.0,0.0,16.67
2019-10-11 20:00:00+00:00,0.0,0.0,0.0,0.0,0.0,16.39
2019-10-11 21:00:00+00:00,0.0,0.0,0.0,0.0,0.0,15.99
2019-10-11 22:00:00+00:00,0.0,0.0,0.0,0.0,0.0,15.83
2019-10-11 23:00:00+00:00,0.0,0.0,0.0,0.0,0.0,15.34
2019-10-12 00:00:00+00:00,0.0,0.0,0.0,0.0,0.0,15.27
2019-10-12 01:00:00+00:00,0.0,0.0,0.0,0.0,0.0,15.18
2019-10-12 02:00:00+00:00,0.0,0.0,0.0,0.0,0.0,15.2
2019-10-12 03:00:00+00:00,0.0,0.0,0.0,0.0,0.0,15.07
2019-10-12 04:00:00+00:00,13.296633369868303,0.0,13.296633369868303,13.062177826491071,0.23445554337723226,15.547471401203582
2019-10-12 05:00:00+00:00,113.97114317029975,0.0,113.97114317029975,111.96152422706633,2.0096189432334195,19.500632485369998
2019-10-12 06:00:00+00:00,406.3149683383959,95.90145250136511,310.4135158370308,303.22912811497133,7.1843877220594745,29.35517339973148
2019-10-12 07:00:00+00:00,358.6672774146183,16.45240506223406,342.21487235238425,335.88457268119896,6.330299671185271,29.16986803457261
2019-10-12 08:00:00+00:00,339.93114024463176,3.6492805941397455,336.28185965049204,330.28649646984564,5.995363180646367,29.833700918258526
2019-10-12 09:00:00+00:00,295.3752127163602,0.0,295.3752127163602,290.1669502884802,5.208262427879945,28.979831663153597
2019-10-12 10:00:00+00:00,724.9530843575149,274.542059582424,450.41102477509094,437.5829571874509,12.828067587639994,41.31255364413207
2019-10-12 11:00:00+00:00,593.5442141103547,165.10450515782665,428.43970895252806,417.9896904477143,10.45001850481378,38.17286288972044
2019-10-12 12:00:00+00:00,518.0744275525518,173.14656962680252,344.9278579257493,335.88457268119896,9.043285244550388,36.066201816272
2019-10-12 13:00:00+00:00,322.67511455330293,72.63234726554175,250.04276728776117,244.44932789576148,5.593439391999684,30.64480351071012
2019-10-12 14:00:00+00:00,198.97684331182452,66.92196601889006,132.05487729293446,128.75575286112627,3.2991244318081967,26.88857213811036
2019-10-12 15:00:00+00:00,16.654717203592813,2.3915774827783975,14.263139720814415,13.995190528383292,0.2679491924311226,20.308684290639068
2019-10-12 16:00:00+00:00,0.0,0.0,0.0,0.0,0.0,18.1
2019-10-12 17:00:00+00:00,0.0,0.0,0.0,0.0,0.0,16.85
2019-10-12 18:00:00+00:00,0.0,0.0,0.0,0.0,0.0,16.2
2019-10-12 19:00:00+00:00,0.0,0.0,0.0,0.0,0.0,16.39
2019-10-12 20:00:00+00:00,0.0,0.0,0.0,0.0,0.0,16.37
2019-10-12 21:00:00+00:00,0.0,0.0,0.0,0.0,0.0,16.22
2019-10-12 22:00:00+00:00,0.0,0.0,0.0,0.0,0.0,15.91
2019-10-12 23:00:00+00:00,0.0,0.0,0.0,0.0,0.0,15.76
2019-10-13 00:00:00+00:00,0.0,0.0,0.0,0.0,0.0,15.61
2019-10-13 01:00:00+00:00,0.0,0.0,0.0,0.0,0.0,15.72
2019-10-13 02:00:00+00:00,0.0,0.0,0.0,0.0,0.0,15.43
2019-10-13 03:00:00+00:00,0.0,0.0,0.0,0.0,0.0,15.42
2019-10-13 04:00:00+00:00,13.296633369868303,0.0,13.296633369868303,13.062177826491071,0.23445554337723226,16.12345719126522
2019-10-13 05:00:00+00:00,217.1129574447371,25.759128372257507,191.3538290724796,187.53555308033611,3.818275992143497,22.86579075041602
2019-10-13 06:00:00+00:00,313.25019367608473,26.88691831263476,286.36327536345,280.83682326955807,5.526452093891903,26.811898275567284
2019-10-13 07:00:00+00:00,381.41366926478986,23.868669893483396,357.54499937130646,350.8127759114745,6.732223459831955,30.17942536489737
2019-10-13 08:00:00+00:00,314.35504962254413,0.9176590796929054,313.43739054285123,307.8941916244324,5.543198918418849,28.921300265817592
2019-10-13 09:00:00+00:00,607.0863218485686,119.58211665987254,487.504205188696,476.7694906669241,10.73471452177185,38.35972650785166
2019-10-13 10:00:00+00:00,283.9780983993302,0.0,283.9780983993302,278.9707978657736,5.007300533556603,29.68147920093412
2019-10-13 11:00:00+00:00,876.6004333112251,709.1792716361115,167.42116167511352,152.08107040843177,15.340091266681767,47.21265671077035
2019-10-13 12:00:00+00:00,551.8247192668755,220.33940666012026,331.48531260675526,321.8893821528157,9.595930453939578,36.55164854743508
2019-10-13 13:00:00+00:00,45.588457268119896,0.0,45.588457268119896,44.78460969082653,0.8038475772933678,21.15769104797936
2019-10-13 14:00:00+00:00,111.97077023290935,4.580956449435976,107.38981378347337,105.4304353138208,1.959378469652584,23.066207433829753
2019-10-13 15:00:00+00:00,36.991346571147844,19.761700499387317,17.229646071760524,16.794228634059948,0.4354174377005742,20.346579374014777
2019-10-13 16:00:00+00:00,0.0,0.0,0.0,0.0,0.0,17.85
2019-10-13 17:00:00+00:00,0.0,0.0,0.0,0.0,0.0,17.04
2019-10-13 18:00:00+00:00,0.0,0.0,0.0,0.0,0.0,16.78
2019-10-13 19:00:00+00:00,0.0,0.0,0.0,0.0,0.0,16.49
2019-10-13 20:00:00+00:00,0.0,0.0,0.0,0.0,0.0,16.29
2019-10-13 21:00:00+00:00,0.0,0.0,0.0,0.0,0.0,15.71
2019-10-13 22:00:00+00:00,0.0,0.0,0.0,0.0,0.0,15.5
2019-10-13 23:00:00+00:00,0.0,0.0,0.0,0.0,0.0,15.26
2019-10-14 00:00:00+00:00,0.0,0.0,0.0,0.0,0.0,15.07
2019-10-14 01:00:00+00:00,0.0,0.0,0.0,0.0,0.0,15.01
2019-10-14 02:00:00+00:00,0.0,0.0,0.0,0.0,0.0,14.88
2019-10-14 03:00:00+00:00,0.0,0.0,0.0,0.0,0.0,14.67
2019-10-14 04:00:00+00:00,42.7391786888624,0.0,42.7391786888624,41.98557158514987,0.7536071037125323,16.083672506658313
2019-10-14 05:00:00+00:00,142.49333056457667,0.9624143035942211,141.53091626098245,139.0188925819407,2.512023679041774,20.23553579434369
2019-10-14 06:00:00+00:00,243.13513385323682,4.661758599391801,238.47337525384503,234.18618817494706,4.287187078897961,24.83557849617757
2019-10-14 07:00:00+00:00,474.90759552232237,77.45113974526734,397.456455777055,389.0662966890555,8.390159087999526,33.534755329586034
2019-10-14 08:00:00+00:00,448.80637769315,30.359540859328362,418.44683683382164,410.52558883257655,7.921248001245061,33.44326239093458
2019-10-14 09:00:00+00:00,344.7461528962692,1.8494702098968507,342.89668268637234,336.8175853830912,6.0790973032810935,31.470534838263273
2019-10-14 10:00:00+00:00,358.9962718084886,4.652234331505415,354.34403747698315,348.01373780579786,6.330299671185271,32.38588859047866
2019-10-14 11:00:00+00:00,274.4805031351386,0.0,274.4805031351386,269.64067084685144,4.839832288287152,29.825586145327428
2019-10-14 12:00:00+00:00,431.4803858253308,80.57889366734176,350.901492157989,343.34867429633675,7.552817861652268,34.024279265844875
2019-10-14 13:00:00+00:00,102.57402885326978,0.0,102.57402885326978,100.7653718043597,1.8086570489100775,24.52585918233689
2019-10-14 14:00:00+00:00,273.0791571255198,174.62467445361546,98.45448267190434,94.23428289111416,4.220199780790181,28.99822051706094
2019-10-14 15:00:00+00:00,42.754612899898135,25.49147317908372,17.26313972081441,16.794228634059948,0.4689110867544645,21.588138863020156
2019-10-14 16:00:00+00:00,0.0,0.0,0.0,0.0,0.0,19.11
2019-10-14 17:00:00+00:00,0.0,0.0,0.0,0.0,0.0,18.12
2019-10-14 18:00:00+00:00,0.0,0.0,0.0,0.0,0.0,17.45
2019-10-14 19:00:00+00:00,0.0,0.0,0.0,0.0,0.0,17.24
2019-10-14 20:00:00+00:00,0.0,0.0,0.0,0.0,0.0,16.8
2019-10-14 21:00:00+00:00,0.0,0.0,0.0,0.0,0.0,16.37
2019-10-14 22:00:00+00:00,0.0,0.0,0.0,0.0,0.0,16.11
2019-10-14 23:00:00+00:00,0.0,0.0,0.0,0.0,0.0,15.89
2019-10-15 00:00:00+00:00,0.0,0.0,0.0,0.0,0.0,15.67
2019-10-15 01:00:00+00:00,0.0,0.0,0.0,0.0,0.0,15.57
2019-10-15 02:00:00+00:00,0.0,0.0,0.0,0.0,0.0,15.37
2019-10-15 03:00:00+00:00,0.0,0.0,0.0,0.0,0.0,15.34
2019-10-15 04:00:00+00:00,67.91964428622256,3.2857560161385364,64.63388827008403,63.44486372867092,1.1890245414131064,17.69636714582463
2019-10-15 05:00:00+00:00,175.99033240543343,7.748921633025771,168.24141077240768,165.14324823492282,3.0981625374848547,22.600332327828667
2019-10-15 06:00:00+00:00,328.7593178045512,33.730978931640166,295.02833887291104,289.233937586588,5.794401286323026,29.485480639646028
2019-10-15 07:00:00+00:00,736.3379867736928,465.78070474494996,270.5572820287428,257.51150572225254,13.04577630649028,41.925945555793795
2019-10-15 08:00:00+00:00,773.8906784070879,386.969948362632,386.92073004445587,373.20508075688775,13.715649287568088,44.10286328615582
2019-10-15 09:00:00+00:00,998.0167461762612,839.430434665555,158.58631151070617,140.88491798572514,17.701393524981036,51.76646413378445
2019-10-15 10:00:00+00:00,474.9393209302748,37.38006579638133,437.5592551338935,429.1858428704209,8.37341226347258,37.44701858676748
2019-10-15 11:00:00+00:00,499.9208973101643,75.93816209148046,423.98273521868384,415.19065234203765,8.79208287664621,38.70918034075741
2019-10-15 12:00:00+00:00,383.78806620203864,45.836333570468724,337.9517326315699,331.2195091717379,6.732223459831955,35.466318909792626
2019-10-15 13:00:00+00:00,464.4096401064256,269.12030727011387,195.28933283631173,187.53555308033611,7.75377975597561,37.040860012573695
2019-10-15 14:00:00+00:00,94.25926985357819,1.1660894399731254,93.09318041360507,91.4352447854375,1.657935628167571,25.935958727765936
2019-10-15 15:00:00+00:00,11.397114317029974,0.0,11.397114317029974,11.196152422706632,0.20096189432334194,22.691922761994842
2019-10-15 16:00:00+00:00,0.0,0.0,0.0,0.0,0.0,21.13
2019-10-15 17:00:00+00:00,0.0,0.0,0.0,0.0,0.0,20.12
2019-10-15 18:00:00+00:00,0.0,0.0,0.0,0.0,0.0,19.06
2019-10-15 19:00:00+00:00,0.0,0.0,0.0,0.0,0.0,18.2
2019-10-15 20:00:00+00:00,0.0,0.0,0.0,0.0,0.0,17.57
2019-10-15 21:00:00+00:00,0.0,0.0,0.0,0.0,0.0,16.88
2019-10-15 22:00:00+00:00,0.0,0.0,0.0,0.0,0.0,16.42
2019-10-15 23:00:00+00:00,0.0,0.0,0.0,0.0,0.0,15.95
2019-10-16 00:00:00+00:00,0.0,0.0,0.0,0.0,0.0,15.6
2019-10-16 01:00:00+00:00,0.0,0.0,0.0,0.0,0.0,15.55
2019-10-16 02:00:00+00:00,0.0,0.0,0.0,0.0,0.0,15.32
2019-10-16 03:00:00+00:00,0.0,0.0,0.0,0.0,0.0,14.97
2019-10-16 04:00:00+00:00,114.3583523455427,32.19337516221312,82.16497718332957,80.23909236273087,1.9258848205986936,18.70648890938521
2019-10-16 05:00:00+00:00,398.77684116841885,279.06634665699363,119.71049451142522,112.89453692895854,6.815957582466681,29.85848513641852
2019-10-16 06:00:00+00:00,637.412109658392,512.4311748925957,124.98093476579625,113.82754963085077,11.153385134945477,39.37426768958783
2019-10-16 07:00:00+00:00,842.8851113373232,729.0810911077668,113.80402022955644,98.89934640057525,14.904673828981194,46.494137064963354
2019-10-16 08:00:00+00:00,941.8279884432051,787.0455245097922,154.7824639334128,138.08587988004848,16.696584053364326,50.287649252710395
2019-10-16 09:00:00+00:00,1015.1273405360852,878.6821315028881,136.44520903319707,118.49261314031186,17.952595892885213,53.32068222833143
2019-10-16 10:00:00+00:00,880.5259548004095,562.7557735244332,317.77018127597637,302.29611541307906,15.47406586289733,50.210356728360395
2019-10-16 11:00:00+00:00,765.0589462860627,433.5711426173675,331.48780366869516,318.1573313452468,13.33047232344835,46.96113684505568
2019-10-16 12:00:00+00:00,459.0275854483775,105.80790362437654,353.219681824001,345.2146997001212,8.004982123879786,37.80882989937608
2019-10-16 13:00:00+00:00,441.0989276297985,229.38379629901956,211.7151313307789,204.32978171439606,7.3853496163828165,36.47306804976717
2019-10-16 14:00:00+00:00,300.6787504180208,221.54958529342193,79.12916512459886,74.64101615137756,4.488148973221303,31.698250911201136
2019-10-16 15:00:00+00:00,46.12252983437752,29.792402815455326,16.330127018922195,15.86121593216773,0.4689110867544645,23.337392261096923
2019-10-16 16:00:00+00:00,0.0,0.0,0.0,0.0,0.0,20.61
2019-10-16 17:00:00+00:00,0.0,0.0,0.0,0.0,0.0,19.08
2019-10-16 18:00:00+00:00,0.0,0.0,0.0,0.0,0.0,18.12
2019-10-16 19:00:00+00:00,0.0,0.0,0.0,0.0,0.0,18.34
2019-10-16 20:00:00+00:00,0.0,0.0,0.0,0.0,0.0,17.86
2019-10-16 21:00:00+00:00,0.0,0.0,0.0,0.0,0.0,17.36
2019-10-16 22:00:00+00:00,0.0,0.0,0.0,0.0,0.0,17.16
2019-10-16 23:00:00+00:00,0.0,0.0,0.0,0.0,0.0,16.89
2019-10-17 00:00:00+00:00,0.0,0.0,0.0,0.0,0.0,16.42
2019-10-17 01:00:00+00:00,0.0,0.0,0.0,0.0,0.0,16.12
2019-10-17 02:00:00+00:00,0.0,0.0,0.0,0.0,0.0,15.98
2019-10-17 03:00:00+00:00,0.0,0.0,0.0,0.0,0.0,15.72
2019-10-17 04:00:00+00:00,13.296633369868303,0.0,13.296633369868303,13.062177826491071,0.23445554337723226,16.432666738540533
2019-10-17 05:00:00+00:00,103.52378837968894,0.0,103.52378837968894,101.69838450625191,1.8254038734370226,20.456991174211076
2019-10-17 06:00:00+00:00,313.8208135259783,27.45753816252831,286.36327536345,280.83682326955807,5.526452093891903,28.060980529011147
2019-10-17 07:00:00+00:00,223.19348870850368,0.0,223.19348870850368,219.25798494467156,3.935503763832113,26.905113192241643
2019-10-17 08:00:00+00:00,420.6854389429872,21.401260882818356,399.28417806016887,391.8653347947322,7.418843265436706,34.02211357471766
2019-10-17 09:00:00+00:00,337.1635792388483,1.8649727638293179,335.29860647501897,329.35348376795343,5.945122707065532,29.871550231845173
2019-10-17 10:00:00+00:00,445.66532258421176,26.352460346605714,419.31286223760605,411.45860153446876,7.854260703137281,31.420343710048975
2019-10-17 11:00:00+00:00,539.3491913722986,110.9645323649681,428.3846590073305,418.9227031496065,9.461955857724016,33.92249370538689
2019-10-17 12:00:00+00:00,617.6281996361494,334.60449758259193,283.02370205355743,272.43970895252806,10.583993101029343,36.23729989249465
2019-10-17 13:00:00+00:00,513.9856108227613,373.10764806606653,140.8779627566947,132.48780366869516,8.390159087999526,33.84387709077989
2019-10-17 14:00:00+00:00,233.55862174565948,114.18074531509633,119.37787643056313,115.6935750346352,3.6843013959279354,25.518135157304318
2019-10-17 15:00:00+00:00,41.3912740986025,25.0946407287342,16.296633369868303,15.86121593216773,0.4354174377005742,19.28095404956916
2019-10-17 16:00:00+00:00,0.0,0.0,0.0,0.0,0.0,17.27
2019-10-17 17:00:00+00:00,0.0,0.0,0.0,0.0,0.0,16.99
2019-10-17 18:00:00+00:00,0.0,0.0,0.0,0.0,0.0,16.89
2019-10-17 19:00:00+00:00,0.0,0.0,0.0,0.0,0.0,16.26
2019-10-17 20:00:00+00:00,0.0,0.0,0.0,0.0,0.0,16.01
2019-10-17 21:00:00+00:00,0.0,0.0,0.0,0.0,0.0,15.83
2019-10-17 22:00:00+00:00,0.0,0.0,0.0,0.0,0.0,15.85
2019-10-17 23:00:00+00:00,0.0,0.0,0.0,0.0,0.0,15.85
2019-10-18 00:00:00+00:00,0.0,0.0,0.0,0.0,0.0,15.66
2019-10-18 01:00:00+00:00,0.0,0.0,0.0,0.0,0.0,15.4
2019-10-18 02:00:00+00:00,0.0,0.0,0.0,0.0,0.0,15.26
2019-10-18 03:00:00+00:00,0.0,0.0,0.0,0.0,0.0,15.23
2019-10-18 04:00:00+00:00,63.09676833475208,2.278664994871652,60.81810333988042,59.71281292110204,1.1052904187783807,17.32085669811696
2019-10-18 05:00:00+00:00,149.22737484551627,1.9811546014918706,147.24622024402439,144.616968793294,2.6292514507303903,20.412706999920243
2019-10-18 06:00:00+00:00,195.6504624423479,0.0,195.6504624423479,192.2006165897972,3.449845852550703,22.615868721080272
2019-10-18 07:00:00+00:00,167.15767664977295,0.0,167.15767664977295,164.2102355330306,2.9474411167423487,22.17111992462967
2019-10-18 08:00:00+00:00,299.17381392963443,0.9325758094897614,298.24123812014466,292.9659883941569,5.275249725987726,27.61165596140227
2019-10-18 09:00:00+00:00,574.93786850516,93.63462521078743,481.30324329437263,471.1714144555708,10.131828838801823,37.33527267449771
2019-10-18 10:00:00+00:00,716.5062825342452,263.54742202138186,452.95886051286334,440.38199529312755,12.576865219735817,42.89035712460725
2019-10-18 11:00:00+00:00,868.2195632028154,675.0424760143126,193.17708718850287,178.2054260614139,14.971661127088975,47.9522559004833
2019-10-18 12:00:00+00:00,572.776592997019,255.0352685507428,317.7413244462761,307.8941916244324,9.847132821843754,39.528564503975915
2019-10-18 13:00:00+00:00,56.98557158514988,0.0,56.98557158514988,55.98076211353317,1.0048094716167097,21.83142887945943
2019-10-18 14:00:00+00:00,188.79953248869793,58.81164249387122,129.9878899948267,126.88972745734183,3.0981625374848547,26.08993077961735
2019-10-18 15:00:00+00:00,20.015461960929464,5.735575415588103,14.279886545341359,13.995190528383292,0.28469601695806773,19.78785720738407
2019-10-18 16:00:00+00:00,0.0,0.0,0.0,0.0,0.0,17.86
2019-10-18 17:00:00+00:00,0.0,0.0,0.0,0.0,0.0,16.86
2019-10-18 18:00:00+00:00,0.0,0.0,0.0,0.0,0.0,16.21
2019-10-18 19:00:00+00:00,0.0,0.0,0.0,0.0,0.0,16.39
2019-10-18 20:00:00+00:00,0.0,0.0,0.0,0.0,0.0,16.45
2019-10-18 21:00:00+00:00,0.0,0.0,0.0,0.0,0.0,16.26
2019-10-18 22:00:00+00:00,0.0,0.0,0.0,0.0,0.0,15.95
2019-10-18 23:00:00+00:00,0.0,0.0,0.0,0.0,0.0,15.71
2019-10-19 00:00:00+00:00,0.0,0.0,0.0,0.0,0.0,15.64
2019-10-19 01:00:00+00:00,0.0,0.0,0.0,0.0,0.0,15.45
2019-10-19 02:00:00+00:00,0.0,0.0,0.0,0.0,0.0,15.24
2019-10-19 03:00:00+00:00,0.0,0.0,0.0,0.0,0.0,15.08
2019-10-19 04:00:00+00:00,175.24645162830421,116.56945076593287,58.67700086237134,55.98076211353317,2.696238748838171,20.740646650932693
2019-10-19 05:00:00+00:00,268.38783837082065,67.79955375496381,200.58828461585685,195.9326673973661,4.655617218490755,24.054199493588875
2019-10-19 06:00:00+00:00,319.8763744754655,30.613580059177252,289.2627944162883,283.6358613752347,5.626933041053574,26.83511065869841
2019-10-19 07:00:00+00:00,265.93890985001383,0.9392551545399753,264.99965469547385,260.3105438279292,4.689110867544645,26.13671705551083
2019-10-19 08:00:00+00:00,257.3848316595936,0.0,257.3848316595936,252.84644221279146,4.538389446802139,26.6529636756769
2019-10-19 09:00:00+00:00,277.32978171439606,0.0,277.32978171439606,272.43970895252806,4.890072761867987,27.926770996371527
2019-10-19 10:00:00+00:00,480.2834112048604,41.70740924643997,438.5760019584204,430.1188555723131,8.457146386107306,34.49885937595774
2019-10-19 11:00:00+00:00,528.514112875841,103.12945386851041,425.3846590073305,416.12366504392986,9.260993963400674,36.45112413475216
2019-10-19 12:00:00+00:00,105.42330743252727,0.0,105.42330743252727,103.56440991003636,1.858897522490913,23.537631117436042
2019-10-19 13:00:00+00:00,276.00834844134795,38.89859385547902,237.10975458586896,232.32016277116264,4.789591814706316,28.836318047391316
2019-10-19 14:00:00+00:00,159.46862659055864,32.69844531458224,126.7701812759764,124.09068935166518,2.679491924311226,24.743387898894337
2019-10-19 15:00:00+00:00,24.08855039987123,8.84215750358376,15.24639289628747,14.92820323027551,0.3181896660119581,19.672355473032546
2019-10-19 16:00:00+00:00,0.0,0.0,0.0,0.0,0.0,17.46
2019-10-19 17:00:00+00:00,0.0,0.0,0.0,0.0,0.0,16.82
2019-10-19 18:00:00+00:00,0.0,0.0,0.0,0.0,0.0,16.47
2019-10-19 19:00:00+00:00,0.0,0.0,0.0,0.0,0.0,15.98
2019-10-19 20:00:00+00:00,0.0,0.0,0.0,0.0,0.0,15.96
2019-10-19 21:00:00+00:00,0.0,0.0,0.0,0.0,0.0,15.81
2019-10-19 22:00:00+00:00,0.0,0.0,0.0,0.0,0.0,15.79
2019-10-19 23:00:00+00:00,0.0,0.0,0.0,0.0,0.0,15.67
2019-10-20 00:00:00+00:00,0.0,0.0,0.0,0.0,0.0,15.49
2019-10-20 01:00:00+00:00,0.0,0.0,0.0,0.0,0.0,15.24
2019-10-20 02:00:00+00:00,0.0,0.0,0.0,0.0,0.0,15.12
2019-10-20 03:00:00+00:00,0.0,0.0,0.0,0.0,0.0,14.84
2019-10-20 04:00:00+00:00,50.33725490021572,0.0,50.33725490021572,49.44967320028763,0.8875816999280935,16.51439821209101
2019-10-20 05:00:00+00:00,171.45319803719204,7.027572194987961,164.42562584220408,161.41119742735395,3.014428414850129,21.03006860089442
2019-10-20 06:00:00+00:00,501.2289441102588,216.3320887716234,284.8968553386354,276.17175976009696,8.72509557853843,32.97722157080674
2019-10-20 07:00:00+00:00,659.4433702123179,309.20445050185,350.2389197104678,338.68361078687565,11.555308923592161,40.04881793686504
2019-10-20 08:00:00+00:00,870.0862386544128,588.9212614710832,281.1649771833296,265.90862003928254,15.256357144047042,47.24622033339687
2019-10-20 09:00:00+00:00,965.090559859886,739.2149155128681,225.87564434701787,208.99484522385714,16.880799123160724,50.850540437218605
2019-10-20 10:00:00+00:00,199.44950054802456,0.0,199.44950054802456,195.9326673973661,3.516833150658484,28.30924562756914
2019-10-20 11:00:00+00:00,192.80118386309042,0.0,192.80118386309042,189.40157848412053,3.3996053789698677,28.51760747661406
2019-10-20 12:00:00+00:00,781.677895011075,679.0963929719856,102.58150203908944,89.56921938165306,13.01228265743639,45.219585840044765
2019-10-20 13:00:00+00:00,460.3505700304922,264.31243956208465,196.03813046840753,188.46856578222832,7.569564686179213,35.40905132327622
2019-10-20 14:00:00+00:00,81.67931927204816,0.0,81.67931927204816,80.23909236273087,1.440226909317284,23.527113127629686
2019-10-20 15:00:00+00:00,24.32322937594099,9.076836479653519,15.24639289628747,14.92820323027551,0.3181896660119581,20.759781743318662
2019-10-20 16:00:00+00:00,0.0,0.0,0.0,0.0,0.0,19.13
2019-10-20 17:00:00+00:00,0.0,0.0,0.0,0.0,0.0,18.35
2019-10-20 18:00:00+00:00,0.0,0.0,0.0,0.0,0.0,17.85
2019-10-20 19:00:00+00:00,0.0,0.0,0.0,0.0,0.0,16.98
2019-10-20 20:00:00+00:00,0.0,0.0,0.0,0.0,0.0,16.73
2019-10-20 21:00:00+00:00,0.0,0.0,0.0,0.0,0.0,16.41
2019-10-20 22:00:00+00:00,0.0,0.0,0.0,0.0,0.0,15.9
2019-10-20 23:00:00+00:00,0.0,0.0,0.0,0.0,0.0,15.59
2019-10-21 00:00:00+00:00,0.0,0.0,0.0,0.0,0.0,15.58
2019-10-21 01:00:00+00:00,0.0,0.0,0.0,0.0,0.0,15.46
2019-10-21 02:00:00+00:00,0.0,0.0,0.0,0.0,0.0,15.54
2019-10-21 03:00:00+00:00,0.0,0.0,0.0,0.0,0.0,15.49
2019-10-21 04:00:00+00:00,19.944950054802455,0.0,19.944950054802455,19.593266739736606,0.3516833150658484,16.096392457199705
2019-10-21 05:00:00+00:00,157.89635628845528,3.0353130085506272,154.86104327990466,152.08107040843177,2.779972871472897,21.149130488406968
2019-10-21 06:00:00+00:00,415.692669055061,101.46336828782667,314.22930076723435,306.96117892254017,7.2681218446942,30.854039059218184
2019-10-21 07:00:00+00:00,705.7696092358283,390.21481826902533,315.55479096680295,303.22912811497133,12.32566285183164,41.974651734681096
2019-10-21 08:00:00+00:00,775.7493459872173,384.28078020498896,391.4685657822283,377.87014426634886,13.59842151587947,45.23913264453773
2019-10-21 09:00:00+00:00,949.7950099765212,688.766325799084,261.0286841774372,244.44932789576148,16.57935628167571,51.42517414338508
2019-10-21 10:00:00+00:00,860.5796632869296,510.65644218053393,349.9232211063957,334.95155997930675,14.971661127088975,48.57081867431237
2019-10-21 11:00:00+00:00,784.9068253816224,470.962047979083,313.9447774025394,300.43009000929464,13.514687393244746,46.603208952748766
2019-10-21 12:00:00+00:00,467.63197158515055,116.17783421777234,351.4541373673782,343.34867429633675,8.105463071041457,37.16739748834767
2019-10-21 13:00:00+00:00,304.5589836358012,59.532963172566994,245.0260204632342,239.78426438630038,5.241756076933836,31.976777040271166
2019-10-21 14:00:00+00:00,168.1869384120738,39.43350396062435,128.75343445144946,125.95671475544962,2.796719695999842,27.260461786142447
2019-10-21 15:00:00+00:00,33.91562883366165,18.618995463793347,15.296633369868305,14.92820323027551,0.3684301395927936,22.247980468144448
2019-10-21 16:00:00+00:00,0.0,0.0,0.0,0.0,0.0,20.03
2019-10-21 17:00:00+00:00,0.0,0.0,0.0,0.0,0.0,19.08
2019-10-21 18:00:00+00:00,0.0,0.0,0.0,0.0,0.0,18.38
2019-10-21 19:00:00+00:00,0.0,0.0,0.0,0.0,0.0,18.32
2019-10-21 20:00:00+00:00,0.0,0.0,0.0,0.0,0.0,17.6
2019-10-21 21:00:00+00:00,0.0,0.0,0.0,0.0,0.0,16.95
2019-10-21 22:00:00+00:00,0.0,0.0,0.0,0.0,0.0,16.63
2019-10-21 23:00:00+00:00,0.0,0.0,0.0,0.0,0.0,16.36
2019-10-22 00:00:00+00:00,0.0,0.0,0.0,0.0,0.0,16.35
2019-10-22 01:00:00+00:00,0.0,0.0,0.0,0.0,0.0,16.24
2019-10-22 02:00:00+00:00,0.0,0.0,0.0,0.0,0.0,16.05
2019-10-22 03:00:00+00:00,0.0,0.0,0.0,0.0,0.0,15.96
2019-10-22 04:00:00+00:00,77.30232629030229,5.9866276862302215,71.31569860407207,69.97595264191645,1.339745962155613,18.457247727741315
2019-10-22 05:00:00+00:00,242.91398866993734,42.76112149178108,200.15286717815627,195.9326673973661,4.220199780790181,25.052612455523366
2019-10-22 06:00:00+00:00,320.30178190819606,30.105974790015587,290.1958071181805,284.5688740771269,5.626933041053574,29.18187388700021
2019-10-22 07:00:00+00:00,682.6337922348096,346.0383797376593,336.59541249715033,324.68842025849233,11.90699223865801,41.47625000867922
2019-10-22 08:00:00+00:00,597.5822997255646,135.5038930313357,462.0784066942288,451.5781477158342,10.500258978394616,40.052465620156624
2019-10-22 09:00:00+00:00,775.9559254214558,332.2553951577902,443.70053026366566,430.1188555723131,13.581674691352527,47.022877959213844
2019-10-22 10:00:00+00:00,899.6349044106237,596.6756985932341,302.95920581738955,287.3679121828036,15.591293634585945,51.327115120256394
2019-10-22 11:00:00+00:00,831.7655888772349,573.0814601335701,258.68412874366487,244.44932789576148,14.234800847903387,49.327183151912884
2019-10-22 12:00:00+00:00,533.7068431334334,196.12585905113318,337.58098408230023,328.4204710660612,9.160513016239003,39.77254114361351
2019-10-22 13:00:00+00:00,541.8906128804331,422.25423354840916,119.63637933202392,111.02851152517411,8.607867806849812,39.48363217963367
2019-10-22 14:00:00+00:00,287.0369131391469,195.13026620501506,91.90664693413186,87.70319397786862,4.203452956263235,30.792275306705264
2019-10-22 15:00:00+00:00,35.321210593628486,19.074817697341018,16.246392896287468,15.86121593216773,0.38517696411973873,22.508458699889108
2019-10-22 16:00:00+00:00,0.0,0.0,0.0,0.0,0.0,20.23
2019-10-22 17:00:00+00:00,0.0,0.0,0.0,0.0,0.0,19.19
2019-10-22 18:00:00+00:00,0.0,0.0,0.0,0.0,0.0,18.06
2019-10-22 19:00:00+00:00,0.0,0.0,0.0,0.0,0.0,18.03
2019-10-22 20:00:00+00:00,0.0,0.0,0.0,0.0,0.0,17.09
2019-10-22 21:00:00+00:00,0.0,0.0,0.0,0.0,0.0,16.37
2019-10-22 22:00:00+00:00,0.0,0.0,0.0,0.0,0.0,15.8
2019-10-22 23:00:00+00:00,0.0,0.0,0.0,0.0,0.0,15.45
2019-10-23 00:00:00+00:00,0.0,0.0,0.0,0.0,0.0,15.42
2019-10-23 01:00:00+00:00,0.0,0.0,0.0,0.0,0.0,15.6
2019-10-23 02:00:00+00:00,0.0,0.0,0.0,0.0,0.0,15.65
2019-10-23 03:00:00+00:00,0.0,0.0,0.0,0.0,0.0,15.63
2019-10-23 04:00:00+00:00,68.94009930975415,2.4234388113587344,66.51666049839541,65.31088913245536,1.2057713659400515,18.126344546119242
2019-10-23 05:00:00+00:00,174.4495822448837,7.174677823422129,167.27490442146157,164.2102355330306,3.0646688884309645,22.484478176764302
2019-10-23 06:00:00+00:00,457.8218722933707,152.23607873945375,305.585793553917,297.631051903618,7.954741650298952,32.366465582559464
2019-10-23 07:00:00+00:00,710.9890771303619,400.0658560239661,310.9232211063958,298.5640646055102,12.359156500885529,41.34585506859515
2019-10-23 08:00:00+00:00,601.9477615120124,140.7353802215681,461.21238129044434,450.64513501394197,10.567246276502397,38.85840467102922
2019-10-23 09:00:00+00:00,521.6545064240834,58.10006076180652,463.5544456622768,454.37718582151086,9.177259840765949,36.82359702696531
2019-10-23 10:00:00+00:00,887.5741527262173,571.787224625714,315.78692810050336,300.43009000929464,15.356838091208713,48.53621062130567
2019-10-23 11:00:00+00:00,805.4488739638302,515.4944776180574,289.9543963457728,276.17175976009696,13.782636585675869,46.0506997771029
2019-10-23 12:00:00+00:00,761.6274950842528,634.290067531774,127.33742755247881,114.76056233274299,12.576865219735817,44.430298171710845
2019-10-23 13:00:00+00:00,570.7902469170699,475.0605145191778,95.72973239789206,86.7701812759764,8.959551121915661,38.77646773269314
2019-10-23 14:00:00+00:00,304.2646093795081,224.3364061492326,79.92820323027551,75.57402885326977,4.354174377005742,30.63907197214372
2019-10-23 15:00:00+00:00,34.818714905978865,19.52208153611056,15.296633369868305,14.92820323027551,0.3684301395927936,22.1323396416979
2019-10-23 16:00:00+00:00,0.0,0.0,0.0,0.0,0.0,19.49
2019-10-23 17:00:00+00:00,0.0,0.0,0.0,0.0,0.0,17.95
2019-10-23 18:00:00+00:00,0.0,0.0,0.0,0.0,0.0,17.25
2019-10-23 19:00:00+00:00,0.0,0.0,0.0,0.0,0.0,17.03
2019-10-23 20:00:00+00:00,0.0,0.0,0.0,0.0,0.0,16.21
2019-10-23 21:00:00+00:00,0.0,0.0,0.0,0.0,0.0,16.07
2019-10-23 22:00:00+00:00,0.0,0.0,0.0,0.0,0.0,15.84
2019-10-23 23:00:00+00:00,0.0,0.0,0.0,0.0,0.0,15.82
2019-10-24 00:00:00+00:00,0.0,0.0,0.0,0.0,0.0,15.69
2019-10-24 01:00:00+00:00,0.0,0.0,0.0,0.0,0.0,15.62
2019-10-24 02:00:00+00:00,0.0,0.0,0.0,0.0,0.0,15.48
2019-10-24 03:00:00+00:00,0.0,0.0,0.0,0.0,0.0,15.54
2019-10-24 04:00:00+00:00,106.2387093345306,23.29144087005133,82.94726846447927,81.17210506462308,1.775163399856187,19.142602273050795
2019-10-24 05:00:00+00:00,231.30884606564737,35.08899158938335,196.21985447626403,192.2006165897972,4.019237886466839,23.917585037253367
2019-10-24 06:00:00+00:00,491.15293859693384,198.0934244846457,293.0595141122881,284.5688740771269,8.490640035161197,32.74234066136846
2019-10-24 07:00:00+00:00,631.5519954600627,260.406428815463,371.1455666445997,360.1429029303967,11.00266371420297,37.16807603720957
2019-10-24 08:00:00+00:00,737.5071023555092,320.63429437495734,416.87280798055184,403.994499919331,12.87830806122083,42.59636793824265
2019-10-24 09:00:00+00:00,926.7915331824684,633.6098091746119,293.18172400785653,277.10477246198917,16.076951545867356,48.63060940946675
2019-10-24 10:00:00+00:00,626.0719304830344,152.34520710387147,473.72672337916293,462.7743001385408,10.952423240622135,40.598923915473875
2019-10-24 11:00:00+00:00,126.31801701374889,0.0,126.31801701374889,124.09068935166518,2.2273276620837064,26.61497105901654
2019-10-24 12:00:00+00:00,677.8520499916607,447.2732116667742,230.5788383248865,219.25798494467156,11.32085338021493,42.60660133145403
2019-10-24 13:00:00+00:00,445.7522623734611,238.80267549930502,206.9495868741561,199.66471820493496,7.2848686692211455,35.45781328297598
2019-10-24 14:00:00+00:00,244.89553347367695,130.149226903521,114.74630657015594,111.02851152517411,3.717795044981826,28.94352664462959
2019-10-24 15:00:00+00:00,38.59589488610119,23.28251469170594,15.313380194395249,14.92820323027551,0.38517696411973873,22.212109769398662
2019-10-24 16:00:00+00:00,0.0,0.0,0.0,0.0,0.0,19.91
2019-10-24 17:00:00+00:00,0.0,0.0,0.0,0.0,0.0,18.91
2019-10-24 18:00:00+00:00,0.0,0.0,0.0,0.0,0.0,18.21
2019-10-24 19:00:00+00:00,0.0,0.0,0.0,0.0,0.0,16.58
2019-10-24 20:00:00+00:00,0.0,0.0,0.0,0.0,0.0,16.4
2019-10-24 21:00:00+00:00,0.0,0.0,0.0,0.0,0.0,16.35
2019-10-24 22:00:00+00:00,0.0,0.0,0.0,0.0,0.0,16.17
2019-10-24 23:00:00+00:00,0.0,0.0,0.0,0.0,0.0,15.97
2019-10-25 00:00:00+00:00,0.0,0.0,0.0,0.0,0.0,15.98
2019-10-25 01:00:00+00:00,0.0,0.0,0.0,0.0,0.0,15.9
2019-10-25 02:00:00+00:00,0.0,0.0,0.0,0.0,0.0,15.63
2019-10-25 03:00:00+00:00,0.0,0.0,0.0,0.0,0.0,15.52
2019-10-25 04:00:00+00:00,153.28851427768905,74.40342363970086,78.8850906379882,76.50704155516199,2.378049082826213,20.624348408166238
2019-10-25 05:00:00+00:00,247.90444973506928,46.751582556913,201.15286717815627,196.8656800992583,4.287187078897961,24.15965889571332
2019-10-25 06:00:00+00:00,468.5838425676635,167.51239110246516,301.0714514651984,292.9659883941569,8.105463071041457,32.03984657032638
2019-10-25 07:00:00+00:00,720.3985732546222,419.6380109218792,300.760562332743,288.3009248846958,12.4596374480472,41.166866058937764
2019-10-25 08:00:00+00:00,849.5242664235312,535.2899835324171,314.23428289111416,299.49707730740244,14.737205583711741,44.856046771613485
2019-10-25 09:00:00+00:00,557.8522649068609,83.41504701627268,474.4372178905882,464.6403255423253,9.796892348262919,36.86469574412422
2019-10-25 10:00:00+00:00,741.0286117276264,299.8974734978769,441.1311382297495,428.2528301685287,12.87830806122083,42.8470487515712
2019-10-25 11:00:00+00:00,938.2232445932467,822.6153767863968,115.60786780684982,99.83235910246748,15.775508704382343,49.3888403291139
2019-10-25 12:00:00+00:00,410.3174565662365,68.23174933845107,342.0857072277854,334.95155997930675,7.134147248478639,34.38403506941431
2019-10-25 13:00:00+00:00,286.9227085249474,47.7962071145515,239.1265014103959,234.18618817494706,4.940313235448823,28.912499062153252
2019-10-25 14:00:00+00:00,252.8097010150176,142.66147065621496,110.14823035880262,106.36344801571302,3.7847823430896064,27.117299725147777
2019-10-25 15:00:00+00:00,16.709964134752703,3.3965839403574543,13.313380194395249,13.062177826491071,0.25120236790417744,19.693368504078354
2019-10-25 16:00:00+00:00,0.0,0.0,0.0,0.0,0.0,17.8
2019-10-25 17:00:00+00:00,0.0,0.0,0.0,0.0,0.0,16.77
2019-10-25 18:00:00+00:00,0.0,0.0,0.0,0.0,0.0,16.44
2019-10-25 19:00:00+00:00,0.0,0.0,0.0,0.0,0.0,16.37
2019-10-25 20:00:00+00:00,0.0,0.0,0.0,0.0,0.0,16.17
2019-10-25 21:00:00+00:00,0.0,0.0,0.0,0.0,0.0,16.17
2019-10-25 22:00:00+00:00,0.0,0.0,0.0,0.0,0.0,15.98
2019-10-25 23:00:00+00:00,0.0,0.0,0.0,0.0,0.0,16.01
2019-10-26 00:00:00+00:00,0.0,0.0,0.0,0.0,0.0,15.96
2019-10-26 01:00:00+00:00,0.0,0.0,0.0,0.0,0.0,15.96
2019-10-26 02:00:00+00:00,0.0,0.0,0.0,0.0,0.0,15.83
2019-10-26 03:00:00+00:00,0.0,0.0,0.0,0.0,0.0,15.79
2019-10-26 04:00:00+00:00,28.49278579257494,0.0,28.49278579257494,27.990381056766584,0.5024047358083549,16.956010145436245
2019-10-26 05:00:00+00:00,170.68127035779293,6.272391340115789,164.40887901767715,161.41119742735395,2.9976815903231837,22.797205653454508
2019-10-26 06:00:00+00:00,138.66489085719803,0.0,138.66489085719803,136.21985447626403,2.4450363809339937,22.491246763484074
2019-10-26 07:00:00+00:00,267.8683673592659,0.9691936109536904,266.8991737483122,262.17656923171364,4.722604516598536,27.299273019655175
2019-10-26 08:00:00+00:00,540.0716285488353,86.4788797658879,453.5927487829474,444.11404610069644,9.478702682250962,36.51346135299566
2019-10-26 09:00:00+00:00,277.32978171439606,0.0,277.32978171439606,272.43970895252806,4.890072761867987,28.46862095230571
2019-10-26 10:00:00+00:00,407.06165252957226,14.559765750553117,392.5018867790191,385.3342458814866,7.167640897532529,31.753747263934564
2019-10-26 11:00:00+00:00,379.959311806962,17.79948939977527,362.1598224071867,355.4778394209356,6.6819829862511195,29.743202157891908
2019-10-26 12:00:00+00:00,608.6442432962368,312.8932999067273,295.75094338950953,285.5018867790191,10.249056610490438,37.43462644164539
2019-10-26 13:00:00+00:00,44.63869774170073,0.0,44.63869774170073,43.85159698893431,0.7871007527664226,20.689764289110048
2019-10-26 14:00:00+00:00,45.588457268119896,0.0,45.588457268119896,44.78460969082653,0.8038475772933678,20.77585602935975
2019-10-26 15:00:00+00:00,11.397114317029974,0.0,11.397114317029974,11.196152422706632,0.20096189432334194,18.522716877560654
2019-10-26 16:00:00+00:00,0.0,0.0,0.0,0.0,0.0,17.0
2019-10-26 17:00:00+00:00,0.0,0.0,0.0,0.0,0.0,16.59
2019-10-26 18:00:00+00:00,0.0,0.0,0.0,0.0,0.0,16.17
2019-10-26 19:00:00+00:00,0.0,0.0,0.0,0.0,0.0,15.56
2019-10-26 20:00:00+00:00,0.0,0.0,0.0,0.0,0.0,15.57
2019-10-26 21:00:00+00:00,0.0,0.0,0.0,0.0,0.0,15.45
2019-10-26 22:00:00+00:00,0.0,0.0,0.0,0.0,0.0,15.38
2019-10-26 23:00:00+00:00,0.0,0.0,0.0,0.0,0.0,15.26
2019-10-27 00:00:00+00:00,0.0,0.0,0.0,0.0,0.0,15.23
2019-10-27 01:00:00+00:00,0.0,0.0,0.0,0.0,0.0,15.19
2019-10-27 02:00:00+00:00,0.0,0.0,0.0,0.0,0.0,15.0
2019-10-27 03:00:00+00:00,0.0,0.0,0.0,0.0,0.0,14.93
2019-10-27 04:00:00+00:00,195.7647441164517,136.97051548239176,58.794228634059955,55.98076211353317,2.813466520526787,21.349932753196025
2019-10-27 05:00:00+00:00,354.0422009207862,173.67394343345646,180.36825748732974,174.47337525384503,5.894882233484697,27.822047733659343
2019-10-27 06:00:00+00:00,664.7566224469697,534.194358294347,130.56226415262262,119.42562584220408,11.136638310418533,39.08372310429799
2019-10-27 07:00:00+00:00,806.7676041002246,599.8345913983323,206.93301270189224,193.13362929168943,13.799383410202813,44.23849592011655
2019-10-27 08:00:00+00:00,880.5600338760731,591.9979423757136,288.56209150035954,273.3727216544203,15.189369845939261,47.223874062158906
2019-10-27 09:00:00+00:00,860.3211417430903,481.5582610006705,378.76288074241984,363.8749537379656,14.887927004454248,47.302083507898764
2019-10-27 10:00:00+00:00,912.9268812178356,618.3145492438952,294.6123319739404,278.9707978657736,15.64153410816678,49.470700496065156
2019-10-27 11:00:00+00:00,856.4895563285157,619.0470110095216,237.4425453189941,222.99003575224043,14.452509566753674,48.27503416626284
2019-10-27 12:00:00+00:00,732.6598383164649,556.4253827730877,176.23445554337724,164.2102355330306,12.024220010346626,44.29177098654583
2019-10-27 13:00:00+00:00,501.1303508149392,333.63043714107073,167.49991367386846,159.5451720235695,7.954741650298952,36.96363539356517
2019-10-27 14:00:00+00:00,183.61668863890287,55.62879864407619,127.98788999482669,125.0237020535574,2.9641879412692935,27.281689989686022
2019-10-27 15:00:00+00:00,35.51915428365912,21.17228044020998,14.34687384344914,13.995190528383292,0.3516833150658484,21.70700993807889
2019-10-27 16:00:00+00:00,0.0,0.0,0.0,0.0,0.0,18.96
2019-10-27 17:00:00+00:00,0.0,0.0,0.0,0.0,0.0,17.44
2019-10-27 18:00:00+00:00,0.0,0.0,0.0,0.0,0.0,16.86
2019-10-27 19:00:00+00:00,0.0,0.0,0.0,0.0,0.0,17.5
2019-10-27 20:00:00+00:00,0.0,0.0,0.0,0.0,0.0,17.37
2019-10-27 21:00:00+00:00,0.0,0.0,0.0,0.0,0.0,16.85
2019-10-27 22:00:00+00:00,0.0,0.0,0.0,0.0,0.0,16.63
2019-10-27 23:00:00+00:00,0.0,0.0,0.0,0.0,0.0,16.28
2019-10-28 00:00:00+00:00,0.0,0.0,0.0,0.0,0.0,16.25
2019-10-28 01:00:00+00:00,0.0,0.0,0.0,0.0,0.0,16.05
2019-10-28 02:00:00+00:00,0.0,0.0,0.0,0.0,0.0,15.87
2019-10-28 03:00:00+00:00,0.0,0.0,0.0,0.0,0.0,15.79
2019-10-28 04:00:00+00:00,66.23315467639789,2.5657727572599773,63.66738191913792,62.5118510267787,1.1555308923592162,18.061308551891322
2019-10-28 05:00:00+00:00,250.85043712881586,48.7310635997135,202.11937352910235,197.7986928011505,4.320680727951852,24.46479604340898
2019-10-28 06:00:00+00:00,530.891636156894,256.8559967504264,274.0356394064677,264.97560733739033,9.060032069077332,34.4861214013269
2019-10-28 07:00:00+00:00,637.5555565404827,265.44348354493695,372.11207299554576,361.0759156322889,11.036157363256862,39.64356442622411
2019-10-28 08:00:00+00:00,836.379577908609,497.25539490788987,339.1241830007191,324.68842025849233,14.435762742226729,46.52953452622521
2019-10-28 09:00:00+00:00,966.176026618965,714.47746946045,251.698557158515,235.1192008768393,16.57935628167571,50.84306825026007
2019-10-28 10:00:00+00:00,1037.2811888564781,913.3503219119996,123.9308669444785,106.36344801571302,17.567418928765473,52.87143341451242
2019-10-28 11:00:00+00:00,790.7977853250957,478.8195142735023,311.9782710515933,298.5640646055102,13.414206446083075,45.77212928158613
2019-10-28 12:00:00+00:00,478.83134060128043,131.9250389716747,346.9063016296057,338.68361078687565,8.222690842730074,36.83680187413783
2019-10-28 13:00:00+00:00,328.07054493376296,82.72633480451678,245.34421012924616,239.78426438630038,5.559945742945794,32.390671761180464
2019-10-28 14:00:00+00:00,305.5358090646952,222.89230185137774,82.64350721331743,78.37306695894642,4.2704402543710165,30.11953151887525
2019-10-28 15:00:00+00:00,46.71008989961815,32.31297558258817,14.397114317029976,13.995190528383292,0.4019237886466839,21.350109945013973
2019-10-28 16:00:00+00:00,0.0,0.0,0.0,0.0,0.0,18.95
2019-10-28 17:00:00+00:00,0.0,0.0,0.0,0.0,0.0,18.01
2019-10-28 18:00:00+00:00,0.0,0.0,0.0,0.0,0.0,17.36
2019-10-28 19:00:00+00:00,0.0,0.0,0.0,0.0,0.0,16.8
2019-10-28 20:00:00+00:00,0.0,0.0,0.0,0.0,0.0,16.45
2019-10-28 21:00:00+00:00,0.0,0.0,0.0,0.0,0.0,16.34
2019-10-28 22:00:00+00:00,0.0,0.0,0.0,0.0,0.0,16.13
2019-10-28 23:00:00+00:00,0.0,0.0,0.0,0.0,0.0,16.03
2019-10-29 00:00:00+00:00,0.0,0.0,0.0,0.0,0.0,16.05
2019-10-29 01:00:00+00:00,0.0,0.0,0.0,0.0,0.0,16.07
2019-10-29 02:00:00+00:00,0.0,0.0,0.0,0.0,0.0,16.03
2019-10-29 03:00:00+00:00,0.0,0.0,0.0,0.0,0.0,15.99
2019-10-29 04:00:00+00:00,25.643507213317445,0.0,25.643507213317445,25.191342951089926,0.4521642622275194,16.815681781946093
2019-10-29 05:00:00+00:00,117.7701812759764,0.0,117.7701812759764,115.6935750346352,2.0766062413412,21.0208056161064
2019-10-29 06:00:00+00:00,274.3850277429205,12.050436556907778,262.33459118601274,257.51150572225254,4.823085463760206,27.910467807858304
2019-10-29 07:00:00+00:00,825.7314366805692,647.5041090184855,178.22732766208372,164.2102355330306,14.0170921290531,47.175444337985425
2019-10-29 08:00:00+00:00,840.2879547713595,507.6613670348321,332.6265877365274,318.1573313452468,14.46925639128062,47.88028136952406
2019-10-29 09:00:00+00:00,952.8875453413498,683.7129492147868,269.174596126563,252.84644221279146,16.328153913771533,51.729921885433534
2019-10-29 10:00:00+00:00,1000.0871076800208,832.9410230786319,167.14608460138888,150.21504500464732,16.93103959674156,53.91947343130736
2019-10-29 11:00:00+00:00,789.3674294887298,477.43939891071744,311.92803057801245,298.5640646055102,13.363965972502239,46.87339914060345
2019-10-29 12:00:00+00:00,550.9778072807172,223.49249467396197,327.48531260675526,318.1573313452468,9.327981261508455,40.311178712840245
2019-10-29 13:00:00+00:00,273.0201056015981,38.79312324404052,234.22698235755757,229.52112466548598,4.70585769207159,31.217699266522274
2019-10-29 14:00:00+00:00,156.3317436168979,31.511321867340666,124.82042174955724,122.22466394788074,2.5957578016765,25.135203767254005
2019-10-29 15:00:00+00:00,28.90719735122909,14.59381715683384,14.31338019439525,13.995190528383292,0.3181896660119581,19.958571583619026
2019-10-29 16:00:00+00:00,0.0,0.0,0.0,0.0,0.0,18.14
2019-10-29 17:00:00+00:00,0.0,0.0,0.0,0.0,0.0,17.58
2019-10-29 18:00:00+00:00,0.0,0.0,0.0,0.0,0.0,17.14
2019-10-29 19:00:00+00:00,0.0,0.0,0.0,0.0,0.0,16.29
2019-10-29 20:00:00+00:00,0.0,0.0,0.0,0.0,0.0,15.97
2019-10-29 21:00:00+00:00,0.0,0.0,0.0,0.0,0.0,15.77
2019-10-29 22:00:00+00:00,0.0,0.0,0.0,0.0,0.0,15.7
2019-10-29 23:00:00+00:00,0.0,0.0,0.0,0.0,0.0,15.56
2019-10-30 00:00:00+00:00,0.0,0.0,0.0,0.0,0.0,15.53
2019-10-30 01:00:00+00:00,0.0,0.0,0.0,0.0,0.0,15.39
2019-10-30 02:00:00+00:00,0.0,0.0,0.0,0.0,0.0,15.29
2019-10-30 03:00:00+00:00,0.0,0.0,0.0,0.0,0.0,15.08
2019-10-30 04:00:00+00:00,20.89470958122162,0.0,20.89470958122162,20.526279441628827,0.3684301395927936,16.211740773319914
2019-10-30 05:00:00+00:00,79.77980021920982,0.0,79.77980021920982,78.37306695894642,1.4067332602633935,19.562619971650804
2019-10-30 06:00:00+00:00,102.57402885326978,0.0,102.57402885326978,100.7653718043597,1.8086570489100775,21.853368534979605
2019-10-30 07:00:00+00:00,303.2237613937919,4.91553597553949,298.3082254182524,292.9659883941569,5.342237024095507,29.20051552293639
2019-10-30 08:00:00+00:00,767.533170631297,365.20338891690096,402.32978171439606,389.0662966890555,13.263485025340568,43.98085251871555
2019-10-30 09:00:00+00:00,735.1722276606212,270.83299965525475,464.3392280053664,451.5781477158342,12.761080289532213,43.63839421692266
2019-10-30 10:00:00+00:00,857.3317930020478,498.3798877182149,358.9519052838329,344.28168699822896,14.670218285603962,47.41568026411241
2019-10-30 11:00:00+00:00,680.6713112558191,284.6142882054709,396.0570230503482,384.4012331795944,11.655789870753832,41.30691392415638
2019-10-30 12:00:00+00:00,791.6349949502236,677.1922769789664,114.44271797125718,101.69838450625191,12.744333465005267,44.144225636108104
2019-10-30 13:00:00+00:00,417.830752343759,192.68982251851295,225.14092982524605,218.32497224277935,6.815957582466681,31.715140756934872
2019-10-30 14:00:00+00:00,332.9894242172038,263.1736392870002,69.8157849302036,65.31088913245536,4.504895797748248,29.725995737130525
2019-10-30 15:00:00+00:00,36.56615080294848,22.21927695949934,14.34687384344914,13.995190528383292,0.3516833150658484,20.59950076571336
2019-10-30 16:00:00+00:00,0.0,0.0,0.0,0.0,0.0,18.76
2019-10-30 17:00:00+00:00,0.0,0.0,0.0,0.0,0.0,17.45
2019-10-30 18:00:00+00:00,0.0,0.0,0.0,0.0,0.0,17.13
2019-10-30 19:00:00+00:00,0.0,0.0,0.0,0.0,0.0,16.68
2019-10-30 20:00:00+00:00,0.0,0.0,0.0,0.0,0.0,16.47
2019-10-30 21:00:00+00:00,0.0,0.0,0.0,0.0,0.0,16.07
2019-10-30 22:00:00+00:00,0.0,0.0,0.0,0.0,0.0,15.27
2019-10-30 23:00:00+00:00,0.0,0.0,0.0,0.0,0.0,15.14
2019-10-31 00:00:00+00:00,0.0,0.0,0.0,0.0,0.0,14.89
2019-10-31 01:00:00+00:00,0.0,0.0,0.0,0.0,0.0,14.92
2019-10-31 02:00:00+00:00,0.0,0.0,0.0,0.0,0.0,14.87
2019-10-31 03:00:00+00:00,0.0,0.0,0.0,0.0,0.0,15.1
2019-10-31 04:00:00+00:00,63.075218938235324,1.3241028964626862,61.75111604177264,60.64582562299426,1.1052904187783807,17.199767884679915
2019-10-31 05:00:00+00:00,43.688938215281574,0.0,43.688938215281574,42.918584287042094,0.7703539282394775,17.125137655184894
2019-10-31 06:00:00+00:00,385.8432180180053,74.98234739036371,310.8608706276416,304.16214081686354,6.698729810778064,29.02441369353103
2019-10-31 07:00:00+00:00,373.545150727052,22.69870851426047,350.8464422127915,344.28168699822896,6.564755214562504,29.31345080819838
2019-10-31 08:00:00+00:00,901.5108405119229,636.0731046645454,265.4377358473774,250.0474041071148,15.390331740262603,48.226576368314
2019-10-31 09:00:00+00:00,1012.6309693284904,822.8246306892571,189.80633863923327,172.6073498500606,17.19898878917268,52.37372852812269
2019-10-31 10:00:00+00:00,999.7327337756117,823.3402562779353,176.39247749767634,159.5451720235695,16.847305474106832,52.72933545405502
2019-10-31 11:00:00+00:00,956.1894903131949,840.5648756818182,115.62461463137677,99.83235910246748,15.792255528909287,51.27850967099155
2019-10-31 12:00:00+00:00,747.0702008621082,583.8309358471142,163.23926501499395,151.14805770653953,12.091207308454406,44.882904731029825
2019-10-31 13:00:00+00:00,571.098612600396,464.42393014770147,106.67468245269453,97.96633369868304,8.708348754011483,38.887044192405675
2019-10-31 14:00:00+00:00,337.926032312102,269.0097664347367,68.91626587736528,64.37787643056313,4.538389446802139,31.651982344488218
2019-10-31 15:00:00+00:00,41.59159570138479,26.278215506989543,15.313380194395249,14.92820323027551,0.38517696411973873,20.96401164521124
2019-10-31 16:00:00+00:00,0.0,0.0,0.0,0.0,0.0,16.78
2019-10-31 17:00:00+00:00,0.0,0.0,0.0,0.0,0.0,16.74
2019-10-31 18:00:00+00:00,0.0,0.0,0.0,0.0,0.0,16.7
2019-10-31 19:00:00+00:00,0.0,0.0,0.0,0.0,0.0,16.66
2019-10-31 20:00:00+00:00,0.0,0.0,0.0,0.0,0.0,16.61
2019-10-31 21:00:00+00:00,0.0,0.0,0.0,0.0,0.0,16.57
2019-10-31 22:00:00+00:00,0.0,0.0,0.0,0.0,0.0,16.53
2019-10-31 23:00:00+00:00,0.0,0.0,0.0,0.0,0.0,16.48
2019-11-01 00:00:00+00:00,0.0,0.0,0.0,0.0,0.0,16.44
2019-11-01 01:00:00+00:00,0.0,0.0,0.0,0.0,0.0,16.4
2019-11-01 02:00:00+00:00,0.0,0.0,0.0,0.0,0.0,16.36
2019-11-01 03:00:00+00:00,0.0,0.0,0.0,0.0,0.0,16.31
2019-11-01 04:00:00+00:00,214.04427162601434,157.93185332594243,56.112418300071916,53.18172400785651,2.9306942922154033,23.151276046831303
2019-11-01 05:00:00+00:00,430.7106548291866,306.3183499837733,124.39230484541328,117.55960043841965,6.832704406993626,30.084309669336555
2019-11-01 06:00:00+00:00,694.3274365699533,582.1742240872709,112.15321248268242,100.7653718043597,11.38784067832271,38.5138503710146
2019-11-01 07:00:00+00:00,859.3115448088809,716.1367760300548,143.17476877882606,128.75575286112627,14.419015917699785,43.795648034461706
2019-11-01 08:00:00+00:00,946.3656233466645,738.1048020355269,208.2608213111376,192.2006165897972,16.06020472134041,49.75201127683832
2019-11-01 09:00:00+00:00,1049.5379653755958,908.6454015517879,140.8925638238079,123.15767664977297,17.734887174034927,53.87938636287417
2019-11-01 10:00:00+00:00,1012.0746159024152,848.5935948104874,163.4810210919278,146.48299419707845,16.99802689484934,52.61524999312297
2019-11-01 11:00:00+00:00,956.6405768265275,838.250417738528,118.39015908799954,102.63139720814414,15.758761879855397,51.05752461859191
2019-11-01 12:00:00+00:00,746.657012913594,579.7191907400851,166.93782217350895,154.88010851410843,12.057713659400516,44.280534600798916
2019-11-01 13:00:00+00:00,587.9198908874523,491.3241330857758,96.5957578016765,87.70319397786862,8.892563823807881,40.134054485351825
2019-11-01 14:00:00+00:00,280.68492942697117,179.66586419276743,101.01906523420377,97.03332099679082,3.9857442374129484,30.47735882811255
2019-11-01 15:00:00+00:00,33.33413778768693,19.00401076876473,14.330127018922195,13.995190528383292,0.33493649053890323,22.30041734506418
2019-11-01 16:00:00+00:00,0.0,0.0,0.0,0.0,0.0,19.93
2019-11-01 17:00:00+00:00,0.0,0.0,0.0,0.0,0.0,18.55
2019-11-01 18:00:00+00:00,0.0,0.0,0.0,0.0,0.0,17.55
2019-11-01 19:00:00+00:00,0.0,0.0,0.0,0.0,0.0,17.61
2019-11-01 20:00:00+00:00,0.0,0.0,0.0,0.0,0.0,16.82
2019-11-01 21:00:00+00:00,0.0,0.0,0.0,0.0,0.0,16.28
2019-11-01 22:00:00+00:00,0.0,0.0,0.0,0.0,0.0,15.72
2019-11-01 23:00:00+00:00,0.0,0.0,0.0,0.0,0.0,15.37
2019-11-02 00:00:00+00:00,0.0,0.0,0.0,0.0,0.0,15.06
2019-11-02 01:00:00+00:00,0.0,0.0,0.0,0.0,0.0,14.84
2019-11-02 02:00:00+00:00,0.0,0.0,0.0,0.0,0.0,14.5
2019-11-02 03:00:00+00:00,0.0,0.0,0.0,0.0,0.0,14.32
2019-11-02 04:00:00+00:00,67.32209480516586,2.7049533596087856,64.61714144555708,63.44486372867092,1.1722777168861613,16.947779451009644
2019-11-02 05:00:00+00:00,232.1085004582457,34.97238010461635,197.13612035362934,193.13362929168943,4.002491061939893,23.94287591877261
2019-11-02 06:00:00+00:00,593.9597058576401,362.9215753892325,231.03813046840756,221.124010348456,9.914120119951535,37.845026655698994
2019-11-02 07:00:00+00:00,776.1896102365531,513.9457084022055,262.2439018343476,249.1143914052226,13.129510429125007,44.78786996452742
2019-11-02 08:00:00+00:00,848.6211193775116,510.36296178057694,338.2581575969346,323.7554075566001,14.50275004033451,48.01733425796074
2019-11-02 09:00:00+00:00,950.1638331791175,659.6974131543029,290.46642002481457,274.3057343563125,16.16068566850208,51.525228388283836
2019-11-02 10:00:00+00:00,975.1929552531178,746.9871838871777,228.20577136594005,211.7938833295338,16.411888036406257,52.13755524394036
2019-11-02 11:00:00+00:00,813.2053762454323,514.0715743014798,299.1338019439525,285.5018867790191,13.631915164933362,47.70904340206642
2019-11-02 12:00:00+00:00,783.6897946957523,656.4026076168543,127.28718707889797,114.76056233274299,12.526624746154981,46.04258357697235
2019-11-02 13:00:00+00:00,573.8611461826204,465.33718515066835,108.52396103195201,99.83235910246748,8.69160192948454,38.95526069736325
2019-11-02 14:00:00+00:00,217.75136538115805,93.12709605430743,124.62426932685061,121.29165124598852,3.3326180808620873,28.119475550677738
2019-11-02 15:00:00+00:00,25.826602999070627,11.529969629202322,14.296633369868305,13.995190528383292,0.3014428414850129,21.868169301849363
2019-11-02 16:00:00+00:00,0.0,0.0,0.0,0.0,0.0,20.12
2019-11-02 17:00:00+00:00,0.0,0.0,0.0,0.0,0.0,19.24
2019-11-02 18:00:00+00:00,0.0,0.0,0.0,0.0,0.0,18.51
2019-11-02 19:00:00+00:00,0.0,0.0,0.0,0.0,0.0,18.07
2019-11-02 20:00:00+00:00,0.0,0.0,0.0,0.0,0.0,17.33
2019-11-02 21:00:00+00:00,0.0,0.0,0.0,0.0,0.0,16.6
2019-11-02 22:00:00+00:00,0.0,0.0,0.0,0.0,0.0,16.02
2019-11-02 23:00:00+00:00,0.0,0.0,0.0,0.0,0.0,15.28
2019-11-03 00:00:00+00:00,0.0,0.0,0.0,0.0,0.0,14.92
2019-11-03 01:00:00+00:00,0.0,0.0,0.0,0.0,0.0,14.53
2019-11-03 02:00:00+00:00,0.0,0.0,0.0,0.0,0.0,14.32
2019-11-03 03:00:00+00:00,0.0,0.0,0.0,0.0,0.0,14.09
2019-11-03 04:00:00+00:00,150.40421824759053,66.95454504730291,83.44967320028762,81.17210506462308,2.277568135664542,19.25358893123282
2019-11-03 05:00:00+00:00,289.3616114705694,85.7565800301856,203.60503144038378,198.73170550304275,4.873325937341042,25.187643433271482
2019-11-03 06:00:00+00:00,426.3095426086961,112.94626724524616,313.36327536344993,306.02816622064796,7.335109142801981,31.18888847265883
2019-11-03 07:00:00+00:00,818.0971143105982,606.5660253973526,211.53108891324555,197.7986928011505,13.732396112095033,44.64370402706533
2019-11-03 08:00:00+00:00,1000.3233649776005,863.1509146084512,137.17245036914926,120.35863854409631,16.81381182505294,51.56654150816585
2019-11-03 09:00:00+00:00,1017.7568109365326,822.3858897349999,195.3709212015327,178.2054260614139,17.16549514011879,53.54022410419273
2019-11-03 10:00:00+00:00,810.8446717732048,407.9287512003657,402.9159205728391,389.0662966890555,13.849623883783648,47.98071608361974
2019-11-03 11:00:00+00:00,846.9952281877052,584.713023232687,262.2822049550182,248.18137870333035,14.100826251687826,48.917596838924034
2019-11-03 12:00:00+00:00,763.2541512898625,609.2110386975752,154.04311259228732,141.81793068761735,12.225181904669968,46.551730104618215
2019-11-03 13:00:00+00:00,549.5765403911089,415.22966654765975,134.34687384344915,125.95671475544962,8.390159087999526,39.28452139869376
2019-11-03 14:00:00+00:00,304.63836061361076,214.61448590779025,90.02387470582048,85.83716857408419,4.18670613173629,31.453332233853576
2019-11-03 15:00:00+00:00,16.244859637005447,3.8812389690293614,12.363620667976084,12.129165124598853,0.23445554337723226,22.101373641930607
2019-11-03 16:00:00+00:00,0.0,0.0,0.0,0.0,0.0,20.22
2019-11-03 17:00:00+00:00,0.0,0.0,0.0,0.0,0.0,19.23
2019-11-03 18:00:00+00:00,0.0,0.0,0.0,0.0,0.0,18.26
2019-11-03 19:00:00+00:00,0.0,0.0,0.0,0.0,0.0,18.07
2019-11-03 20:00:00+00:00,0.0,0.0,0.0,0.0,0.0,17.63
2019-11-03 21:00:00+00:00,0.0,0.0,0.0,0.0,0.0,16.92
2019-11-03 22:00:00+00:00,0.0,0.0,0.0,0.0,0.0,16.44
2019-11-03 23:00:00+00:00,0.0,0.0,0.0,0.0,0.0,16.32
2019-11-04 00:00:00+00:00,0.0,0.0,0.0,0.0,0.0,16.2
2019-11-04 01:00:00+00:00,0.0,0.0,0.0,0.0,0.0,15.86
2019-11-04 02:00:00+00:00,0.0,0.0,0.0,0.0,0.0,15.42
2019-11-04 03:00:00+00:00,0.0,0.0,0.0,0.0,0.0,15.0
2019-11-04 04:00:00+00:00,14.24639289628747,0.0,14.24639289628747,13.995190528383292,0.25120236790417744,15.50628198191906
2019-11-04 05:00:00+00:00,287.2866945454467,81.84913135033244,205.4375631951143,200.59773090682717,4.839832288287152,25.495935326515212
2019-11-04 06:00:00+00:00,421.36771740027075,106.22215075567115,315.1455666445996,307.8941916244324,7.251375020167255,31.34377065332435
2019-11-04 07:00:00+00:00,730.160324021817,415.4883052833255,314.67201873849154,302.29611541307906,12.375903325412475,42.22216766164778
2019-11-04 08:00:00+00:00,997.133692314183,846.0497855392853,151.0839067748978,134.35382907247958,16.730077702418217,51.21808133199044
2019-11-04 09:00:00+00:00,988.7051936568735,738.7554341304543,249.94975952641917,233.25317547305485,16.696584053364326,51.80841579385786
2019-11-04 10:00:00+00:00,859.0110086037905,488.94668501988576,370.0643235839048,355.4778394209356,14.586484162969235,48.96960228740358
2019-11-04 11:00:00+00:00,836.6680613825756,554.9600579330903,281.7080034494853,267.77464544306696,13.933358006418374,48.94999693917946
2019-11-04 12:00:00+00:00,807.1682455866054,691.7422744398751,115.42597114673023,102.63139720814414,12.794573938586103,47.706000847911056
2019-11-04 13:00:00+00:00,581.4534547405079,472.87925323497507,108.57420150553286,99.83235910246748,8.741842403065375,40.87210623562021
2019-11-04 14:00:00+00:00,309.17437929820056,220.0500236452184,89.12435565298215,84.90415587219196,4.220199780790181,32.25293601811077
2019-11-04 15:00:00+00:00,26.043294345434717,11.746660975566414,14.296633369868305,13.995190528383292,0.3014428414850129,22.88664539424799
2019-11-04 16:00:00+00:00,0.0,0.0,0.0,0.0,0.0,20.45
2019-11-04 17:00:00+00:00,0.0,0.0,0.0,0.0,0.0,19.32
2019-11-04 18:00:00+00:00,0.0,0.0,0.0,0.0,0.0,18.34
2019-11-04 19:00:00+00:00,0.0,0.0,0.0,0.0,0.0,17.96
2019-11-04 20:00:00+00:00,0.0,0.0,0.0,0.0,0.0,17.17
2019-11-04 21:00:00+00:00,0.0,0.0,0.0,0.0,0.0,16.54
2019-11-04 22:00:00+00:00,0.0,0.0,0.0,0.0,0.0,15.94
2019-11-04 23:00:00+00:00,0.0,0.0,0.0,0.0,0.0,15.47
2019-11-05 00:00:00+00:00,0.0,0.0,0.0,0.0,0.0,15.15
2019-11-05 01:00:00+00:00,0.0,0.0,0.0,0.0,0.0,15.0
2019-11-05 02:00:00+00:00,0.0,0.0,0.0,0.0,0.0,14.92
2019-11-05 03:00:00+00:00,0.0,0.0,0.0,0.0,0.0,14.79
2019-11-05 04:00:00+00:00,152.73189208756747,68.33245936086068,84.39943272670679,82.1051177665153,2.294314960191487,20.000153879033626
2019-11-05 05:00:00+00:00,301.50162755388345,96.79611516633801,204.70551238754544,199.66471820493496,5.040794182610494,26.343983105952546
2019-11-05 06:00:00+00:00,576.2395323612042,323.12728671339534,253.11224564780886,243.51631519386927,9.595930453939578,37.06573948437147
2019-11-05 07:00:00+00:00,781.1594341132859,512.3844433656927,268.7749907475931,255.64548031846812,13.129510429125007,44.69018473228245
2019-11-05 08:00:00+00:00,983.7670269939033,803.994182003724,179.77284499017938,163.2772228311384,16.495622159040984,51.981436545248314
2019-11-05 09:00:00+00:00,1088.9543918537795,970.0019686131573,118.95242324062215,100.7653718043597,18.187051436262447,56.12996362683397
2019-11-05 10:00:00+00:00,1045.8462345283415,900.6570373346653,145.1891971936762,127.82274015923406,17.36645703444213,55.580518263053946
2019-11-05 11:00:00+00:00,941.8113622919617,786.4523784433393,155.35898384862244,139.9519052838329,15.407078564789549,52.992940644400306
2019-11-05 12:00:00+00:00,764.6309337988296,597.542390204578,167.08854359425146,154.88010851410843,12.208435080143023,47.65267392462767
2019-11-05 13:00:00+00:00,585.7947204585546,477.1870253039679,108.60769515458674,99.83235910246748,8.775336052119265,41.81928333237811
2019-11-05 14:00:00+00:00,290.8371597056255,189.7511071733139,101.08605253231156,97.03332099679082,4.052731535520729,32.44882310805143
2019-11-05 15:00:00+00:00,38.967296683695,23.67066331382669,15.296633369868305,14.92820323027551,0.3684301395927936,23.96334028560849
2019-11-05 16:00:00+00:00,0.0,0.0,0.0,0.0,0.0,21.43
2019-11-05 17:00:00+00:00,0.0,0.0,0.0,0.0,0.0,20.14
2019-11-05 18:00:00+00:00,0.0,0.0,0.0,0.0,0.0,19.0
2019-11-05 19:00:00+00:00,0.0,0.0,0.0,0.0,0.0,18.09
2019-11-05 20:00:00+00:00,0.0,0.0,0.0,0.0,0.0,17.35
2019-11-05 21:00:00+00:00,0.0,0.0,0.0,0.0,0.0,16.61
2019-11-05 22:00:00+00:00,0.0,0.0,0.0,0.0,0.0,16.09
2019-11-05 23:00:00+00:00,0.0,0.0,0.0,0.0,0.0,15.81
2019-11-06 00:00:00+00:00,0.0,0.0,0.0,0.0,0.0,15.69
2019-11-06 01:00:00+00:00,0.0,0.0,0.0,0.0,0.0,15.22
2019-11-06 02:00:00+00:00,0.0,0.0,0.0,0.0,0.0,15.06
2019-11-06 03:00:00+00:00,0.0,0.0,0.0,0.0,0.0,14.6
2019-11-06 04:00:00+00:00,99.25763436293704,18.310365898457764,80.94726846447928,79.30607966083865,1.641188803640626,18.233073431698937
2019-11-06 05:00:00+00:00,193.32030589006447,14.54780620441125,178.77249968565323,175.40638795573724,3.3661117299159775,23.275169300476932
2019-11-06 06:00:00+00:00,701.4651128862176,586.5965964204933,114.86851646572434,103.56440991003636,11.304106555687984,41.60129297468706
2019-11-06 07:00:00+00:00,912.4787156478604,812.5526581749987,99.92605747286177,84.90415587219196,15.02190160066981,49.57787878365079
2019-11-06 08:00:00+00:00,1034.6786124734958,927.8936574781433,106.78495499535268,89.56921938165306,17.215735613699625,54.288546179464156
2019-11-06 09:00:00+00:00,1108.8541109949592,1019.506891846984,89.3472191479753,70.90896534380867,18.438253804166624,57.250911015658815
2019-11-06 10:00:00+00:00,1054.9117529658274,928.299075687361,126.61267727846653,109.16248612138968,17.45019115707686,56.198169085896524
2019-11-06 11:00:00+00:00,945.7176980717093,806.2199301552546,139.49776791645473,124.09068935166518,15.407078564789549,53.01697635994255
2019-11-06 12:00:00+00:00,794.359303362835,669.8544075650867,124.50489579774826,111.96152422706633,12.543371570681925,48.190618186439295
2019-11-06 13:00:00+00:00,603.124395703942,510.2104482362535,92.91394746768846,83.97114317029974,8.942804297388717,41.35898045738319
2019-11-06 14:00:00+00:00,308.5417092756526,218.5178345698321,90.02387470582048,85.83716857408419,4.18670613173629,32.0628211508323
2019-11-06 15:00:00+00:00,35.12953099307403,19.84964444773267,15.279886545341359,14.92820323027551,0.3516833150658484,23.184036052364952
2019-11-06 16:00:00+00:00,0.0,0.0,0.0,0.0,0.0,20.75
2019-11-06 17:00:00+00:00,0.0,0.0,0.0,0.0,0.0,19.8
2019-11-06 18:00:00+00:00,0.0,0.0,0.0,0.0,0.0,19.04
2019-11-06 19:00:00+00:00,0.0,0.0,0.0,0.0,0.0,18.99
2019-11-06 20:00:00+00:00,0.0,0.0,0.0,0.0,0.0,18.51
2019-11-06 21:00:00+00:00,0.0,0.0,0.0,0.0,0.0,17.51
2019-11-06 22:00:00+00:00,0.0,0.0,0.0,0.0,0.0,16.92
2019-11-06 23:00:00+00:00,0.0,0.0,0.0,0.0,0.0,16.67
2019-11-07 00:00:00+00:00,0.0,0.0,0.0,0.0,0.0,16.43
2019-11-07 01:00:00+00:00,0.0,0.0,0.0,0.0,0.0,16.27
2019-11-07 02:00:00+00:00,0.0,0.0,0.0,0.0,0.0,15.93
2019-11-07 03:00:00+00:00,0.0,0.0,0.0,0.0,0.0,15.81
2019-11-07 04:00:00+00:00,24.69374768689828,0.0,24.69374768689828,24.258330249197705,0.4354174377005742,16.76247761027287
2019-11-07 05:00:00+00:00,119.66970032881474,0.0,119.66970032881474,117.55960043841965,2.1100998903950905,20.887242610832242
2019-11-07 06:00:00+00:00,374.79616356456825,67.8850524633458,306.91111110122245,300.43009000929464,6.4810210919277775,30.939825172357715
2019-11-07 07:00:00+00:00,724.3446441127323,411.7061190232947,312.6385250894377,300.43009000929464,12.208435080143023,42.94481746207377
2019-11-07 08:00:00+00:00,941.8073253451222,717.969984118775,223.83734122634726,208.06183252196493,15.775508704382343,51.100668281355105
2019-11-07 09:00:00+00:00,1045.2065392176032,889.7039618295319,155.50257738807144,138.08587988004848,17.416697508022967,54.388203637036966
2019-11-07 10:00:00+00:00,755.6650042600905,321.0314612945326,434.6335429655579,421.7217412552832,12.91180171027472,46.16921866609118
2019-11-07 11:00:00+00:00,812.8138577779466,514.7470431321019,298.0668146458447,284.5688740771269,13.4979405687178,47.55864473916201
2019-11-07 12:00:00+00:00,498.4562312335232,155.99728439452835,342.4589468389949,334.01854727741454,8.440399561580362,37.195354815191415
2019-11-07 13:00:00+00:00,523.7551394440173,364.60209961359806,159.15303983041932,151.14805770653953,8.004982123879786,37.38801142857954
2019-11-07 14:00:00+00:00,163.37117803465992,37.55075628510267,125.82042174955724,123.15767664977297,2.6627450997842805,26.068771926576975
2019-11-07 15:00:00+00:00,27.218168103592937,11.971775207305468,15.24639289628747,14.92820323027551,0.3181896660119581,21.28653874514617
2019-11-07 16:00:00+00:00,0.0,0.0,0.0,0.0,0.0,19.27
2019-11-07 17:00:00+00:00,0.0,0.0,0.0,0.0,0.0,18.21
2019-11-07 18:00:00+00:00,0.0,0.0,0.0,0.0,0.0,17.54
2019-11-07 19:00:00+00:00,0.0,0.0,0.0,0.0,0.0,17.38
2019-11-07 20:00:00+00:00,0.0,0.0,0.0,0.0,0.0,16.94
2019-11-07 21:00:00+00:00,0.0,0.0,0.0,0.0,0.0,16.42
2019-11-07 22:00:00+00:00,0.0,0.0,0.0,0.0,0.0,16.32
2019-11-07 23:00:00+00:00,0.0,0.0,0.0,0.0,0.0,16.01
2019-11-08 00:00:00+00:00,0.0,0.0,0.0,0.0,0.0,15.77
2019-11-08 01:00:00+00:00,0.0,0.0,0.0,0.0,0.0,15.44
2019-11-08 02:00:00+00:00,0.0,0.0,0.0,0.0,0.0,15.51
2019-11-08 03:00:00+00:00,0.0,0.0,0.0,0.0,0.0,15.54
2019-11-08 04:00:00+00:00,52.236773953054055,0.0,52.236773953054055,51.31569860407207,0.9210753489819838,17.350415830669487
2019-11-08 05:00:00+00:00,184.343981025083,11.320278971525603,173.0237020535574,169.80831174438393,3.215390309173471,22.05414974718924
2019-11-08 06:00:00+00:00,352.3302655113858,51.38566076110946,300.9446047502763,294.83201379794133,6.112590952334984,28.417612633883557
2019-11-08 07:00:00+00:00,733.8453200489985,431.3527069086867,302.49261314031185,290.1669502884802,12.32566285183164,41.978653664594006
2019-11-08 08:00:00+00:00,874.8324387252228,570.861295554923,303.97114317029974,289.233937586588,14.737205583711741,47.33280787486418
2019-11-08 09:00:00+00:00,874.4579703610293,505.09220393563953,369.36576642538984,354.5448267190434,14.820939706346469,47.975931597489584
2019-11-08 10:00:00+00:00,899.5697069669438,581.251689953195,318.31801701374894,303.22912811497133,15.08888889877759,49.706442356289045
2019-11-08 11:00:00+00:00,710.5368396699221,332.8218809914063,377.7149586785158,365.74097914175,11.97397953676579,44.452966977209584
2019-11-08 12:00:00+00:00,643.1532159292649,367.67734961347986,275.47586631578497,264.97560733739033,10.500258978394616,42.344743714658804
2019-11-08 13:00:00+00:00,564.9978541155298,443.6629176249908,121.33493649053891,112.89453692895854,8.440399561580362,39.219310695233865
2019-11-08 14:00:00+00:00,108.23384493201957,5.592828780642009,102.64101615137756,100.7653718043597,1.875644347017858,26.115005373876365
2019-11-08 15:00:00+00:00,35.31638943925199,20.03650289391063,15.279886545341359,14.92820323027551,0.3516833150658484,22.852484102905493
2019-11-08 16:00:00+00:00,0.0,0.0,0.0,0.0,0.0,20.18
2019-11-08 17:00:00+00:00,0.0,0.0,0.0,0.0,0.0,19.12
2019-11-08 18:00:00+00:00,0.0,0.0,0.0,0.0,0.0,18.27
2019-11-08 19:00:00+00:00,0.0,0.0,0.0,0.0,0.0,17.13
2019-11-08 20:00:00+00:00,0.0,0.0,0.0,0.0,0.0,16.72
2019-11-08 21:00:00+00:00,0.0,0.0,0.0,0.0,0.0,16.53
2019-11-08 22:00:00+00:00,0.0,0.0,0.0,0.0,0.0,16.28
2019-11-08 23:00:00+00:00,0.0,0.0,0.0,0.0,0.0,16.09
2019-11-09 00:00:00+00:00,0.0,0.0,0.0,0.0,0.0,15.95
2019-11-09 01:00:00+00:00,0.0,0.0,0.0,0.0,0.0,15.83
2019-11-09 02:00:00+00:00,0.0,0.0,0.0,0.0,0.0,15.65
2019-11-09 03:00:00+00:00,0.0,0.0,0.0,0.0,0.0,15.67
2019-11-09 04:00:00+00:00,166.46080256670706,88.50872463061107,77.95207793609598,75.57402885326977,2.378049082826213,21.001687874294394
2019-11-09 05:00:00+00:00,410.03709199528254,261.82187433837214,148.2152176569104,141.81793068761735,6.397286969293051,29.561183638758052
2019-11-09 06:00:00+00:00,546.9259207872375,282.2036615751651,264.7222592120724,255.64548031846812,9.076778893604278,35.547990675355756
2019-11-09 07:00:00+00:00,776.4595634401829,516.2826489039431,260.1769145362398,247.24836600143814,12.928548534801665,43.51101793115061
2019-11-09 08:00:00+00:00,905.6883350451826,635.8032444071944,269.88509063798824,254.7124676165759,15.172623021412317,48.319832618777006
2019-11-09 09:00:00+00:00,776.6435362267341,336.9764996121223,439.6670366146118,426.3868047647443,13.280231849867514,45.038963703643056
2019-11-09 10:00:00+00:00,527.0957555032819,72.85469003540041,454.2410654678815,445.04705880258865,9.194006665292894,38.24834074374646
2019-11-09 11:00:00+00:00,836.2118787083144,562.1186982947094,274.09318041360507,260.3105438279292,13.782636585675869,47.06375371455573
2019-11-09 12:00:00+00:00,714.2099436404744,502.1908784062707,212.01906523420377,200.59773090682717,11.4213343273766,43.29306578169037
2019-11-09 13:00:00+00:00,562.032442965394,436.0826834389748,125.94975952641917,117.55960043841965,8.390159087999526,38.743775478113285
2019-11-09 14:00:00+00:00,292.22641414845464,193.98964019540057,98.23677395305405,94.23428289111416,4.002491061939893,30.43672158547459
2019-11-09 15:00:00+00:00,2.8492785792574935,0.0,2.8492785792574935,2.799038105676658,0.050240473580835485,21.36048069049871
2019-11-09 16:00:00+00:00,0.0,0.0,0.0,0.0,0.0,20.03
2019-11-09 17:00:00+00:00,0.0,0.0,0.0,0.0,0.0,19.15
2019-11-09 18:00:00+00:00,0.0,0.0,0.0,0.0,0.0,18.5
2019-11-09 19:00:00+00:00,0.0,0.0,0.0,0.0,0.0,18.3
2019-11-09 20:00:00+00:00,0.0,0.0,0.0,0.0,0.0,17.71
2019-11-09 21:00:00+00:00,0.0,0.0,0.0,0.0,0.0,17.21
2019-11-09 22:00:00+00:00,0.0,0.0,0.0,0.0,0.0,17.08
2019-11-09 23:00:00+00:00,0.0,0.0,0.0,0.0,0.0,16.83
2019-11-10 00:00:00+00:00,0.0,0.0,0.0,0.0,0.0,16.59
2019-11-10 01:00:00+00:00,0.0,0.0,0.0,0.0,0.0,16.29
2019-11-10 02:00:00+00:00,0.0,0.0,0.0,0.0,0.0,15.99
2019-11-10 03:00:00+00:00,0.0,0.0,0.0,0.0,0.0,16.04
2019-11-10 04:00:00+00:00,51.28701442663489,0.0,51.28701442663489,50.38268590217985,0.9043285244550388,17.8380589521379
2019-11-10 05:00:00+00:00,238.62601311967668,42.35591816983183,196.27009494984486,192.2006165897972,4.0694783600476745,24.330046744378034
2019-11-10 06:00:00+00:00,329.2907152710145,38.06141450378017,291.22930076723435,285.5018867790191,5.727413988215245,28.27130634863014
2019-11-10 07:00:00+00:00,514.5982722391474,118.50543713006836,396.092835109079,387.20027128527107,8.892563823807881,34.19887087405576
2019-11-10 08:00:00+00:00,771.2185215117138,373.7045247275213,397.51399678419244,384.4012331795944,13.112763604598062,42.97036550936208
2019-11-10 09:00:00+00:00,863.1001343856167,483.68893695826273,379.411197427354,364.8079664398578,14.60323098749618,46.238702671441466
2019-11-10 10:00:00+00:00,827.5487012092199,441.309781498752,386.2389197104678,372.27206805499554,13.966851655472265,46.40493124732813
2019-11-10 11:00:00+00:00,866.8644423652844,626.8908081330447,239.97363423223965,225.7890738579171,14.184560374322551,47.68420345469431
2019-11-10 12:00:00+00:00,679.7051693332695,433.6335452158081,246.07162411746143,235.1192008768393,10.952423240622135,42.30629189079261
2019-11-10 13:00:00+00:00,568.3982758899808,447.06333939944193,121.33493649053891,112.89453692895854,8.440399561580362,38.77971802488153
2019-11-10 14:00:00+00:00,347.15004469456346,275.5017280096293,71.64831668493414,67.17691453623979,4.4714021486943585,32.04037091949605
2019-11-10 15:00:00+00:00,35.41642436685563,20.13653782151427,15.279886545341359,14.92820323027551,0.3516833150658484,22.320371921787537
2019-11-10 16:00:00+00:00,0.0,0.0,0.0,0.0,0.0,20.04
2019-11-10 17:00:00+00:00,0.0,0.0,0.0,0.0,0.0,19.09
2019-11-10 18:00:00+00:00,0.0,0.0,0.0,0.0,0.0,18.26
2019-11-10 19:00:00+00:00,0.0,0.0,0.0,0.0,0.0,17.76
2019-11-10 20:00:00+00:00,0.0,0.0,0.0,0.0,0.0,17.57
2019-11-10 21:00:00+00:00,0.0,0.0,0.0,0.0,0.0,17.24
2019-11-10 22:00:00+00:00,0.0,0.0,0.0,0.0,0.0,17.07
2019-11-10 23:00:00+00:00,0.0,0.0,0.0,0.0,0.0,17.02
2019-11-11 00:00:00+00:00,0.0,0.0,0.0,0.0,0.0,16.8
2019-11-11 01:00:00+00:00,0.0,0.0,0.0,0.0,0.0,16.68
2019-11-11 02:00:00+00:00,0.0,0.0,0.0,0.0,0.0,16.48
2019-11-11 03:00:00+00:00,0.0,0.0,0.0,0.0,0.0,16.2
2019-11-11 04:00:00+00:00,14.24639289628747,0.0,14.24639289628747,13.995190528383292,0.25120236790417744,16.609460820038304
2019-11-11 05:00:00+00:00,210.67548463932206,24.170934146099977,186.5045504932221,182.870489570875,3.6340609223471,23.35914482818709
2019-11-11 06:00:00+00:00,452.96832520768464,148.600240372618,304.3680848350666,296.69803920172575,7.670045633340884,31.48484356673128
2019-11-11 07:00:00+00:00,691.1109436589677,356.6662525825598,334.4446910764079,322.8223948547079,11.622296221699942,39.99565752399422
2019-11-11 08:00:00+00:00,809.8903044085941,444.4623601567132,365.4279442518809,351.7457886133667,13.682155638514198,44.14131240579191
2019-11-11 09:00:00+00:00,781.882562118084,346.83034853935254,435.05221357873154,421.7217412552832,13.33047232344835,44.48157382248235
2019-11-11 10:00:00+00:00,730.3493413253216,286.8378356030689,443.5115057222526,431.0518682742054,12.4596374480472,43.60168714911059
2019-11-11 11:00:00+00:00,704.655137945356,325.2081284592714,379.44700948608465,367.60700454553444,11.840004940550228,42.80800367291645
2019-11-11 12:00:00+00:00,634.564448497033,352.72496151327204,281.83948698376105,271.50669625063585,10.332790733125165,40.19897713795082
2019-11-11 13:00:00+00:00,413.0831349341694,186.27714159946228,226.80599333470713,220.19099764656377,6.614995688143339,33.44085987988598
2019-11-11 14:00:00+00:00,0.0,0.0,0.0,0.0,0.0,21.64
2019-11-11 15:00:00+00:00,27.33950373716495,12.09311084087748,15.24639289628747,14.92820323027551,0.3181896660119581,20.763806928402595
2019-11-11 16:00:00+00:00,0.0,0.0,0.0,0.0,0.0,18.55
2019-11-11 17:00:00+00:00,0.0,0.0,0.0,0.0,0.0,17.75
2019-11-11 18:00:00+00:00,0.0,0.0,0.0,0.0,0.0,17.18
2019-11-11 19:00:00+00:00,0.0,0.0,0.0,0.0,0.0,17.7
2019-11-11 20:00:00+00:00,0.0,0.0,0.0,0.0,0.0,17.51
2019-11-11 21:00:00+00:00,0.0,0.0,0.0,0.0,0.0,17.2
2019-11-11 22:00:00+00:00,0.0,0.0,0.0,0.0,0.0,16.77
2019-11-11 23:00:00+00:00,0.0,0.0,0.0,0.0,0.0,16.65
2019-11-12 00:00:00+00:00,0.0,0.0,0.0,0.0,0.0,16.48
2019-11-12 01:00:00+00:00,0.0,0.0,0.0,0.0,0.0,16.3
2019-11-12 02:00:00+00:00,0.0,0.0,0.0,0.0,0.0,15.95
2019-11-12 03:00:00+00:00,0.0,0.0,0.0,0.0,0.0,15.9
2019-11-12 04:00:00+00:00,21.844469107640787,0.0,21.844469107640787,21.459292143521047,0.38517696411973873,16.671771750411878
2019-11-12 05:00:00+00:00,277.1595015025221,77.53772323761139,199.62177826491072,194.99965469547385,4.622123569436865,25.348025283380622
2019-11-12 06:00:00+00:00,449.6137614082593,148.11170197697703,301.50205943128225,293.8990010960491,7.603058335233103,31.435020807025683
2019-11-12 07:00:00+00:00,0.0,0.0,0.0,0.0,0.0,20.08
2019-11-12 08:00:00+00:00,900.9303183764466,633.0787213875122,267.8515969889343,252.84644221279146,15.005154776142865,48.13910156913604
2019-11-12 09:00:00+00:00,1021.7075973591865,835.951499193534,185.75609816565245,168.87529904249172,16.880799123160724,51.94027027892131
2019-11-12 10:00:00+00:00,164.30839807051547,0.0,164.30839807051547,161.41119742735395,2.897200643161513,27.63584235385444
2019-11-12 11:00:00+00:00,598.4895716365933,183.34649605393346,415.1430755826598,404.92751262122323,10.215562961436548,39.391103848522356
2019-11-12 12:00:00+00:00,131.0668146458447,0.0,131.0668146458447,128.75575286112627,2.3110617847184325,26.747605785046517
2019-11-12 13:00:00+00:00,251.81514750302586,28.2197350058755,223.59541249715036,219.25798494467156,4.337427552478797,29.6263200027582
2019-11-12 14:00:00+00:00,214.37892638140232,89.8551380017134,124.52378837968894,121.29165124598852,3.2321371337004163,27.285187358182302
2019-11-12 15:00:00+00:00,8.54783573777248,0.0,8.54783573777248,8.397114317029974,0.15072142074250644,20.21415080201598
2019-11-12 16:00:00+00:00,0.0,0.0,0.0,0.0,0.0,18.68
2019-11-12 17:00:00+00:00,0.0,0.0,0.0,0.0,0.0,17.67
2019-11-12 18:00:00+00:00,0.0,0.0,0.0,0.0,0.0,17.14
2019-11-12 19:00:00+00:00,0.0,0.0,0.0,0.0,0.0,16.41
2019-11-12 20:00:00+00:00,0.0,0.0,0.0,0.0,0.0,16.26
2019-11-12 21:00:00+00:00,0.0,0.0,0.0,0.0,0.0,16.17
2019-11-12 22:00:00+00:00,0.0,0.0,0.0,0.0,0.0,16.18
2019-11-12 23:00:00+00:00,0.0,0.0,0.0,0.0,0.0,16.22
2019-11-13 00:00:00+00:00,0.0,0.0,0.0,0.0,0.0,16.29
2019-11-13 01:00:00+00:00,0.0,0.0,0.0,0.0,0.0,16.33
2019-11-13 02:00:00+00:00,0.0,0.0,0.0,0.0,0.0,16.32
2019-11-13 03:00:00+00:00,0.0,0.0,0.0,0.0,0.0,16.36
2019-11-13 04:00:00+00:00,19.944950054802455,0.0,19.944950054802455,19.593266739736606,0.3516833150658484,17.0981549929127
2019-11-13 05:00:00+00:00,151.70511743900428,3.4923908440337983,148.2127265949705,145.54998149518622,2.6627450997842805,21.305569335703268
2019-11-13 06:00:00+00:00,314.67156112379917,32.09057704149893,282.58098408230023,277.10477246198917,5.476211620311068,26.356327149196368
2019-11-13 07:00:00+00:00,443.93325119604856,63.940897034131304,379.99235416191726,372.27206805499554,7.720286106921719,31.0215283992062
2019-11-13 08:00:00+00:00,180.45431001964127,0.0,180.45431001964127,177.2724133595217,3.181896660119581,23.09050560239009
2019-11-13 09:00:00+00:00,276.3800221879769,0.0,276.3800221879769,271.50669625063585,4.873325937341042,26.271726392331132
2019-11-13 10:00:00+00:00,447.25786666054677,31.693802055036592,415.56406460551017,407.72655072689986,7.837513878610336,32.04632026853
2019-11-13 11:00:00+00:00,608.856125475945,196.3613665782193,412.4947588977256,402.12847451554654,10.366284382179055,36.79184813419179
2019-11-13 12:00:00+00:00,563.9636402469828,244.8754419572574,319.0881982897253,309.76021702821686,9.327981261508455,36.25415941277838
2019-11-13 13:00:00+00:00,284.8443809449841,49.55041128931875,235.29396965566534,230.4541373673782,4.839832288287152,28.010613221834646
2019-11-13 14:00:00+00:00,228.8241865373925,106.0157021407455,122.808484396647,119.42562584220408,3.382858554442923,25.92149235447969
2019-11-13 15:00:00+00:00,40.41114527948308,24.164752383195612,16.246392896287468,15.86121593216773,0.38517696411973873,19.678605413180062
2019-11-13 16:00:00+00:00,0.0,0.0,0.0,0.0,0.0,17.73
2019-11-13 17:00:00+00:00,0.0,0.0,0.0,0.0,0.0,17.26
2019-11-13 18:00:00+00:00,0.0,0.0,0.0,0.0,0.0,16.76
2019-11-13 19:00:00+00:00,0.0,0.0,0.0,0.0,0.0,16.02
2019-11-13 20:00:00+00:00,0.0,0.0,0.0,0.0,0.0,15.94
2019-11-13 21:00:00+00:00,0.0,0.0,0.0,0.0,0.0,15.87
2019-11-13 22:00:00+00:00,0.0,0.0,0.0,0.0,0.0,15.81
2019-11-13 23:00:00+00:00,0.0,0.0,0.0,0.0,0.0,15.81
2019-11-14 00:00:00+00:00,0.0,0.0,0.0,0.0,0.0,15.66
2019-11-14 01:00:00+00:00,0.0,0.0,0.0,0.0,0.0,15.62
2019-11-14 02:00:00+00:00,0.0,0.0,0.0,0.0,0.0,15.61
2019-11-14 03:00:00+00:00,0.0,0.0,0.0,0.0,0.0,15.59
2019-11-14 04:00:00+00:00,14.24639289628747,0.0,14.24639289628747,13.995190528383292,0.25120236790417744,16.187773182483507
2019-11-14 05:00:00+00:00,182.82102605358207,11.696843052863013,171.12418300071906,167.94228634059948,3.181896660119581,22.053136040444954
2019-11-14 06:00:00+00:00,501.4003951297307,216.88871675521506,284.51167837451567,276.17175976009696,8.339918614418691,33.36840704643332
2019-11-14 07:00:00+00:00,591.50978316352,211.03889897161483,380.47088419190516,370.4060426512111,10.064841540694042,35.09370473816484
2019-11-14 08:00:00+00:00,296.41263191129644,1.0206723704093248,295.3919595408871,290.1669502884802,5.22500925240689,27.04495785948371
2019-11-14 09:00:00+00:00,618.6703617109939,144.26182799784294,474.408533713151,463.707312840433,10.701220872717958,36.740147291806394
2019-11-14 10:00:00+00:00,616.7732112531617,152.6948045589329,464.0784066942288,453.44417311961865,10.634233574610178,37.63088291337205
2019-11-14 11:00:00+00:00,536.2155934725672,118.32852972942825,417.8870637431389,408.6595634287921,9.227500314346784,35.56645682260425
2019-11-14 12:00:00+00:00,627.3444606059331,343.7896696391302,283.55479096680295,273.3727216544203,10.182069312382659,37.84442359043451
2019-11-14 13:00:00+00:00,220.50377904439466,14.204999917112623,206.29877912728205,202.46375631061161,3.835022816670442,26.87441009789186
2019-11-14 14:00:00+00:00,184.53685838583496,57.54896839100827,126.98788999482669,124.09068935166518,2.897200643161513,25.09242601319276
2019-11-14 15:00:00+00:00,23.26938201109754,8.03973593933702,15.229646071760524,14.92820323027551,0.3014428414850129,19.212401652465523
2019-11-14 16:00:00+00:00,0.0,0.0,0.0,0.0,0.0,17.02
2019-11-14 17:00:00+00:00,0.0,0.0,0.0,0.0,0.0,16.54
2019-11-14 18:00:00+00:00,0.0,0.0,0.0,0.0,0.0,16.12
2019-11-14 19:00:00+00:00,0.0,0.0,0.0,0.0,0.0,16.27
2019-11-14 20:00:00+00:00,0.0,0.0,0.0,0.0,0.0,16.03
2019-11-14 21:00:00+00:00,0.0,0.0,0.0,0.0,0.0,15.94
2019-11-14 22:00:00+00:00,0.0,0.0,0.0,0.0,0.0,15.73
2019-11-14 23:00:00+00:00,0.0,0.0,0.0,0.0,0.0,15.59
2019-11-15 00:00:00+00:00,0.0,0.0,0.0,0.0,0.0,15.44
2019-11-15 01:00:00+00:00,0.0,0.0,0.0,0.0,0.0,15.35
2019-11-15 02:00:00+00:00,0.0,0.0,0.0,0.0,0.0,15.38
2019-11-15 03:00:00+00:00,0.0,0.0,0.0,0.0,0.0,15.21
2019-11-15 04:00:00+00:00,15.196152422706634,0.0,15.196152422706634,14.92820323027551,0.2679491924311226,15.855480461195402
2019-11-15 05:00:00+00:00,498.1231237590456,416.21398576297383,81.90913799607176,74.64101615137756,7.2681218446942,31.15134888598581
2019-11-15 06:00:00+00:00,686.979445268329,553.9530795005686,133.02636576776038,122.22466394788074,10.801701819879629,37.855282476525495
2019-11-15 07:00:00+00:00,772.1178947872372,508.4266381622788,263.6912566249584,250.980416809007,12.710839815951378,41.68165865093263
2019-11-15 08:00:00+00:00,969.6218461083295,781.105012957671,188.5168331506585,172.6073498500606,15.909483300597904,48.95234435732853
2019-11-15 09:00:00+00:00,1050.4318057878027,895.1469371185814,155.28486866922117,138.08587988004848,17.19898878917268,52.200981249013665
2019-11-15 10:00:00+00:00,1000.1658821230291,798.1514537081789,202.01442841485016,185.66952767655167,16.344900738298477,51.86590192399703
2019-11-15 11:00:00+00:00,932.5117046487321,767.3584921660497,165.15321248268242,150.21504500464732,14.938167478035083,49.509026202892144
2019-11-15 12:00:00+00:00,818.3123216906763,705.886350543946,112.42597114673023,99.83235910246748,12.59361204426276,46.15006252419183
2019-11-15 13:00:00+00:00,602.0015746305025,499.97520886274214,102.02636576776037,93.30127018922194,8.72509557853843,39.079018658163484
2019-11-15 14:00:00+00:00,128.58244482544882,14.443833409879614,114.1386114155692,111.96152422706633,2.177087188502871,25.299742736726415
2019-11-15 15:00:00+00:00,16.372652595471198,4.009031927495113,12.363620667976084,12.129165124598853,0.23445554337723226,21.19618871073713
2019-11-15 16:00:00+00:00,0.0,0.0,0.0,0.0,0.0,19.64
2019-11-15 17:00:00+00:00,0.0,0.0,0.0,0.0,0.0,18.74
2019-11-15 18:00:00+00:00,0.0,0.0,0.0,0.0,0.0,17.99
2019-11-15 19:00:00+00:00,0.0,0.0,0.0,0.0,0.0,17.53
2019-11-15 20:00:00+00:00,0.0,0.0,0.0,0.0,0.0,16.82
2019-11-15 21:00:00+00:00,0.0,0.0,0.0,0.0,0.0,16.23
2019-11-15 22:00:00+00:00,0.0,0.0,0.0,0.0,0.0,15.68
2019-11-15 23:00:00+00:00,0.0,0.0,0.0,0.0,0.0,15.25
2019-11-16 00:00:00+00:00,0.0,0.0,0.0,0.0,0.0,15.12
2019-11-16 01:00:00+00:00,0.0,0.0,0.0,0.0,0.0,15.04
2019-11-16 02:00:00+00:00,0.0,0.0,0.0,0.0,0.0,15.01
2019-11-16 03:00:00+00:00,0.0,0.0,0.0,0.0,0.0,14.63
2019-11-16 04:00:00+00:00,145.01223529678953,63.596055745555795,81.41617955123374,79.30607966083865,2.1100998903950905,19.475311583729432
2019-11-16 05:00:00+00:00,385.33851936608596,219.81473098639705,165.52378837968894,159.5451720235695,5.9786163561194225,28.17419100694922
2019-11-16 06:00:00+00:00,663.078295894456,498.6476879283721,164.43060796608387,153.9470958122162,10.483512153867672,38.282159807352116
2019-11-16 07:00:00+00:00,849.8130094039363,668.1048333021879,181.7081761017484,167.94228634059948,13.765889761148923,44.0976200683549
2019-11-16 08:00:00+00:00,1026.6924608112665,900.8333906365126,125.85907017475401,109.16248612138968,16.696584053364326,50.586315942131165
2019-11-16 09:00:00+00:00,1037.3031477912423,852.3628345557935,184.94031323544883,167.94228634059948,16.99802689484934,52.11607023781246
2019-11-16 10:00:00+00:00,967.5166168230005,715.588413592725,251.92820323027553,236.0522135787315,15.875989651544014,50.88010569256696
2019-11-16 11:00:00+00:00,913.2144932214876,716.6067980669009,196.60769515458676,181.9374768689828,14.670218285603962,49.57369772865901
2019-11-16 12:00:00+00:00,742.8567421778549,546.4644373324417,196.3923048454133,184.73651497465946,11.655789870753832,44.67555573416593
2019-11-16 13:00:00+00:00,503.2695327248083,319.2768332583649,183.99269946644338,176.33940065762945,7.653298808813939,37.50696288640939
2019-11-16 14:00:00+00:00,281.8858562113508,172.57015760727876,109.31569860407207,105.4304353138208,3.8852632902512774,30.544826063913895
2019-11-16 15:00:00+00:00,29.135159833155512,11.989247884029718,17.145911949125797,16.794228634059948,0.3516833150658484,22.302275663600636
2019-11-16 16:00:00+00:00,0.0,0.0,0.0,0.0,0.0,20.05
2019-11-16 17:00:00+00:00,0.0,0.0,0.0,0.0,0.0,18.83
2019-11-16 18:00:00+00:00,0.0,0.0,0.0,0.0,0.0,18.05
2019-11-16 19:00:00+00:00,0.0,0.0,0.0,0.0,0.0,17.68
2019-11-16 20:00:00+00:00,0.0,0.0,0.0,0.0,0.0,17.08
2019-11-16 21:00:00+00:00,0.0,0.0,0.0,0.0,0.0,16.7
2019-11-16 22:00:00+00:00,0.0,0.0,0.0,0.0,0.0,16.36
2019-11-16 23:00:00+00:00,0.0,0.0,0.0,0.0,0.0,16.06
2019-11-17 00:00:00+00:00,0.0,0.0,0.0,0.0,0.0,15.87
2019-11-17 01:00:00+00:00,0.0,0.0,0.0,0.0,0.0,15.7
2019-11-17 02:00:00+00:00,0.0,0.0,0.0,0.0,0.0,15.68
2019-11-17 03:00:00+00:00,0.0,0.0,0.0,0.0,0.0,15.56
2019-11-17 04:00:00+00:00,18.995190528383294,0.0,18.995190528383294,18.66025403784439,0.33493649053890323,16.152558514936846
2019-11-17 05:00:00+00:00,95.92571216833562,0.0,95.92571216833562,94.23428289111416,1.6914292772214614,19.541348872032614
2019-11-17 06:00:00+00:00,379.1851140014801,75.98930688329958,303.1958071181805,296.69803920172575,6.497767916454722,29.61118027143629
2019-11-17 07:00:00+00:00,395.0633334602175,35.484840439857194,359.5784930203603,352.6788013152589,6.899691705101406,31.13871076817953
2019-11-17 08:00:00+00:00,573.3489747145162,122.11984659954493,451.2291281149713,441.31500799501976,9.914120119951535,37.409559411204896
2019-11-17 09:00:00+00:00,969.4648663113205,697.8094217450928,271.6554445662277,255.64548031846812,16.009964247759573,49.7341525391769
2019-11-17 10:00:00+00:00,920.616820119279,617.126525388644,303.49029473063507,288.3009248846958,15.189369845939261,49.3539521727983
2019-11-17 11:00:00+00:00,767.2158413560078,426.13477094757604,341.08107040843174,328.4204710660612,12.660599342370542,45.57202622430371
2019-11-17 12:00:00+00:00,688.3429215790134,442.27129746155197,246.07162411746143,235.1192008768393,10.952423240622135,43.19548264770624
2019-11-17 13:00:00+00:00,516.2930318225663,340.56347207693733,175.729559745629,167.94228634059948,7.7872734050295005,37.20786965285368
2019-11-17 14:00:00+00:00,352.4287635327074,277.99815556662355,74.43060796608387,69.97595264191645,4.454655324167413,31.861708817790596
2019-11-17 15:00:00+00:00,38.02859339952759,19.899428274928734,18.129165124598853,17.72724133595217,0.4019237886466839,22.052817075706965
2019-11-17 16:00:00+00:00,0.0,0.0,0.0,0.0,0.0,19.67
2019-11-17 17:00:00+00:00,0.0,0.0,0.0,0.0,0.0,18.57
2019-11-17 18:00:00+00:00,0.0,0.0,0.0,0.0,0.0,17.86
2019-11-17 19:00:00+00:00,0.0,0.0,0.0,0.0,0.0,17.73
2019-11-17 20:00:00+00:00,0.0,0.0,0.0,0.0,0.0,17.17
2019-11-17 21:00:00+00:00,0.0,0.0,0.0,0.0,0.0,16.8
2019-11-17 22:00:00+00:00,0.0,0.0,0.0,0.0,0.0,16.52
2019-11-17 23:00:00+00:00,0.0,0.0,0.0,0.0,0.0,15.99
2019-11-18 00:00:00+00:00,0.0,0.0,0.0,0.0,0.0,15.81
2019-11-18 01:00:00+00:00,0.0,0.0,0.0,0.0,0.0,15.42
2019-11-18 02:00:00+00:00,0.0,0.0,0.0,0.0,0.0,15.21
2019-11-18 03:00:00+00:00,0.0,0.0,0.0,0.0,0.0,15.02
2019-11-18 04:00:00+00:00,13.296633369868303,0.0,13.296633369868303,13.062177826491071,0.23445554337723226,15.634790960455794
2019-11-18 05:00:00+00:00,78.83004069279066,0.0,78.83004069279066,77.44005425705421,1.3899864357364484,19.097209384101237
2019-11-18 06:00:00+00:00,321.4338535552145,35.95335042007601,285.4805031351385,279.9038105676658,5.576692567472739,28.095545222971953
2019-11-18 07:00:00+00:00,308.51969350545846,7.3286958588947,301.19099764656374,295.76502649983354,5.425971146730232,28.549939984015293
2019-11-18 08:00:00+00:00,659.3979213592536,217.07544017841417,442.3224811808395,431.0518682742054,11.270612906634094,39.33048876097625
2019-11-18 09:00:00+00:00,965.9278297214504,695.2891319797496,270.63869774170075,254.7124676165759,15.92623012512485,49.2355972481823
2019-11-18 10:00:00+00:00,943.0946761958963,669.1760919088542,273.9185842870421,258.4445184241448,15.47406586289733,49.42745990757009
2019-11-18 11:00:00+00:00,866.9074838075087,620.58697573182,246.3205080756888,232.32016277116264,14.000345304526155,46.95908410511309
2019-11-18 12:00:00+00:00,477.5676098540351,134.56082727726772,343.00678257676736,334.95155997930675,8.055222597460622,35.32520453409592
2019-11-18 13:00:00+00:00,594.4680854052564,484.1785799166816,110.28950548857478,101.69838450625191,8.591120982322868,38.21784970430347
2019-11-18 14:00:00+00:00,352.3436130461647,276.04697967629636,76.29663336986832,71.8419780457009,4.454655324167413,31.369655273949924
2019-11-18 15:00:00+00:00,41.91192118736994,23.76600923824415,18.145911949125797,17.72724133595217,0.418670613173629,21.554100906805733
2019-11-18 16:00:00+00:00,0.0,0.0,0.0,0.0,0.0,19.08
2019-11-18 17:00:00+00:00,0.0,0.0,0.0,0.0,0.0,18.15
2019-11-18 18:00:00+00:00,0.0,0.0,0.0,0.0,0.0,17.53
2019-11-18 19:00:00+00:00,0.0,0.0,0.0,0.0,0.0,17.27
2019-11-18 20:00:00+00:00,0.0,0.0,0.0,0.0,0.0,16.97
2019-11-18 21:00:00+00:00,0.0,0.0,0.0,0.0,0.0,16.7
2019-11-18 22:00:00+00:00,0.0,0.0,0.0,0.0,0.0,16.46
2019-11-18 23:00:00+00:00,0.0,0.0,0.0,0.0,0.0,16.29
2019-11-19 00:00:00+00:00,0.0,0.0,0.0,0.0,0.0,16.25
2019-11-19 01:00:00+00:00,0.0,0.0,0.0,0.0,0.0,15.96
2019-11-19 02:00:00+00:00,0.0,0.0,0.0,0.0,0.0,15.93
2019-11-19 03:00:00+00:00,0.0,0.0,0.0,0.0,0.0,15.85
2019-11-19 04:00:00+00:00,201.9297396110888,138.73839665999887,63.19134295108992,60.64582562299426,2.5455173280956647,22.328980599834754
2019-11-19 05:00:00+00:00,185.5547086912196,14.397032041446645,171.15767664977295,167.94228634059948,3.215390309173471,22.3766283270718
2019-11-19 06:00:00+00:00,420.9461575554015,118.06373063161625,302.88242692378526,295.76502649983354,7.117400423951693,31.16234596563651
2019-11-19 07:00:00+00:00,741.8784729356628,454.44803762184193,287.43043531382085,275.23874705820475,12.191688255616077,41.84771810113273
2019-11-19 08:00:00+00:00,918.2512607385039,666.1938923836295,252.05736835487437,236.98522628062372,15.072142074250646,48.19679883235229
2019-11-19 09:00:00+00:00,1016.0802489505684,811.9485927640296,204.13165618653878,187.53555308033611,16.596103106202655,51.993405194185755
2019-11-19 10:00:00+00:00,992.7737291359332,782.5798951229034,210.19383401302983,194.06664199358164,16.12719201944819,51.29209549330234
2019-11-19 11:00:00+00:00,804.0970559908591,498.0015571675772,306.0954988232819,292.9659883941569,13.129510429125007,45.202516341939585
2019-11-19 12:00:00+00:00,669.2196908196438,411.3035975945416,257.9160932251022,247.24836600143814,10.667727223664068,41.4495728643292
2019-11-19 13:00:00+00:00,353.3483915816414,110.56876401469466,242.77962756694674,236.98522628062372,5.794401286323026,32.0953280969072
2019-11-19 14:00:00+00:00,301.82576158700334,200.75645587921875,101.06930570778461,97.03332099679082,4.035984710993784,28.608998260555996
2019-11-19 15:00:00+00:00,33.86858592847828,15.756167628406375,18.11241830007191,17.72724133595217,0.38517696411973873,20.2882516989518
2019-11-19 16:00:00+00:00,0.0,0.0,0.0,0.0,0.0,18.28
2019-11-19 17:00:00+00:00,0.0,0.0,0.0,0.0,0.0,17.52
2019-11-19 18:00:00+00:00,0.0,0.0,0.0,0.0,0.0,17.17
2019-11-19 19:00:00+00:00,0.0,0.0,0.0,0.0,0.0,16.74
2019-11-19 20:00:00+00:00,0.0,0.0,0.0,0.0,0.0,16.41
2019-11-19 21:00:00+00:00,0.0,0.0,0.0,0.0,0.0,16.28
2019-11-19 22:00:00+00:00,0.0,0.0,0.0,0.0,0.0,16.18
2019-11-19 23:00:00+00:00,0.0,0.0,0.0,0.0,0.0,16.19
2019-11-20 00:00:00+00:00,0.0,0.0,0.0,0.0,0.0,16.28
2019-11-20 01:00:00+00:00,0.0,0.0,0.0,0.0,0.0,16.33
2019-11-20 02:00:00+00:00,0.0,0.0,0.0,0.0,0.0,16.15
2019-11-20 03:00:00+00:00,0.0,0.0,0.0,0.0,0.0,16.09
2019-11-20 04:00:00+00:00,50.33725490021572,0.0,50.33725490021572,49.44967320028763,0.8875816999280935,17.78613334436116
2019-11-20 05:00:00+00:00,246.84636267243738,54.2413312320536,192.60503144038378,188.46856578222832,4.136465658155455,25.306237486696364
2019-11-20 06:00:00+00:00,516.0133168269226,243.51357580531726,272.4997410216054,264.0425946354981,8.457146386107306,35.93425872253343
2019-11-20 07:00:00+00:00,834.0480860124363,646.1605043125082,187.88758169992812,174.47337525384503,13.414206446083075,46.567986808651604
2019-11-20 08:00:00+00:00,716.9201106543086,300.80090977746926,416.11920087683933,403.994499919331,12.124700957508297,43.98359493437472
2019-11-20 09:00:00+00:00,921.5100027276708,607.7063278026404,313.80367492503035,298.5640646055102,15.239610319520096,50.78878060765459
2019-11-20 10:00:00+00:00,931.5105853840153,651.2786209025779,280.2319644814374,264.97560733739033,15.256357144047042,51.738986182260305
2019-11-20 11:00:00+00:00,832.9112458229092,555.3707106186934,277.5405352042159,264.0425946354981,13.4979405687178,49.45269892969655
2019-11-20 12:00:00+00:00,804.3830068465128,678.2632880128842,126.11971883362851,113.82754963085077,12.292169202777748,48.0946657768075
2019-11-20 13:00:00+00:00,383.65733197659677,147.02361635877577,236.63371561782097,230.4541373673782,6.1795782504427645,35.08615819142102
2019-11-20 14:00:00+00:00,298.4035760859208,195.50173862340566,102.90183746251515,98.89934640057525,4.002491061939893,29.728326278043593
2019-11-20 15:00:00+00:00,50.45329142718617,31.324126302587324,19.129165124598853,18.66025403784439,0.4689110867544645,20.613784021336457
2019-11-20 16:00:00+00:00,0.0,0.0,0.0,0.0,0.0,18.22
2019-11-20 17:00:00+00:00,0.0,0.0,0.0,0.0,0.0,17.67
2019-11-20 18:00:00+00:00,0.0,0.0,0.0,0.0,0.0,16.94
2019-11-20 19:00:00+00:00,0.0,0.0,0.0,0.0,0.0,16.66
2019-11-20 20:00:00+00:00,0.0,0.0,0.0,0.0,0.0,16.6
2019-11-20 21:00:00+00:00,0.0,0.0,0.0,0.0,0.0,16.3
2019-11-20 22:00:00+00:00,0.0,0.0,0.0,0.0,0.0,16.25
2019-11-20 23:00:00+00:00,0.0,0.0,0.0,0.0,0.0,16.11
2019-11-21 00:00:00+00:00,0.0,0.0,0.0,0.0,0.0,15.89
2019-11-21 01:00:00+00:00,0.0,0.0,0.0,0.0,0.0,15.81
2019-11-21 02:00:00+00:00,0.0,0.0,0.0,0.0,0.0,15.8
2019-11-21 03:00:00+00:00,0.0,0.0,0.0,0.0,0.0,16.03
2019-11-21 04:00:00+00:00,57.674953992206305,1.6223951089486526,56.05255888325765,55.04774941164094,1.0048094716167097,18.09001360467728
2019-11-21 05:00:00+00:00,283.94188142888316,90.83444525269104,193.10743617619212,188.46856578222832,4.63887039396381,26.782213357403243
2019-11-21 06:00:00+00:00,698.9877498851845,579.9900682948613,118.9976815903232,108.22947341949745,10.768208170825739,41.527106559293905
2019-11-21 07:00:00+00:00,746.1219078304841,464.2728019034896,281.84910592699447,269.64067084685144,12.208435080143023,44.635550063238
2019-11-21 08:00:00+00:00,936.5552568794066,707.6222441775143,228.93301270189224,213.65990873331825,15.273103968573988,52.390528743986366
2019-11-21 09:00:00+00:00,1003.0983481526749,782.4069188754535,220.6914292772215,204.32978171439606,16.36164756282542,55.579471524152765
2019-11-21 10:00:00+00:00,869.248923453484,524.5936515395194,344.6552719139646,330.28649646984564,14.368775444118949,51.82999605709653
2019-11-21 11:00:00+00:00,884.6668265251669,658.7051296458375,225.9616968793294,211.7938833295338,14.167813549795607,52.11401660922452
2019-11-21 12:00:00+00:00,823.0882972239399,709.8130474979522,113.27524972598773,100.7653718043597,12.509877921628036,48.847165927310435
2019-11-21 13:00:00+00:00,507.4085043409265,326.23158980468673,181.1769145362398,173.5403625519528,7.636551984286994,39.07422360208288
2019-11-21 14:00:00+00:00,327.42579429999023,237.3516791205889,90.07411517940132,85.83716857408419,4.236946605317126,32.28126509871568
2019-11-21 15:00:00+00:00,68.82804234606557,50.56490262525116,18.263139720814415,17.72724133595217,0.5358983848622452,23.33418547487137
2019-11-21 16:00:00+00:00,0.0,0.0,0.0,0.0,0.0,20.12
2019-11-21 17:00:00+00:00,0.0,0.0,0.0,0.0,0.0,19.08
2019-11-21 18:00:00+00:00,0.0,0.0,0.0,0.0,0.0,18.08
2019-11-21 19:00:00+00:00,0.0,0.0,0.0,0.0,0.0,16.91
2019-11-21 20:00:00+00:00,0.0,0.0,0.0,0.0,0.0,16.78
2019-11-21 21:00:00+00:00,0.0,0.0,0.0,0.0,0.0,16.67
2019-11-21 22:00:00+00:00,0.0,0.0,0.0,0.0,0.0,16.49
2019-11-21 23:00:00+00:00,0.0,0.0,0.0,0.0,0.0,16.42
2019-11-22 00:00:00+00:00,0.0,0.0,0.0,0.0,0.0,16.44
2019-11-22 01:00:00+00:00,0.0,0.0,0.0,0.0,0.0,16.3
2019-11-22 02:00:00+00:00,0.0,0.0,0.0,0.0,0.0,16.34
2019-11-22 03:00:00+00:00,0.0,0.0,0.0,0.0,0.0,16.39
2019-11-22 04:00:00+00:00,18.995190528383294,0.0,18.995190528383294,18.66025403784439,0.33493649053890323,16.957290469440665
2019-11-22 05:00:00+00:00,307.9868392730729,119.24302376485689,188.74381550821604,183.80350227276722,4.940313235448823,26.748827058695976
2019-11-22 06:00:00+00:00,583.5075203521528,357.73733907617634,225.77018127597643,216.4589468389949,9.31123443698151,36.28851784372292
2019-11-22 07:00:00+00:00,700.6717967317626,384.02133428941465,316.65046244234793,305.09515351875575,11.555308923592161,41.11556192219287
2019-11-22 08:00:00+00:00,624.4938303166807,182.75748799428428,441.7363423223964,431.0518682742054,10.684474048191014,39.82916296595786
2019-11-22 09:00:00+00:00,953.3359316685805,676.4508410305923,276.88509063798824,261.24355652982143,15.64153410816678,50.14933580145117
2019-11-22 10:00:00+00:00,625.3257898480091,165.82871254060663,459.49707730740244,448.77910961015755,10.717967697244903,41.53459176363388
2019-11-22 11:00:00+00:00,772.5235769175047,443.58841845819865,328.93515845930597,316.2913059414624,12.643852517843596,46.27355641842819
2019-11-22 12:00:00+00:00,695.5912304796998,459.78274608305276,235.808484396647,224.85606115602488,10.952423240622135,43.58766202272931
2019-11-22 13:00:00+00:00,417.8917187545734,190.169459542501,227.7222592120724,221.124010348456,6.598248863616393,35.00917124419363
2019-11-22 14:00:00+00:00,373.50749705124645,304.5242438757734,68.98325317547305,64.37787643056313,4.605376744909919,32.83008853397646
2019-11-22 15:00:00+00:00,61.66159940750116,42.48219380932147,19.179405598179688,18.66025403784439,0.5191515603353,22.525233485185847
2019-11-22 16:00:00+00:00,0.0,0.0,0.0,0.0,0.0,19.29
2019-11-22 17:00:00+00:00,0.0,0.0,0.0,0.0,0.0,18.43
2019-11-22 18:00:00+00:00,0.0,0.0,0.0,0.0,0.0,17.92
2019-11-22 19:00:00+00:00,0.0,0.0,0.0,0.0,0.0,17.39
2019-11-22 20:00:00+00:00,0.0,0.0,0.0,0.0,0.0,16.62
2019-11-22 21:00:00+00:00,0.0,0.0,0.0,0.0,0.0,16.46
2019-11-22 22:00:00+00:00,0.0,0.0,0.0,0.0,0.0,16.47
2019-11-22 23:00:00+00:00,0.0,0.0,0.0,0.0,0.0,16.52
2019-11-23 00:00:00+00:00,0.0,0.0,0.0,0.0,0.0,16.39
2019-11-23 01:00:00+00:00,0.0,0.0,0.0,0.0,0.0,16.42
2019-11-23 02:00:00+00:00,0.0,0.0,0.0,0.0,0.0,16.4
2019-11-23 03:00:00+00:00,0.0,0.0,0.0,0.0,0.0,16.36
2019-11-23 04:00:00+00:00,14.24639289628747,0.0,14.24639289628747,13.995190528383292,0.25120236790417744,16.99115548939905
2019-11-23 05:00:00+00:00,34.19134295108992,0.0,34.19134295108992,33.588457268119896,0.6028856829700258,18.556857327675655
2019-11-23 06:00:00+00:00,54.136293005892384,0.0,54.136293005892384,53.18172400785651,0.9545689980358742,20.578791767570014
2019-11-23 07:00:00+00:00,155.76056233274298,0.0,155.76056233274298,153.01408311032398,2.7464792224190067,24.394104965752145
2019-11-23 08:00:00+00:00,521.6977275333834,85.33462482219656,436.36310271118685,427.3198174666365,9.043285244550388,35.925746881638375
2019-11-23 09:00:00+00:00,1007.2054325784931,794.9111176183015,212.2943149601915,195.9326673973661,16.36164756282542,51.54670203664185
2019-11-23 10:00:00+00:00,932.3611919995764,653.112480693612,279.2487113059643,264.0425946354981,15.206116670466207,48.29025111737792
2019-11-23 11:00:00+00:00,675.4862374672895,286.3454802943065,389.14075717298294,377.87014426634886,11.270612906634094,40.523424521231455
2019-11-23 12:00:00+00:00,249.3822983849134,3.344340568768951,246.03795781614446,241.65028979008483,4.387668026059632,27.73478491166655
2019-11-23 13:00:00+00:00,278.23625617956515,44.92553969937286,233.31071648019227,228.58811196359375,4.722604516598536,27.952785060659288
2019-11-23 14:00:00+00:00,245.9666518894345,123.00744607204498,122.95920581738952,119.42562584220408,3.533579975185429,26.31816816061222
2019-11-23 15:00:00+00:00,30.54347463515839,11.498043633194259,19.04543100196413,18.66025403784439,0.38517696411973873,18.45639763064477
2019-11-23 16:00:00+00:00,0.0,0.0,0.0,0.0,0.0,16.61
2019-11-23 17:00:00+00:00,0.0,0.0,0.0,0.0,0.0,16.23
2019-11-23 18:00:00+00:00,0.0,0.0,0.0,0.0,0.0,15.9
2019-11-23 19:00:00+00:00,0.0,0.0,0.0,0.0,0.0,16.05
2019-11-23 20:00:00+00:00,0.0,0.0,0.0,0.0,0.0,15.65
2019-11-23 21:00:00+00:00,0.0,0.0,0.0,0.0,0.0,15.42
2019-11-23 22:00:00+00:00,0.0,0.0,0.0,0.0,0.0,15.13
2019-11-23 23:00:00+00:00,0.0,0.0,0.0,0.0,0.0,14.83
2019-11-24 00:00:00+00:00,0.0,0.0,0.0,0.0,0.0,14.59
2019-11-24 01:00:00+00:00,0.0,0.0,0.0,0.0,0.0,14.19
2019-11-24 02:00:00+00:00,0.0,0.0,0.0,0.0,0.0,13.88
2019-11-24 03:00:00+00:00,0.0,0.0,0.0,0.0,0.0,13.66
2019-11-24 04:00:00+00:00,110.63149580580065,33.366037675309435,77.26545813049123,75.57402885326977,1.6914292772214614,17.54765096833657
2019-11-24 05:00:00+00:00,113.02138364388058,0.0,113.02138364388058,111.02851152517411,1.9928721187064742,20.265639331126316
2019-11-24 06:00:00+00:00,526.5826820773523,263.3293339520343,263.2533481253179,254.7124676165759,8.540880508742033,35.992962142946546
2019-11-24 07:00:00+00:00,658.7238752185757,314.7026642269582,344.0212109916175,333.08553457552233,10.935676416095191,41.45819781020319
2019-11-24 08:00:00+00:00,422.8714002588401,29.202045234551438,393.6693550242886,386.26725858337886,7.402096440909761,35.16274722427318
2019-11-24 09:00:00+00:00,367.3414796605555,7.26539137600348,360.076088284552,353.6118140171512,6.464274267400833,34.06577615563812
2019-11-24 10:00:00+00:00,702.3562748480729,257.548135755952,444.8081390921209,432.9178936779898,11.890245414131064,44.37968261652272
2019-11-24 11:00:00+00:00,557.6157085285436,141.30997417223108,416.3057343563125,406.79353802500765,9.512196331304851,39.35899237802794
2019-11-24 12:00:00+00:00,264.95832866930607,5.59024383423941,259.36808483506667,254.7124676165759,4.655617218490755,29.856551744221974
2019-11-24 13:00:00+00:00,242.83295768807858,23.120317419239605,219.71264026883898,215.5259341371027,4.18670613173629,28.42521945201658
2019-11-24 14:00:00+00:00,35.141102477509094,0.0,35.141102477509094,34.52146997001212,0.619632507496971,21.61630637482263
2019-11-24 15:00:00+00:00,10.44735479061081,0.0,10.44735479061081,10.263139720814413,0.1842150697963968,20.58823105718314
2019-11-24 16:00:00+00:00,0.0,0.0,0.0,0.0,0.0,19.27
2019-11-24 17:00:00+00:00,0.0,0.0,0.0,0.0,0.0,18.46
2019-11-24 18:00:00+00:00,0.0,0.0,0.0,0.0,0.0,17.83
2019-11-24 19:00:00+00:00,0.0,0.0,0.0,0.0,0.0,16.57
2019-11-24 20:00:00+00:00,0.0,0.0,0.0,0.0,0.0,16.52
2019-11-24 21:00:00+00:00,0.0,0.0,0.0,0.0,0.0,16.33
2019-11-24 22:00:00+00:00,0.0,0.0,0.0,0.0,0.0,16.24
2019-11-24 23:00:00+00:00,0.0,0.0,0.0,0.0,0.0,16.21
2019-11-25 00:00:00+00:00,0.0,0.0,0.0,0.0,0.0,16.17
2019-11-25 01:00:00+00:00,0.0,0.0,0.0,0.0,0.0,16.05
2019-11-25 02:00:00+00:00,0.0,0.0,0.0,0.0,0.0,15.92
2019-11-25 03:00:00+00:00,0.0,0.0,0.0,0.0,0.0,15.87
2019-11-25 04:00:00+00:00,67.78514873172375,5.050779514478057,62.7343692172457,61.57883832488648,1.1555308923592162,18.260456411271818
2019-11-25 05:00:00+00:00,325.76135379532093,144.29742483244624,181.46392896287466,176.33940065762945,5.124528305245219,27.036945205650046
2019-11-25 06:00:00+00:00,600.1290040645548,390.0693173000036,210.05968676455117,200.59773090682717,9.461955857724016,36.87251112724687
2019-11-25 07:00:00+00:00,341.1890946919275,17.0531469905613,324.1359477013662,318.1573313452468,5.9786163561194225,30.46874751358049
2019-11-25 08:00:00+00:00,667.4573359387812,237.21377940895977,430.24355652982143,418.9227031496065,11.32085338021493,41.47419542685709
2019-11-25 09:00:00+00:00,262.1336292916894,0.0,262.1336292916894,257.51150572225254,4.622123569436865,28.445670216955413
2019-11-25 10:00:00+00:00,158.6098409120005,0.0,158.6098409120005,155.81312121600064,2.796719695999842,24.662563936418763
2019-11-25 11:00:00+00:00,76.93052163995232,0.0,76.93052163995232,75.57402885326977,1.356492786682558,22.453922702362917
2019-11-25 12:00:00+00:00,83.57883832488648,0.0,83.57883832488648,82.1051177665153,1.4737205583711743,22.15683681089139
2019-11-25 13:00:00+00:00,194.23549279943745,6.099372445808105,188.13612035362934,184.73651497465946,3.3996053789698677,26.194260804723132
2019-11-25 14:00:00+00:00,40.83965963602408,0.0,40.83965963602408,40.119546181365436,0.720113454658642,20.71219389506414
2019-11-25 15:00:00+00:00,3.7990381056766584,0.0,3.7990381056766584,3.7320508075688776,0.06698729810778065,19.09676767139942
2019-11-25 16:00:00+00:00,0.0,0.0,0.0,0.0,0.0,18.24
2019-11-25 17:00:00+00:00,0.0,0.0,0.0,0.0,0.0,17.09
2019-11-25 18:00:00+00:00,0.0,0.0,0.0,0.0,0.0,16.36
2019-11-25 19:00:00+00:00,0.0,0.0,0.0,0.0,0.0,15.95
2019-11-25 20:00:00+00:00,0.0,0.0,0.0,0.0,0.0,15.87
2019-11-25 21:00:00+00:00,0.0,0.0,0.0,0.0,0.0,15.79
2019-11-25 22:00:00+00:00,0.0,0.0,0.0,0.0,0.0,15.71
2019-11-25 23:00:00+00:00,0.0,0.0,0.0,0.0,0.0,15.54
2019-11-26 00:00:00+00:00,0.0,0.0,0.0,0.0,0.0,15.39
2019-11-26 01:00:00+00:00,0.0,0.0,0.0,0.0,0.0,15.27
2019-11-26 02:00:00+00:00,0.0,0.0,0.0,0.0,0.0,15.18
2019-11-26 03:00:00+00:00,0.0,0.0,0.0,0.0,0.0,15.05
2019-11-26 04:00:00+00:00,15.196152422706634,0.0,15.196152422706634,14.92820323027551,0.2679491924311226,15.664531606780026
2019-11-26 05:00:00+00:00,46.53821679453907,0.0,46.53821679453907,45.71762239271875,0.820594401820313,17.899793979799476
2019-11-26 06:00:00+00:00,97.82523122117395,0.0,97.82523122117395,96.1003082948986,1.7249229262753516,20.765265955314188
2019-11-26 07:00:00+00:00,179.5045504932221,0.0,179.5045504932221,176.33940065762945,3.1651498355926355,23.123206332482653
2019-11-26 08:00:00+00:00,390.3863445811699,17.79591420789933,372.5904303732706,365.74097914175,6.849451231520571,30.19940608385883
2019-11-26 09:00:00+00:00,696.3883092813774,237.63522013445404,458.7530891469233,446.91308420637307,11.840004940550228,40.876443658642565
2019-11-26 10:00:00+00:00,954.777700676405,697.6700918479497,257.1076088284552,241.65028979008483,15.457319038370384,50.20074033064315
2019-11-26 11:00:00+00:00,830.97034321856,547.9489595746794,283.0213836438806,269.64067084685144,13.380712797029185,47.324207854098084
2019-11-26 12:00:00+00:00,695.8980057952015,454.524938836255,241.37306695894645,230.4541373673782,10.918929591568245,43.40814855867836
2019-11-26 13:00:00+00:00,172.48754047461648,2.4470915965321547,170.04044887808433,167.00927363870727,3.0311752393770743,26.59139301501359
2019-11-26 14:00:00+00:00,186.88160548225608,55.19515832891439,131.68644715334167,128.75575286112627,2.9306942922154033,26.65380762580429
2019-11-26 15:00:00+00:00,48.1165046020924,26.154807722762996,21.961696879329402,21.459292143521047,0.5024047358083549,21.40375589666529
2019-11-26 16:00:00+00:00,0.0,0.0,0.0,0.0,0.0,18.6
2019-11-26 17:00:00+00:00,0.0,0.0,0.0,0.0,0.0,17.76
2019-11-26 18:00:00+00:00,0.0,0.0,0.0,0.0,0.0,16.95
2019-11-26 19:00:00+00:00,0.0,0.0,0.0,0.0,0.0,16.48
2019-11-26 20:00:00+00:00,0.0,0.0,0.0,0.0,0.0,15.66
2019-11-26 21:00:00+00:00,0.0,0.0,0.0,0.0,0.0,15.67
2019-11-26 22:00:00+00:00,0.0,0.0,0.0,0.0,0.0,15.38
2019-11-26 23:00:00+00:00,0.0,0.0,0.0,0.0,0.0,14.89
2019-11-27 00:00:00+00:00,0.0,0.0,0.0,0.0,0.0,14.59
2019-11-27 01:00:00+00:00,0.0,0.0,0.0,0.0,0.0,14.11
2019-11-27 02:00:00+00:00,0.0,0.0,0.0,0.0,0.0,13.7
2019-11-27 03:00:00+00:00,0.0,0.0,0.0,0.0,0.0,13.26
2019-11-27 04:00:00+00:00,74.18128224355146,8.564140797994387,65.61714144555708,64.37787643056313,1.239265014993942,16.21160442708299
2019-11-27 05:00:00+00:00,391.7860094324533,241.32439887925545,150.46161055319786,144.616968793294,5.844641759903862,29.210891732198178
2019-11-27 06:00:00+00:00,733.6143191450827,642.339069419095,91.27524972598773,80.23909236273087,11.036157363256862,41.27523565159605
2019-11-27 07:00:00+00:00,920.8624876377318,824.3885944270975,96.47389321063426,82.1051177665153,14.368775444118949,47.269058258116864
2019-11-27 08:00:00+00:00,923.4742269140067,680.8642133497432,242.61001356426357,227.65509926170154,14.95491430256203,48.07136709177287
2019-11-27 09:00:00+00:00,1105.7980203700395,1002.343192393609,103.4548279764305,85.83716857408419,17.61765940234631,53.55620258432507
2019-11-27 10:00:00+00:00,1085.2114196940968,975.6609202421214,109.55049945197547,92.36825748732973,17.182241964645737,53.72697738067481
2019-11-27 11:00:00+00:00,820.3505479071327,526.283733261288,294.0668146458448,280.83682326955807,13.229991376286678,46.32009741558108
2019-11-27 12:00:00+00:00,543.5216919131901,213.622518164878,329.8991737483122,320.9563694509235,8.942804297388717,37.93025773879022
2019-11-27 13:00:00+00:00,524.4308859223987,347.76831347487746,176.66257244752123,168.87529904249172,7.7872734050295005,36.22836037113641
2019-11-27 14:00:00+00:00,284.73940589331716,168.8758715514726,115.86353434184456,111.96152422706633,3.9020101147782227,28.96902273111396
2019-11-27 15:00:00+00:00,44.15724845964735,22.212298404844894,21.944950054802458,21.459292143521047,0.48565791128140967,21.516574416367455
2019-11-27 16:00:00+00:00,0.0,0.0,0.0,0.0,0.0,19.39
2019-11-27 17:00:00+00:00,0.0,0.0,0.0,0.0,0.0,18.7
2019-11-27 18:00:00+00:00,0.0,0.0,0.0,0.0,0.0,18.22
2019-11-27 19:00:00+00:00,0.0,0.0,0.0,0.0,0.0,17.43
2019-11-27 20:00:00+00:00,0.0,0.0,0.0,0.0,0.0,16.97
2019-11-27 21:00:00+00:00,0.0,0.0,0.0,0.0,0.0,16.69
2019-11-27 22:00:00+00:00,0.0,0.0,0.0,0.0,0.0,16.33
2019-11-27 23:00:00+00:00,0.0,0.0,0.0,0.0,0.0,16.08
2019-11-28 00:00:00+00:00,0.0,0.0,0.0,0.0,0.0,15.73
2019-11-28 01:00:00+00:00,0.0,0.0,0.0,0.0,0.0,15.49
2019-11-28 02:00:00+00:00,0.0,0.0,0.0,0.0,0.0,15.2
2019-11-28 03:00:00+00:00,0.0,0.0,0.0,0.0,0.0,14.95
2019-11-28 04:00:00+00:00,15.196152422706634,0.0,15.196152422706634,14.92820323027551,0.2679491924311226,15.538538744232667
2019-11-28 05:00:00+00:00,439.92907823309264,323.52002656315244,116.40905166994021,110.09549882328189,6.313552846658326,29.96567361348785
2019-11-28 06:00:00+00:00,667.8539845157331,520.4855543761404,147.3684301395928,137.15286717815624,10.215562961436548,37.736967159945756
2019-11-28 07:00:00+00:00,864.4272583365675,714.608982344424,149.8182759921435,136.21985447626403,13.59842151587947,45.441126383865026
2019-11-28 08:00:00+00:00,1027.88402956733,907.0584530416298,120.8255765257001,104.49742261192857,16.328153913771533,51.0999991607317
2019-11-28 09:00:00+00:00,1118.533913612549,1027.0575293399747,91.47638427257415,73.70800344948533,17.768380823088815,55.04480738214746
2019-11-28 10:00:00+00:00,1086.8096422505373,977.2591427985619,109.55049945197547,92.36825748732973,17.182241964645737,54.744742131701166
2019-11-28 11:00:00+00:00,1006.6904295264166,903.379195089435,103.31123443698151,87.70319397786862,15.60804045911289,51.84699261735852
2019-11-28 12:00:00+00:00,694.2608385040635,448.25620168470977,246.00463681935366,235.1192008768393,10.885435942514356,42.29008378604421
2019-11-28 13:00:00+00:00,399.3975644397169,160.7136083483151,238.6839560914018,232.32016277116264,6.363793320239162,32.46048502725438
2019-11-28 14:00:00+00:00,277.26963707659354,158.67405192718007,118.59558514941344,114.76056233274299,3.835022816670442,28.668489474008936
2019-11-28 15:00:00+00:00,54.99663783271794,33.00144730433465,21.995190528383294,21.459292143521047,0.5358983848622452,21.174245000074553
2019-11-28 16:00:00+00:00,0.0,0.0,0.0,0.0,0.0,18.66
2019-11-28 17:00:00+00:00,0.0,0.0,0.0,0.0,0.0,18.03
2019-11-28 18:00:00+00:00,0.0,0.0,0.0,0.0,0.0,17.6
2019-11-28 19:00:00+00:00,0.0,0.0,0.0,0.0,0.0,17.66
2019-11-28 20:00:00+00:00,0.0,0.0,0.0,0.0,0.0,17.31
2019-11-28 21:00:00+00:00,0.0,0.0,0.0,0.0,0.0,16.9
2019-11-28 22:00:00+00:00,0.0,0.0,0.0,0.0,0.0,16.57
2019-11-28 23:00:00+00:00,0.0,0.0,0.0,0.0,0.0,16.22
2019-11-29 00:00:00+00:00,0.0,0.0,0.0,0.0,0.0,15.91
2019-11-29 01:00:00+00:00,0.0,0.0,0.0,0.0,0.0,15.72
2019-11-29 02:00:00+00:00,0.0,0.0,0.0,0.0,0.0,15.64
2019-11-29 03:00:00+00:00,0.0,0.0,0.0,0.0,0.0,15.61
2019-11-29 04:00:00+00:00,26.593266739736606,0.0,26.593266739736606,26.124355652982143,0.4689110867544645,16.624052881056283
2019-11-29 05:00:00+00:00,476.9306577366988,386.29427840467486,90.63637933202392,83.97114317029974,6.665236161724175,32.297640172422845
2019-11-29 06:00:00+00:00,607.6814693791978,406.93516280904186,200.74630657015595,191.26760388790498,9.478702682250962,37.94180113854874
2019-11-29 07:00:00+00:00,628.1124375932432,275.2635043185117,352.8489332747314,342.41566159444454,10.433271680286836,41.18262148229619
2019-11-29 08:00:00+00:00,615.6508099958528,176.89772084892945,438.75308914692334,428.2528301685287,10.500258978394616,42.04857435085412
2019-11-29 09:00:00+00:00,413.30892042767204,18.857274122233694,394.4516463054383,387.20027128527107,7.251375020167255,36.12138186129728
2019-11-29 10:00:00+00:00,683.5554155960752,234.40040266050525,449.15501293557,437.5829571874509,11.572055748119107,45.00686740704604
2019-11-29 11:00:00+00:00,510.07507479983633,98.25499835480521,411.82007644503113,403.0614872174388,8.758589227592319,37.95486732702221
2019-11-29 12:00:00+00:00,428.55832704501097,89.12093650215967,339.4373905428513,332.1525218736301,7.2848686692211455,35.12250781135116
2019-11-29 13:00:00+00:00,347.7762699525934,103.23109792902386,244.54517202356953,238.85125168440817,5.693920339161355,31.56472379679231
2019-11-29 14:00:00+00:00,22.794228634059948,0.0,22.794228634059948,22.392304845413264,0.4019237886466839,20.38184878303848
2019-11-29 15:00:00+00:00,5.698557158514987,0.0,5.698557158514987,5.598076211353316,0.10048094716167097,18.89389413721785
2019-11-29 16:00:00+00:00,0.0,0.0,0.0,0.0,0.0,17.55
2019-11-29 17:00:00+00:00,0.0,0.0,0.0,0.0,0.0,16.93
2019-11-29 18:00:00+00:00,0.0,0.0,0.0,0.0,0.0,16.62
2019-11-29 19:00:00+00:00,0.0,0.0,0.0,0.0,0.0,15.86
2019-11-29 20:00:00+00:00,0.0,0.0,0.0,0.0,0.0,15.67
2019-11-29 21:00:00+00:00,0.0,0.0,0.0,0.0,0.0,15.54
2019-11-29 22:00:00+00:00,0.0,0.0,0.0,0.0,0.0,15.39
2019-11-29 23:00:00+00:00,0.0,0.0,0.0,0.0,0.0,15.36
2019-11-30 00:00:00+00:00,0.0,0.0,0.0,0.0,0.0,15.16
2019-11-30 01:00:00+00:00,0.0,0.0,0.0,0.0,0.0,15.17
2019-11-30 02:00:00+00:00,0.0,0.0,0.0,0.0,0.0,15.19
2019-11-30 03:00:00+00:00,0.0,0.0,0.0,0.0,0.0,15.1
2019-11-30 04:00:00+00:00,42.7391786888624,0.0,42.7391786888624,41.98557158514987,0.7536071037125323,16.668382460114916
2019-11-30 05:00:00+00:00,33.24158342467076,0.0,33.24158342467076,32.65544456622768,0.5861388584430807,17.862065640165206
2019-11-30 06:00:00+00:00,363.27978056724726,73.46434094156979,289.81543962567747,283.6358613752347,6.1795782504427645,29.646141923049967
2019-11-30 07:00:00+00:00,610.1600552708634,251.04798227531762,359.11207299554576,348.94675050769007,10.165322487855713,37.81865024941163
2019-11-30 08:00:00+00:00,634.9026838462048,201.46297489367672,433.43970895252806,422.6547539571754,10.784954995352685,39.05060585254536
2019-11-30 09:00:00+00:00,860.378002011045,496.2969316026133,364.0810704084318,349.8797632095823,14.201307198849497,46.86926608160145
2019-11-30 10:00:00+00:00,946.448302885392,682.0608075115954,264.3874953737966,249.1143914052226,15.273103968573988,50.44747163891195
2019-11-30 11:00:00+00:00,659.3877531030138,264.93361573563556,394.4541373673782,383.4682204777022,10.985916889676027,41.78801505559793
2019-11-30 12:00:00+00:00,363.63788611831416,42.93254638303176,320.7053397352824,314.42528053767796,6.2800591976044355,33.22555094349535
2019-11-30 13:00:00+00:00,94.97595264191645,0.0,94.97595264191645,93.30127018922194,1.674682452694516,23.936112057445346
2019-11-30 14:00:00+00:00,176.60003432419265,45.030814942539585,131.56921938165306,128.75575286112627,2.813466520526787,25.831956063248548
2019-11-30 15:00:00+00:00,6.6483166849341515,0.0,6.6483166849341515,6.531088913245536,0.11722777168861613,19.97364770177299
2019-11-30 16:00:00+00:00,0.0,0.0,0.0,0.0,0.0,16.78
2019-11-30 17:00:00+00:00,0.0,0.0,0.0,0.0,0.0,16.82
2019-11-30 18:00:00+00:00,0.0,0.0,0.0,0.0,0.0,16.87
2019-11-30 19:00:00+00:00,0.0,0.0,0.0,0.0,0.0,16.92
2019-11-30 20:00:00+00:00,0.0,0.0,0.0,0.0,0.0,16.96
2019-11-30 21:00:00+00:00,0.0,0.0,0.0,0.0,0.0,17.01
2019-11-30 22:00:00+00:00,0.0,0.0,0.0,0.0,0.0,17.06
2019-11-30 23:00:00+00:00,0.0,0.0,0.0,0.0,0.0,17.1
2020-12-01 00:00:00+00:00,0.0,0.0,0.0,0.0,0.0,17.15
2020-12-01 01:00:00+00:00,0.0,0.0,0.0,0.0,0.0,17.2
2020-12-01 02:00:00+00:00,0.0,0.0,0.0,0.0,0.0,17.24
2020-12-01 03:00:00+00:00,0.0,0.0,0.0,0.0,0.0,17.29
2020-12-01 04:00:00+00:00,63.35150161005262,5.365930024902746,57.98557158514988,56.913774815425384,1.0717967697244903,19.336218550977634
2020-12-01 05:00:00+00:00,246.58868220102124,59.64871427009857,186.93996793092268,182.870489570875,4.0694783600476745,25.17639670901592
2020-12-01 06:00:00+00:00,593.1132004189265,369.2257913712614,223.88740904766502,214.59292143521046,9.294487612454565,36.16231359420279
2020-12-01 07:00:00+00:00,757.3067785737442,479.20647027884553,278.10030829489864,265.90862003928254,12.191688255616077,41.3623444128109
2020-12-01 08:00:00+00:00,896.2798842353862,607.4379061896854,288.8419780457009,274.3057343563125,14.5362436893884,49.49587502999153
2020-12-01 09:00:00+00:00,883.068128873019,517.7191092721561,365.3490196008629,350.8127759114745,14.5362436893884,50.21719244047414
2020-12-01 10:00:00+00:00,993.8204989176547,754.9042330402895,238.91626587736528,222.99003575224043,15.92623012512485,54.35176368811165
2020-12-01 11:00:00+00:00,836.3314181793112,535.5325527258975,300.7988654534136,287.3679121828036,13.43095327061002,49.56205904851323
2020-12-01 12:00:00+00:00,647.528276125578,354.50938354363734,293.0188925819407,282.7028486733425,10.31604390859822,43.46334519526676
2020-12-01 13:00:00+00:00,590.3595818577461,446.5821000482131,143.77748180953301,135.28684177437182,8.490640035161197,40.915249812780424
2020-12-01 14:00:00+00:00,243.86531414878303,109.67646225963298,134.18885188915004,130.62177826491072,3.5670736242393195,29.992670820291057
2020-12-01 15:00:00+00:00,41.392486442121424,17.564764159007584,23.82772228311384,23.325317547305485,0.5024047358083549,23.203525835557087
2020-12-01 16:00:00+00:00,0.0,0.0,0.0,0.0,0.0,20.88
2020-12-01 17:00:00+00:00,0.0,0.0,0.0,0.0,0.0,19.95
2020-12-01 18:00:00+00:00,0.0,0.0,0.0,0.0,0.0,19.21
2020-12-01 19:00:00+00:00,0.0,0.0,0.0,0.0,0.0,18.69
2020-12-01 20:00:00+00:00,0.0,0.0,0.0,0.0,0.0,18.12
2020-12-01 21:00:00+00:00,0.0,0.0,0.0,0.0,0.0,17.53
2020-12-01 22:00:00+00:00,0.0,0.0,0.0,0.0,0.0,17.2
2020-12-01 23:00:00+00:00,0.0,0.0,0.0,0.0,0.0,16.95
2020-12-02 00:00:00+00:00,0.0,0.0,0.0,0.0,0.0,16.66
2020-12-02 01:00:00+00:00,0.0,0.0,0.0,0.0,0.0,16.4
2020-12-02 02:00:00+00:00,0.0,0.0,0.0,0.0,0.0,15.95
2020-12-02 03:00:00+00:00,0.0,0.0,0.0,0.0,0.0,15.69
2020-12-02 04:00:00+00:00,172.90976063341986,108.27106289171911,64.63869774170074,62.5118510267787,2.1268467149220354,21.19395226522877
2020-12-02 05:00:00+00:00,414.9978871501004,280.2467711083278,134.75111604177263,128.75575286112627,5.995363180646367,29.891509308763126
2020-12-02 06:00:00+00:00,626.8443203997816,436.1769384806437,190.6673819191379,181.00446416709056,9.662917752047358,37.401245055603006
2020-12-02 07:00:00+00:00,793.1369991018275,553.7878068487015,239.34919225312598,226.72208655980933,12.627105693316652,43.89358531053072
2020-12-02 08:00:00+00:00,970.7679860397836,770.5406583777,200.22732766208372,184.73651497465946,15.490812687424274,49.920301545552505
2020-12-02 09:00:00+00:00,933.0035396268063,616.4343202451532,316.56921938165306,301.36310271118685,15.206116670466207,49.928851992674154
2020-12-02 10:00:00+00:00,921.9691218371635,609.3831556309834,312.58596620618005,297.631051903618,14.95491430256203,50.031912148714866
2020-12-02 11:00:00+00:00,996.3880484204233,866.2036606983638,130.18438772205948,114.76056233274299,15.423825389316494,51.68362828017255
2020-12-02 12:00:00+00:00,816.9132188086129,670.2504737088286,146.66274509978427,134.35382907247958,12.308916027304694,46.63004494307387
2020-12-02 13:00:00+00:00,571.0745838275452,412.5698606820601,158.50472314548517,150.21504500464732,8.289678140837855,39.67680821311155
2020-12-02 14:00:00+00:00,403.80933820680167,330.79259138227474,73.01674682452695,68.10992723813202,4.906819586394932,33.92468694647529
2020-12-02 15:00:00+00:00,97.08253887699219,72.98686740144723,24.09567147554496,23.325317547305485,0.7703539282394775,24.26764076828693
2020-12-02 16:00:00+00:00,0.0,0.0,0.0,0.0,0.0,20.21
2020-12-02 17:00:00+00:00,0.0,0.0,0.0,0.0,0.0,19.1
2020-12-02 18:00:00+00:00,0.0,0.0,0.0,0.0,0.0,18.31
2020-12-02 19:00:00+00:00,0.0,0.0,0.0,0.0,0.0,17.91
2020-12-02 20:00:00+00:00,0.0,0.0,0.0,0.0,0.0,17.38
2020-12-02 21:00:00+00:00,0.0,0.0,0.0,0.0,0.0,16.89
2020-12-02 22:00:00+00:00,0.0,0.0,0.0,0.0,0.0,16.64
2020-12-02 23:00:00+00:00,0.0,0.0,0.0,0.0,0.0,16.28
2020-12-03 00:00:00+00:00,0.0,0.0,0.0,0.0,0.0,16.14
2020-12-03 01:00:00+00:00,0.0,0.0,0.0,0.0,0.0,15.96
2020-12-03 02:00:00+00:00,0.0,0.0,0.0,0.0,0.0,15.9
2020-12-03 03:00:00+00:00,0.0,0.0,0.0,0.0,0.0,15.83
2020-12-03 04:00:00+00:00,11.397114317029974,0.0,11.397114317029974,11.196152422706632,0.20096189432334194,16.373063248536997
2020-12-03 05:00:00+00:00,85.4783573777248,0.0,85.4783573777248,83.97114317029974,1.5072142074250645,19.50150085170082
2020-12-03 06:00:00+00:00,518.7396640472016,255.70402464073393,263.0356394064677,254.7124676165759,8.323171789891745,33.123859130526334
2020-12-03 07:00:00+00:00,542.5669850730393,163.93344210748134,378.6335429655579,369.4730299493189,9.160513016239003,35.32527886884816
2020-12-03 08:00:00+00:00,687.0604854306655,262.18054956882014,424.87993586184535,413.3246269382532,11.555308923592161,40.69015109892411
2020-12-03 09:00:00+00:00,811.9083781201208,400.9470265453175,410.9613515748033,397.4634110060855,13.4979405687178,45.17003071088835
2020-12-03 10:00:00+00:00,859.3074566850817,495.34361404833857,363.96384263674315,349.8797632095823,14.08407942716088,46.930810694173665
2020-12-03 11:00:00+00:00,1001.5175561597575,875.9479914735783,125.56956468617922,110.09549882328189,15.47406586289733,51.44350095272692
2020-12-03 12:00:00+00:00,855.9299289076121,741.4704641118279,114.45946479578413,101.69838450625191,12.761080289532213,47.1527710565628
2020-12-03 13:00:00+00:00,632.7780791482948,523.1201435201272,109.65793562816758,100.7653718043597,8.892563823807881,40.92083787355451
2020-12-03 14:00:00+00:00,327.5278014566877,219.65945764322643,107.86834381346127,103.56440991003636,4.303933903424906,31.608243016043012
2020-12-03 15:00:00+00:00,77.46645354638244,51.57174396516082,25.894709581221623,25.191342951089926,0.7033666301316968,23.57901508114729
2020-12-03 16:00:00+00:00,0.0,0.0,0.0,0.0,0.0,20.13
2020-12-03 17:00:00+00:00,0.0,0.0,0.0,0.0,0.0,19.24
2020-12-03 18:00:00+00:00,0.0,0.0,0.0,0.0,0.0,18.27
2020-12-03 19:00:00+00:00,0.0,0.0,0.0,0.0,0.0,17.89
2020-12-03 20:00:00+00:00,0.0,0.0,0.0,0.0,0.0,17.31
2020-12-03 21:00:00+00:00,0.0,0.0,0.0,0.0,0.0,16.81
2020-12-03 22:00:00+00:00,0.0,0.0,0.0,0.0,0.0,16.32
2020-12-03 23:00:00+00:00,0.0,0.0,0.0,0.0,0.0,15.82
2020-12-04 00:00:00+00:00,0.0,0.0,0.0,0.0,0.0,15.46
2020-12-04 01:00:00+00:00,0.0,0.0,0.0,0.0,0.0,15.22
2020-12-04 02:00:00+00:00,0.0,0.0,0.0,0.0,0.0,14.86
2020-12-04 03:00:00+00:00,0.0,0.0,0.0,0.0,0.0,14.63
2020-12-04 04:00:00+00:00,81.30284527156653,14.685703826009439,66.61714144555708,65.31088913245536,1.3062523131017225,17.435400095816583
2020-12-04 05:00:00+00:00,158.8086416008314,7.696395953022572,151.11224564780883,148.34901960086287,2.7632260469459515,21.523445473035473
2020-12-04 06:00:00+00:00,359.5378190869814,69.78936675941173,289.7484523275697,283.6358613752347,6.112590952334984,28.53402307823618
2020-12-04 07:00:00+00:00,635.2069788307497,279.49202015223386,355.7149586785158,345.2146997001212,10.500258978394616,38.46690834158935
2020-12-04 08:00:00+00:00,859.2329829565807,533.6063952200533,325.6265877365274,311.6262424320013,14.000345304526155,45.97797470803459
2020-12-04 09:00:00+00:00,615.0087929408811,142.61700605225707,472.39178688862404,461.8412874366486,10.550499451975451,40.032476926977715
2020-12-04 10:00:00+00:00,739.4295937299412,296.9180880076886,442.51150572225254,430.1188555723131,12.392650149939419,44.425903067620396
2020-12-04 11:00:00+00:00,974.3797428268766,812.7576192574397,161.6221235694369,146.48299419707845,15.139129372358425,51.05085176989004
2020-12-04 12:00:00+00:00,796.3670002191969,617.2665192720352,179.10048094716169,167.00927363870727,12.091207308454406,45.617954030628766
2020-12-04 13:00:00+00:00,643.3791114223676,533.5872011979844,109.79191022438314,100.7653718043597,9.026538420023442,40.96061229523119
2020-12-04 14:00:00+00:00,257.7629336333539,123.42336032346134,134.33957330989253,130.62177826491072,3.717795044981826,29.449445213704827
2020-12-04 15:00:00+00:00,90.57063623941315,64.60893936008375,25.961696879329402,25.191342951089926,0.7703539282394775,23.613983822564023
2020-12-04 16:00:00+00:00,0.0,0.0,0.0,0.0,0.0,19.81
2020-12-04 17:00:00+00:00,0.0,0.0,0.0,0.0,0.0,18.84
2020-12-04 18:00:00+00:00,0.0,0.0,0.0,0.0,0.0,18.17
2020-12-04 19:00:00+00:00,0.0,0.0,0.0,0.0,0.0,17.65
2020-12-04 20:00:00+00:00,0.0,0.0,0.0,0.0,0.0,17.25
2020-12-04 21:00:00+00:00,0.0,0.0,0.0,0.0,0.0,16.61
2020-12-04 22:00:00+00:00,0.0,0.0,0.0,0.0,0.0,16.03
2020-12-04 23:00:00+00:00,0.0,0.0,0.0,0.0,0.0,15.76
2020-12-05 00:00:00+00:00,0.0,0.0,0.0,0.0,0.0,15.51
2020-12-05 01:00:00+00:00,0.0,0.0,0.0,0.0,0.0,15.28
2020-12-05 02:00:00+00:00,0.0,0.0,0.0,0.0,0.0,15.13
2020-12-05 03:00:00+00:00,0.0,0.0,0.0,0.0,0.0,14.78
2020-12-05 04:00:00+00:00,222.15372917810586,172.15853864972257,49.9951905283833,47.58364779650319,2.411542731880103,22.15896702455499
2020-12-05 05:00:00+00:00,217.32413848950708,37.33393008500357,179.9902084045035,176.33940065762945,3.650807746874045,23.856957458641418
2020-12-05 06:00:00+00:00,624.3977955138823,425.3835397512953,199.01425576258706,189.40157848412053,9.612677278466522,37.59466966209556
2020-12-05 07:00:00+00:00,888.227775227454,742.8903476749753,145.3374275524788,131.55479096680293,13.782636585675869,47.68885616951793
2020-12-05 08:00:00+00:00,1038.2422603431564,901.5387210607616,136.7035392823948,120.35863854409631,16.344900738298477,53.71078723736947
2020-12-05 09:00:00+00:00,1094.9723009310733,949.816597386451,145.1557035446223,127.82274015923406,17.332963385388243,56.63561840210703
2020-12-05 10:00:00+00:00,1055.9913163344809,877.8835348537625,178.10778148071827,161.41119742735395,16.696584053364326,56.03763967515691
2020-12-05 11:00:00+00:00,981.8798834239296,820.1572789073311,161.72260451659855,146.48299419707845,15.239610319520096,54.51409863629067
2020-12-05 12:00:00+00:00,828.1496080270914,674.805052593319,153.34455543377234,140.88491798572514,12.4596374480472,50.166231100570734
2020-12-05 13:00:00+00:00,538.4592727562808,345.7345224822686,192.7247502740123,184.73651497465946,7.9882352993528425,41.02489074638604
2020-12-05 14:00:00+00:00,389.7647678900881,305.63560276548924,84.12916512459886,79.30607966083865,4.823085463760206,35.638461458790744
2020-12-05 15:00:00+00:00,112.56763872861687,87.43847360401801,25.129165124598853,24.258330249197705,0.8708348754011483,26.4877922393696
2020-12-05 16:00:00+00:00,0.0,0.0,0.0,0.0,0.0,21.54
2020-12-05 17:00:00+00:00,0.0,0.0,0.0,0.0,0.0,20.2
2020-12-05 18:00:00+00:00,0.0,0.0,0.0,0.0,0.0,19.1
2020-12-05 19:00:00+00:00,0.0,0.0,0.0,0.0,0.0,18.79
2020-12-05 20:00:00+00:00,0.0,0.0,0.0,0.0,0.0,18.2
2020-12-05 21:00:00+00:00,0.0,0.0,0.0,0.0,0.0,17.72
2020-12-05 22:00:00+00:00,0.0,0.0,0.0,0.0,0.0,17.12
2020-12-05 23:00:00+00:00,0.0,0.0,0.0,0.0,0.0,16.48
2020-12-06 00:00:00+00:00,0.0,0.0,0.0,0.0,0.0,15.95
2020-12-06 01:00:00+00:00,0.0,0.0,0.0,0.0,0.0,15.73
2020-12-06 02:00:00+00:00,0.0,0.0,0.0,0.0,0.0,15.52
2020-12-06 03:00:00+00:00,0.0,0.0,0.0,0.0,0.0,15.34
2020-12-06 04:00:00+00:00,62.636549659498684,5.600737600767974,57.03581205873071,55.98076211353317,1.0550499451975452,17.603210688040633
2020-12-06 05:00:00+00:00,219.12035950024998,40.04641697311174,179.07394252713823,175.40638795573724,3.6675545714009905,24.45911460587279
2020-12-06 06:00:00+00:00,519.4588392912418,257.37295941119334,262.0858798800485,253.77945491468367,8.3064249653648,35.68159269872946
2020-12-06 07:00:00+00:00,805.68959893327,579.3021035594734,226.38749537379658,213.65990873331825,12.727586640478323,45.6234792394318
2020-12-06 08:00:00+00:00,953.3018834424493,730.0339342500181,223.26794919243113,208.06183252196493,15.206116670466207,51.46289188024533
2020-12-06 09:00:00+00:00,733.4555937165796,281.6642014489857,451.7913922675939,439.44898259123534,12.342409676358583,45.67558820916358
2020-12-06 10:00:00+00:00,361.8435922407441,7.466061114707081,354.377531126037,348.01373780579786,6.363793320239162,35.463900850338305
2020-12-06 11:00:00+00:00,668.69410487518,263.8428531907718,404.85125168440817,393.7313601985166,11.119891485891587,44.92852871898366
2020-12-06 12:00:00+00:00,485.15351895936965,135.54866017124894,349.6048587881207,341.4826488925523,8.122209895568403,39.10924338155186
2020-12-06 13:00:00+00:00,463.3093353172611,233.1684054920151,230.14092982524602,222.99003575224043,7.150894073005584,37.612110058313384
2020-12-06 14:00:00+00:00,367.70717353504955,272.5493242330135,95.15784930203604,90.50223208354528,4.655617218490755,33.41625266159185
2020-12-06 15:00:00+00:00,109.2018023452818,83.13962451879074,26.062177826491073,25.191342951089926,0.8708348754011483,24.555999959335104
2020-12-06 16:00:00+00:00,0.0,0.0,0.0,0.0,0.0,20.03
2020-12-06 17:00:00+00:00,0.0,0.0,0.0,0.0,0.0,19.05
2020-12-06 18:00:00+00:00,0.0,0.0,0.0,0.0,0.0,18.42
2020-12-06 19:00:00+00:00,0.0,0.0,0.0,0.0,0.0,18.49
2020-12-06 20:00:00+00:00,0.0,0.0,0.0,0.0,0.0,17.84
2020-12-06 21:00:00+00:00,0.0,0.0,0.0,0.0,0.0,17.34
2020-12-06 22:00:00+00:00,0.0,0.0,0.0,0.0,0.0,16.8
2020-12-06 23:00:00+00:00,0.0,0.0,0.0,0.0,0.0,16.31
2020-12-07 00:00:00+00:00,0.0,0.0,0.0,0.0,0.0,16.02
2020-12-07 01:00:00+00:00,0.0,0.0,0.0,0.0,0.0,15.72
2020-12-07 02:00:00+00:00,0.0,0.0,0.0,0.0,0.0,15.44
2020-12-07 03:00:00+00:00,0.0,0.0,0.0,0.0,0.0,15.25
2020-12-07 04:00:00+00:00,17.09567147554496,0.0,17.09567147554496,16.794228634059948,0.3014428414850129,16.213469002663327
2020-12-07 05:00:00+00:00,123.83060650457531,1.2948807719761448,122.53572573259918,120.35863854409631,2.177087188502871,21.496743717554715
2020-12-07 06:00:00+00:00,405.30993800066096,113.97534681464819,291.33459118601274,284.5688740771269,6.765717108885846,32.02640603854156
2020-12-07 07:00:00+00:00,696.4525730461722,379.12030026983626,317.33227277633597,306.02816622064796,11.304106555687984,41.94393112724414
2020-12-07 08:00:00+00:00,973.9213601367642,774.6605388256266,199.2608213111376,183.80350227276722,15.457319038370384,51.91196953810786
2020-12-07 09:00:00+00:00,1014.8552100407511,781.2188307087272,233.63637933202392,217.39195954088711,16.244419791136806,54.00675000604113
2020-12-07 10:00:00+00:00,956.4841500005175,671.4698942379304,285.0142557625871,269.64067084685144,15.373584915735659,53.046847094661565
2020-12-07 11:00:00+00:00,900.5037938476282,655.8483492814005,244.6554445662277,230.4541373673782,14.201307198849497,51.42098133739105
2020-12-07 12:00:00+00:00,733.7894112156405,494.7799649246702,239.00944629097035,227.65509926170154,11.35434702926882,46.08319030692254
2020-12-07 13:00:00+00:00,539.9355090503899,350.0097968820543,189.92571216833565,181.9374768689828,7.9882352993528425,40.23784769006133
2020-12-07 14:00:00+00:00,391.8925881814782,308.6796889342446,83.21289924723358,78.37306695894642,4.839832288287152,34.81128750430521
2020-12-07 15:00:00+00:00,15.196152422706634,0.0,15.196152422706634,14.92820323027551,0.2679491924311226,23.32469964929334
2020-12-07 16:00:00+00:00,0.0,0.0,0.0,0.0,0.0,21.52
2020-12-07 17:00:00+00:00,0.0,0.0,0.0,0.0,0.0,20.48
2020-12-07 18:00:00+00:00,0.0,0.0,0.0,0.0,0.0,19.54
2020-12-07 19:00:00+00:00,0.0,0.0,0.0,0.0,0.0,18.83
2020-12-07 20:00:00+00:00,0.0,0.0,0.0,0.0,0.0,18.27
2020-12-07 21:00:00+00:00,0.0,0.0,0.0,0.0,0.0,17.62
2020-12-07 22:00:00+00:00,0.0,0.0,0.0,0.0,0.0,17.08
2020-12-07 23:00:00+00:00,0.0,0.0,0.0,0.0,0.0,16.6
2020-12-08 00:00:00+00:00,0.0,0.0,0.0,0.0,0.0,16.28
2020-12-08 01:00:00+00:00,0.0,0.0,0.0,0.0,0.0,16.28
2020-12-08 02:00:00+00:00,0.0,0.0,0.0,0.0,0.0,16.3
2020-12-08 03:00:00+00:00,0.0,0.0,0.0,0.0,0.0,16.23
2020-12-08 04:00:00+00:00,11.397114317029974,0.0,11.397114317029974,11.196152422706632,0.20096189432334194,16.753063248536996
2020-12-08 05:00:00+00:00,96.8754716947548,0.0,96.8754716947548,95.16729559300639,1.7081761017484065,20.343285401147888
2020-12-08 06:00:00+00:00,643.7997684819987,476.37396998753155,167.42579849446716,157.6791466197851,9.746651874682083,38.33535023494228
2020-12-08 07:00:00+00:00,775.7119087370372,527.350779131001,248.3611296060362,236.0522135787315,12.308916027304694,43.06428617028255
2020-12-08 08:00:00+00:00,994.8416426494376,828.9348230630427,165.90681958639493,150.21504500464732,15.691774581747616,50.80493452524596
2020-12-08 09:00:00+00:00,986.4214150615601,728.9286292689851,257.492785792575,241.65028979008483,15.842496002490122,51.799115663013445
2020-12-08 10:00:00+00:00,977.8312061732283,723.3551672051804,254.47603896804802,238.85125168440817,15.624787283639836,52.41827091871767
2020-12-08 11:00:00+00:00,730.9638019250217,356.04788135218257,374.9159205728391,362.94194103607333,11.97397953676579,44.81783849907493
2020-12-08 12:00:00+00:00,522.51437264852,177.9884385114173,344.52593413710264,335.88457268119896,8.641361455903704,39.52905900626112
2020-12-08 13:00:00+00:00,417.1504677045096,172.63397985837724,244.51648784613235,237.91823898251596,6.598248863616393,35.90944422873963
2020-12-08 14:00:00+00:00,134.6962587038292,12.043305199541388,122.6529535042878,120.35863854409631,2.294314960191487,27.406640546676524
2020-12-08 15:00:00+00:00,90.58576260352623,61.774787144939346,28.810975458586896,27.990381056766584,0.820594401820313,24.989745197539214
2020-12-08 16:00:00+00:00,0.0,0.0,0.0,0.0,0.0,20.98
2020-12-08 17:00:00+00:00,0.0,0.0,0.0,0.0,0.0,19.58
2020-12-08 18:00:00+00:00,0.0,0.0,0.0,0.0,0.0,18.45
2020-12-08 19:00:00+00:00,0.0,0.0,0.0,0.0,0.0,17.97
2020-12-08 20:00:00+00:00,0.0,0.0,0.0,0.0,0.0,17.34
2020-12-08 21:00:00+00:00,0.0,0.0,0.0,0.0,0.0,16.74
2020-12-08 22:00:00+00:00,0.0,0.0,0.0,0.0,0.0,16.28
2020-12-08 23:00:00+00:00,0.0,0.0,0.0,0.0,0.0,16.2
2020-12-09 00:00:00+00:00,0.0,0.0,0.0,0.0,0.0,15.98
2020-12-09 01:00:00+00:00,0.0,0.0,0.0,0.0,0.0,15.88
2020-12-09 02:00:00+00:00,0.0,0.0,0.0,0.0,0.0,15.51
2020-12-09 03:00:00+00:00,0.0,0.0,0.0,0.0,0.0,15.21
2020-12-09 04:00:00+00:00,93.54277774211116,28.70792757770379,64.83485016440737,63.44486372867092,1.3899864357364484,18.322317407586468
2020-12-09 05:00:00+00:00,225.14751284829498,46.939595724941185,178.2079171233538,174.47337525384503,3.734541869508771,24.095078285615514
2020-12-09 06:00:00+00:00,479.3450451566332,205.68264536137508,273.6623997952581,265.90862003928254,7.75377975597561,32.93147475544209
2020-12-09 07:00:00+00:00,643.6601959154954,299.07440236157845,344.5857935539169,334.01854727741454,10.567246276502397,38.83228244916711
2020-12-09 08:00:00+00:00,936.2084591259486,698.280255895673,237.92820323027553,222.99003575224043,14.938167478035083,47.891578737042686
2020-12-09 09:00:00+00:00,1038.4852295034857,840.035383650935,198.44984585255074,181.9374768689828,16.512368983567928,51.95608223913879
2020-12-09 10:00:00+00:00,988.3444764081751,742.1315771609414,246.2128992472336,230.4541373673782,15.758761879855397,50.70643232293502
2020-12-09 11:00:00+00:00,840.7486520522405,539.9497865988269,300.7988654534136,287.3679121828036,13.43095327061002,46.59340580988034
2020-12-09 12:00:00+00:00,649.1293156791762,350.5123468858822,298.616968793294,288.3009248846958,10.31604390859822,41.577648796961284
2020-12-09 13:00:00+00:00,362.20235885361774,108.10935109227577,254.093007761342,248.18137870333035,5.911629058011642,33.19527950046079
2020-12-09 14:00:00+00:00,61.73436921724569,0.0,61.73436921724569,60.64582562299426,1.0885435942514354,23.836249955329873
2020-12-09 15:00:00+00:00,36.285615290063575,9.642108076746132,26.64350721331744,26.124355652982143,0.5191515603353,21.75257284921891
2020-12-09 16:00:00+00:00,0.0,0.0,0.0,0.0,0.0,19.73
2020-12-09 17:00:00+00:00,0.0,0.0,0.0,0.0,0.0,19.04
2020-12-09 18:00:00+00:00,0.0,0.0,0.0,0.0,0.0,18.21
2020-12-09 19:00:00+00:00,0.0,0.0,0.0,0.0,0.0,18.13
2020-12-09 20:00:00+00:00,0.0,0.0,0.0,0.0,0.0,17.47
2020-12-09 21:00:00+00:00,0.0,0.0,0.0,0.0,0.0,16.94
2020-12-09 22:00:00+00:00,0.0,0.0,0.0,0.0,0.0,16.53
2020-12-09 23:00:00+00:00,0.0,0.0,0.0,0.0,0.0,16.37
2020-12-10 00:00:00+00:00,0.0,0.0,0.0,0.0,0.0,16.18
2020-12-10 01:00:00+00:00,0.0,0.0,0.0,0.0,0.0,16.04
2020-12-10 02:00:00+00:00,0.0,0.0,0.0,0.0,0.0,15.91
2020-12-10 03:00:00+00:00,0.0,0.0,0.0,0.0,0.0,15.69
2020-12-10 04:00:00+00:00,43.688938215281574,0.0,43.688938215281574,42.918584287042094,0.7703539282394775,16.84324725302821
2020-12-10 05:00:00+00:00,122.89555730591903,1.3095910997390228,121.58596620618,119.42562584220408,2.160340363975926,20.49276935082274
2020-12-10 06:00:00+00:00,287.2441353336326,26.624848130661768,260.61928720297084,255.64548031846812,4.973806884502713,27.751723624486026
2020-12-10 07:00:00+00:00,485.5601713884903,109.68023552664494,375.87993586184535,367.60700454553444,8.27293131631091,34.787493395933495
2020-12-10 08:00:00+00:00,969.835610541477,770.675270177501,199.16034036397593,183.80350227276722,15.356838091208713,49.83487365701384
2020-12-10 09:00:00+00:00,1083.2917819964346,937.4542681178242,145.83751387861034,128.75575286112627,17.081761017484066,53.49976782918761
2020-12-10 10:00:00+00:00,1096.6617278739425,968.4844680331765,128.17725984076594,111.02851152517411,17.148748315591845,54.35521045498897
2020-12-10 11:00:00+00:00,989.1785792287792,843.3004438198215,145.87813540895775,130.62177826491072,15.256357144047042,52.45764899992661
2020-12-10 12:00:00+00:00,832.0755400456031,684.3290608231841,147.74647922241903,135.28684177437182,12.4596374480472,47.95323867914037
2020-12-10 13:00:00+00:00,553.373348427315,367.961978347698,185.41137007961703,177.2724133595217,8.138956720095349,39.46119803056402
2020-12-10 14:00:00+00:00,255.7830945131666,115.82869816739377,139.9543963457728,136.21985447626403,3.734541869508771,30.446626870743966
2020-12-10 15:00:00+00:00,72.87259922732754,41.31282613664482,31.559773090682718,30.78941916244324,0.7703539282394775,24.06356687994886
2020-12-10 16:00:00+00:00,0.0,0.0,0.0,0.0,0.0,20.64
2020-12-10 17:00:00+00:00,0.0,0.0,0.0,0.0,0.0,19.55
2020-12-10 18:00:00+00:00,0.0,0.0,0.0,0.0,0.0,18.66
2020-12-10 19:00:00+00:00,0.0,0.0,0.0,0.0,0.0,18.05
2020-12-10 20:00:00+00:00,0.0,0.0,0.0,0.0,0.0,17.37
2020-12-10 21:00:00+00:00,0.0,0.0,0.0,0.0,0.0,16.93
2020-12-10 22:00:00+00:00,0.0,0.0,0.0,0.0,0.0,16.49
2020-12-10 23:00:00+00:00,0.0,0.0,0.0,0.0,0.0,16.15
2020-12-11 00:00:00+00:00,0.0,0.0,0.0,0.0,0.0,15.82
2020-12-11 01:00:00+00:00,0.0,0.0,0.0,0.0,0.0,15.6
2020-12-11 02:00:00+00:00,0.0,0.0,0.0,0.0,0.0,15.28
2020-12-11 03:00:00+00:00,0.0,0.0,0.0,0.0,0.0,14.94
2020-12-11 04:00:00+00:00,89.13876656157207,25.28716957263776,63.85159698893431,62.5118510267787,1.339745962155613,17.892850959206207
2020-12-11 05:00:00+00:00,238.31885222845,59.01045415793455,179.30839807051547,175.40638795573724,3.9020101147782227,24.327494215739826
2020-12-11 06:00:00+00:00,681.709395680745,543.7380798581822,137.97131582256281,127.82274015923406,10.148575663328767,39.04384381387884
2020-12-11 07:00:00+00:00,899.2677058061206,769.7580005367556,129.50970526936496,115.6935750346352,13.816130234729759,46.60259071460814
2020-12-11 08:00:00+00:00,1039.5149686448535,908.4932396964467,131.02172894840675,114.76056233274299,16.26116661566375,52.09219889469983
2020-12-11 09:00:00+00:00,1100.0470098612896,960.5061293525475,139.54088050874205,122.22466394788074,17.316216560861296,54.63006434638089
2020-12-11 10:00:00+00:00,1092.5414011844819,954.1512420964824,138.39015908799954,121.29165124598852,17.09850784201101,55.35844759812666
2020-12-11 11:00:00+00:00,1019.2694469694227,889.7836164058782,129.48583056354448,113.82754963085077,15.658280932693726,53.785793108025125
2020-12-11 12:00:00+00:00,870.9996271536655,749.8416051993664,121.15802195429912,108.22947341949745,12.928548534801665,49.457156269384384
2020-12-11 13:00:00+00:00,660.8694497893654,550.8765776706589,109.99287211870649,100.7653718043597,9.227500314346784,42.923726022879265
2020-12-11 14:00:00+00:00,408.1155632329853,324.7184489159553,83.39711431702997,78.37306695894642,5.024047358083548,35.37653113810332
2020-12-11 15:00:00+00:00,91.3521560081251,59.69190197028072,31.66025403784439,30.78941916244324,0.8708348754011483,25.537717862355503
2020-12-11 16:00:00+00:00,0.0,0.0,0.0,0.0,0.0,21.34
2020-12-11 17:00:00+00:00,0.0,0.0,0.0,0.0,0.0,20.12
2020-12-11 18:00:00+00:00,0.0,0.0,0.0,0.0,0.0,19.01
2020-12-11 19:00:00+00:00,0.0,0.0,0.0,0.0,0.0,18.4
2020-12-11 20:00:00+00:00,0.0,0.0,0.0,0.0,0.0,17.72
2020-12-11 21:00:00+00:00,0.0,0.0,0.0,0.0,0.0,17.14
2020-12-11 22:00:00+00:00,0.0,0.0,0.0,0.0,0.0,16.64
2020-12-11 23:00:00+00:00,0.0,0.0,0.0,0.0,0.0,16.1
2020-12-12 00:00:00+00:00,0.0,0.0,0.0,0.0,0.0,15.81
2020-12-12 01:00:00+00:00,0.0,0.0,0.0,0.0,0.0,15.35
2020-12-12 02:00:00+00:00,0.0,0.0,0.0,0.0,0.0,15.02
2020-12-12 03:00:00+00:00,0.0,0.0,0.0,0.0,0.0,14.64
2020-12-12 04:00:00+00:00,191.78545072459363,141.19218398485702,50.59326673973661,48.51666049839541,2.0766062413412,20.773471334896225
2020-12-12 05:00:00+00:00,414.3102127585647,285.3078943488879,129.00231840967683,123.15767664977297,5.844641759903862,30.222925483065303
2020-12-12 06:00:00+00:00,671.7771254542806,523.659897682592,148.11722777168865,138.08587988004848,10.031347891640152,39.161291504281984
2020-12-12 07:00:00+00:00,894.7814297423037,760.6736482615854,134.10778148071827,120.35863854409631,13.749142936621977,47.474641275676035
2020-12-12 08:00:00+00:00,1042.5790347765917,912.4568248810233,130.1222098955684,113.82754963085077,16.294660264717642,53.29905932152172
2020-12-12 09:00:00+00:00,1074.7485195306474,904.7531563500011,169.99536318064636,153.01408311032398,16.981280070322395,55.20733451757931
2020-12-12 10:00:00+00:00,1045.2096122116445,848.6425385874053,196.56707362423933,180.07145146519835,16.495622159040984,55.14445156878346
2020-12-12 11:00:00+00:00,975.5826280237844,797.1830226448145,178.39960537896988,163.2772228311384,15.122382547831482,53.56542801448024
2020-12-12 12:00:00+00:00,857.9387637617097,723.869285401662,134.06947836004767,121.29165124598852,12.777827114059159,50.04872412151664
2020-12-12 13:00:00+00:00,645.9272668736617,521.1401661208953,124.78710075276642,115.6935750346352,9.093525718131223,43.812508808685664
2020-12-12 14:00:00+00:00,438.429077374039,365.02715358539234,73.40192378864668,68.10992723813202,5.291996550514671,36.84390974766192
2020-12-12 15:00:00+00:00,83.20170473395817,49.69217211685628,33.50953261710188,32.65544456622768,0.8540880508742033,25.60368611929282
2020-12-12 16:00:00+00:00,0.0,0.0,0.0,0.0,0.0,21.63
2020-12-12 17:00:00+00:00,0.0,0.0,0.0,0.0,0.0,20.23
2020-12-12 18:00:00+00:00,0.0,0.0,0.0,0.0,0.0,19.1
2020-12-12 19:00:00+00:00,0.0,0.0,0.0,0.0,0.0,18.42
2020-12-12 20:00:00+00:00,0.0,0.0,0.0,0.0,0.0,17.75
2020-12-12 21:00:00+00:00,0.0,0.0,0.0,0.0,0.0,17.24
2020-12-12 22:00:00+00:00,0.0,0.0,0.0,0.0,0.0,16.66
2020-12-12 23:00:00+00:00,0.0,0.0,0.0,0.0,0.0,16.33
2020-12-13 00:00:00+00:00,0.0,0.0,0.0,0.0,0.0,15.9
2020-12-13 01:00:00+00:00,0.0,0.0,0.0,0.0,0.0,15.44
2020-12-13 02:00:00+00:00,0.0,0.0,0.0,0.0,0.0,15.23
2020-12-13 03:00:00+00:00,0.0,0.0,0.0,0.0,0.0,15.0
2020-12-13 04:00:00+00:00,72.84052326388854,13.838204854211726,59.00231840967682,57.8467875173176,1.1555308923592162,17.4280195023014
2020-12-13 05:00:00+00:00,210.23242219945152,36.907277304409114,173.3251448950424,169.80831174438393,3.516833150658484,23.022544031660008
2020-12-13 06:00:00+00:00,634.0693773279016,449.9833247955901,184.08605253231156,174.47337525384503,9.612677278466522,36.33889731015516
2020-12-13 07:00:00+00:00,734.9290649310308,442.31922401903034,292.6098409120005,280.83682326955807,11.773017642442449,41.092433177123866
2020-12-13 08:00:00+00:00,1047.609483542805,917.4202863491289,130.1891971936762,113.82754963085077,16.36164756282542,51.330673373198636
2020-12-13 09:00:00+00:00,1115.3362008818326,983.058460093905,132.27774078792763,114.76056233274299,17.517178455184638,54.398724003952026
2020-12-13 10:00:00+00:00,1130.183804814397,1017.4155966435713,112.76820817082574,95.16729559300639,17.600912577819365,55.55147413561042
2020-12-13 11:00:00+00:00,1023.6253855986517,888.4744915256462,135.1508940730056,119.42562584220408,15.725268230801507,52.56260924049326
2020-12-13 12:00:00+00:00,876.3459982647739,750.439178678379,125.90681958639493,112.89453692895854,13.01228265743639,48.38387814599276
2020-12-13 13:00:00+00:00,671.118696083672,560.99184936875,110.12684671492205,100.7653718043597,9.361474910562345,42.594744474065834
2020-12-13 14:00:00+00:00,411.37160994177844,324.1754575190718,87.19615242270663,82.1051177665153,5.091034656191329,34.67213727541069
2020-12-13 15:00:00+00:00,108.51984460214936,76.75910961714331,31.76073498500606,30.78941916244324,0.9713158225628193,25.362655204504417
2020-12-13 16:00:00+00:00,0.0,0.0,0.0,0.0,0.0,20.82
2020-12-13 17:00:00+00:00,0.0,0.0,0.0,0.0,0.0,19.47
2020-12-13 18:00:00+00:00,0.0,0.0,0.0,0.0,0.0,18.41
2020-12-13 19:00:00+00:00,0.0,0.0,0.0,0.0,0.0,17.88
2020-12-13 20:00:00+00:00,0.0,0.0,0.0,0.0,0.0,17.27
2020-12-13 21:00:00+00:00,0.0,0.0,0.0,0.0,0.0,16.72
2020-12-13 22:00:00+00:00,0.0,0.0,0.0,0.0,0.0,16.26
2020-12-13 23:00:00+00:00,0.0,0.0,0.0,0.0,0.0,15.67
2020-12-14 00:00:00+00:00,0.0,0.0,0.0,0.0,0.0,15.23
2020-12-14 01:00:00+00:00,0.0,0.0,0.0,0.0,0.0,14.84
2020-12-14 02:00:00+00:00,0.0,0.0,0.0,0.0,0.0,14.41
2020-12-14 03:00:00+00:00,0.0,0.0,0.0,0.0,0.0,14.04
2020-12-14 04:00:00+00:00,186.01225273346705,135.4859732918382,50.52627944162883,48.51666049839541,2.0096189432334195,20.10286455785091
2020-12-14 05:00:00+00:00,439.5561616540042,329.0131353878484,110.54302626615578,104.49742261192857,6.045603654227203,30.712036527975066
2020-12-14 06:00:00+00:00,672.2579216341112,525.0904533888418,147.16746824526945,137.15286717815624,10.014601067113206,39.15864832673005
2020-12-14 07:00:00+00:00,853.1188543087592,672.8795892937652,180.23926501499395,167.00927363870727,13.229991376286678,46.539930948912534
2020-12-14 08:00:00+00:00,943.3998295593273,697.9237905912793,245.47603896804802,230.4541373673782,15.02190160066981,51.26985705760358
2020-12-14 09:00:00+00:00,1101.026052897101,955.8870961770057,145.13895672009536,127.82274015923406,17.316216560861296,57.32433641697226
2020-12-14 10:00:00+00:00,1081.1872179042475,922.4215007953618,158.76571710888584,141.81793068761735,16.947786421268503,57.46318566201185
2020-12-14 11:00:00+00:00,989.9523159999005,819.7656098681642,170.18670613173632,154.88010851410843,15.306597617627878,54.60133023658828
2020-12-14 12:00:00+00:00,883.4070348698273,762.0815446702587,121.32549019956856,108.22947341949745,13.096016780071116,51.13016390564768
2020-12-14 13:00:00+00:00,673.636331563144,563.4759911991681,110.16034036397593,100.7653718043597,9.394968559616236,44.29694765484692
2020-12-14 14:00:00+00:00,413.1138138088796,326.83392726353827,86.27988654534136,81.17210506462308,5.107781480718274,36.19358314825934
2020-12-14 15:00:00+00:00,117.74697845871003,84.98624347370398,32.76073498500606,31.72243186433546,1.0383031206706,26.862320818588085
2020-12-14 16:00:00+00:00,0.0,0.0,0.0,0.0,0.0,21.99
2020-12-14 17:00:00+00:00,0.0,0.0,0.0,0.0,0.0,20.54
2020-12-14 18:00:00+00:00,0.0,0.0,0.0,0.0,0.0,19.29
2020-12-14 19:00:00+00:00,0.0,0.0,0.0,0.0,0.0,18.4
2020-12-14 20:00:00+00:00,0.0,0.0,0.0,0.0,0.0,17.64
2020-12-14 21:00:00+00:00,0.0,0.0,0.0,0.0,0.0,16.92
2020-12-14 22:00:00+00:00,0.0,0.0,0.0,0.0,0.0,16.34
2020-12-14 23:00:00+00:00,0.0,0.0,0.0,0.0,0.0,15.78
2020-12-15 00:00:00+00:00,0.0,0.0,0.0,0.0,0.0,15.27
2020-12-15 01:00:00+00:00,0.0,0.0,0.0,0.0,0.0,14.83
2020-12-15 02:00:00+00:00,0.0,0.0,0.0,0.0,0.0,14.45
2020-12-15 03:00:00+00:00,0.0,0.0,0.0,0.0,0.0,14.19
2020-12-15 04:00:00+00:00,179.92953937167556,128.52048770173536,51.40905166994021,49.44967320028763,1.959378469652584,20.06661434749441
2020-12-15 05:00:00+00:00,454.23067112711385,357.5823544421797,96.64831668493416,90.50223208354528,6.146084601388874,31.229810590721076
2020-12-15 06:00:00+00:00,697.8373668023326,579.3420899478177,118.49527685451484,108.22947341949745,10.265803435017384,39.972022537379054
2020-12-15 07:00:00+00:00,891.3689289159386,758.2778942597472,133.09103465619134,119.42562584220408,13.665408813987252,47.69486826390989
2020-12-15 08:00:00+00:00,1040.0364566700061,909.9812340725456,130.05522259746064,113.82754963085077,16.227672966609862,54.346418626738334
2020-12-15 09:00:00+00:00,1095.9196140262336,949.9313787268808,145.98823529935285,128.75575286112627,17.232482438226572,58.00423706646406
2020-12-15 10:00:00+00:00,1091.2656452893812,946.3778909371899,144.88775435219117,127.82274015923406,17.06501419295712,59.13327331367251
2020-12-15 11:00:00+00:00,698.30076246776,294.8968655739626,403.4038968937974,391.8653347947322,11.538562099065217,47.71171597537589
2020-12-15 12:00:00+00:00,879.8474523346391,757.6391899067592,122.20826242787996,109.16248612138968,13.04577630649028,53.144949608011004
2020-12-15 13:00:00+00:00,656.2916223891806,536.0523573741866,120.23926501499395,111.02851152517411,9.210753489819838,45.22747418551798
2020-12-15 14:00:00+00:00,408.00577243027504,318.9603414283109,89.04543100196412,83.97114317029974,5.074287831664384,36.9754741829494
2020-12-15 15:00:00+00:00,119.79499520109322,87.01751339156021,32.777481809533,31.72243186433546,1.0550499451975452,27.617262321443846
2020-12-15 16:00:00+00:00,0.0,0.0,0.0,0.0,0.0,22.53
2020-12-15 17:00:00+00:00,0.0,0.0,0.0,0.0,0.0,21.27
2020-12-15 18:00:00+00:00,0.0,0.0,0.0,0.0,0.0,20.09
2020-12-15 19:00:00+00:00,0.0,0.0,0.0,0.0,0.0,19.17
2020-12-15 20:00:00+00:00,0.0,0.0,0.0,0.0,0.0,18.31
2020-12-15 21:00:00+00:00,0.0,0.0,0.0,0.0,0.0,17.66
2020-12-15 22:00:00+00:00,0.0,0.0,0.0,0.0,0.0,17.1
2020-12-15 23:00:00+00:00,0.0,0.0,0.0,0.0,0.0,16.48
2020-12-16 00:00:00+00:00,0.0,0.0,0.0,0.0,0.0,16.1
2020-12-16 01:00:00+00:00,0.0,0.0,0.0,0.0,0.0,15.64
2020-12-16 02:00:00+00:00,0.0,0.0,0.0,0.0,0.0,15.3
2020-12-16 03:00:00+00:00,0.0,0.0,0.0,0.0,0.0,14.95
2020-12-16 04:00:00+00:00,177.94389207597652,127.5013467569824,50.44254531899411,48.51666049839541,1.9258848205986936,20.462399616785934
2020-12-16 05:00:00+00:00,453.10784747913937,358.35904984704354,94.74879763209583,88.63620667976085,6.112590952334984,31.493909397365528
2020-12-16 06:00:00+00:00,697.997831445196,582.3183395208847,115.67949192431124,105.4304353138208,10.249056610490438,40.50288478124114
2020-12-16 07:00:00+00:00,880.8067114427929,742.2683219959907,138.53838944680214,125.0237020535574,13.514687393244746,46.17925640155797
2020-12-16 08:00:00+00:00,1034.8974392858947,903.9929381091766,130.90450117671813,114.76056233274299,16.143938843975135,52.16329079422993
2020-12-16 09:00:00+00:00,1054.2727474146564,864.9855603357585,189.28718707889797,172.6073498500606,16.679837228837382,53.618553907218725
2020-12-16 10:00:00+00:00,1086.1099729776954,941.3059527481389,144.80402022955644,127.82274015923406,16.981280070322395,55.1444746781564
2020-12-16 11:00:00+00:00,926.9465895580079,694.102120450367,232.8444691076408,218.32497224277935,14.519496864861456,51.637942702704244
2020-12-16 12:00:00+00:00,859.5349549402083,724.5157170537415,135.01923788646684,122.22466394788074,12.794573938586103,50.099622644704105
2020-12-16 13:00:00+00:00,669.3610901701051,558.3179775778177,111.04311259228732,101.69838450625191,9.344728086035401,44.677176781338005
2020-12-16 14:00:00+00:00,415.3201902390342,329.006810044639,86.31338019439525,81.17210506462308,5.141275129772165,36.84762257387793
2020-12-16 15:00:00+00:00,119.75135324921233,86.02411191326016,33.72724133595217,32.65544456622768,1.0717967697244903,27.2799508292202
2020-12-16 16:00:00+00:00,0.0,0.0,0.0,0.0,0.0,22.34
2020-12-16 17:00:00+00:00,0.0,0.0,0.0,0.0,0.0,20.77
2020-12-16 18:00:00+00:00,0.0,0.0,0.0,0.0,0.0,19.58
2020-12-16 19:00:00+00:00,0.0,0.0,0.0,0.0,0.0,19.02
2020-12-16 20:00:00+00:00,0.0,0.0,0.0,0.0,0.0,18.26
2020-12-16 21:00:00+00:00,0.0,0.0,0.0,0.0,0.0,17.83
2020-12-16 22:00:00+00:00,0.0,0.0,0.0,0.0,0.0,17.22
2020-12-16 23:00:00+00:00,0.0,0.0,0.0,0.0,0.0,16.93
2020-12-17 00:00:00+00:00,0.0,0.0,0.0,0.0,0.0,16.72
2020-12-17 01:00:00+00:00,0.0,0.0,0.0,0.0,0.0,16.6
2020-12-17 02:00:00+00:00,0.0,0.0,0.0,0.0,0.0,16.56
2020-12-17 03:00:00+00:00,0.0,0.0,0.0,0.0,0.0,16.37
2020-12-17 04:00:00+00:00,135.12265360928694,77.50070269211317,57.62195091717379,55.98076211353317,1.641188803640626,20.475870362197675
2020-12-17 05:00:00+00:00,117.21769835476834,1.330289307103331,115.88740904766502,113.82754963085077,2.059859416814255,21.183437851517166
2020-12-17 06:00:00+00:00,357.20009204940754,75.93248816150256,281.267603887905,275.23874705820475,6.028856829700258,29.649469756878105
2020-12-17 07:00:00+00:00,457.182099628129,88.28541694175671,368.8966826863723,361.0759156322889,7.82076705408339,33.912795996891404
2020-12-17 08:00:00+00:00,921.6225910143401,669.9503996235854,251.67219139075462,236.98522628062372,14.686965110130906,48.406948744207085
2020-12-17 09:00:00+00:00,935.5518300886257,620.9323702333918,314.6194598552339,299.49707730740244,15.122382547831482,50.24665364508191
2020-12-17 10:00:00+00:00,1002.2075791358409,763.3080600830025,238.89951905283834,222.99003575224043,15.909483300597904,53.04880728374607
2020-12-17 11:00:00+00:00,888.8631763199553,622.915907855476,265.9472684644793,251.91342951089925,14.033838953580045,49.73180658051155
2020-12-17 12:00:00+00:00,627.5091280115209,306.7510567407179,320.7580712708031,310.69322973010907,10.064841540694042,42.97752523544348
2020-12-17 13:00:00+00:00,518.876202871848,302.0605905939075,216.81561227794055,208.99484522385714,7.82076705408339,39.47775663157754
2020-12-17 14:00:00+00:00,383.61529357540195,280.74214029032396,102.87315328507798,97.96633369868304,4.906819586394932,34.903361106752016
2020-12-17 15:00:00+00:00,140.46331441830336,108.50161753897395,31.961696879329402,30.78941916244324,1.1722777168861613,27.027845566381576
2020-12-17 16:00:00+00:00,0.0,0.0,0.0,0.0,0.0,21.65
2020-12-17 17:00:00+00:00,0.0,0.0,0.0,0.0,0.0,20.39
2020-12-17 18:00:00+00:00,0.0,0.0,0.0,0.0,0.0,19.19
2020-12-17 19:00:00+00:00,0.0,0.0,0.0,0.0,0.0,18.59
2020-12-17 20:00:00+00:00,0.0,0.0,0.0,0.0,0.0,17.84
2020-12-17 21:00:00+00:00,0.0,0.0,0.0,0.0,0.0,17.36
2020-12-17 22:00:00+00:00,0.0,0.0,0.0,0.0,0.0,16.87
2020-12-17 23:00:00+00:00,0.0,0.0,0.0,0.0,0.0,16.58
2020-12-18 00:00:00+00:00,0.0,0.0,0.0,0.0,0.0,16.38
2020-12-18 01:00:00+00:00,0.0,0.0,0.0,0.0,0.0,16.09
2020-12-18 02:00:00+00:00,0.0,0.0,0.0,0.0,0.0,15.67
2020-12-18 03:00:00+00:00,0.0,0.0,0.0,0.0,0.0,15.23
2020-12-18 04:00:00+00:00,110.68235168518848,51.37859043402665,59.30376125116183,57.8467875173176,1.456973733844229,18.731591383484997
2020-12-18 05:00:00+00:00,436.49478386183483,334.46609968439765,102.02868417743719,96.1003082948986,5.928375882538587,30.97930845443682
2020-12-18 06:00:00+00:00,627.5436754330997,454.82124356876415,172.72243186433548,163.2772228311384,9.445209033197072,38.061728728329875
2020-12-18 07:00:00+00:00,693.0628468666001,384.2616630035097,308.80118386309044,297.631051903618,11.170131959472423,41.07381680457742
2020-12-18 08:00:00+00:00,774.6235203454273,398.0209799669835,376.6025403784439,363.8749537379656,12.727586640478323,44.921490891025336
2020-12-18 09:00:00+00:00,937.8732833419346,623.2203298376468,314.6529535042878,299.49707730740244,15.155876196885371,50.49153325112337
2020-12-18 10:00:00+00:00,1033.4276577056773,826.7816594304201,206.64599827525737,190.33459118601277,16.311407089244586,53.62207169742687
2020-12-18 11:00:00+00:00,597.3017278203743,171.09647441122337,426.2052534091508,416.12366504392986,10.081588365220988,42.12146228600677
2020-12-18 12:00:00+00:00,767.7040844664407,541.3381453887878,226.3659390776529,214.59292143521046,11.773017642442449,47.19620055814852
2020-12-18 13:00:00+00:00,651.3892963811539,525.5854488038606,125.80384757729337,116.62658773652743,9.177259840765949,43.266877058825514
2020-12-18 14:00:00+00:00,428.05418940336597,344.40587271843185,83.64831668493414,78.37306695894642,5.275249725987726,35.75006583377412
2020-12-18 15:00:00+00:00,129.4641757096881,95.66994707562816,33.79422863405995,32.65544456622768,1.138784067832271,26.44496954452266
2020-12-18 16:00:00+00:00,0.0,0.0,0.0,0.0,0.0,21.54
2020-12-18 17:00:00+00:00,0.0,0.0,0.0,0.0,0.0,20.23
2020-12-18 18:00:00+00:00,0.0,0.0,0.0,0.0,0.0,19.18
2020-12-18 19:00:00+00:00,0.0,0.0,0.0,0.0,0.0,18.71
2020-12-18 20:00:00+00:00,0.0,0.0,0.0,0.0,0.0,17.88
2020-12-18 21:00:00+00:00,0.0,0.0,0.0,0.0,0.0,17.28
2020-12-18 22:00:00+00:00,0.0,0.0,0.0,0.0,0.0,16.78
2020-12-18 23:00:00+00:00,0.0,0.0,0.0,0.0,0.0,16.35
2020-12-19 00:00:00+00:00,0.0,0.0,0.0,0.0,0.0,15.82
2020-12-19 01:00:00+00:00,0.0,0.0,0.0,0.0,0.0,15.41
2020-12-19 02:00:00+00:00,0.0,0.0,0.0,0.0,0.0,15.02
2020-12-19 03:00:00+00:00,0.0,0.0,0.0,0.0,0.0,14.94
2020-12-19 04:00:00+00:00,131.18212805125307,74.54343030955235,56.63869774170073,55.04774941164094,1.5909483300597904,19.119951947677034
2020-12-19 05:00:00+00:00,284.75217832411346,116.13752794049624,168.6146503836172,164.2102355330306,4.404414850586577,26.166349954390423
2020-12-19 06:00:00+00:00,556.7054664023269,333.48793033573963,223.21753606658723,214.59292143521046,8.624614631376758,36.39650066746682
2020-12-19 07:00:00+00:00,672.4534203119297,354.60680544687517,317.8466148650545,306.96117892254017,10.885435942514356,41.01351843071596
2020-12-19 08:00:00+00:00,865.9572976800749,562.7732552625416,303.1840424175333,289.233937586588,13.95010483094532,47.8827247685968
2020-12-19 09:00:00+00:00,819.5294601114408,414.1326910989369,405.39676901250385,391.8653347947322,13.531434217771691,47.399243061379245
2020-12-19 10:00:00+00:00,835.4852180398962,446.71520941618286,388.77000862371335,375.07110616067223,13.698902463041142,48.46000789812521
2020-12-19 11:00:00+00:00,779.3152929354128,423.3395129457594,355.9757799896534,343.34867429633675,12.627105693316652,47.029506798114305
2020-12-19 12:00:00+00:00,771.1984757622109,550.3971192468574,220.8013565153535,208.99484522385714,11.806511291496339,45.941411541993055
2020-12-19 13:00:00+00:00,369.73303641862054,108.04195244592523,261.6910839726953,255.64548031846812,6.045603654227203,34.70608930229272
2020-12-19 14:00:00+00:00,201.7923363777697,52.093951871517774,149.69838450625193,146.48299419707845,3.215390309173471,28.947478936349658
2020-12-19 15:00:00+00:00,103.34557341055495,65.91977491608779,37.42579849446715,36.387495373796554,1.0383031206706,24.90474978075202
2020-12-19 16:00:00+00:00,0.0,0.0,0.0,0.0,0.0,20.61
2020-12-19 17:00:00+00:00,0.0,0.0,0.0,0.0,0.0,19.39
2020-12-19 18:00:00+00:00,0.0,0.0,0.0,0.0,0.0,18.66
2020-12-19 19:00:00+00:00,0.0,0.0,0.0,0.0,0.0,18.44
2020-12-19 20:00:00+00:00,0.0,0.0,0.0,0.0,0.0,17.92
2020-12-19 21:00:00+00:00,0.0,0.0,0.0,0.0,0.0,17.4
2020-12-19 22:00:00+00:00,0.0,0.0,0.0,0.0,0.0,17.03
2020-12-19 23:00:00+00:00,0.0,0.0,0.0,0.0,0.0,16.7
2020-12-20 00:00:00+00:00,0.0,0.0,0.0,0.0,0.0,16.56
2020-12-20 01:00:00+00:00,0.0,0.0,0.0,0.0,0.0,16.16
2020-12-20 02:00:00+00:00,0.0,0.0,0.0,0.0,0.0,16.03
2020-12-20 03:00:00+00:00,0.0,0.0,0.0,0.0,0.0,15.79
2020-12-20 04:00:00+00:00,144.76722772926684,91.7935934970272,52.97363423223964,51.31569860407207,1.657935628167571,20.183047901364446
2020-12-20 05:00:00+00:00,445.76189514913864,353.0130975170428,92.74879763209582,86.7701812759764,5.9786163561194225,31.28323336959375
2020-12-20 06:00:00+00:00,519.6389906954814,276.3473394494929,243.29165124598853,235.1192008768393,8.172450369149239,34.81726787181161
2020-12-20 07:00:00+00:00,762.7163326265127,512.7571268091232,249.95920581738952,237.91823898251596,12.04096683487357,43.067319984471915
2020-12-20 08:00:00+00:00,847.0881582934398,527.3610896097508,319.7270686836891,306.02816622064796,13.698902463041142,45.8923090682667
2020-12-20 09:00:00+00:00,962.6687487750112,675.687986661478,286.98076211353316,271.50669625063585,15.47406586289733,49.54556344708506
2020-12-20 10:00:00+00:00,1046.1416993740747,858.0052337159193,188.13646565815546,171.67433714816838,16.462128509987092,52.26352574993319
2020-12-20 11:00:00+00:00,1008.9135737989478,867.449299531547,141.46427426740084,125.95671475544962,15.50755951195122,51.51684886946118
2020-12-20 12:00:00+00:00,878.1510188808977,755.0264905756525,123.12452830524522,110.09549882328189,13.029029481963336,47.92540326594452
2020-12-20 13:00:00+00:00,611.3936158185384,450.5037157089334,160.88990010960492,152.08107040843177,8.808829701173154,39.82336714185918
2020-12-20 14:00:00+00:00,401.45719239407913,303.06488754866587,98.39230484541326,93.30127018922194,5.091034656191329,32.889868197641626
2020-12-20 15:00:00+00:00,14.24639289628747,0.0,14.24639289628747,13.995190528383292,0.25120236790417744,21.336864128272676
2020-12-20 16:00:00+00:00,0.0,0.0,0.0,0.0,0.0,19.57
2020-12-20 17:00:00+00:00,0.0,0.0,0.0,0.0,0.0,18.74
2020-12-20 18:00:00+00:00,0.0,0.0,0.0,0.0,0.0,18.12
2020-12-20 19:00:00+00:00,0.0,0.0,0.0,0.0,0.0,18.06
2020-12-20 20:00:00+00:00,0.0,0.0,0.0,0.0,0.0,17.51
2020-12-20 21:00:00+00:00,0.0,0.0,0.0,0.0,0.0,17.15
2020-12-20 22:00:00+00:00,0.0,0.0,0.0,0.0,0.0,16.96
2020-12-20 23:00:00+00:00,0.0,0.0,0.0,0.0,0.0,16.57
2020-12-21 00:00:00+00:00,0.0,0.0,0.0,0.0,0.0,16.39
2020-12-21 01:00:00+00:00,0.0,0.0,0.0,0.0,0.0,15.95
2020-12-21 02:00:00+00:00,0.0,0.0,0.0,0.0,0.0,15.58
2020-12-21 03:00:00+00:00,0.0,0.0,0.0,0.0,0.0,15.19
2020-12-21 04:00:00+00:00,111.11267708480996,54.641447588378675,56.471229496431285,55.04774941164094,1.4234800847903388,18.541994267087873
2020-12-21 05:00:00+00:00,456.0630874604898,366.9458596888012,89.11722777168862,83.03813046840753,6.0790973032810935,30.69383038182678
2020-12-21 06:00:00+00:00,607.7965014182871,419.44730916516113,188.34919225312595,179.1384387633061,9.210753489819838,35.953682152724376
2020-12-21 07:00:00+00:00,750.9488985191035,485.2624513657618,265.6864471533417,253.77945491468367,11.90699223865801,41.709994468032086
2020-12-21 08:00:00+00:00,899.5125799946319,621.0677162659609,278.44486372867095,264.0425946354981,14.402269093172839,46.7856836318904
2020-12-21 09:00:00+00:00,942.2593508397057,626.6063973354179,315.6529535042878,300.43009000929464,15.222863494993153,49.1941337949164
2020-12-21 10:00:00+00:00,933.2568957113308,613.1230937673784,320.1338019439525,305.09515351875575,15.038648425196754,50.32065542479485
2020-12-21 11:00:00+00:00,872.8603788171847,580.0232102431006,292.83716857408416,278.9707978657736,13.866370708310594,48.76718485652114
2020-12-21 12:00:00+00:00,882.6409928821606,754.7676669448196,127.87332593734105,114.76056233274299,13.112763604598062,49.29748566509368
2020-12-21 13:00:00+00:00,628.9077274024819,476.2139797155836,152.6937476868983,143.6839560914018,9.009791595496496,41.45652503892086
2020-12-21 14:00:00+00:00,378.57193423477077,265.4021475798245,113.16978665494628,108.22947341949745,4.940313235448823,33.88933701114341
2020-12-21 15:00:00+00:00,119.71945580232696,81.24341683427896,38.476038968047995,37.32050807568878,1.1555308923592162,25.70790538857714
2020-12-21 16:00:00+00:00,0.0,0.0,0.0,0.0,0.0,21.04
2020-12-21 17:00:00+00:00,0.0,0.0,0.0,0.0,0.0,19.93
2020-12-21 18:00:00+00:00,0.0,0.0,0.0,0.0,0.0,19.04
2020-12-21 19:00:00+00:00,0.0,0.0,0.0,0.0,0.0,18.22
2020-12-21 20:00:00+00:00,0.0,0.0,0.0,0.0,0.0,17.57
2020-12-21 21:00:00+00:00,0.0,0.0,0.0,0.0,0.0,16.97
2020-12-21 22:00:00+00:00,0.0,0.0,0.0,0.0,0.0,16.63
2020-12-21 23:00:00+00:00,0.0,0.0,0.0,0.0,0.0,16.11
2020-12-22 00:00:00+00:00,0.0,0.0,0.0,0.0,0.0,15.76
2020-12-22 01:00:00+00:00,0.0,0.0,0.0,0.0,0.0,15.41
2020-12-22 02:00:00+00:00,0.0,0.0,0.0,0.0,0.0,15.27
2020-12-22 03:00:00+00:00,0.0,0.0,0.0,0.0,0.0,14.93
2020-12-22 04:00:00+00:00,37.040621530347416,0.0,37.040621530347416,36.387495373796554,0.6531261565508613,16.011773604238833
2020-12-22 05:00:00+00:00,329.56362837867493,171.65947250648296,157.90415587219198,153.01408311032398,4.890072761867987,27.165017835021924
2020-12-22 06:00:00+00:00,567.531444242007,346.9789716848808,220.55247255712612,211.7938833295338,8.758589227592319,36.29630923489669
2020-12-22 07:00:00+00:00,703.2083806588296,398.0052730070924,305.2031076517371,293.8990010960491,11.304106555687984,40.86989340117449
2020-12-22 08:00:00+00:00,897.4355303398077,612.4763245224182,284.95920581738955,270.57368354874365,14.385522268645893,47.37888552817028
2020-12-22 09:00:00+00:00,1012.6100379300749,763.196176788518,249.41386114155694,233.25317547305485,16.16068566850208,51.98682260429523
2020-12-22 10:00:00+00:00,967.6383690755515,673.1600116978267,294.4783573777248,278.9707978657736,15.50755951195122,51.53398311513142
2020-12-22 11:00:00+00:00,893.5951271521653,611.6694149838297,281.9257121683356,267.77464544306696,14.151066725268661,49.65881394718658
2020-12-22 12:00:00+00:00,858.612310373495,702.9998057472916,155.61250462620345,142.75094338950956,12.861561236693884,48.316166979933506
2020-12-22 13:00:00+00:00,693.4258660773305,584.846855100181,108.57901097714955,98.89934640057525,9.679664576574304,43.195053116454105
2020-12-22 14:00:00+00:00,437.80202555402536,352.13696204456426,85.6650635094611,80.23909236273087,5.425971146730232,35.47019303129188
2020-12-22 15:00:00+00:00,148.4448451208463,113.56688236415165,34.87796275669467,33.588457268119896,1.2895054885747774,26.61524514716674
2020-12-22 16:00:00+00:00,0.0,0.0,0.0,0.0,0.0,21.33
2020-12-22 17:00:00+00:00,0.0,0.0,0.0,0.0,0.0,20.27
2020-12-22 18:00:00+00:00,0.0,0.0,0.0,0.0,0.0,19.14
2020-12-22 19:00:00+00:00,0.0,0.0,0.0,0.0,0.0,18.69
2020-12-22 20:00:00+00:00,0.0,0.0,0.0,0.0,0.0,18.06
2020-12-22 21:00:00+00:00,0.0,0.0,0.0,0.0,0.0,17.42
2020-12-22 22:00:00+00:00,0.0,0.0,0.0,0.0,0.0,16.85
2020-12-22 23:00:00+00:00,0.0,0.0,0.0,0.0,0.0,16.35
2020-12-23 00:00:00+00:00,0.0,0.0,0.0,0.0,0.0,15.78
2020-12-23 01:00:00+00:00,0.0,0.0,0.0,0.0,0.0,15.24
2020-12-23 02:00:00+00:00,0.0,0.0,0.0,0.0,0.0,14.95
2020-12-23 03:00:00+00:00,0.0,0.0,0.0,0.0,0.0,14.55
2020-12-23 04:00:00+00:00,186.97622367700737,144.997779973151,41.97844370385635,40.119546181365436,1.858897522490913,20.41350678460263
2020-12-23 05:00:00+00:00,457.32336004898076,371.95492990938794,85.3684301395928,79.30607966083865,6.062350478754149,31.587166489701854
2020-12-23 06:00:00+00:00,692.2781395039588,580.464672983432,111.81346652052679,101.69838450625191,10.115082014274877,40.27383986617167
2020-12-23 07:00:00+00:00,884.5632255505948,756.2879758246071,128.27524972598775,114.76056233274299,13.514687393244746,47.49988917217269
2020-12-23 08:00:00+00:00,1038.0791791170232,912.7560073271313,125.32317178989176,109.16248612138968,16.16068566850208,52.607598305075115
2020-12-23 09:00:00+00:00,1054.8377766670105,865.5505895881126,189.28718707889797,172.6073498500606,16.679837228837382,54.01421234782074
2020-12-23 10:00:00+00:00,1003.9524889508172,755.6726024054758,248.27988654534138,232.32016277116264,15.95972377417874,53.15296426333017
2020-12-23 11:00:00+00:00,961.5927438570775,757.219504245868,204.3732396112095,189.40157848412053,14.971661127088975,51.51626149329113
2020-12-23 12:00:00+00:00,871.9134050439822,735.7601925612997,136.15321248268242,123.15767664977297,12.995535832909445,48.49642875968422
2020-12-23 13:00:00+00:00,652.3609630404442,516.2102416197017,136.1507214207425,126.88972745734183,9.260993963400674,42.22961392781522
2020-12-23 14:00:00+00:00,423.7135650304685,330.6848808530313,93.02868417743719,87.70319397786862,5.325490199568561,34.98864178262934
2020-12-23 15:00:00+00:00,136.238593410997,98.59508619767956,37.64350721331744,36.387495373796554,1.256011839520887,25.59108508483528
2020-12-23 16:00:00+00:00,0.0,0.0,0.0,0.0,0.0,19.93
2020-12-23 17:00:00+00:00,0.0,0.0,0.0,0.0,0.0,18.52
2020-12-23 18:00:00+00:00,0.0,0.0,0.0,0.0,0.0,17.87
2020-12-23 19:00:00+00:00,0.0,0.0,0.0,0.0,0.0,18.41
2020-12-23 20:00:00+00:00,0.0,0.0,0.0,0.0,0.0,17.8
2020-12-23 21:00:00+00:00,0.0,0.0,0.0,0.0,0.0,17.45
2020-12-23 22:00:00+00:00,0.0,0.0,0.0,0.0,0.0,17.03
2020-12-23 23:00:00+00:00,0.0,0.0,0.0,0.0,0.0,16.76
2020-12-24 00:00:00+00:00,0.0,0.0,0.0,0.0,0.0,16.61
2020-12-24 01:00:00+00:00,0.0,0.0,0.0,0.0,0.0,16.42
2020-12-24 02:00:00+00:00,0.0,0.0,0.0,0.0,0.0,16.3
2020-12-24 03:00:00+00:00,0.0,0.0,0.0,0.0,0.0,16.18
2020-12-24 04:00:00+00:00,19.944950054802455,0.0,19.944950054802455,19.593266739736606,0.3516833150658484,16.835713836440547
2020-12-24 05:00:00+00:00,97.82523122117395,0.0,97.82523122117395,96.1003082948986,1.7249229262753516,20.78135348055093
2020-12-24 06:00:00+00:00,169.0571957026113,0.0,169.0571957026113,166.07626093681506,2.980934765796239,25.193631564344393
2020-12-24 07:00:00+00:00,277.06751390711946,4.4195425267114326,272.647971380408,267.77464544306696,4.873325937341042,30.020911850886076
2020-12-24 08:00:00+00:00,754.2802904114313,372.3811166631191,381.89917374831225,369.4730299493189,12.42614379899331,45.235392545259266
2020-12-24 09:00:00+00:00,979.8610717480756,715.9879184629976,263.873153285078,248.18137870333035,15.691774581747616,52.80356825581646
2020-12-24 10:00:00+00:00,937.1474182186544,630.9753131540313,306.17210506462305,291.09996299037243,15.072142074250646,52.425609824985266
2020-12-24 11:00:00+00:00,918.247067942207,678.0389781665901,240.20808977561688,225.7890738579171,14.419015917699785,51.995163355937045
2020-12-24 12:00:00+00:00,711.1326136526213,435.02036800481244,276.1122456478089,264.97560733739033,11.136638310418533,45.71568749762
2020-12-24 13:00:00+00:00,570.0277227475331,375.93454233392805,194.09318041360507,185.66952767655167,8.423652737053416,40.484819445436024
2020-12-24 14:00:00+00:00,342.1747224519492,210.61263095158967,131.56209150035954,126.88972745734183,4.6723640430177005,33.01165113952483
2020-12-24 15:00:00+00:00,136.08086362255753,97.48759688282091,38.59326673973661,37.32050807568878,1.2727586640478323,26.522095152133772
2020-12-24 16:00:00+00:00,0.0,0.0,0.0,0.0,0.0,21.6
2020-12-24 17:00:00+00:00,0.0,0.0,0.0,0.0,0.0,20.53
2020-12-24 18:00:00+00:00,0.0,0.0,0.0,0.0,0.0,19.66
2020-12-24 19:00:00+00:00,0.0,0.0,0.0,0.0,0.0,19.07
2020-12-24 20:00:00+00:00,0.0,0.0,0.0,0.0,0.0,18.38
2020-12-24 21:00:00+00:00,0.0,0.0,0.0,0.0,0.0,17.73
2020-12-24 22:00:00+00:00,0.0,0.0,0.0,0.0,0.0,17.31
2020-12-24 23:00:00+00:00,0.0,0.0,0.0,0.0,0.0,16.9
2020-12-25 00:00:00+00:00,0.0,0.0,0.0,0.0,0.0,16.48
2020-12-25 01:00:00+00:00,0.0,0.0,0.0,0.0,0.0,16.18
2020-12-25 02:00:00+00:00,0.0,0.0,0.0,0.0,0.0,15.88
2020-12-25 03:00:00+00:00,0.0,0.0,0.0,0.0,0.0,15.48
2020-12-25 04:00:00+00:00,178.13234952879702,136.2376399475754,41.894709581221626,40.119546181365436,1.775163399856187,21.15880224964814
2020-12-25 05:00:00+00:00,433.0166715748235,340.452089012524,92.56458256229942,86.7701812759764,5.794401286323026,32.053576995926505
2020-12-25 06:00:00+00:00,683.0156613979784,571.3361694736672,111.67949192431124,101.69838450625191,9.981107418059317,42.119774443853856
2020-12-25 07:00:00+00:00,881.8216223424295,757.3286638975915,124.49295844483802,111.02851152517411,13.46444691966391,50.575571650788625
2020-12-25 08:00:00+00:00,1029.0454229403642,903.8562257466881,125.1891971936762,109.16248612138968,16.02671107228652,57.07786239999702
2020-12-25 09:00:00+00:00,1090.763421003109,950.4737428622711,140.28967814083788,123.15767664977297,17.1320014910649,59.67656856382945
2020-12-25 10:00:00+00:00,962.8735803144277,676.8760713763676,285.99750893806015,270.57368354874365,15.423825389316494,55.92383509440878
2020-12-25 11:00:00+00:00,985.4778812283798,813.47539016644,172.00249106193988,156.74613391789285,15.256357144047042,56.12121072511882
2020-12-25 12:00:00+00:00,868.4311109967898,731.3783794612691,137.05273153552073,124.09068935166518,12.962042183855555,52.50695793235738
2020-12-25 13:00:00+00:00,661.4583986269915,533.6043105761173,127.85408805087421,118.49261314031186,9.361474910562345,45.15354644056739
2020-12-25 14:00:00+00:00,441.27673263112297,355.5446818235541,85.73205080756888,80.23909236273087,5.492958444838013,38.13625979639285
2020-12-25 15:00:00+00:00,163.5264989066895,128.53130837830622,34.99519052838329,33.588457268119896,1.4067332602633935,28.9996929737836
2020-12-25 16:00:00+00:00,0.0,0.0,0.0,0.0,0.0,22.82
2020-12-25 17:00:00+00:00,0.0,0.0,0.0,0.0,0.0,21.24
2020-12-25 18:00:00+00:00,0.0,0.0,0.0,0.0,0.0,20.26
2020-12-25 19:00:00+00:00,0.0,0.0,0.0,0.0,0.0,19.64
2020-12-25 20:00:00+00:00,0.0,0.0,0.0,0.0,0.0,18.91
2020-12-25 21:00:00+00:00,0.0,0.0,0.0,0.0,0.0,18.28
2020-12-25 22:00:00+00:00,0.0,0.0,0.0,0.0,0.0,17.79
2020-12-25 23:00:00+00:00,0.0,0.0,0.0,0.0,0.0,17.26
2020-12-26 00:00:00+00:00,0.0,0.0,0.0,0.0,0.0,16.93
2020-12-26 01:00:00+00:00,0.0,0.0,0.0,0.0,0.0,16.84
2020-12-26 02:00:00+00:00,0.0,0.0,0.0,0.0,0.0,16.51
2020-12-26 03:00:00+00:00,0.0,0.0,0.0,0.0,0.0,16.29
2020-12-26 04:00:00+00:00,54.36469594535711,8.70925137912943,45.65544456622768,44.78460969082653,0.8708348754011483,17.93118679675322
2020-12-26 05:00:00+00:00,418.13672946121295,319.1917794064105,98.94495005480246,93.30127018922194,5.64367986558052,31.101575056163927
2020-12-26 06:00:00+00:00,607.211823414059,432.92480898742417,174.28701442663487,165.14324823492282,9.143766191712059,38.39919910678156
2020-12-26 07:00:00+00:00,824.3903142320587,645.5529730057115,178.83734122634726,166.07626093681506,12.761080289532213,45.97476843673267
2020-12-26 08:00:00+00:00,980.9482684097684,807.8620432251938,173.08622518457463,157.6791466197851,15.407078564789549,51.93785368614443
2020-12-26 09:00:00+00:00,1067.9910882327163,907.4765734917346,160.5145147409817,143.6839560914018,16.83055864957989,55.5445869064181
2020-12-26 10:00:00+00:00,1004.3781948540916,764.4954226257802,239.8827722283114,223.92304845413267,15.95972377417874,54.120201933157226
2020-12-26 11:00:00+00:00,916.0935320731609,667.488327980514,248.60520409264686,234.18618817494706,14.419015917699785,51.225862860304936
2020-12-26 12:00:00+00:00,855.7126922928919,705.7317575270956,149.98093476579623,137.15286717815624,12.828067587639994,49.002917442605366
2020-12-26 13:00:00+00:00,442.7452697503537,183.81492076266443,258.9303489876893,251.91342951089925,7.016919476790022,37.13622236270462
2020-12-26 14:00:00+00:00,423.7092040445495,329.7140135161662,93.9951905283833,88.63620667976085,5.358983848622452,35.59149119204661
2020-12-26 15:00:00+00:00,163.99562999255568,127.10092041133407,36.89470958122162,35.45448267190434,1.440226909317284,27.352731452562946
2020-12-26 16:00:00+00:00,0.0,0.0,0.0,0.0,0.0,21.55
2020-12-26 17:00:00+00:00,0.0,0.0,0.0,0.0,0.0,20.35
2020-12-26 18:00:00+00:00,0.0,0.0,0.0,0.0,0.0,19.46
2020-12-26 19:00:00+00:00,0.0,0.0,0.0,0.0,0.0,18.65
2020-12-26 20:00:00+00:00,0.0,0.0,0.0,0.0,0.0,18.07
2020-12-26 21:00:00+00:00,0.0,0.0,0.0,0.0,0.0,17.5
2020-12-26 22:00:00+00:00,0.0,0.0,0.0,0.0,0.0,17.0
2020-12-26 23:00:00+00:00,0.0,0.0,0.0,0.0,0.0,16.57
2020-12-27 00:00:00+00:00,0.0,0.0,0.0,0.0,0.0,16.19
2020-12-27 01:00:00+00:00,0.0,0.0,0.0,0.0,0.0,15.93
2020-12-27 02:00:00+00:00,0.0,0.0,0.0,0.0,0.0,15.56
2020-12-27 03:00:00+00:00,0.0,0.0,0.0,0.0,0.0,15.21
2020-12-27 04:00:00+00:00,116.60431456878865,65.76465493276459,50.839659636024074,49.44967320028763,1.3899864357364484,18.685186117437617
2020-12-27 05:00:00+00:00,390.14002757672483,270.90325362367076,119.23677395305405,113.82754963085077,5.409224322203287,28.995029910570274
2020-12-27 06:00:00+00:00,672.2872535732952,551.3948624017504,120.89239117154482,111.02851152517411,9.8638796463707,38.44024659811048
2020-12-27 07:00:00+00:00,790.4959228624333,569.1251743131637,221.37074854926962,208.99484522385714,12.375903325412475,42.266258413566746
2020-12-27 08:00:00+00:00,1016.0755641352603,874.2428597282666,141.83270440699363,125.95671475544962,15.875989651544014,50.01855336607982
2020-12-27 09:00:00+00:00,1091.3825017654456,945.4612537642006,145.92124800124506,128.75575286112627,17.16549514011879,53.84995187992315
2020-12-27 10:00:00+00:00,1108.0957121375413,974.1529078401526,133.94280429738873,116.62658773652743,17.316216560861296,55.559306603878085
2020-12-27 11:00:00+00:00,1029.6253019488822,893.4241674022959,136.20113454658645,120.35863854409631,15.842496002490122,54.27540902550229
2020-12-27 12:00:00+00:00,871.9800691031884,730.1785399355718,141.80152916761654,128.75575286112627,13.04577630649028,49.96637460144211
2020-12-27 13:00:00+00:00,691.3832399720928,579.0386845383205,112.34455543377233,102.63139720814414,9.713158225628193,44.484777394386555
2020-12-27 14:00:00+00:00,431.69514115994485,337.5994696843999,94.09567147554498,88.63620667976085,5.459464795784123,36.15867740570677
2020-12-27 15:00:00+00:00,156.57988678624088,117.83589862576176,38.74398816047912,37.32050807568878,1.4234800847903388,27.603628156693148
2020-12-27 16:00:00+00:00,0.0,0.0,0.0,0.0,0.0,21.76
2020-12-27 17:00:00+00:00,0.0,0.0,0.0,0.0,0.0,20.36
2020-12-27 18:00:00+00:00,0.0,0.0,0.0,0.0,0.0,19.28
2020-12-27 19:00:00+00:00,0.0,0.0,0.0,0.0,0.0,18.35
2020-12-27 20:00:00+00:00,0.0,0.0,0.0,0.0,0.0,17.6
2020-12-27 21:00:00+00:00,0.0,0.0,0.0,0.0,0.0,16.95
2020-12-27 22:00:00+00:00,0.0,0.0,0.0,0.0,0.0,16.4
2020-12-27 23:00:00+00:00,0.0,0.0,0.0,0.0,0.0,15.83
2020-12-28 00:00:00+00:00,0.0,0.0,0.0,0.0,0.0,15.32
2020-12-28 01:00:00+00:00,0.0,0.0,0.0,0.0,0.0,14.78
2020-12-28 02:00:00+00:00,0.0,0.0,0.0,0.0,0.0,14.27
2020-12-28 03:00:00+00:00,0.0,0.0,0.0,0.0,0.0,13.83
2020-12-28 04:00:00+00:00,166.62533370623748,125.78086459859671,40.84446910764078,39.18653347947321,1.657935628167571,18.926878683043913
2020-12-28 05:00:00+00:00,439.08397803073444,349.2681931005308,89.8157849302036,83.97114317029974,5.844641759903862,30.177306671690438
2020-12-28 06:00:00+00:00,680.5369951956714,564.209186586426,116.3278086092454,106.36344801571302,9.964360593532371,39.18809617729813
2020-12-28 07:00:00+00:00,879.8451313042004,747.8880712442246,131.95706005997576,118.49261314031186,13.46444691966391,45.30893168814254
2020-12-28 08:00:00+00:00,1036.0884024981422,906.1001671987893,129.98823529935285,113.82754963085077,16.16068566850208,51.67237170334862
2020-12-28 09:00:00+00:00,1098.610311582769,953.5048485117276,145.10546307104147,127.82274015923406,17.282722911807408,55.18378613352618
2020-12-28 10:00:00+00:00,1115.418870756151,983.224864090858,132.1940066652929,114.76056233274299,17.433444332549914,56.748083407486824
2020-12-28 11:00:00+00:00,1031.5232254653363,890.606786935708,140.91643852962835,125.0237020535574,15.892736476070958,55.05572805513084
2020-12-28 12:00:00+00:00,898.8244864739288,771.5994772215219,127.22500925240689,113.82754963085077,13.397459621556129,51.348826968823126
2020-12-28 13:00:00+00:00,699.2792705516564,586.8174873461954,112.46178320546095,102.63139720814414,9.83038599731681,45.38289518871953
2020-12-28 14:00:00+00:00,431.0758010955278,332.2815724614679,98.79422863405995,93.30127018922194,5.492958444838013,37.14293635207354
2020-12-28 15:00:00+00:00,143.4378011476458,100.99525582865171,42.4425453189941,41.05255888325765,1.3899864357364484,27.868420424810594
2020-12-28 16:00:00+00:00,0.0,0.0,0.0,0.0,0.0,22.18
2020-12-28 17:00:00+00:00,0.0,0.0,0.0,0.0,0.0,20.66
2020-12-28 18:00:00+00:00,0.0,0.0,0.0,0.0,0.0,19.45
2020-12-28 19:00:00+00:00,0.0,0.0,0.0,0.0,0.0,18.7
2020-12-28 20:00:00+00:00,0.0,0.0,0.0,0.0,0.0,17.95
2020-12-28 21:00:00+00:00,0.0,0.0,0.0,0.0,0.0,17.27
2020-12-28 22:00:00+00:00,0.0,0.0,0.0,0.0,0.0,16.63
2020-12-28 23:00:00+00:00,0.0,0.0,0.0,0.0,0.0,16.08
2020-12-29 00:00:00+00:00,0.0,0.0,0.0,0.0,0.0,15.57
2020-12-29 01:00:00+00:00,0.0,0.0,0.0,0.0,0.0,15.11
2020-12-29 02:00:00+00:00,0.0,0.0,0.0,0.0,0.0,14.74
2020-12-29 03:00:00+00:00,0.0,0.0,0.0,0.0,0.0,14.45
2020-12-29 04:00:00+00:00,155.9155178883226,113.27201067500516,42.64350721331744,41.05255888325765,1.5909483300597904,19.298045043456018
2020-12-29 05:00:00+00:00,424.02579116887495,327.8296387461683,96.19615242270663,90.50223208354528,5.693920339161355,29.913289283458056
2020-12-29 06:00:00+00:00,675.6309931020705,559.3701717909329,116.2608213111376,106.36344801571302,9.89737329542459,38.59347745537259
2020-12-29 07:00:00+00:00,874.8586845340567,742.0355990702965,132.8230854637602,119.42562584220408,13.397459621556129,45.44133646639729
2020-12-29 08:00:00+00:00,976.3939588480174,787.463264555802,188.9306942922154,173.5403625519528,15.390331740262603,50.00933076419318
2020-12-29 09:00:00+00:00,971.6522351955537,683.5709921348588,288.0812430606949,272.43970895252806,15.64153410816678,51.29908711310359
2020-12-29 10:00:00+00:00,1076.5286160811388,906.5834933740732,169.94512270706554,153.01408311032398,16.93103959674156,54.804654118072364
2020-12-29 11:00:00+00:00,1028.6029618248829,887.7200169443083,140.88294488057446,125.0237020535574,15.859242827017068,53.99139718630601
2020-12-29 12:00:00+00:00,890.0860629187395,758.2964711040331,131.7895918147063,118.49261314031186,13.296978674394458,50.300039224245126
2020-12-29 13:00:00+00:00,693.4658627345648,577.3222691951157,116.143593539449,106.36344801571302,9.780145523735975,44.522228397371535
2020-12-29 14:00:00+00:00,442.56799902437507,350.204378356399,92.36362066797608,86.7701812759764,5.593439391999684,36.984315655343046
2020-12-29 15:00:00+00:00,154.26710754254267,112.69058762733302,41.576519915209666,40.119546181365436,1.456973733844229,27.880874325761294
2020-12-29 16:00:00+00:00,0.0,0.0,0.0,0.0,0.0,21.98
2020-12-29 17:00:00+00:00,0.0,0.0,0.0,0.0,0.0,20.53
2020-12-29 18:00:00+00:00,0.0,0.0,0.0,0.0,0.0,19.46
2020-12-29 19:00:00+00:00,0.0,0.0,0.0,0.0,0.0,18.9
2020-12-29 20:00:00+00:00,0.0,0.0,0.0,0.0,0.0,18.22
2020-12-29 21:00:00+00:00,0.0,0.0,0.0,0.0,0.0,17.55
2020-12-29 22:00:00+00:00,0.0,0.0,0.0,0.0,0.0,17.0
2020-12-29 23:00:00+00:00,0.0,0.0,0.0,0.0,0.0,16.58
2020-12-30 00:00:00+00:00,0.0,0.0,0.0,0.0,0.0,16.15
2020-12-30 01:00:00+00:00,0.0,0.0,0.0,0.0,0.0,15.83
2020-12-30 02:00:00+00:00,0.0,0.0,0.0,0.0,0.0,15.55
2020-12-30 03:00:00+00:00,0.0,0.0,0.0,0.0,0.0,15.29
2020-12-30 04:00:00+00:00,153.43386774101327,111.75686687864194,41.67700086237134,40.119546181365436,1.5574546810059,20.153120682425108
2020-12-30 05:00:00+00:00,439.0918543828261,354.90763931302973,84.1842150697964,78.37306695894642,5.811148110849971,30.999550611521634
2020-12-30 06:00:00+00:00,670.6625455760714,554.4687115630416,116.19383401302983,106.36344801571302,9.83038599731681,39.156156648878856
2020-12-30 07:00:00+00:00,852.1716502309988,701.9060194482445,150.2656307827543,137.15286717815624,13.112763604598062,45.327944538063605
2020-12-30 08:00:00+00:00,972.5108351326337,782.6973686121069,189.8134665205268,174.47337525384503,15.340091266681767,50.51527658360227
2020-12-30 09:00:00+00:00,975.5001664706604,694.8327845515224,280.66738191913794,264.97560733739033,15.691774581747616,52.09582710466905
2020-12-30 10:00:00+00:00,1021.0998443523206,789.3462372486081,231.75360710371257,215.5259341371027,16.227672966609862,54.26206249321526
2020-12-30 11:00:00+00:00,927.2241699082334,677.484991219371,249.73917868886244,235.1192008768393,14.619977812023127,51.62875069753551
2020-12-30 12:00:00+00:00,830.3842602054256,640.4847411525873,189.89951905283834,177.2724133595217,12.627105693316652,48.225595315559936
2020-12-30 13:00:00+00:00,695.894632792128,582.5165837093018,113.37804908282622,103.56440991003636,9.813639172789864,43.69354774448361
2020-12-30 14:00:00+00:00,425.58388996389135,323.0743573467895,102.50953261710188,97.03332099679082,5.476211620311068,35.73543830067344
2020-12-30 15:00:00+00:00,175.68376109980605,136.78905151858442,38.894709581221626,37.32050807568878,1.574201505532845,27.950318616582013
2020-12-30 16:00:00+00:00,0.0,0.0,0.0,0.0,0.0,21.85
2020-12-30 17:00:00+00:00,0.0,0.0,0.0,0.0,0.0,20.64
2020-12-30 18:00:00+00:00,0.0,0.0,0.0,0.0,0.0,19.9
2020-12-30 19:00:00+00:00,0.0,0.0,0.0,0.0,0.0,19.41
2020-12-30 20:00:00+00:00,0.0,0.0,0.0,0.0,0.0,18.82
2020-12-30 21:00:00+00:00,0.0,0.0,0.0,0.0,0.0,18.35
2020-12-30 22:00:00+00:00,0.0,0.0,0.0,0.0,0.0,17.97
2020-12-30 23:00:00+00:00,0.0,0.0,0.0,0.0,0.0,17.56
2020-12-31 00:00:00+00:00,0.0,0.0,0.0,0.0,0.0,17.07
2020-12-31 01:00:00+00:00,0.0,0.0,0.0,0.0,0.0,16.71
2020-12-31 02:00:00+00:00,0.0,0.0,0.0,0.0,0.0,16.52
2020-12-31 03:00:00+00:00,0.0,0.0,0.0,0.0,0.0,16.26
2020-12-31 04:00:00+00:00,29.4425453189941,0.0,29.4425453189941,28.9233937586588,0.5191515603353,17.101924598284697
2020-12-31 05:00:00+00:00,28.49278579257494,0.0,28.49278579257494,27.990381056766584,0.5024047358083549,17.612775864741373
2020-12-31 06:00:00+00:00,147.21272659497052,0.0,147.21272659497052,144.616968793294,2.5957578016765,21.90224742331296
2020-12-31 07:00:00+00:00,196.60022196876707,0.0,196.60022196876707,193.13362929168943,3.4665926770776485,24.86236848030447
2020-12-31 08:00:00+00:00,452.00944794187455,50.423827040220644,401.5856209016539,393.7313601985166,7.854260703137281,33.54410982949758
2020-12-31 09:00:00+00:00,625.8789966185994,162.683362152682,463.1956344659174,452.5111604177264,10.684474048191014,37.17711178938767
2020-12-31 10:00:00+00:00,614.764001625538,151.75258222941696,463.011419396121,452.5111604177264,10.500258978394616,37.68490967060139
2020-12-31 11:00:00+00:00,468.3139642964686,59.946052113665004,408.3679121828036,400.2624491117621,8.105463071041457,33.77007814448987
2020-12-31 12:00:00+00:00,602.3032413714884,263.15286525527205,339.15037611621636,329.35348376795343,9.796892348262919,37.43522676475017
2020-12-31 13:00:00+00:00,353.4592347286565,84.47151738609288,268.9877173425636,263.10958193360585,5.8781354089577516,29.709389046990193
2020-12-31 14:00:00+00:00,244.29897372539628,83.76805746441383,160.53091626098245,156.74613391789285,3.7847823430896064,26.128740148612586
2020-12-31 15:00:00+00:00,28.49278579257494,0.0,28.49278579257494,27.990381056766584,0.5024047358083549,19.4206094555398
2020-12-31 16:00:00+00:00,0.0,0.0,0.0,0.0,0.0,17.41
2020-12-31 17:00:00+00:00,0.0,0.0,0.0,0.0,0.0,17.34
2020-12-31 18:00:00+00:00,0.0,0.0,0.0,0.0,0.0,17.27
2020-12-31 19:00:00+00:00,0.0,0.0,0.0,0.0,0.0,17.2
2020-12-31 20:00:00+00:00,0.0,0.0,0.0,0.0,0.0,17.13
2020-12-31 21:00:00+00:00,0.0,0.0,0.0,0.0,0.0,17.06
2020-12-31 22:00:00+00:00,0.0,0.0,0.0,0.0,0.0,16.99
2020-12-31 23:00:00+00:00,0.0,0.0,0.0,0.0,0.0,16.92
