time,poa_diffuse,poa_global,poa_direct,temp_air,wind_speed
2023-01-01 00:05:00+00:00,0.0,0.0,0.0,14.85,2.62
2023-01-01 01:05:00+00:00,0.0,0.0,0.0,14.48,2.41
2023-01-01 02:05:00+00:00,0.0,0.0,0.0,14.1,2.21
2023-01-01 03:05:00+00:00,0.0,0.0,0.0,13.7,2.07
2023-01-01 04:05:00+00:00,58.309999999999995,184.79999999999998,126.49,13.52,1.86
2023-01-01 05:05:00+00:00,106.10000000000001,480.61,374.51,15.88,1.72
2023-01-01 06:05:00+00:00,129.96,719.44,589.48,18.57,2.9
2023-01-01 07:05:00+00:00,102.05,950.0699999999999,848.02,20.53,3.79
2023-01-01 08:05:00+00:00,151.73000000000002,1050.53,898.8,22.2,4.76
2023-01-01 09:05:00+00:00,281.69,1039.69,758.0,23.46,5.24
2023-01-01 10:05:00+00:00,290.56,1032.49,741.93,23.91,5.38
2023-01-01 11:05:00+00:00,251.57999999999998,983.54,731.96,24.43,5.45
2023-01-01 12:05:00+00:00,374.55,626.08,251.53,24.41,5.38
2023-01-01 13:05:00+00:00,289.77,429.73,139.96,24.06,5.24
2023-01-01 14:05:00+00:00,119.01,457.24,338.23,23.35,5.17
2023-01-01 15:05:00+00:00,60.239999999999995,160.87,100.63,21.95,4.69
2023-01-01 16:05:00+00:00,0.0,0.0,0.0,20.38,4.0
2023-01-01 17:05:00+00:00,0.0,0.0,0.0,19.18,3.86
2023-01-01 18:05:00+00:00,0.0,0.0,0.0,18.16,3.66
2023-01-01 19:05:00+00:00,0.0,0.0,0.0,17.61,3.52
2023-01-01 20:05:00+00:00,0.0,0.0,0.0,16.96,3.38
2023-01-01 21:05:00+00:00,0.0,0.0,0.0,16.36,3.17
2023-01-01 22:05:00+00:00,0.0,0.0,0.0,15.77,2.9
2023-01-01 23:05:00+00:00,0.0,0.0,0.0,15.33,2.55
2023-01-02 00:05:00+00:00,0.0,0.0,0.0,14.84,2.21
2023-01-02 01:05:00+00:00,0.0,0.0,0.0,14.35,1.79
2023-01-02 02:05:00+00:00,0.0,0.0,0.0,13.81,1.66
2023-01-02 03:05:00+00:00,0.0,0.0,0.0,13.32,1.59
2023-01-02 04:05:00+00:00,10.41,10.41,0.0,13.12,1.52
2023-01-02 05:05:00+00:00,158.60999999999999,189.35999999999999,30.75,15.49,2.07
2023-01-02 06:05:00+00:00,250.88000000000002,277.23,26.35,17.46,5.03
2023-01-02 07:05:00+00:00,379.46000000000004,580.71,201.25,17.95,5.45
2023-01-02 08:05:00+00:00,347.77000000000004,886.03,538.26,18.93,5.72
2023-01-02 09:05:00+00:00,225.89,1070.6599999999999,844.77,20.29,5.59
2023-01-02 10:05:00+00:00,484.11999999999995,701.39,217.27,21.65,5.79
2023-01-02 11:05:00+00:00,391.34,827.69,436.35,22.18,5.66
2023-01-02 12:05:00+00:00,364.74,651.6600000000001,286.92,22.84,5.66
2023-01-02 13:05:00+00:00,282.15,487.51,205.36,22.69,5.66
2023-01-02 14:05:00+00:00,153.29,396.06,242.77,21.89,5.38
2023-01-02 15:05:00+00:00,58.699999999999996,176.75,118.05,20.53,4.62
2023-01-02 16:05:00+00:00,0.0,0.0,0.0,19.18,3.79
2023-01-02 17:05:00+00:00,0.0,0.0,0.0,17.99,3.24
2023-01-02 18:05:00+00:00,0.0,0.0,0.0,17.09,2.76
2023-01-02 19:05:00+00:00,0.0,0.0,0.0,16.84,2.34
2023-01-02 20:05:00+00:00,0.0,0.0,0.0,16.2,2.21
2023-01-02 21:05:00+00:00,0.0,0.0,0.0,15.84,2.28
2023-01-02 22:05:00+00:00,0.0,0.0,0.0,15.53,2.41
2023-01-02 23:05:00+00:00,0.0,0.0,0.0,15.1,2.34
2023-01-03 00:05:00+00:00,0.0,0.0,0.0,14.5,1.79
2023-01-03 01:05:00+00:00,0.0,0.0,0.0,14.24,1.45
2023-01-03 02:05:00+00:00,0.0,0.0,0.0,14.06,1.59
2023-01-03 03:05:00+00:00,0.0,0.0,0.0,13.91,1.31
2023-01-03 04:05:00+00:00,7.57,7.57,0.0,13.58,1.17
2023-01-03 05:05:00+00:00,157.66,188.41,30.75,14.33,1.17
2023-01-03 06:05:00+00:00,201.82999999999998,205.42,3.59,15.57,1.31
2023-01-03 07:05:00+00:00,376.89,508.73,131.84,16.7,2.14
2023-01-03 08:05:00+00:00,412.84000000000003,772.48,359.64,18.73,3.52
2023-01-03 09:05:00+00:00,261.83,1034.58,772.75,19.78,4.21
2023-01-03 10:05:00+00:00,215.25,1067.56,852.31,20.48,4.9
2023-01-03 11:05:00+00:00,309.47999999999996,917.97,608.49,21.11,5.45
2023-01-03 12:05:00+00:00,370.62,455.35,84.73,21.41,5.66
2023-01-03 13:05:00+00:00,164.56,674.5699999999999,510.01,21.41,5.45
2023-01-03 14:05:00+00:00,104.86000000000001,472.62,367.76,20.89,5.17
2023-01-03 15:05:00+00:00,58.52,177.58,119.06,19.68,4.76
2023-01-03 16:05:00+00:00,0.0,0.0,0.0,18.3,4.0
2023-01-03 17:05:00+00:00,0.0,0.0,0.0,17.39,3.45
2023-01-03 18:05:00+00:00,0.0,0.0,0.0,16.72,3.17
2023-01-03 19:05:00+00:00,0.0,0.0,0.0,16.68,3.59
2023-01-03 20:05:00+00:00,0.0,0.0,0.0,16.3,3.45
2023-01-03 21:05:00+00:00,0.0,0.0,0.0,15.74,3.17
2023-01-03 22:05:00+00:00,0.0,0.0,0.0,15.38,2.9
2023-01-03 23:05:00+00:00,0.0,0.0,0.0,14.96,2.48
2023-01-04 00:05:00+00:00,0.0,0.0,0.0,14.82,1.93
2023-01-04 01:05:00+00:00,0.0,0.0,0.0,14.63,1.59
2023-01-04 02:05:00+00:00,0.0,0.0,0.0,14.16,1.59
2023-01-04 03:05:00+00:00,0.0,0.0,0.0,13.82,1.45
2023-01-04 04:05:00+00:00,9.46,9.46,0.0,13.56,1.31
2023-01-04 05:05:00+00:00,89.86999999999999,89.86999999999999,0.0,15.54,2.28
2023-01-04 06:05:00+00:00,238.75,259.08,20.33,17.62,4.28
2023-01-04 07:05:00+00:00,342.86,678.89,336.03,18.81,5.17
2023-01-04 08:05:00+00:00,230.82000000000002,230.82000000000002,0.0,19.49,5.72
2023-01-04 09:05:00+00:00,311.3,312.36,1.06,20.26,5.86
2023-01-04 10:05:00+00:00,441.98,494.07000000000005,52.09,20.29,5.45
2023-01-04 11:05:00+00:00,323.02,328.40999999999997,5.39,20.65,5.45
2023-01-04 12:05:00+00:00,275.76000000000005,281.33000000000004,5.57,20.97,4.97
2023-01-04 13:05:00+00:00,275.14,336.98,61.84,21.35,4.62
2023-01-04 14:05:00+00:00,153.18,173.85000000000002,20.67,21.08,4.55
2023-01-04 15:05:00+00:00,53.620000000000005,78.53,24.91,20.17,4.07
2023-01-04 16:05:00+00:00,0.0,0.0,0.0,18.79,3.45
2023-01-04 17:05:00+00:00,0.0,0.0,0.0,17.87,3.38
2023-01-04 18:05:00+00:00,0.0,0.0,0.0,17.02,2.97
2023-01-04 19:05:00+00:00,0.0,0.0,0.0,16.47,3.31
2023-01-04 20:05:00+00:00,0.0,0.0,0.0,16.03,3.1
2023-01-04 21:05:00+00:00,0.0,0.0,0.0,15.52,2.83
2023-01-04 22:05:00+00:00,0.0,0.0,0.0,15.1,2.62
2023-01-04 23:05:00+00:00,0.0,0.0,0.0,14.78,2.28
2023-01-05 00:05:00+00:00,0.0,0.0,0.0,14.44,1.93
2023-01-05 01:05:00+00:00,0.0,0.0,0.0,13.96,1.59
2023-01-05 02:05:00+00:00,0.0,0.0,0.0,13.59,1.52
2023-01-05 03:05:00+00:00,0.0,0.0,0.0,13.05,1.45
2023-01-05 04:05:00+00:00,16.08,16.08,0.0,12.87,1.45
2023-01-05 05:05:00+00:00,154.38,182.32999999999998,27.95,15.38,1.59
2023-01-05 06:05:00+00:00,238.39000000000001,579.0,340.61,18.36,2.97
2023-01-05 07:05:00+00:00,336.0,700.73,364.73,19.79,4.9
2023-01-05 08:05:00+00:00,273.51000000000005,948.3800000000001,674.87,21.15,5.52
2023-01-05 09:05:00+00:00,305.24,1004.28,699.04,22.22,5.79
2023-01-05 10:05:00+00:00,403.51,904.7,501.19,22.69,5.52
2023-01-05 11:05:00+00:00,274.41,953.54,679.13,23.32,5.1
2023-01-05 12:05:00+00:00,313.8,749.51,435.71,23.33,4.83
2023-01-05 13:05:00+00:00,288.60999999999996,406.09,117.48,23.0,4.69
2023-01-05 14:05:00+00:00,134.89,432.78,297.89,22.38,4.62
2023-01-05 15:05:00+00:00,58.39,190.57999999999998,132.19,21.35,4.41
2023-01-05 16:05:00+00:00,0.0,0.0,0.0,19.69,3.72
2023-01-05 17:05:00+00:00,0.0,0.0,0.0,18.47,3.59
2023-01-05 18:05:00+00:00,0.0,0.0,0.0,17.63,3.45
2023-01-05 19:05:00+00:00,0.0,0.0,0.0,17.18,2.97
2023-01-05 20:05:00+00:00,0.0,0.0,0.0,16.36,2.69
2023-01-05 21:05:00+00:00,0.0,0.0,0.0,15.67,2.41
2023-01-05 22:05:00+00:00,0.0,0.0,0.0,14.97,2.14
2023-01-05 23:05:00+00:00,0.0,0.0,0.0,14.32,1.93
2023-01-06 00:05:00+00:00,0.0,0.0,0.0,13.81,1.86
2023-01-06 01:05:00+00:00,0.0,0.0,0.0,13.44,1.72
2023-01-06 02:05:00+00:00,0.0,0.0,0.0,13.25,1.72
2023-01-06 03:05:00+00:00,0.0,0.0,0.0,13.24,1.79
2023-01-06 04:05:00+00:00,54.96,168.2,113.24,13.37,1.79
2023-01-06 05:05:00+00:00,103.19,464.95,361.76,16.3,1.66
2023-01-06 06:05:00+00:00,129.22,701.1700000000001,571.95,19.52,2.9
2023-01-06 07:05:00+00:00,124.03,914.06,790.03,21.19,4.34
2023-01-06 08:05:00+00:00,99.54,1078.52,978.98,22.83,4.34
2023-01-06 09:05:00+00:00,97.66000000000001,1155.73,1058.07,24.11,4.34
2023-01-06 10:05:00+00:00,97.67,1158.29,1060.62,24.89,4.34
2023-01-06 11:05:00+00:00,133.3,1059.82,926.52,25.42,4.21
2023-01-06 12:05:00+00:00,123.91999999999999,926.24,802.32,25.42,4.0
2023-01-06 13:05:00+00:00,154.16000000000003,694.06,539.9,25.32,3.86
2023-01-06 14:05:00+00:00,120.16000000000001,457.98,337.82,24.5,4.07
2023-01-06 15:05:00+00:00,57.989999999999995,199.85000000000002,141.86,23.25,4.21
2023-01-06 16:05:00+00:00,0.0,0.0,0.0,21.62,4.07
2023-01-06 17:05:00+00:00,0.0,0.0,0.0,20.29,4.07
2023-01-06 18:05:00+00:00,0.0,0.0,0.0,19.11,4.07
2023-01-06 19:05:00+00:00,0.0,0.0,0.0,18.28,3.79
2023-01-06 20:05:00+00:00,0.0,0.0,0.0,17.6,3.52
2023-01-06 21:05:00+00:00,0.0,0.0,0.0,17.04,3.17
2023-01-06 22:05:00+00:00,0.0,0.0,0.0,16.44,2.97
2023-01-06 23:05:00+00:00,0.0,0.0,0.0,16.05,2.69
2023-01-07 00:05:00+00:00,0.0,0.0,0.0,15.53,2.34
2023-01-07 01:05:00+00:00,0.0,0.0,0.0,15.14,2.14
2023-01-07 02:05:00+00:00,0.0,0.0,0.0,14.79,1.93
2023-01-07 03:05:00+00:00,0.0,0.0,0.0,14.54,1.79
2023-01-07 04:05:00+00:00,53.77,157.74,103.97,14.39,1.66
2023-01-07 05:05:00+00:00,108.92999999999999,446.75,337.82,16.88,1.66
2023-01-07 06:05:00+00:00,133.23,691.47,558.24,19.6,3.17
2023-01-07 07:05:00+00:00,140.75,893.2,752.45,21.3,4.21
2023-01-07 08:05:00+00:00,125.78999999999999,1052.06,926.27,22.9,4.55
2023-01-07 09:05:00+00:00,98.58999999999999,1150.1699999999998,1051.58,23.96,4.62
2023-01-07 10:05:00+00:00,103.86,1149.4199999999998,1045.56,24.93,4.62
2023-01-07 11:05:00+00:00,133.1,1055.12,922.02,25.15,4.62
2023-01-07 12:05:00+00:00,136.44,913.03,776.59,24.5,4.48
2023-01-07 13:05:00+00:00,126.55,717.1899999999999,590.64,24.43,4.48
2023-01-07 14:05:00+00:00,108.63000000000001,473.78,365.15,23.55,4.48
2023-01-07 15:05:00+00:00,60.779999999999994,185.76999999999998,124.99,22.55,4.48
2023-01-07 16:05:00+00:00,0.0,0.0,0.0,21.19,4.0
2023-01-07 17:05:00+00:00,0.0,0.0,0.0,19.99,4.0
2023-01-07 18:05:00+00:00,0.0,0.0,0.0,19.06,3.86
2023-01-07 19:05:00+00:00,0.0,0.0,0.0,18.59,3.72
2023-01-07 20:05:00+00:00,0.0,0.0,0.0,17.94,3.52
2023-01-07 21:05:00+00:00,0.0,0.0,0.0,17.46,3.24
2023-01-07 22:05:00+00:00,0.0,0.0,0.0,17.01,2.9
2023-01-07 23:05:00+00:00,0.0,0.0,0.0,16.63,2.55
2023-01-08 00:05:00+00:00,0.0,0.0,0.0,16.1,2.14
2023-01-08 01:05:00+00:00,0.0,0.0,0.0,15.8,1.59
2023-01-08 02:05:00+00:00,0.0,0.0,0.0,15.5,1.24
2023-01-08 03:05:00+00:00,0.0,0.0,0.0,15.26,1.03
2023-01-08 04:05:00+00:00,50.77,88.1,37.33,14.96,0.97
2023-01-08 05:05:00+00:00,112.08999999999999,442.67999999999995,330.59,16.95,1.03
2023-01-08 06:05:00+00:00,135.15,685.61,550.46,19.33,2.07
2023-01-08 07:05:00+00:00,144.84,887.52,742.68,21.09,3.17
2023-01-08 08:05:00+00:00,145.61,1035.35,889.74,23.27,4.0
2023-01-08 09:05:00+00:00,162.17,1099.2,937.03,23.93,4.21
2023-01-08 10:05:00+00:00,126.85,1132.98,1006.13,24.78,4.21
2023-01-08 11:05:00+00:00,167.38,1028.04,860.66,25.04,4.14
2023-01-08 12:05:00+00:00,270.95000000000005,805.09,534.14,24.72,4.28
2023-01-08 13:05:00+00:00,148.54000000000002,697.7,549.16,24.16,4.41
2023-01-08 14:05:00+00:00,109.67999999999999,476.14,366.46,23.32,4.41
2023-01-08 15:05:00+00:00,55.45,74.98,19.53,21.95,4.34
2023-01-08 16:05:00+00:00,0.0,0.0,0.0,20.35,3.86
2023-01-08 17:05:00+00:00,0.0,0.0,0.0,18.96,3.86
2023-01-08 18:05:00+00:00,0.0,0.0,0.0,17.97,3.59
2023-01-08 19:05:00+00:00,0.0,0.0,0.0,18.01,4.14
2023-01-08 20:05:00+00:00,0.0,0.0,0.0,17.31,3.72
2023-01-08 21:05:00+00:00,0.0,0.0,0.0,16.72,3.24
2023-01-08 22:05:00+00:00,0.0,0.0,0.0,16.47,2.9
2023-01-08 23:05:00+00:00,0.0,0.0,0.0,15.96,2.62
2023-01-09 00:05:00+00:00,0.0,0.0,0.0,15.78,2.34
2023-01-09 01:05:00+00:00,0.0,0.0,0.0,15.44,2.0
2023-01-09 02:05:00+00:00,0.0,0.0,0.0,15.26,1.72
2023-01-09 03:05:00+00:00,0.0,0.0,0.0,15.06,1.59
2023-01-09 04:05:00+00:00,42.9,60.41,17.51,14.92,1.52
2023-01-09 05:05:00+00:00,135.94,148.48,12.54,16.1,2.62
2023-01-09 06:05:00+00:00,280.2,389.68,109.48,18.35,4.0
2023-01-09 07:05:00+00:00,367.44,610.62,243.18,20.05,4.48
2023-01-09 08:05:00+00:00,335.5,343.01,7.51,21.61,4.48
2023-01-09 09:05:00+00:00,271.07,1028.2,757.13,23.03,4.28
2023-01-09 10:05:00+00:00,423.12,877.4300000000001,454.31,23.75,4.21
2023-01-09 11:05:00+00:00,282.61,948.26,665.65,24.54,4.28
2023-01-09 12:05:00+00:00,175.83,882.2900000000001,706.46,24.99,4.34
2023-01-09 13:05:00+00:00,253.23000000000002,578.86,325.63,24.64,4.48
2023-01-09 14:05:00+00:00,139.38,434.09,294.71,23.24,4.69
2023-01-09 15:05:00+00:00,61.29,194.37,133.08,22.09,4.9
2023-01-09 16:05:00+00:00,0.0,0.0,0.0,20.71,4.14
2023-01-09 17:05:00+00:00,0.0,0.0,0.0,19.53,3.79
2023-01-09 18:05:00+00:00,0.0,0.0,0.0,18.66,3.52
2023-01-09 19:05:00+00:00,0.0,0.0,0.0,18.4,3.38
2023-01-09 20:05:00+00:00,0.0,0.0,0.0,17.86,3.17
2023-01-09 21:05:00+00:00,0.0,0.0,0.0,17.52,3.03
2023-01-09 22:05:00+00:00,0.0,0.0,0.0,17.22,2.97
2023-01-09 23:05:00+00:00,0.0,0.0,0.0,16.56,2.62
2023-01-10 00:05:00+00:00,0.0,0.0,0.0,16.28,2.41
2023-01-10 01:05:00+00:00,0.0,0.0,0.0,15.88,2.14
2023-01-10 02:05:00+00:00,0.0,0.0,0.0,15.69,1.86
2023-01-10 03:05:00+00:00,0.0,0.0,0.0,15.55,1.59
2023-01-10 04:05:00+00:00,22.7,22.7,0.0,15.38,1.38
2023-01-10 05:05:00+00:00,163.35999999999999,219.04999999999998,55.69,16.63,2.07
2023-01-10 06:05:00+00:00,260.19,300.59,40.4,18.47,3.52
2023-01-10 07:05:00+00:00,324.19,714.52,390.33,20.22,4.0
2023-01-10 08:05:00+00:00,424.17,746.79,322.62,21.39,4.28
2023-01-10 09:05:00+00:00,369.3,944.8399999999999,575.54,22.89,4.34
2023-01-10 10:05:00+00:00,457.27000000000004,818.1,360.83,24.11,4.34
2023-01-10 11:05:00+00:00,416.71999999999997,790.69,373.97,24.07,4.28
2023-01-10 12:05:00+00:00,351.31,697.25,345.94,23.82,4.41
2023-01-10 13:05:00+00:00,241.94,600.75,358.81,23.51,4.62
2023-01-10 14:05:00+00:00,149.4,418.69000000000005,269.29,22.81,4.62
2023-01-10 15:05:00+00:00,65.78,133.74,67.96,21.58,4.48
2023-01-10 16:05:00+00:00,0.0,0.0,0.0,20.34,3.86
2023-01-10 17:05:00+00:00,0.0,0.0,0.0,19.2,3.86
2023-01-10 18:05:00+00:00,0.0,0.0,0.0,18.42,3.93
2023-01-10 19:05:00+00:00,0.0,0.0,0.0,18.1,3.59
2023-01-10 20:05:00+00:00,0.0,0.0,0.0,17.61,3.38
2023-01-10 21:05:00+00:00,0.0,0.0,0.0,17.18,3.17
2023-01-10 22:05:00+00:00,0.0,0.0,0.0,16.87,3.03
2023-01-10 23:05:00+00:00,0.0,0.0,0.0,16.39,2.69
2023-01-11 00:05:00+00:00,0.0,0.0,0.0,15.88,2.34
2023-01-11 01:05:00+00:00,0.0,0.0,0.0,15.35,2.0
2023-01-11 02:05:00+00:00,0.0,0.0,0.0,14.9,1.72
2023-01-11 03:05:00+00:00,0.0,0.0,0.0,14.52,1.52
2023-01-11 04:05:00+00:00,52.08,125.32,73.24,14.33,1.38
2023-01-11 05:05:00+00:00,148.98,371.44,222.46,16.09,1.66
2023-01-11 06:05:00+00:00,202.65,617.95,415.3,18.35,2.48
2023-01-11 07:05:00+00:00,188.14,852.53,664.39,21.07,3.1
2023-01-11 08:05:00+00:00,223.59,980.3100000000001,756.72,23.09,3.93
2023-01-11 09:05:00+00:00,193.87,1080.75,886.88,24.53,4.34
2023-01-11 10:05:00+00:00,262.82,1041.35,778.53,25.3,4.55
2023-01-11 11:05:00+00:00,178.45,1025.42,846.97,25.67,4.69
2023-01-11 12:05:00+00:00,151.66000000000003,902.6500000000001,750.99,25.35,4.76
2023-01-11 13:05:00+00:00,137.63,710.6899999999999,573.06,24.21,4.83
2023-01-11 14:05:00+00:00,115.39,470.72999999999996,355.34,23.33,4.97
2023-01-11 15:05:00+00:00,61.71,202.51000000000002,140.8,21.91,4.69
2023-01-11 16:05:00+00:00,0.0,0.0,0.0,20.5,4.14
2023-01-11 17:05:00+00:00,0.0,0.0,0.0,19.45,4.07
2023-01-11 18:05:00+00:00,0.0,0.0,0.0,18.86,3.93
2023-01-11 19:05:00+00:00,0.0,0.0,0.0,18.48,3.45
2023-01-11 20:05:00+00:00,0.0,0.0,0.0,17.79,3.1
2023-01-11 21:05:00+00:00,0.0,0.0,0.0,17.26,2.76
2023-01-11 22:05:00+00:00,0.0,0.0,0.0,16.77,2.41
2023-01-11 23:05:00+00:00,0.0,0.0,0.0,16.35,1.93
2023-01-12 00:05:00+00:00,0.0,0.0,0.0,16.03,1.59
2023-01-12 01:05:00+00:00,0.0,0.0,0.0,15.56,1.45
2023-01-12 02:05:00+00:00,0.0,0.0,0.0,15.1,1.38
2023-01-12 03:05:00+00:00,0.0,0.0,0.0,14.77,1.31
2023-01-12 04:05:00+00:00,51.980000000000004,130.60000000000002,78.62,14.49,1.24
2023-01-12 05:05:00+00:00,115.54,426.54,311.0,16.55,1.31
2023-01-12 06:05:00+00:00,134.65,678.42,543.77,19.23,2.48
2023-01-12 07:05:00+00:00,187.95000000000002,850.22,662.27,21.0,4.07
2023-01-12 08:05:00+00:00,152.45000000000002,1026.69,874.24,22.59,4.41
2023-01-12 09:05:00+00:00,155.53,1104.29,948.76,23.37,4.41
2023-01-12 10:05:00+00:00,133.75,1127.75,994.0,24.34,4.62
2023-01-12 11:05:00+00:00,146.16,1048.1100000000001,901.95,24.55,4.62
2023-01-12 12:05:00+00:00,220.26,853.4,633.14,24.56,4.69
2023-01-12 13:05:00+00:00,225.32,626.55,401.23,24.64,5.03
2023-01-12 14:05:00+00:00,184.84,305.01,120.17,24.19,5.45
2023-01-12 15:05:00+00:00,58.089999999999996,76.8,18.71,22.96,5.24
2023-01-12 16:05:00+00:00,0.0,0.0,0.0,21.32,4.34
2023-01-12 17:05:00+00:00,0.0,0.0,0.0,20.04,4.14
2023-01-12 18:05:00+00:00,0.0,0.0,0.0,18.99,3.93
2023-01-12 19:05:00+00:00,0.0,0.0,0.0,18.36,3.79
2023-01-12 20:05:00+00:00,0.0,0.0,0.0,17.69,3.38
2023-01-12 21:05:00+00:00,0.0,0.0,0.0,17.14,3.1
2023-01-12 22:05:00+00:00,0.0,0.0,0.0,16.66,2.9
2023-01-12 23:05:00+00:00,0.0,0.0,0.0,16.3,2.69
2023-01-13 00:05:00+00:00,0.0,0.0,0.0,15.8,2.55
2023-01-13 01:05:00+00:00,0.0,0.0,0.0,15.46,2.41
2023-01-13 02:05:00+00:00,0.0,0.0,0.0,15.02,2.21
2023-01-13 03:05:00+00:00,0.0,0.0,0.0,14.59,1.93
2023-01-13 04:05:00+00:00,50.7,114.36,63.66,14.26,1.59
2023-01-13 05:05:00+00:00,109.56,436.69,327.13,16.28,1.59
2023-01-13 06:05:00+00:00,144.19,674.02,529.83,18.91,2.97
2023-01-13 07:05:00+00:00,180.85,861.9200000000001,681.07,20.7,3.86
2023-01-13 08:05:00+00:00,137.9,1044.94,907.04,22.54,3.93
2023-01-13 09:05:00+00:00,154.51000000000002,1112.32,957.81,24.21,4.07
2023-01-13 10:05:00+00:00,131.67000000000002,1135.6200000000001,1003.95,25.38,4.34
2023-01-13 11:05:00+00:00,144.06,1056.09,912.03,26.09,4.48
2023-01-13 12:05:00+00:00,134.82,926.49,791.67,25.98,4.76
2023-01-13 13:05:00+00:00,133.33,723.0400000000001,589.71,25.49,4.97
2023-01-13 14:05:00+00:00,108.03,486.96000000000004,378.93,24.61,5.1
2023-01-13 15:05:00+00:00,60.95,211.16000000000003,150.21,23.38,5.1
2023-01-13 16:05:00+00:00,0.0,0.0,0.0,21.63,4.41
2023-01-13 17:05:00+00:00,0.0,0.0,0.0,20.17,4.21
2023-01-13 18:05:00+00:00,0.0,0.0,0.0,18.98,4.0
2023-01-13 19:05:00+00:00,0.0,0.0,0.0,18.27,3.86
2023-01-13 20:05:00+00:00,0.0,0.0,0.0,17.56,3.45
2023-01-13 21:05:00+00:00,0.0,0.0,0.0,16.98,3.03
2023-01-13 22:05:00+00:00,0.0,0.0,0.0,16.43,2.55
2023-01-13 23:05:00+00:00,0.0,0.0,0.0,15.87,2.21
2023-01-14 00:05:00+00:00,0.0,0.0,0.0,15.39,1.93
2023-01-14 01:05:00+00:00,0.0,0.0,0.0,14.97,1.93
2023-01-14 02:05:00+00:00,0.0,0.0,0.0,14.67,2.0
2023-01-14 03:05:00+00:00,0.0,0.0,0.0,14.49,2.0
2023-01-14 04:05:00+00:00,48.5,99.62,51.12,14.18,1.79
2023-01-14 05:05:00+00:00,119.35,418.23,298.88,16.33,1.59
2023-01-14 06:05:00+00:00,138.66,673.42,534.76,19.08,3.31
2023-01-14 07:05:00+00:00,138.94,888.28,749.34,20.39,4.14
2023-01-14 08:05:00+00:00,157.42000000000002,1023.5699999999999,866.15,22.03,4.14
2023-01-14 09:05:00+00:00,161.51999999999998,1102.05,940.53,23.69,4.07
2023-01-14 10:05:00+00:00,154.26,1113.55,959.29,24.9,4.07
2023-01-14 11:05:00+00:00,144.92,1053.15,908.23,25.57,4.14
2023-01-14 12:05:00+00:00,145.03,913.12,768.09,25.85,4.28
2023-01-14 13:05:00+00:00,129.93,724.9300000000001,595.0,25.21,4.41
2023-01-14 14:05:00+00:00,110.94,482.92,371.98,24.34,4.62
2023-01-14 15:05:00+00:00,63.419999999999995,203.92,140.5,23.37,4.76
2023-01-14 16:05:00+00:00,0.0,0.0,0.0,21.68,4.14
2023-01-14 17:05:00+00:00,0.0,0.0,0.0,20.27,3.93
2023-01-14 18:05:00+00:00,0.0,0.0,0.0,19.11,3.72
2023-01-14 19:05:00+00:00,0.0,0.0,0.0,18.4,3.66
2023-01-14 20:05:00+00:00,0.0,0.0,0.0,17.57,3.52
2023-01-14 21:05:00+00:00,0.0,0.0,0.0,16.92,3.31
2023-01-14 22:05:00+00:00,0.0,0.0,0.0,16.35,2.97
2023-01-14 23:05:00+00:00,0.0,0.0,0.0,15.88,2.69
2023-01-15 00:05:00+00:00,0.0,0.0,0.0,15.49,2.41
2023-01-15 01:05:00+00:00,0.0,0.0,0.0,15.15,2.07
2023-01-15 02:05:00+00:00,0.0,0.0,0.0,14.71,1.93
2023-01-15 03:05:00+00:00,0.0,0.0,0.0,14.37,1.79
2023-01-15 04:05:00+00:00,47.01,95.72999999999999,48.72,14.08,1.66
2023-01-15 05:05:00+00:00,118.0,414.91,296.91,16.38,1.72
2023-01-15 06:05:00+00:00,138.46,671.0,532.54,19.49,3.38
2023-01-15 07:05:00+00:00,138.77,885.67,746.9,20.93,4.48
2023-01-15 08:05:00+00:00,157.23,1020.85,863.62,22.64,4.34
2023-01-15 09:05:00+00:00,153.07,1105.65,952.58,24.23,4.28
2023-01-15 10:05:00+00:00,170.60999999999999,1101.02,930.41,25.34,4.41
2023-01-15 11:05:00+00:00,152.03,1046.8700000000001,894.84,25.85,4.55
2023-01-15 12:05:00+00:00,139.65,918.0,778.35,26.03,4.83
2023-01-15 13:05:00+00:00,129.75,725.33,595.58,25.57,5.03
2023-01-15 14:05:00+00:00,106.54,488.74,382.2,24.65,5.17
2023-01-15 15:05:00+00:00,61.44,220.63,159.19,23.39,5.31
2023-01-15 16:05:00+00:00,0.0,0.0,0.0,21.7,4.69
2023-01-15 17:05:00+00:00,0.0,0.0,0.0,20.35,4.41
2023-01-15 18:05:00+00:00,0.0,0.0,0.0,19.32,4.07
2023-01-15 19:05:00+00:00,0.0,0.0,0.0,18.5,4.0
2023-01-15 20:05:00+00:00,0.0,0.0,0.0,17.79,3.72
2023-01-15 21:05:00+00:00,0.0,0.0,0.0,17.07,3.31
2023-01-15 22:05:00+00:00,0.0,0.0,0.0,16.54,2.83
2023-01-15 23:05:00+00:00,0.0,0.0,0.0,16.0,2.34
2023-01-16 00:05:00+00:00,0.0,0.0,0.0,15.46,2.0
2023-01-16 01:05:00+00:00,0.0,0.0,0.0,14.91,1.86
2023-01-16 02:05:00+00:00,0.0,0.0,0.0,14.48,1.79
2023-01-16 03:05:00+00:00,0.0,0.0,0.0,14.2,1.72
2023-01-16 04:05:00+00:00,49.47,124.06,74.59,14.08,1.72
2023-01-16 05:05:00+00:00,103.84,435.94000000000005,332.1,16.48,1.72
2023-01-16 06:05:00+00:00,130.07,681.49,551.42,19.46,3.72
2023-01-16 07:05:00+00:00,142.88,883.99,741.11,21.31,4.07
2023-01-16 08:05:00+00:00,157.2,1025.67,868.47,23.02,4.21
2023-01-16 09:05:00+00:00,181.92000000000002,1093.1,911.18,24.33,4.28
2023-01-16 10:05:00+00:00,170.56,1106.61,936.05,25.2,4.41
2023-01-16 11:05:00+00:00,158.17,1047.02,888.85,25.61,4.76
2023-01-16 12:05:00+00:00,144.81,918.0999999999999,773.29,25.56,4.97
2023-01-16 13:05:00+00:00,161.01,702.93,541.92,25.19,5.1
2023-01-16 14:05:00+00:00,112.75999999999999,484.06,371.3,24.29,5.31
2023-01-16 15:05:00+00:00,62.41,209.98,147.57,23.14,5.31
2023-01-16 16:05:00+00:00,0.0,0.0,0.0,21.39,4.69
2023-01-16 17:05:00+00:00,0.0,0.0,0.0,19.98,4.48
2023-01-16 18:05:00+00:00,0.0,0.0,0.0,18.92,4.0
2023-01-16 19:05:00+00:00,0.0,0.0,0.0,18.33,3.79
2023-01-16 20:05:00+00:00,0.0,0.0,0.0,17.67,3.52
2023-01-16 21:05:00+00:00,0.0,0.0,0.0,17.0,3.38
2023-01-16 22:05:00+00:00,0.0,0.0,0.0,16.37,3.17
2023-01-16 23:05:00+00:00,0.0,0.0,0.0,15.82,2.62
2023-01-17 00:05:00+00:00,0.0,0.0,0.0,15.28,2.07
2023-01-17 01:05:00+00:00,0.0,0.0,0.0,14.81,1.59
2023-01-17 02:05:00+00:00,0.0,0.0,0.0,14.37,1.38
2023-01-17 03:05:00+00:00,0.0,0.0,0.0,14.01,1.38
2023-01-17 04:05:00+00:00,47.11,101.25999999999999,54.15,13.88,1.45
2023-01-17 05:05:00+00:00,122.6,404.42999999999995,281.83,16.28,1.66
2023-01-17 06:05:00+00:00,275.5,450.3,174.8,18.95,3.59
2023-01-17 07:05:00+00:00,370.21999999999997,598.14,227.92,20.28,4.41
2023-01-17 08:05:00+00:00,397.58,805.5899999999999,408.01,21.74,4.34
2023-01-17 09:05:00+00:00,214.39,1069.63,855.24,22.97,4.28
2023-01-17 10:05:00+00:00,262.72999999999996,1045.84,783.11,23.66,4.21
2023-01-17 11:05:00+00:00,198.09,1019.75,821.66,24.29,4.0
2023-01-17 12:05:00+00:00,207.36,871.4,664.04,24.33,4.07
2023-01-17 13:05:00+00:00,133.62,723.32,589.7,24.34,4.21
2023-01-17 14:05:00+00:00,112.39999999999999,482.01,369.61,23.8,4.34
2023-01-17 15:05:00+00:00,62.67,214.64,151.97,22.83,4.34
2023-01-17 16:05:00+00:00,0.0,0.0,0.0,21.46,3.72
2023-01-17 17:05:00+00:00,0.0,0.0,0.0,20.2,3.59
2023-01-17 18:05:00+00:00,0.0,0.0,0.0,19.24,3.45
2023-01-17 19:05:00+00:00,0.0,0.0,0.0,18.66,3.45
2023-01-17 20:05:00+00:00,0.0,0.0,0.0,17.97,3.03
2023-01-17 21:05:00+00:00,0.0,0.0,0.0,17.35,2.62
2023-01-17 22:05:00+00:00,0.0,0.0,0.0,16.71,2.34
2023-01-17 23:05:00+00:00,0.0,0.0,0.0,16.22,1.93
2023-01-18 00:05:00+00:00,0.0,0.0,0.0,15.59,1.66
2023-01-18 01:05:00+00:00,0.0,0.0,0.0,15.07,1.45
2023-01-18 02:05:00+00:00,0.0,0.0,0.0,14.67,1.31
2023-01-18 03:05:00+00:00,0.0,0.0,0.0,14.35,1.31
2023-01-18 04:05:00+00:00,46.300000000000004,139.34,93.04,13.87,1.24
2023-01-18 05:05:00+00:00,103.48,431.23,327.75,16.68,0.97
2023-01-18 06:05:00+00:00,132.83,673.59,540.76,20.4,1.93
2023-01-18 07:05:00+00:00,142.56,881.79,739.23,22.35,3.45
2023-01-18 08:05:00+00:00,155.79999999999998,1023.14,867.34,24.16,3.24
2023-01-18 09:05:00+00:00,152.73000000000002,1110.6,957.87,25.75,2.97
2023-01-18 10:05:00+00:00,159.91,1112.21,952.3,27.07,2.9
2023-01-18 11:05:00+00:00,151.67000000000002,1053.71,902.04,27.96,2.9
2023-01-18 12:05:00+00:00,149.64,913.81,764.17,28.37,3.17
2023-01-18 13:05:00+00:00,129.32,730.94,601.62,28.29,3.59
2023-01-18 14:05:00+00:00,115.49,482.09000000000003,366.6,27.11,4.28
2023-01-18 15:05:00+00:00,62.660000000000004,216.97,154.31,25.61,4.69
2023-01-18 16:05:00+00:00,0.0,0.0,0.0,23.64,4.21
2023-01-18 17:05:00+00:00,0.0,0.0,0.0,21.85,3.93
2023-01-18 18:05:00+00:00,0.0,0.0,0.0,20.49,3.66
2023-01-18 19:05:00+00:00,0.0,0.0,0.0,19.68,3.66
2023-01-18 20:05:00+00:00,0.0,0.0,0.0,18.77,3.17
2023-01-18 21:05:00+00:00,0.0,0.0,0.0,18.03,2.69
2023-01-18 22:05:00+00:00,0.0,0.0,0.0,17.43,2.28
2023-01-18 23:05:00+00:00,0.0,0.0,0.0,16.72,1.93
2023-01-19 00:05:00+00:00,0.0,0.0,0.0,16.21,1.66
2023-01-19 01:05:00+00:00,0.0,0.0,0.0,15.68,1.38
2023-01-19 02:05:00+00:00,0.0,0.0,0.0,15.18,1.31
2023-01-19 03:05:00+00:00,0.0,0.0,0.0,14.53,1.24
2023-01-19 04:05:00+00:00,45.54,141.34,95.8,14.01,1.1
2023-01-19 05:05:00+00:00,110.1,413.71000000000004,303.61,16.96,0.69
2023-01-19 06:05:00+00:00,159.26999999999998,641.51,482.24,20.92,1.52
2023-01-19 07:05:00+00:00,162.9,854.73,691.83,22.85,2.14
2023-01-19 08:05:00+00:00,212.8,976.03,763.23,24.82,2.14
2023-01-19 09:05:00+00:00,181.13,1079.94,898.81,26.55,2.28
2023-01-19 10:05:00+00:00,193.4,1082.53,889.13,27.87,2.62
2023-01-19 11:05:00+00:00,158.49,1036.54,878.05,28.59,3.03
2023-01-19 12:05:00+00:00,146.17,909.51,763.34,28.46,3.59
2023-01-19 13:05:00+00:00,148.65,704.9499999999999,556.3,27.68,4.21
2023-01-19 14:05:00+00:00,122.05,467.51,345.46,26.36,4.62
2023-01-19 15:05:00+00:00,66.29,199.68,133.39,25.03,4.62
2023-01-19 16:05:00+00:00,0.0,0.0,0.0,23.43,4.07
2023-01-19 17:05:00+00:00,0.0,0.0,0.0,21.8,3.93
2023-01-19 18:05:00+00:00,0.0,0.0,0.0,20.52,3.93
2023-01-19 19:05:00+00:00,0.0,0.0,0.0,19.72,3.66
2023-01-19 20:05:00+00:00,0.0,0.0,0.0,18.8,3.52
2023-01-19 21:05:00+00:00,0.0,0.0,0.0,18.05,3.31
2023-01-19 22:05:00+00:00,0.0,0.0,0.0,17.33,3.03
2023-01-19 23:05:00+00:00,0.0,0.0,0.0,16.69,2.76
2023-01-20 00:05:00+00:00,0.0,0.0,0.0,16.15,2.48
2023-01-20 01:05:00+00:00,0.0,0.0,0.0,15.72,2.21
2023-01-20 02:05:00+00:00,0.0,0.0,0.0,15.31,1.86
2023-01-20 03:05:00+00:00,0.0,0.0,0.0,14.93,1.59
2023-01-20 04:05:00+00:00,31.900000000000002,39.68,7.78,14.69,1.24
2023-01-20 05:05:00+00:00,118.66,396.85,278.19,16.8,1.17
2023-01-20 06:05:00+00:00,148.75,647.24,498.49,20.2,2.21
2023-01-20 07:05:00+00:00,148.12,861.28,713.16,22.61,3.45
2023-01-20 08:05:00+00:00,156.23,1008.5,852.27,24.36,3.59
2023-01-20 09:05:00+00:00,154.25,1095.92,941.67,25.47,3.52
2023-01-20 10:05:00+00:00,161.4,1098.48,937.08,26.67,3.66
2023-01-20 11:05:00+00:00,151.06,1039.75,888.69,26.55,3.86
2023-01-20 12:05:00+00:00,145.95,908.4200000000001,762.47,26.4,4.14
2023-01-20 13:05:00+00:00,136.94,713.0699999999999,576.13,25.85,4.34
2023-01-20 14:05:00+00:00,115.69,474.96,359.27,25.29,4.41
2023-01-20 15:05:00+00:00,66.33999999999999,202.19,135.85,24.08,4.62
2023-01-20 16:05:00+00:00,0.0,0.0,0.0,22.37,4.28
2023-01-20 17:05:00+00:00,0.0,0.0,0.0,20.89,4.34
2023-01-20 18:05:00+00:00,0.0,0.0,0.0,19.75,4.21
2023-01-20 19:05:00+00:00,0.0,0.0,0.0,18.93,4.14
2023-01-20 20:05:00+00:00,0.0,0.0,0.0,18.15,3.72
2023-01-20 21:05:00+00:00,0.0,0.0,0.0,17.53,3.45
2023-01-20 22:05:00+00:00,0.0,0.0,0.0,16.93,3.03
2023-01-20 23:05:00+00:00,0.0,0.0,0.0,16.38,2.48
2023-01-21 00:05:00+00:00,0.0,0.0,0.0,15.91,2.0
2023-01-21 01:05:00+00:00,0.0,0.0,0.0,15.44,1.79
2023-01-21 02:05:00+00:00,0.0,0.0,0.0,15.09,1.79
2023-01-21 03:05:00+00:00,0.0,0.0,0.0,14.92,1.86
2023-01-21 04:05:00+00:00,39.58,109.64,70.06,14.9,2.07
2023-01-21 05:05:00+00:00,103.68,419.08,315.4,17.27,2.14
2023-01-21 06:05:00+00:00,136.26999999999998,660.16,523.89,20.57,4.14
2023-01-21 07:05:00+00:00,147.06,867.27,720.21,22.3,4.83
2023-01-21 08:05:00+00:00,164.45,1009.6700000000001,845.22,24.04,4.9
2023-01-21 09:05:00+00:00,159.3,1096.97,937.67,25.56,4.97
2023-01-21 10:05:00+00:00,169.56,1100.54,930.98,26.63,4.97
2023-01-21 11:05:00+00:00,157.20000000000002,1042.83,885.63,27.08,4.9
2023-01-21 12:05:00+00:00,150.03,910.51,760.48,26.93,5.03
2023-01-21 13:05:00+00:00,148.42000000000002,711.3,562.88,26.41,5.17
2023-01-21 14:05:00+00:00,121.89,473.02,351.13,25.8,5.45
2023-01-21 15:05:00+00:00,67.69,196.47,128.78,24.37,5.38
2023-01-21 16:05:00+00:00,0.0,0.0,0.0,22.58,4.55
2023-01-21 17:05:00+00:00,0.0,0.0,0.0,21.15,4.34
2023-01-21 18:05:00+00:00,0.0,0.0,0.0,20.0,4.14
2023-01-21 19:05:00+00:00,0.0,0.0,0.0,19.32,3.86
2023-01-21 20:05:00+00:00,0.0,0.0,0.0,18.53,3.31
2023-01-21 21:05:00+00:00,0.0,0.0,0.0,17.83,2.9
2023-01-21 22:05:00+00:00,0.0,0.0,0.0,17.25,2.34
2023-01-21 23:05:00+00:00,0.0,0.0,0.0,16.78,1.86
2023-01-22 00:05:00+00:00,0.0,0.0,0.0,16.33,1.66
2023-01-22 01:05:00+00:00,0.0,0.0,0.0,15.81,1.59
2023-01-22 02:05:00+00:00,0.0,0.0,0.0,15.49,1.66
2023-01-22 03:05:00+00:00,0.0,0.0,0.0,15.41,1.79
2023-01-22 04:05:00+00:00,34.54,50.12,15.58,15.41,2.07
2023-01-22 05:05:00+00:00,143.31,346.57,203.26,17.99,2.21
2023-01-22 06:05:00+00:00,275.88,421.84000000000003,145.96,20.34,4.62
2023-01-22 07:05:00+00:00,368.23,592.55,224.32,20.92,4.28
2023-01-22 08:05:00+00:00,446.28999999999996,572.17,125.88,22.34,4.07
2023-01-22 09:05:00+00:00,451.4,827.75,376.35,23.96,4.0
2023-01-22 10:05:00+00:00,483.05,760.71,277.66,25.18,4.14
2023-01-22 11:05:00+00:00,455.48999999999995,700.64,245.15,25.6,4.34
2023-01-22 12:05:00+00:00,315.92,769.06,453.14,25.57,4.41
2023-01-22 13:05:00+00:00,290.48,524.6,234.12,25.36,4.48
2023-01-22 14:05:00+00:00,191.66,314.08,122.42,24.41,4.55
2023-01-22 15:05:00+00:00,64.32000000000001,208.66000000000003,144.34,23.21,4.48
2023-01-22 16:05:00+00:00,0.0,0.0,0.0,21.82,4.07
2023-01-22 17:05:00+00:00,0.0,0.0,0.0,20.49,3.93
2023-01-22 18:05:00+00:00,0.0,0.0,0.0,19.89,4.07
2023-01-22 19:05:00+00:00,0.0,0.0,0.0,18.98,3.72
2023-01-22 20:05:00+00:00,0.0,0.0,0.0,18.42,3.59
2023-01-22 21:05:00+00:00,0.0,0.0,0.0,17.79,3.38
2023-01-22 22:05:00+00:00,0.0,0.0,0.0,17.28,2.9
2023-01-22 23:05:00+00:00,0.0,0.0,0.0,16.77,2.14
2023-01-23 00:05:00+00:00,0.0,0.0,0.0,16.33,1.45
2023-01-23 01:05:00+00:00,0.0,0.0,0.0,15.78,1.1
2023-01-23 02:05:00+00:00,0.0,0.0,0.0,15.3,1.17
2023-01-23 03:05:00+00:00,0.0,0.0,0.0,14.86,1.38
2023-01-23 04:05:00+00:00,23.639999999999997,23.639999999999997,0.0,14.67,1.45
2023-01-23 05:05:00+00:00,153.82,198.38,44.56,16.39,1.38
2023-01-23 06:05:00+00:00,272.64,435.51,162.87,18.74,2.55
2023-01-23 07:05:00+00:00,329.40000000000003,680.73,351.33,20.24,4.48
2023-01-23 08:05:00+00:00,428.08,726.37,298.29,22.4,4.34
2023-01-23 09:05:00+00:00,430.57,856.66,426.09,23.97,4.07
2023-01-23 10:05:00+00:00,378.32,938.6099999999999,560.29,24.66,4.0
2023-01-23 11:05:00+00:00,357.37,881.89,524.52,25.23,4.07
2023-01-23 12:05:00+00:00,316.44,766.21,449.77,25.35,4.21
2023-01-23 13:05:00+00:00,219.22,639.65,420.43,25.29,4.48
2023-01-23 14:05:00+00:00,146.47,435.78,289.31,24.74,4.69
2023-01-23 15:05:00+00:00,73.85,157.33999999999997,83.49,23.6,4.9
2023-01-23 16:05:00+00:00,0.0,0.0,0.0,21.94,4.21
2023-01-23 17:05:00+00:00,0.0,0.0,0.0,20.62,3.72
2023-01-23 18:05:00+00:00,0.0,0.0,0.0,19.64,3.52
2023-01-23 19:05:00+00:00,0.0,0.0,0.0,18.8,3.59
2023-01-23 20:05:00+00:00,0.0,0.0,0.0,18.08,3.24
2023-01-23 21:05:00+00:00,0.0,0.0,0.0,17.43,2.83
2023-01-23 22:05:00+00:00,0.0,0.0,0.0,16.86,2.34
2023-01-23 23:05:00+00:00,0.0,0.0,0.0,16.28,1.59
2023-01-24 00:05:00+00:00,0.0,0.0,0.0,15.73,1.03
2023-01-24 01:05:00+00:00,0.0,0.0,0.0,15.15,0.62
2023-01-24 02:05:00+00:00,0.0,0.0,0.0,14.8,0.48
2023-01-24 03:05:00+00:00,0.0,0.0,0.0,14.61,0.55
2023-01-24 04:05:00+00:00,25.73,28.32,2.59,14.24,0.9
2023-01-24 05:05:00+00:00,143.23,167.45,24.22,16.63,1.03
2023-01-24 06:05:00+00:00,260.98,310.5,49.52,19.96,2.48
2023-01-24 07:05:00+00:00,332.15000000000003,363.42,31.27,20.81,4.34
2023-01-24 08:05:00+00:00,364.69,838.75,474.06,22.53,4.62
2023-01-24 09:05:00+00:00,362.11,943.72,581.61,24.11,4.41
2023-01-24 10:05:00+00:00,345.39,973.26,627.87,24.97,4.41
2023-01-24 11:05:00+00:00,216.57999999999998,999.3799999999999,782.8,25.25,4.34
2023-01-24 12:05:00+00:00,228.43,850.5999999999999,622.17,25.65,4.69
2023-01-24 13:05:00+00:00,216.29000000000002,646.48,430.19,25.74,4.83
2023-01-24 14:05:00+00:00,133.91,454.59000000000003,320.68,24.74,4.76
2023-01-24 15:05:00+00:00,72.19,176.87,104.68,23.55,4.9
2023-01-24 16:05:00+00:00,0.0,0.0,0.0,22.09,4.21
2023-01-24 17:05:00+00:00,0.0,0.0,0.0,20.95,4.21
2023-01-24 18:05:00+00:00,0.0,0.0,0.0,20.01,4.07
2023-01-24 19:05:00+00:00,0.0,0.0,0.0,19.46,3.72
2023-01-24 20:05:00+00:00,0.0,0.0,0.0,18.71,3.45
2023-01-24 21:05:00+00:00,0.0,0.0,0.0,17.97,3.1
2023-01-24 22:05:00+00:00,0.0,0.0,0.0,17.28,2.62
2023-01-24 23:05:00+00:00,0.0,0.0,0.0,16.66,2.34
2023-01-25 00:05:00+00:00,0.0,0.0,0.0,16.16,2.21
2023-01-25 01:05:00+00:00,0.0,0.0,0.0,15.73,2.07
2023-01-25 02:05:00+00:00,0.0,0.0,0.0,15.3,1.93
2023-01-25 03:05:00+00:00,0.0,0.0,0.0,14.94,1.79
2023-01-25 04:05:00+00:00,27.82,33.0,5.18,14.59,1.66
2023-01-25 05:05:00+00:00,160.23,274.15999999999997,113.93,16.3,1.59
2023-01-25 06:05:00+00:00,240.89000000000001,534.8000000000001,293.91,19.3,2.62
2023-01-25 07:05:00+00:00,200.48,825.3000000000001,624.82,21.48,3.86
2023-01-25 08:05:00+00:00,212.51999999999998,976.09,763.57,23.87,4.28
2023-01-25 09:05:00+00:00,191.21,1076.52,885.31,25.64,4.34
2023-01-25 10:05:00+00:00,179.98,1092.44,912.46,26.93,4.28
2023-01-25 11:05:00+00:00,187.12,1024.94,837.82,27.72,4.34
2023-01-25 12:05:00+00:00,156.4,905.35,748.95,28.04,4.48
2023-01-25 13:05:00+00:00,141.20999999999998,715.3799999999999,574.17,27.66,4.62
2023-01-25 14:05:00+00:00,112.8,484.61,371.81,26.56,4.9
2023-01-25 15:05:00+00:00,70.99,194.6,123.61,25.25,4.83
2023-01-25 16:05:00+00:00,0.0,0.0,0.0,23.5,4.0
2023-01-25 17:05:00+00:00,0.0,0.0,0.0,22.03,4.0
2023-01-25 18:05:00+00:00,0.0,0.0,0.0,20.79,4.07
2023-01-25 19:05:00+00:00,0.0,0.0,0.0,20.12,4.0
2023-01-25 20:05:00+00:00,0.0,0.0,0.0,19.14,3.59
2023-01-25 21:05:00+00:00,0.0,0.0,0.0,18.31,3.17
2023-01-25 22:05:00+00:00,0.0,0.0,0.0,17.59,2.69
2023-01-25 23:05:00+00:00,0.0,0.0,0.0,16.91,2.14
2023-01-26 00:05:00+00:00,0.0,0.0,0.0,16.29,1.79
2023-01-26 01:05:00+00:00,0.0,0.0,0.0,15.68,1.59
2023-01-26 02:05:00+00:00,0.0,0.0,0.0,15.29,1.38
2023-01-26 03:05:00+00:00,0.0,0.0,0.0,14.89,1.31
2023-01-26 04:05:00+00:00,36.79,91.12,54.33,14.55,1.17
2023-01-26 05:05:00+00:00,109.8,400.81,291.01,17.38,1.03
2023-01-26 06:05:00+00:00,126.91,661.35,534.44,21.52,2.34
2023-01-26 07:05:00+00:00,135.75,872.57,736.82,23.01,3.72
2023-01-26 08:05:00+00:00,203.26,984.71,781.45,24.73,3.66
2023-01-26 09:05:00+00:00,151.25,1103.15,951.9,26.37,3.93
2023-01-26 10:05:00+00:00,202.19,1083.86,881.67,27.59,4.21
2023-01-26 11:05:00+00:00,156.27,1045.69,889.42,28.09,4.55
2023-01-26 12:05:00+00:00,191.05,886.99,695.94,28.13,4.9
2023-01-26 13:05:00+00:00,159.64000000000001,704.98,545.34,27.49,5.17
2023-01-26 14:05:00+00:00,118.83999999999999,479.98999999999995,361.15,26.76,5.31
2023-01-26 15:05:00+00:00,71.57000000000001,192.13,120.56,25.32,5.17
2023-01-26 16:05:00+00:00,0.0,0.0,0.0,23.61,4.41
2023-01-26 17:05:00+00:00,0.0,0.0,0.0,22.17,4.34
2023-01-26 18:05:00+00:00,0.0,0.0,0.0,20.99,4.28
2023-01-26 19:05:00+00:00,0.0,0.0,0.0,20.08,3.79
2023-01-26 20:05:00+00:00,0.0,0.0,0.0,19.25,3.66
2023-01-26 21:05:00+00:00,0.0,0.0,0.0,18.53,3.45
2023-01-26 22:05:00+00:00,0.0,0.0,0.0,17.88,3.24
2023-01-26 23:05:00+00:00,0.0,0.0,0.0,17.24,2.69
2023-01-27 00:05:00+00:00,0.0,0.0,0.0,16.61,2.14
2023-01-27 01:05:00+00:00,0.0,0.0,0.0,16.03,1.66
2023-01-27 02:05:00+00:00,0.0,0.0,0.0,15.53,1.52
2023-01-27 03:05:00+00:00,0.0,0.0,0.0,15.06,1.38
2023-01-27 04:05:00+00:00,35.85,92.64,56.79,14.76,1.45
2023-01-27 05:05:00+00:00,102.38,406.79,304.41,16.97,1.31
2023-01-27 06:05:00+00:00,141.15,645.3,504.15,20.16,2.83
2023-01-27 07:05:00+00:00,145.79000000000002,859.1600000000001,713.37,22.12,4.14
2023-01-27 08:05:00+00:00,326.47999999999996,887.26,560.78,23.79,4.41
2023-01-27 09:05:00+00:00,278.89,1021.0,742.11,24.83,4.69
2023-01-27 10:05:00+00:00,214.04,1075.22,861.18,25.67,4.97
2023-01-27 11:05:00+00:00,244.09,991.09,747.0,25.66,4.97
2023-01-27 12:05:00+00:00,221.92,864.06,642.14,24.75,4.97
2023-01-27 13:05:00+00:00,148.04,712.5,564.46,24.65,4.97
2023-01-27 14:05:00+00:00,112.33,485.28,372.95,24.12,4.97
2023-01-27 15:05:00+00:00,64.53,221.27,156.74,23.0,4.83
2023-01-27 16:05:00+00:00,0.0,0.0,0.0,21.71,4.28
2023-01-27 17:05:00+00:00,0.0,0.0,0.0,20.69,4.28
2023-01-27 18:05:00+00:00,0.0,0.0,0.0,19.7,4.07
2023-01-27 19:05:00+00:00,0.0,0.0,0.0,18.74,3.72
2023-01-27 20:05:00+00:00,0.0,0.0,0.0,17.95,3.24
2023-01-27 21:05:00+00:00,0.0,0.0,0.0,17.2,2.69
2023-01-27 22:05:00+00:00,0.0,0.0,0.0,16.48,2.21
2023-01-27 23:05:00+00:00,0.0,0.0,0.0,15.79,1.79
2023-01-28 00:05:00+00:00,0.0,0.0,0.0,15.15,1.59
2023-01-28 01:05:00+00:00,0.0,0.0,0.0,14.51,1.38
2023-01-28 02:05:00+00:00,0.0,0.0,0.0,13.83,1.17
2023-01-28 03:05:00+00:00,0.0,0.0,0.0,13.15,1.1
2023-01-28 04:05:00+00:00,34.22,114.01,79.79,12.64,1.1
2023-01-28 05:05:00+00:00,96.25,417.85,321.6,15.6,0.76
2023-01-28 06:05:00+00:00,128.61,658.3100000000001,529.7,19.51,1.72
2023-01-28 07:05:00+00:00,140.61,871.14,730.53,22.23,3.66
2023-01-28 08:05:00+00:00,162.09,1011.95,849.86,24.18,4.41
2023-01-28 09:05:00+00:00,158.09,1103.35,945.26,25.6,4.83
2023-01-28 10:05:00+00:00,167.26,1108.76,941.5,26.59,5.03
2023-01-28 11:05:00+00:00,154.92000000000002,1052.05,897.13,27.13,4.97
2023-01-28 12:05:00+00:00,173.36,904.14,730.78,27.19,4.97
2023-01-28 13:05:00+00:00,140.75,724.15,583.4,26.78,4.9
2023-01-28 14:05:00+00:00,118.58,484.62,366.04,25.95,4.9
2023-01-28 15:05:00+00:00,69.62,207.14000000000001,137.52,24.69,4.76
2023-01-28 16:05:00+00:00,0.0,0.0,0.0,22.92,3.86
2023-01-28 17:05:00+00:00,0.0,0.0,0.0,21.42,3.66
2023-01-28 18:05:00+00:00,0.0,0.0,0.0,20.23,3.59
2023-01-28 19:05:00+00:00,0.0,0.0,0.0,19.17,3.59
2023-01-28 20:05:00+00:00,0.0,0.0,0.0,18.26,3.52
2023-01-28 21:05:00+00:00,0.0,0.0,0.0,17.48,3.38
2023-01-28 22:05:00+00:00,0.0,0.0,0.0,16.81,3.17
2023-01-28 23:05:00+00:00,0.0,0.0,0.0,16.19,2.9
2023-01-29 00:05:00+00:00,0.0,0.0,0.0,15.59,2.41
2023-01-29 01:05:00+00:00,0.0,0.0,0.0,14.93,1.93
2023-01-29 02:05:00+00:00,0.0,0.0,0.0,14.35,1.59
2023-01-29 03:05:00+00:00,0.0,0.0,0.0,13.87,1.45
2023-01-29 04:05:00+00:00,33.56,105.38,71.82,13.42,1.24
2023-01-29 05:05:00+00:00,95.86999999999999,413.35,317.48,15.66,0.97
2023-01-29 06:05:00+00:00,129.3,652.5999999999999,523.3,19.43,1.79
2023-01-29 07:05:00+00:00,139.20999999999998,864.4000000000001,725.19,21.88,3.45
2023-01-29 08:05:00+00:00,153.59,1011.5300000000001,857.94,24.01,3.93
2023-01-29 09:05:00+00:00,167.97,1091.54,923.57,25.58,4.28
2023-01-29 10:05:00+00:00,167.97,1103.05,935.08,26.71,4.28
2023-01-29 11:05:00+00:00,155.65,1047.31,891.66,27.09,4.28
2023-01-29 12:05:00+00:00,164.82,904.9200000000001,740.1,26.66,4.34
2023-01-29 13:05:00+00:00,141.44,720.4300000000001,578.99,26.76,4.48
2023-01-29 14:05:00+00:00,110.83999999999999,487.22999999999996,376.39,26.01,4.62
2023-01-29 15:05:00+00:00,65.17,220.49,155.32,24.51,4.62
2023-01-29 16:05:00+00:00,0.0,0.0,0.0,22.97,4.14
2023-01-29 17:05:00+00:00,0.0,0.0,0.0,21.59,3.86
2023-01-29 18:05:00+00:00,0.0,0.0,0.0,20.61,3.79
2023-01-29 19:05:00+00:00,0.0,0.0,0.0,19.77,4.0
2023-01-29 20:05:00+00:00,0.0,0.0,0.0,18.85,3.86
2023-01-29 21:05:00+00:00,0.0,0.0,0.0,18.03,3.59
2023-01-29 22:05:00+00:00,0.0,0.0,0.0,17.3,3.24
2023-01-29 23:05:00+00:00,0.0,0.0,0.0,16.65,2.69
2023-01-30 00:05:00+00:00,0.0,0.0,0.0,16.06,2.14
2023-01-30 01:05:00+00:00,0.0,0.0,0.0,15.56,1.66
2023-01-30 02:05:00+00:00,0.0,0.0,0.0,15.1,1.38
2023-01-30 03:05:00+00:00,0.0,0.0,0.0,14.65,1.31
2023-01-30 04:05:00+00:00,33.09,99.5,66.41,14.36,1.24
2023-01-30 05:05:00+00:00,91.36,415.19,323.83,16.45,1.03
2023-01-30 06:05:00+00:00,128.91,646.92,518.01,19.42,1.79
2023-01-30 07:05:00+00:00,139.93,858.69,718.76,21.64,2.62
2023-01-30 08:05:00+00:00,147.14999999999998,1011.01,863.86,23.94,3.17
2023-01-30 09:05:00+00:00,157.47,1090.86,933.39,25.52,3.72
2023-01-30 10:05:00+00:00,234.25,1060.6,826.35,26.37,3.86
2023-01-30 11:05:00+00:00,394.26,855.23,460.97,26.58,3.93
2023-01-30 12:05:00+00:00,319.74,776.03,456.29,26.44,4.0
2023-01-30 13:05:00+00:00,208.24,661.97,453.73,26.04,4.07
2023-01-30 14:05:00+00:00,192.86999999999998,347.02,154.15,25.52,4.14
2023-01-30 15:05:00+00:00,63.69,219.16,155.47,24.49,4.14
2023-01-30 16:05:00+00:00,0.0,0.0,0.0,22.95,3.52
2023-01-30 17:05:00+00:00,0.0,0.0,0.0,21.65,3.31
2023-01-30 18:05:00+00:00,0.0,0.0,0.0,20.82,3.38
2023-01-30 19:05:00+00:00,0.0,0.0,0.0,20.03,3.59
2023-01-30 20:05:00+00:00,0.0,0.0,0.0,19.1,3.59
2023-01-30 21:05:00+00:00,0.0,0.0,0.0,18.27,3.59
2023-01-30 22:05:00+00:00,0.0,0.0,0.0,17.48,3.31
2023-01-30 23:05:00+00:00,0.0,0.0,0.0,16.87,2.9
2023-01-31 00:05:00+00:00,0.0,0.0,0.0,16.37,2.34
2023-01-31 01:05:00+00:00,0.0,0.0,0.0,15.98,1.79
2023-01-31 02:05:00+00:00,0.0,0.0,0.0,15.57,1.45
2023-01-31 03:05:00+00:00,0.0,0.0,0.0,15.16,1.31
2023-01-31 04:05:00+00:00,33.17,86.56,53.39,14.79,1.17
2023-01-31 05:05:00+00:00,112.11,380.84000000000003,268.73,16.41,1.17
2023-01-31 06:05:00+00:00,165.26999999999998,613.88,448.61,19.06,2.07
2023-01-31 07:05:00+00:00,144.71,848.57,703.86,21.26,3.17
2023-01-31 08:05:00+00:00,153.98000000000002,1000.08,846.1,23.4,3.31
2023-01-31 09:05:00+00:00,166.29,1079.04,912.75,24.81,3.45
2023-01-31 10:05:00+00:00,179.48999999999998,1085.5,906.01,25.79,3.52
2023-01-31 11:05:00+00:00,242.69,984.72,742.03,26.35,3.45
2023-01-31 12:05:00+00:00,242.26,843.18,600.92,26.62,3.52
2023-01-31 13:05:00+00:00,172.28,689.92,517.64,26.28,3.66
2023-01-31 14:05:00+00:00,136.22,453.79999999999995,317.58,25.61,3.86
2023-01-31 15:05:00+00:00,63.660000000000004,220.97,157.31,24.46,4.07
2023-01-31 16:05:00+00:00,0.0,0.0,0.0,22.9,3.45
2023-01-31 17:05:00+00:00,0.0,0.0,0.0,21.45,3.24
2023-01-31 18:05:00+00:00,0.0,0.0,0.0,20.37,2.9
2023-01-31 19:05:00+00:00,0.0,0.0,0.0,20.09,3.03
2023-01-31 20:05:00+00:00,0.0,0.0,0.0,19.29,2.83
2023-01-31 21:05:00+00:00,0.0,0.0,0.0,18.58,2.69
2023-01-31 22:05:00+00:00,0.0,0.0,0.0,17.98,2.55
2023-01-31 23:05:00+00:00,0.0,0.0,0.0,17.49,2.34
2023-02-01 00:05:00+00:00,0.0,0.0,0.0,16.97,1.93
2023-02-01 01:05:00+00:00,0.0,0.0,0.0,16.61,1.45
2023-02-01 02:05:00+00:00,0.0,0.0,0.0,16.2,1.31
2023-02-01 03:05:00+00:00,0.0,0.0,0.0,15.75,1.17
2023-02-01 04:05:00+00:00,33.12,58.4,25.28,15.62,1.03
2023-02-01 05:05:00+00:00,139.81,330.59000000000003,190.78,16.76,1.1
2023-02-01 06:05:00+00:00,172.84,604.04,431.2,19.1,1.52
2023-02-01 07:05:00+00:00,162.85999999999999,833.94,671.08,21.68,1.24
2023-02-01 08:05:00+00:00,184.19,979.8499999999999,795.66,23.79,1.17
2023-02-01 09:05:00+00:00,465.93,803.01,337.08,25.58,1.24
2023-02-01 10:05:00+00:00,415.21999999999997,904.8,489.58,26.89,1.45
2023-02-01 11:05:00+00:00,301.15,942.5,641.35,27.74,1.79
2023-02-01 12:05:00+00:00,192.17000000000002,876.44,684.27,28.36,2.21
2023-02-01 13:05:00+00:00,151.66,703.24,551.58,28.5,2.55
2023-02-01 14:05:00+00:00,125.02999999999999,465.07,340.04,27.78,2.83
2023-02-01 15:05:00+00:00,65.94999999999999,211.5,145.55,26.46,3.59
2023-02-01 16:05:00+00:00,0.0,0.0,0.0,24.69,3.59
2023-02-01 17:05:00+00:00,0.0,0.0,0.0,23.23,3.59
2023-02-01 18:05:00+00:00,0.0,0.0,0.0,21.98,3.38
2023-02-01 19:05:00+00:00,0.0,0.0,0.0,21.2,3.17
2023-02-01 20:05:00+00:00,0.0,0.0,0.0,20.31,3.03
2023-02-01 21:05:00+00:00,0.0,0.0,0.0,19.47,2.97
2023-02-01 22:05:00+00:00,0.0,0.0,0.0,18.85,2.97
2023-02-01 23:05:00+00:00,0.0,0.0,0.0,18.39,2.97
2023-02-02 00:05:00+00:00,0.0,0.0,0.0,18.01,2.69
2023-02-02 01:05:00+00:00,0.0,0.0,0.0,17.6,2.07
2023-02-02 02:05:00+00:00,0.0,0.0,0.0,17.15,1.45
2023-02-02 03:05:00+00:00,0.0,0.0,0.0,16.53,1.03
2023-02-02 04:05:00+00:00,20.81,20.81,0.0,16.0,0.9
2023-02-02 05:05:00+00:00,155.67999999999998,271.86,116.18,17.77,0.97
2023-02-02 06:05:00+00:00,273.52,428.58,155.06,20.13,1.24
2023-02-02 07:05:00+00:00,317.91,701.19,383.28,22.17,1.79
2023-02-02 08:05:00+00:00,380.46999999999997,823.05,442.58,23.83,1.86
2023-02-02 09:05:00+00:00,278.86,1016.63,737.77,25.82,1.93
2023-02-02 10:05:00+00:00,299.46,1016.78,717.32,26.7,2.21
2023-02-02 11:05:00+00:00,207.2,1009.8900000000001,802.69,27.06,2.55
2023-02-02 12:05:00+00:00,175.82999999999998,891.06,715.23,27.41,2.97
2023-02-02 13:05:00+00:00,157.63,702.67,545.04,27.58,3.38
2023-02-02 14:05:00+00:00,160.36999999999998,425.11,264.74,27.19,4.0
2023-02-02 15:05:00+00:00,68.71,207.75,139.04,26.07,4.48
2023-02-02 16:05:00+00:00,0.0,0.0,0.0,24.42,3.79
2023-02-02 17:05:00+00:00,0.0,0.0,0.0,22.86,3.31
2023-02-02 18:05:00+00:00,0.0,0.0,0.0,21.55,2.83
2023-02-02 19:05:00+00:00,0.0,0.0,0.0,20.92,2.9
2023-02-02 20:05:00+00:00,0.0,0.0,0.0,20.08,2.48
2023-02-02 21:05:00+00:00,0.0,0.0,0.0,19.39,2.14
2023-02-02 22:05:00+00:00,0.0,0.0,0.0,18.47,1.86
2023-02-02 23:05:00+00:00,0.0,0.0,0.0,17.73,1.72
2023-02-03 00:05:00+00:00,0.0,0.0,0.0,17.11,1.72
2023-02-03 01:05:00+00:00,0.0,0.0,0.0,16.54,1.66
2023-02-03 02:05:00+00:00,0.0,0.0,0.0,16.02,1.52
2023-02-03 03:05:00+00:00,0.0,0.0,0.0,15.48,1.38
2023-02-03 04:05:00+00:00,31.8,84.21,52.41,14.96,1.24
2023-02-03 05:05:00+00:00,104.69000000000001,389.67,284.98,17.25,0.83
2023-02-03 06:05:00+00:00,137.32999999999998,639.52,502.19,20.59,1.38
2023-02-03 07:05:00+00:00,150.39000000000001,853.72,703.33,22.69,1.86
2023-02-03 08:05:00+00:00,164.66,1003.52,838.86,25.27,2.34
2023-02-03 09:05:00+00:00,178.94,1085.32,906.38,27.26,3.31
2023-02-03 10:05:00+00:00,178.94,1097.67,918.73,28.75,4.21
2023-02-03 11:05:00+00:00,185.92999999999998,1030.75,844.82,29.42,4.9
2023-02-03 12:05:00+00:00,166.61,905.32,738.71,29.42,5.31
2023-02-03 13:05:00+00:00,162.63,705.48,542.85,29.04,5.45
2023-02-03 14:05:00+00:00,121.98,477.38,355.4,28.16,5.59
2023-02-03 15:05:00+00:00,68.05000000000001,213.96,145.91,26.77,5.52
2023-02-03 16:05:00+00:00,0.0,0.0,0.0,24.87,4.41
2023-02-03 17:05:00+00:00,0.0,0.0,0.0,23.26,4.07
2023-02-03 18:05:00+00:00,0.0,0.0,0.0,21.97,4.07
2023-02-03 19:05:00+00:00,0.0,0.0,0.0,21.06,4.0
2023-02-03 20:05:00+00:00,0.0,0.0,0.0,20.1,3.79
2023-02-03 21:05:00+00:00,0.0,0.0,0.0,19.24,3.45
2023-02-03 22:05:00+00:00,0.0,0.0,0.0,18.53,2.97
2023-02-03 23:05:00+00:00,0.0,0.0,0.0,17.86,2.34
2023-02-04 00:05:00+00:00,0.0,0.0,0.0,17.25,2.07
2023-02-04 01:05:00+00:00,0.0,0.0,0.0,16.75,1.79
2023-02-04 02:05:00+00:00,0.0,0.0,0.0,16.33,1.59
2023-02-04 03:05:00+00:00,0.0,0.0,0.0,15.83,1.45
2023-02-04 04:05:00+00:00,32.42,79.48,47.06,15.38,1.31
2023-02-04 05:05:00+00:00,106.17999999999999,381.87,275.69,17.44,1.03
2023-02-04 06:05:00+00:00,147.1,626.18,479.08,20.61,1.79
2023-02-04 07:05:00+00:00,170.35,833.75,663.4,23.39,2.34
2023-02-04 08:05:00+00:00,183.52,986.43,802.91,25.89,2.62
2023-02-04 09:05:00+00:00,200.72,1066.53,865.81,27.87,3.03
2023-02-04 10:05:00+00:00,190.68,1085.8700000000001,895.19,29.21,3.59
2023-02-04 11:05:00+00:00,196.62,1018.8,822.18,29.92,4.07
2023-02-04 12:05:00+00:00,183.41,888.77,705.36,30.04,4.55
2023-02-04 13:05:00+00:00,162.17000000000002,700.6500000000001,538.48,29.59,4.9
2023-02-04 14:05:00+00:00,124.48,469.53000000000003,345.05,28.52,5.31
2023-02-04 15:05:00+00:00,69.83,201.12,131.29,26.74,5.59
2023-02-04 16:05:00+00:00,0.0,0.0,0.0,24.64,5.17
2023-02-04 17:05:00+00:00,0.0,0.0,0.0,22.88,4.97
2023-02-04 18:05:00+00:00,0.0,0.0,0.0,21.55,4.83
2023-02-04 19:05:00+00:00,0.0,0.0,0.0,20.44,4.62
2023-02-04 20:05:00+00:00,0.0,0.0,0.0,19.46,4.28
2023-02-04 21:05:00+00:00,0.0,0.0,0.0,18.61,3.86
2023-02-04 22:05:00+00:00,0.0,0.0,0.0,17.85,3.38
2023-02-04 23:05:00+00:00,0.0,0.0,0.0,17.21,2.76
2023-02-05 00:05:00+00:00,0.0,0.0,0.0,16.73,1.93
2023-02-05 01:05:00+00:00,0.0,0.0,0.0,16.27,1.45
2023-02-05 02:05:00+00:00,0.0,0.0,0.0,15.83,1.17
2023-02-05 03:05:00+00:00,0.0,0.0,0.0,15.3,0.9
2023-02-05 04:05:00+00:00,32.38,64.31,31.93,14.85,0.69
2023-02-05 05:05:00+00:00,127.41999999999999,345.65,218.23,16.99,0.62
2023-02-05 06:05:00+00:00,146.63,620.37,473.74,20.26,0.97
2023-02-05 07:05:00+00:00,155.70999999999998,836.5699999999999,680.86,23.46,1.72
2023-02-05 08:05:00+00:00,164.95000000000002,990.7,825.75,25.86,2.0
2023-02-05 09:05:00+00:00,179.22,1071.51,892.29,27.48,2.55
2023-02-05 10:05:00+00:00,170.18,1090.73,920.55,28.74,3.03
2023-02-05 11:05:00+00:00,167.02,1029.94,862.92,29.46,3.59
2023-02-05 12:05:00+00:00,184.01,883.92,699.91,29.56,3.93
2023-02-05 13:05:00+00:00,161.67,694.7099999999999,533.04,29.23,4.28
2023-02-05 14:05:00+00:00,117.96000000000001,471.69000000000005,353.73,28.37,4.55
2023-02-05 15:05:00+00:00,68.64999999999999,201.83999999999997,133.19,27.07,4.97
2023-02-05 16:05:00+00:00,0.0,0.0,0.0,25.05,4.62
2023-02-05 17:05:00+00:00,0.0,0.0,0.0,23.24,4.41
2023-02-05 18:05:00+00:00,0.0,0.0,0.0,21.78,4.07
2023-02-05 19:05:00+00:00,0.0,0.0,0.0,20.6,3.66
2023-02-05 20:05:00+00:00,0.0,0.0,0.0,19.74,3.03
2023-02-05 21:05:00+00:00,0.0,0.0,0.0,19.0,2.14
2023-02-05 22:05:00+00:00,0.0,0.0,0.0,18.39,1.38
2023-02-05 23:05:00+00:00,0.0,0.0,0.0,17.69,0.9
2023-02-06 00:05:00+00:00,0.0,0.0,0.0,17.02,0.83
2023-02-06 01:05:00+00:00,0.0,0.0,0.0,16.38,0.83
2023-02-06 02:05:00+00:00,0.0,0.0,0.0,15.74,0.9
2023-02-06 03:05:00+00:00,0.0,0.0,0.0,15.19,0.76
2023-02-06 04:05:00+00:00,31.89,73.27000000000001,41.38,14.83,0.62
2023-02-06 05:05:00+00:00,110.36,370.14,259.78,17.17,0.41
2023-02-06 06:05:00+00:00,141.29,623.9399999999999,482.65,20.64,0.62
2023-02-06 07:05:00+00:00,0.0,0.0,0.0,23.45,1.79
2023-02-06 08:05:00+00:00,158.67000000000002,996.98,838.31,25.45,1.79
2023-02-06 09:05:00+00:00,168.91,1078.53,909.62,27.04,1.66
2023-02-06 10:05:00+00:00,169.96,1092.84,922.88,28.49,1.79
2023-02-06 11:05:00+00:00,175.84,1026.1299999999999,850.29,29.39,2.07
2023-02-06 12:05:00+00:00,158.48000000000002,899.97,741.49,29.9,2.41
2023-02-06 13:05:00+00:00,149.27,704.64,555.37,29.45,2.83
2023-02-06 14:05:00+00:00,123.75999999999999,466.03,342.27,28.59,3.59
2023-02-06 15:05:00+00:00,67.64,204.26999999999998,136.63,27.26,4.41
2023-02-06 16:05:00+00:00,0.0,0.0,0.0,25.3,4.07
2023-02-06 17:05:00+00:00,0.0,0.0,0.0,23.39,3.86
2023-02-06 18:05:00+00:00,0.0,0.0,0.0,21.75,3.72
2023-02-06 19:05:00+00:00,0.0,0.0,0.0,20.47,3.66
2023-02-06 20:05:00+00:00,0.0,0.0,0.0,19.49,3.1
2023-02-06 21:05:00+00:00,0.0,0.0,0.0,18.65,2.69
2023-02-06 22:05:00+00:00,0.0,0.0,0.0,17.94,2.21
2023-02-06 23:05:00+00:00,0.0,0.0,0.0,17.32,1.79
2023-02-07 00:05:00+00:00,0.0,0.0,0.0,16.73,1.52
2023-02-07 01:05:00+00:00,0.0,0.0,0.0,16.32,1.31
2023-02-07 02:05:00+00:00,0.0,0.0,0.0,15.92,1.17
2023-02-07 03:05:00+00:00,0.0,0.0,0.0,15.38,1.03
2023-02-07 04:05:00+00:00,23.770000000000003,26.180000000000003,2.41,14.86,0.97
2023-02-07 05:05:00+00:00,136.04,321.51,185.47,16.97,0.9
2023-02-07 06:05:00+00:00,161.74,597.46,435.72,20.04,1.24
2023-02-07 07:05:00+00:00,169.01999999999998,814.1,645.08,22.6,1.86
2023-02-07 08:05:00+00:00,192.32999999999998,960.72,768.39,24.83,1.66
2023-02-07 09:05:00+00:00,200.5,1046.92,846.42,26.23,1.52
2023-02-07 10:05:00+00:00,201.52,1060.29,858.77,27.39,1.52
2023-02-07 11:05:00+00:00,444.4,760.9,316.5,27.86,1.45
2023-02-07 12:05:00+00:00,392.87,641.56,248.69,28.5,1.59
2023-02-07 13:05:00+00:00,155.73,688.5500000000001,532.82,27.85,2.0
2023-02-07 14:05:00+00:00,174.15,390.47,216.32,27.7,2.69
2023-02-07 15:05:00+00:00,66.94,198.98,132.04,26.27,3.86
2023-02-07 16:05:00+00:00,0.0,0.0,0.0,24.23,4.07
2023-02-07 17:05:00+00:00,0.0,0.0,0.0,22.42,3.72
2023-02-07 18:05:00+00:00,0.0,0.0,0.0,21.28,3.31
2023-02-07 19:05:00+00:00,0.0,0.0,0.0,20.49,3.45
2023-02-07 20:05:00+00:00,0.0,0.0,0.0,19.63,3.31
2023-02-07 21:05:00+00:00,0.0,0.0,0.0,18.95,3.03
2023-02-07 22:05:00+00:00,0.0,0.0,0.0,18.29,2.55
2023-02-07 23:05:00+00:00,0.0,0.0,0.0,17.73,1.93
2023-02-08 00:05:00+00:00,0.0,0.0,0.0,17.38,1.31
2023-02-08 01:05:00+00:00,0.0,0.0,0.0,17.0,1.1
2023-02-08 02:05:00+00:00,0.0,0.0,0.0,16.55,1.03
2023-02-08 03:05:00+00:00,0.0,0.0,0.0,16.05,0.97
2023-02-08 04:05:00+00:00,29.33,46.03,16.7,15.66,0.83
2023-02-08 05:05:00+00:00,127.66,330.61,202.95,17.45,0.83
2023-02-08 06:05:00+00:00,170.09,584.27,414.18,20.27,1.38
2023-02-08 07:05:00+00:00,218.33,776.74,558.41,22.22,2.07
2023-02-08 08:05:00+00:00,268.94,907.73,638.79,24.04,2.34
2023-02-08 09:05:00+00:00,221.0,1029.29,808.29,25.46,2.69
2023-02-08 10:05:00+00:00,304.43,990.8,686.37,26.19,3.17
2023-02-08 11:05:00+00:00,353.09,882.5999999999999,529.51,27.14,3.31
2023-02-08 12:05:00+00:00,215.57,847.3,631.73,27.44,3.59
2023-02-08 13:05:00+00:00,255.92,591.61,335.69,27.25,3.86
2023-02-08 14:05:00+00:00,192.44,341.23,148.79,26.34,4.0
2023-02-08 15:05:00+00:00,67.63,196.72,129.09,25.44,4.48
2023-02-08 16:05:00+00:00,0.0,0.0,0.0,23.57,4.21
2023-02-08 17:05:00+00:00,0.0,0.0,0.0,22.09,4.55
2023-02-08 18:05:00+00:00,0.0,0.0,0.0,20.9,4.28
2023-02-08 19:05:00+00:00,0.0,0.0,0.0,20.34,4.07
2023-02-08 20:05:00+00:00,0.0,0.0,0.0,19.61,3.93
2023-02-08 21:05:00+00:00,0.0,0.0,0.0,18.82,3.38
2023-02-08 22:05:00+00:00,0.0,0.0,0.0,18.21,3.03
2023-02-08 23:05:00+00:00,0.0,0.0,0.0,17.64,2.41
2023-02-09 00:05:00+00:00,0.0,0.0,0.0,17.2,1.66
2023-02-09 01:05:00+00:00,0.0,0.0,0.0,16.7,1.52
2023-02-09 02:05:00+00:00,0.0,0.0,0.0,16.33,1.38
2023-02-09 03:05:00+00:00,0.0,0.0,0.0,16.06,1.03
2023-02-09 04:05:00+00:00,22.799999999999997,25.159999999999997,2.36,15.61,0.83
2023-02-09 05:05:00+00:00,147.75,285.03999999999996,137.29,17.34,0.62
2023-02-09 06:05:00+00:00,214.5,541.27,326.77,20.4,1.38
2023-02-09 07:05:00+00:00,274.71000000000004,731.6600000000001,456.95,21.88,2.21
2023-02-09 08:05:00+00:00,244.23,926.86,682.63,23.74,2.48
2023-02-09 09:05:00+00:00,258.29,1010.8700000000001,752.58,25.1,2.76
2023-02-09 10:05:00+00:00,305.17,995.3900000000001,690.22,26.19,2.97
2023-02-09 11:05:00+00:00,242.38,971.64,729.26,26.93,3.31
2023-02-09 12:05:00+00:00,207.4,855.11,647.71,26.95,3.79
2023-02-09 13:05:00+00:00,173.12,675.0,501.88,26.62,4.34
2023-02-09 14:05:00+00:00,156.99,418.13,261.14,25.87,4.62
2023-02-09 15:05:00+00:00,70.77,187.6,116.83,24.71,4.76
2023-02-09 16:05:00+00:00,0.0,0.0,0.0,23.1,4.07
2023-02-09 17:05:00+00:00,0.0,0.0,0.0,21.74,4.14
2023-02-09 18:05:00+00:00,0.0,0.0,0.0,20.59,4.07
2023-02-09 19:05:00+00:00,0.0,0.0,0.0,19.8,3.66
2023-02-09 20:05:00+00:00,0.0,0.0,0.0,19.07,3.24
2023-02-09 21:05:00+00:00,0.0,0.0,0.0,18.37,2.83
2023-02-09 22:05:00+00:00,0.0,0.0,0.0,17.73,2.48
2023-02-09 23:05:00+00:00,0.0,0.0,0.0,17.3,2.14
2023-02-10 00:05:00+00:00,0.0,0.0,0.0,16.95,1.79
2023-02-10 01:05:00+00:00,0.0,0.0,0.0,16.55,1.52
2023-02-10 02:05:00+00:00,0.0,0.0,0.0,16.24,1.31
2023-02-10 03:05:00+00:00,0.0,0.0,0.0,15.77,1.1
2023-02-10 04:05:00+00:00,30.83,58.79,27.96,15.39,0.9
2023-02-10 05:05:00+00:00,108.91,360.73,251.82,17.19,0.9
2023-02-10 06:05:00+00:00,139.82,612.5899999999999,472.77,20.49,1.66
2023-02-10 07:05:00+00:00,154.11,825.73,671.62,23.14,2.97
2023-02-10 08:05:00+00:00,163.44,980.1099999999999,816.67,25.43,3.38
2023-02-10 09:05:00+00:00,168.71,1068.46,899.75,27.2,3.72
2023-02-10 10:05:00+00:00,169.76000000000002,1082.68,912.92,28.36,4.07
2023-02-10 11:05:00+00:00,174.56,1016.22,841.66,29.18,4.48
2023-02-10 12:05:00+00:00,158.19,890.3,732.11,29.29,4.76
2023-02-10 13:05:00+00:00,154.93,691.3599999999999,536.43,28.63,5.17
2023-02-10 14:05:00+00:00,120.35000000000001,461.46000000000004,341.11,27.68,5.38
2023-02-10 15:05:00+00:00,67.33,196.8,129.47,26.18,5.31
2023-02-10 16:05:00+00:00,0.0,0.0,0.0,24.32,4.62
2023-02-10 17:05:00+00:00,0.0,0.0,0.0,22.74,4.62
2023-02-10 18:05:00+00:00,0.0,0.0,0.0,21.54,4.48
2023-02-10 19:05:00+00:00,0.0,0.0,0.0,20.65,4.14
2023-02-10 20:05:00+00:00,0.0,0.0,0.0,19.81,3.86
2023-02-10 21:05:00+00:00,0.0,0.0,0.0,19.01,3.45
2023-02-10 22:05:00+00:00,0.0,0.0,0.0,18.3,2.97
2023-02-10 23:05:00+00:00,0.0,0.0,0.0,17.65,2.41
2023-02-11 00:05:00+00:00,0.0,0.0,0.0,17.11,2.07
2023-02-11 01:05:00+00:00,0.0,0.0,0.0,16.59,1.86
2023-02-11 02:05:00+00:00,0.0,0.0,0.0,16.16,1.72
2023-02-11 03:05:00+00:00,0.0,0.0,0.0,15.83,1.79
2023-02-11 04:05:00+00:00,25.849999999999998,32.75,6.9,15.61,1.79
2023-02-11 05:05:00+00:00,130.55,324.5,193.95,17.54,1.86
2023-02-11 06:05:00+00:00,145.39999999999998,603.03,457.63,20.52,3.52
2023-02-11 07:05:00+00:00,159.69,813.49,653.8,22.38,4.21
2023-02-11 08:05:00+00:00,163.04,972.03,808.99,24.45,4.62
2023-02-11 09:05:00+00:00,188.26000000000002,1048.95,860.69,26.14,4.9
2023-02-11 10:05:00+00:00,190.31,1063.24,872.93,26.82,5.1
2023-02-11 11:05:00+00:00,185.12,1002.37,817.25,27.56,5.31
2023-02-11 12:05:00+00:00,190.81,864.0,673.19,27.32,5.52
2023-02-11 13:05:00+00:00,167.49,677.51,510.02,26.66,5.52
2023-02-11 14:05:00+00:00,126.8,449.85,323.05,25.92,5.59
2023-02-11 15:05:00+00:00,75.50999999999999,168.52999999999997,93.02,24.68,5.38
2023-02-11 16:05:00+00:00,0.0,0.0,0.0,23.07,4.62
2023-02-11 17:05:00+00:00,0.0,0.0,0.0,21.75,4.76
2023-02-11 18:05:00+00:00,0.0,0.0,0.0,20.58,4.62
2023-02-11 19:05:00+00:00,0.0,0.0,0.0,19.68,4.48
2023-02-11 20:05:00+00:00,0.0,0.0,0.0,18.89,4.14
2023-02-11 21:05:00+00:00,0.0,0.0,0.0,18.22,3.72
2023-02-11 22:05:00+00:00,0.0,0.0,0.0,17.54,3.38
2023-02-11 23:05:00+00:00,0.0,0.0,0.0,16.97,3.03
2023-02-12 00:05:00+00:00,0.0,0.0,0.0,16.53,2.76
2023-02-12 01:05:00+00:00,0.0,0.0,0.0,16.1,2.41
2023-02-12 02:05:00+00:00,0.0,0.0,0.0,15.67,2.07
2023-02-12 03:05:00+00:00,0.0,0.0,0.0,15.29,1.93
2023-02-12 04:05:00+00:00,28.259999999999998,91.77,63.51,15.02,1.79
2023-02-12 05:05:00+00:00,118.87,346.55,227.68,16.92,1.72
2023-02-12 06:05:00+00:00,204.54,555.41,350.87,20.25,3.24
2023-02-12 07:05:00+00:00,174.59,811.6700000000001,637.08,22.12,4.76
2023-02-12 08:05:00+00:00,162.89000000000001,981.01,818.12,24.06,4.83
2023-02-12 09:05:00+00:00,167.16,1069.1100000000001,901.95,25.76,5.03
2023-02-12 10:05:00+00:00,168.21,1083.3,915.09,26.97,5.17
2023-02-12 11:05:00+00:00,165.01000000000002,1022.83,857.82,27.69,5.31
2023-02-12 12:05:00+00:00,164.64999999999998,886.42,721.77,27.85,5.38
2023-02-12 13:05:00+00:00,147.26,695.58,548.32,27.3,5.45
2023-02-12 14:05:00+00:00,118.71,460.19,341.48,26.62,5.59
2023-02-12 15:05:00+00:00,67.87,194.60000000000002,126.73,25.12,5.38
2023-02-12 16:05:00+00:00,0.0,0.0,0.0,23.29,4.69
2023-02-12 17:05:00+00:00,0.0,0.0,0.0,21.82,4.76
2023-02-12 18:05:00+00:00,0.0,0.0,0.0,20.61,4.9
2023-02-12 19:05:00+00:00,0.0,0.0,0.0,19.52,4.69
2023-02-12 20:05:00+00:00,0.0,0.0,0.0,18.63,4.48
2023-02-12 21:05:00+00:00,0.0,0.0,0.0,17.95,4.28
2023-02-12 22:05:00+00:00,0.0,0.0,0.0,17.31,3.86
2023-02-12 23:05:00+00:00,0.0,0.0,0.0,16.81,3.31
2023-02-13 00:05:00+00:00,0.0,0.0,0.0,16.24,2.62
2023-02-13 01:05:00+00:00,0.0,0.0,0.0,15.7,2.07
2023-02-13 02:05:00+00:00,0.0,0.0,0.0,15.2,1.79
2023-02-13 03:05:00+00:00,0.0,0.0,0.0,14.78,1.52
2023-02-13 04:05:00+00:00,29.990000000000002,65.76,35.77,14.38,1.31
2023-02-13 05:05:00+00:00,100.45,372.15,271.7,16.35,1.17
2023-02-13 06:05:00+00:00,132.94,618.94,486.0,19.6,2.14
2023-02-13 07:05:00+00:00,151.28,830.23,678.95,21.92,3.45
2023-02-13 08:05:00+00:00,161.67999999999998,986.8499999999999,825.17,24.13,3.93
2023-02-13 09:05:00+00:00,165.95999999999998,1075.76,909.8,25.84,4.07
2023-02-13 10:05:00+00:00,168.01999999999998,1090.9299999999998,922.91,27.12,4.14
2023-02-13 11:05:00+00:00,157.82999999999998,1034.36,876.53,27.93,4.21
2023-02-13 12:05:00+00:00,155.4,896.4399999999999,741.04,28.27,4.14
2023-02-13 13:05:00+00:00,153.1,695.83,542.73,28.11,4.21
2023-02-13 14:05:00+00:00,118.59,463.59000000000003,345.0,27.35,4.34
2023-02-13 15:05:00+00:00,66.12,200.44,134.32,26.07,4.41
2023-02-13 16:05:00+00:00,0.0,0.0,0.0,24.16,3.72
2023-02-13 17:05:00+00:00,0.0,0.0,0.0,22.44,3.79
2023-02-13 18:05:00+00:00,0.0,0.0,0.0,21.05,3.86
2023-02-13 19:05:00+00:00,0.0,0.0,0.0,20.06,3.93
2023-02-13 20:05:00+00:00,0.0,0.0,0.0,19.1,4.07
2023-02-13 21:05:00+00:00,0.0,0.0,0.0,18.24,4.07
2023-02-13 22:05:00+00:00,0.0,0.0,0.0,17.49,4.0
2023-02-13 23:05:00+00:00,0.0,0.0,0.0,16.85,3.72
2023-02-14 00:05:00+00:00,0.0,0.0,0.0,16.31,3.17
2023-02-14 01:05:00+00:00,0.0,0.0,0.0,15.86,2.69
2023-02-14 02:05:00+00:00,0.0,0.0,0.0,15.45,2.34
2023-02-14 03:05:00+00:00,0.0,0.0,0.0,15.04,2.14
2023-02-14 04:05:00+00:00,28.94,42.150000000000006,13.21,14.72,1.93
2023-02-14 05:05:00+00:00,116.16,344.06,227.9,16.49,1.79
2023-02-14 06:05:00+00:00,168.24,584.21,415.97,19.27,2.62
2023-02-14 07:05:00+00:00,174.82,805.8399999999999,631.02,21.53,3.38
2023-02-14 08:05:00+00:00,170.18,968.94,798.76,23.86,3.52
2023-02-14 09:05:00+00:00,187.38,1051.53,864.15,25.7,3.66
2023-02-14 10:05:00+00:00,188.42000000000002,1065.74,877.32,26.73,3.72
2023-02-14 11:05:00+00:00,183.23,1005.1,821.87,27.49,3.86
2023-02-14 12:05:00+00:00,189.85,865.51,675.66,27.99,4.0
2023-02-14 13:05:00+00:00,176.38,669.21,492.83,27.87,4.21
2023-02-14 14:05:00+00:00,135.73999999999998,440.48,304.74,27.22,4.41
2023-02-14 15:05:00+00:00,65.66,197.04,131.38,25.95,4.48
2023-02-14 16:05:00+00:00,0.0,0.0,0.0,24.28,3.66
2023-02-14 17:05:00+00:00,0.0,0.0,0.0,22.8,3.52
2023-02-14 18:05:00+00:00,0.0,0.0,0.0,21.53,3.59
2023-02-14 19:05:00+00:00,0.0,0.0,0.0,20.52,3.72
2023-02-14 20:05:00+00:00,0.0,0.0,0.0,19.58,3.66
2023-02-14 21:05:00+00:00,0.0,0.0,0.0,18.71,3.59
2023-02-14 22:05:00+00:00,0.0,0.0,0.0,17.96,3.38
2023-02-14 23:05:00+00:00,0.0,0.0,0.0,17.3,3.03
2023-02-15 00:05:00+00:00,0.0,0.0,0.0,16.73,2.62
2023-02-15 01:05:00+00:00,0.0,0.0,0.0,16.23,2.28
2023-02-15 02:05:00+00:00,0.0,0.0,0.0,15.78,2.0
2023-02-15 03:05:00+00:00,0.0,0.0,0.0,15.34,1.79
2023-02-15 04:05:00+00:00,29.49,57.65,28.16,14.99,1.52
2023-02-15 05:05:00+00:00,117.52,337.76,220.24,16.85,1.24
2023-02-15 06:05:00+00:00,171.60999999999999,575.98,404.37,19.82,1.86
2023-02-15 07:05:00+00:00,228.42000000000002,763.81,535.39,22.84,2.21
2023-02-15 08:05:00+00:00,235.07000000000002,927.38,692.31,25.48,2.62
2023-02-15 09:05:00+00:00,257.94,1007.01,749.07,27.06,2.97
2023-02-15 10:05:00+00:00,188.01000000000002,1058.65,870.64,28.48,3.17
2023-02-15 11:05:00+00:00,193.73999999999998,993.38,799.64,29.31,3.38
2023-02-15 12:05:00+00:00,189.39000000000001,859.52,670.13,29.71,3.72
2023-02-15 13:05:00+00:00,160.08,676.2900000000001,516.21,29.52,4.07
2023-02-15 14:05:00+00:00,139.94,429.39,289.45,28.83,4.41
2023-02-15 15:05:00+00:00,70.11999999999999,179.62,109.5,27.37,4.69
2023-02-15 16:05:00+00:00,0.0,0.0,0.0,25.3,4.62
2023-02-15 17:05:00+00:00,0.0,0.0,0.0,23.27,4.97
2023-02-15 18:05:00+00:00,0.0,0.0,0.0,21.63,4.69
2023-02-15 19:05:00+00:00,0.0,0.0,0.0,21.0,4.41
2023-02-15 20:05:00+00:00,0.0,0.0,0.0,20.06,4.34
2023-02-15 21:05:00+00:00,0.0,0.0,0.0,19.27,4.14
2023-02-15 22:05:00+00:00,0.0,0.0,0.0,18.52,3.86
2023-02-15 23:05:00+00:00,0.0,0.0,0.0,17.9,3.59
2023-02-16 00:05:00+00:00,0.0,0.0,0.0,17.44,3.24
2023-02-16 01:05:00+00:00,0.0,0.0,0.0,16.99,2.69
2023-02-16 02:05:00+00:00,0.0,0.0,0.0,16.73,2.14
2023-02-16 03:05:00+00:00,0.0,0.0,0.0,16.53,1.72
2023-02-16 04:05:00+00:00,17.029999999999998,17.029999999999998,0.0,16.51,1.52
2023-02-16 05:05:00+00:00,147.35,274.23,126.88,17.58,1.72
2023-02-16 06:05:00+00:00,198.72,544.55,345.83,19.59,2.07
2023-02-16 07:05:00+00:00,195.6,778.62,583.02,22.2,2.97
2023-02-16 08:05:00+00:00,171.35000000000002,954.74,783.39,24.81,3.72
2023-02-16 09:05:00+00:00,238.77,1008.53,769.76,26.0,3.72
2023-02-16 10:05:00+00:00,240.79000000000002,1022.8700000000001,782.08,26.44,3.86
2023-02-16 11:05:00+00:00,249.35,954.16,704.81,26.83,3.86
2023-02-16 12:05:00+00:00,240.82999999999998,818.6700000000001,577.84,27.14,4.07
2023-02-16 13:05:00+00:00,176.34,657.46,481.12,26.61,4.34
2023-02-16 14:05:00+00:00,127.79,435.29,307.5,26.19,4.48
2023-02-16 15:05:00+00:00,68.86,178.59,109.73,24.84,4.48
2023-02-16 16:05:00+00:00,0.0,0.0,0.0,23.25,4.14
2023-02-16 17:05:00+00:00,0.0,0.0,0.0,22.03,4.34
2023-02-16 18:05:00+00:00,0.0,0.0,0.0,21.1,4.41
2023-02-16 19:05:00+00:00,0.0,0.0,0.0,20.65,4.48
2023-02-16 20:05:00+00:00,0.0,0.0,0.0,19.95,4.41
2023-02-16 21:05:00+00:00,0.0,0.0,0.0,19.21,4.14
2023-02-16 22:05:00+00:00,0.0,0.0,0.0,18.5,3.86
2023-02-16 23:05:00+00:00,0.0,0.0,0.0,17.93,3.45
2023-02-17 00:05:00+00:00,0.0,0.0,0.0,17.59,2.9
2023-02-17 01:05:00+00:00,0.0,0.0,0.0,17.06,2.21
2023-02-17 02:05:00+00:00,0.0,0.0,0.0,16.63,1.66
2023-02-17 03:05:00+00:00,0.0,0.0,0.0,16.22,1.45
2023-02-17 04:05:00+00:00,22.759999999999998,24.849999999999998,2.09,15.96,1.45
2023-02-17 05:05:00+00:00,140.97,290.15,149.18,17.29,1.86
2023-02-17 06:05:00+00:00,241.53,487.83000000000004,246.3,19.58,3.72
2023-02-17 07:05:00+00:00,257.13,732.52,475.39,21.18,4.62
2023-02-17 08:05:00+00:00,188.81,942.21,753.4,22.95,4.48
2023-02-17 09:05:00+00:00,197.05,1028.66,831.61,25.0,4.41
2023-02-17 10:05:00+00:00,199.09,1042.92,843.83,26.41,4.55
2023-02-17 11:05:00+00:00,193.92000000000002,983.25,789.33,26.95,4.76
2023-02-17 12:05:00+00:00,180.59,854.4200000000001,673.83,26.9,5.1
2023-02-17 13:05:00+00:00,159.19,667.53,508.34,26.22,5.38
2023-02-17 14:05:00+00:00,117.57000000000001,441.76,324.19,25.76,5.52
2023-02-17 15:05:00+00:00,68.73,178.66000000000003,109.93,24.49,5.59
2023-02-17 16:05:00+00:00,0.0,0.0,0.0,22.67,4.97
2023-02-17 17:05:00+00:00,0.0,0.0,0.0,21.22,5.24
2023-02-17 18:05:00+00:00,0.0,0.0,0.0,20.1,4.97
2023-02-17 19:05:00+00:00,0.0,0.0,0.0,19.39,4.9
2023-02-17 20:05:00+00:00,0.0,0.0,0.0,18.69,4.76
2023-02-17 21:05:00+00:00,0.0,0.0,0.0,18.01,4.62
2023-02-17 22:05:00+00:00,0.0,0.0,0.0,17.36,4.34
2023-02-17 23:05:00+00:00,0.0,0.0,0.0,16.86,4.0
2023-02-18 00:05:00+00:00,0.0,0.0,0.0,16.4,3.45
2023-02-18 01:05:00+00:00,0.0,0.0,0.0,16.05,2.83
2023-02-18 02:05:00+00:00,0.0,0.0,0.0,15.7,2.28
2023-02-18 03:05:00+00:00,0.0,0.0,0.0,15.41,1.79
2023-02-18 04:05:00+00:00,29.91,48.39,18.48,15.02,1.52
2023-02-18 05:05:00+00:00,122.66,321.5,198.84,16.84,1.52
2023-02-18 06:05:00+00:00,161.5,574.96,413.46,19.49,3.45
2023-02-18 07:05:00+00:00,331.08000000000004,655.24,324.16,20.9,5.59
2023-02-18 08:05:00+00:00,281.28000000000003,888.77,607.49,22.32,5.31
2023-02-18 09:05:00+00:00,256.61,999.19,742.58,24.08,5.38
2023-02-18 10:05:00+00:00,176.1,1056.36,880.26,25.5,5.38
2023-02-18 11:05:00+00:00,163.95999999999998,1000.6099999999999,836.65,26.73,5.52
2023-02-18 12:05:00+00:00,155.48999999999998,869.74,714.25,27.24,5.59
2023-02-18 13:05:00+00:00,181.5,652.01,470.51,26.84,5.66
2023-02-18 14:05:00+00:00,118.35,442.6,324.25,25.82,5.72
2023-02-18 15:05:00+00:00,66.63,179.55,112.92,24.21,5.72
2023-02-18 16:05:00+00:00,0.0,0.0,0.0,22.45,4.76
2023-02-18 17:05:00+00:00,0.0,0.0,0.0,21.28,5.1
2023-02-18 18:05:00+00:00,0.0,0.0,0.0,20.38,4.76
2023-02-18 19:05:00+00:00,0.0,0.0,0.0,19.42,4.07
2023-02-18 20:05:00+00:00,0.0,0.0,0.0,18.68,3.66
2023-02-18 21:05:00+00:00,0.0,0.0,0.0,18.1,3.52
2023-02-18 22:05:00+00:00,0.0,0.0,0.0,17.47,3.31
2023-02-18 23:05:00+00:00,0.0,0.0,0.0,17.09,3.1
2023-02-19 00:05:00+00:00,0.0,0.0,0.0,16.69,2.69
2023-02-19 01:05:00+00:00,0.0,0.0,0.0,16.39,2.34
2023-02-19 02:05:00+00:00,0.0,0.0,0.0,16.09,2.14
2023-02-19 03:05:00+00:00,0.0,0.0,0.0,15.61,2.14
2023-02-19 04:05:00+00:00,28.65,38.72,10.07,15.53,2.21
2023-02-19 05:05:00+00:00,74.73,74.73,0.0,17.14,2.55
2023-02-19 06:05:00+00:00,215.23,524.65,309.42,19.05,4.28
2023-02-19 07:05:00+00:00,251.63,737.76,486.13,20.58,5.79
2023-02-19 08:05:00+00:00,438.54999999999995,703.5899999999999,265.04,21.91,5.66
2023-02-19 09:05:00+00:00,360.68,925.03,564.35,23.56,5.45
2023-02-19 10:05:00+00:00,165.9,1059.43,893.53,25.14,5.38
2023-02-19 11:05:00+00:00,203.07999999999998,978.27,775.19,25.58,5.17
2023-02-19 12:05:00+00:00,302.54,769.36,466.82,25.94,5.03
2023-02-19 13:05:00+00:00,232.77,608.37,375.6,25.75,4.83
2023-02-19 14:05:00+00:00,120.93,437.61,316.68,25.16,4.69
2023-02-19 15:05:00+00:00,65.63,181.44,115.81,24.12,4.69
2023-02-19 16:05:00+00:00,0.0,0.0,0.0,22.69,4.21
2023-02-19 17:05:00+00:00,0.0,0.0,0.0,21.41,4.34
2023-02-19 18:05:00+00:00,0.0,0.0,0.0,20.45,4.41
2023-02-19 19:05:00+00:00,0.0,0.0,0.0,19.55,4.48
2023-02-19 20:05:00+00:00,0.0,0.0,0.0,18.7,4.34
2023-02-19 21:05:00+00:00,0.0,0.0,0.0,17.97,4.21
2023-02-19 22:05:00+00:00,0.0,0.0,0.0,17.41,4.0
2023-02-19 23:05:00+00:00,0.0,0.0,0.0,16.93,3.66
2023-02-20 00:05:00+00:00,0.0,0.0,0.0,16.62,3.38
2023-02-20 01:05:00+00:00,0.0,0.0,0.0,16.19,2.9
2023-02-20 02:05:00+00:00,0.0,0.0,0.0,15.79,2.34
2023-02-20 03:05:00+00:00,0.0,0.0,0.0,15.54,2.07
2023-02-20 04:05:00+00:00,28.89,50.61,21.72,15.19,1.79
2023-02-20 05:05:00+00:00,118.2,322.83,204.63,16.99,1.72
2023-02-20 06:05:00+00:00,146.81,577.19,430.38,19.92,3.52
2023-02-20 07:05:00+00:00,173.28,782.74,609.46,21.5,4.83
2023-02-20 08:05:00+00:00,168.94,943.8399999999999,774.9,23.32,4.76
2023-02-20 09:05:00+00:00,159.56,1041.73,882.17,24.85,4.69
2023-02-20 10:05:00+00:00,159.63,1055.8400000000001,896.21,26.2,4.69
2023-02-20 11:05:00+00:00,150.44,999.3599999999999,848.92,26.8,4.62
2023-02-20 12:05:00+00:00,149.78,863.24,713.46,26.65,4.48
2023-02-20 13:05:00+00:00,140.11,669.21,529.1,26.38,4.28
2023-02-20 14:05:00+00:00,114.48,436.58000000000004,322.1,25.89,4.28
2023-02-20 15:05:00+00:00,67.61,171.04000000000002,103.43,24.93,4.34
2023-02-20 16:05:00+00:00,0.0,0.0,0.0,23.53,4.07
2023-02-20 17:05:00+00:00,0.0,0.0,0.0,22.28,4.14
2023-02-20 18:05:00+00:00,0.0,0.0,0.0,20.98,4.0
2023-02-20 19:05:00+00:00,0.0,0.0,0.0,20.59,3.72
2023-02-20 20:05:00+00:00,0.0,0.0,0.0,19.66,3.66
2023-02-20 21:05:00+00:00,0.0,0.0,0.0,18.82,3.72
2023-02-20 22:05:00+00:00,0.0,0.0,0.0,18.13,3.66
2023-02-20 23:05:00+00:00,0.0,0.0,0.0,17.57,3.31
2023-02-21 00:05:00+00:00,0.0,0.0,0.0,17.1,2.97
2023-02-21 01:05:00+00:00,0.0,0.0,0.0,16.67,2.55
2023-02-21 02:05:00+00:00,0.0,0.0,0.0,16.27,2.28
2023-02-21 03:05:00+00:00,0.0,0.0,0.0,15.85,1.86
2023-02-21 04:05:00+00:00,28.61,40.21,11.6,15.51,1.66
2023-02-21 05:05:00+00:00,118.61999999999999,318.11,199.49,17.29,1.59
2023-02-21 06:05:00+00:00,222.23,505.85,283.62,20.13,3.1
2023-02-21 07:05:00+00:00,179.75,774.84,595.09,22.22,3.79
2023-02-21 08:05:00+00:00,169.57,940.6099999999999,771.04,24.29,4.0
2023-02-21 09:05:00+00:00,166.09,1032.87,866.78,26.06,4.0
2023-02-21 10:05:00+00:00,166.14999999999998,1046.04,879.89,27.36,4.14
2023-02-21 11:05:00+00:00,163.87,985.94,822.07,28.01,4.14
2023-02-21 12:05:00+00:00,171.13,845.96,674.83,28.1,4.14
2023-02-21 13:05:00+00:00,151.60999999999999,658.18,506.57,27.67,4.07
2023-02-21 14:05:00+00:00,119.91999999999999,427.0,307.08,27.32,4.14
2023-02-21 15:05:00+00:00,64.67,173.69,109.02,26.02,4.48
2023-02-21 16:05:00+00:00,0.0,0.0,0.0,24.42,4.07
2023-02-21 17:05:00+00:00,0.0,0.0,0.0,22.82,4.34
2023-02-21 18:05:00+00:00,0.0,0.0,0.0,21.52,4.28
2023-02-21 19:05:00+00:00,0.0,0.0,0.0,20.58,4.28
2023-02-21 20:05:00+00:00,0.0,0.0,0.0,19.61,4.0
2023-02-21 21:05:00+00:00,0.0,0.0,0.0,18.8,3.66
2023-02-21 22:05:00+00:00,0.0,0.0,0.0,18.13,3.24
2023-02-21 23:05:00+00:00,0.0,0.0,0.0,17.53,2.9
2023-02-22 00:05:00+00:00,0.0,0.0,0.0,17.08,2.55
2023-02-22 01:05:00+00:00,0.0,0.0,0.0,16.7,2.21
2023-02-22 02:05:00+00:00,0.0,0.0,0.0,16.27,1.93
2023-02-22 03:05:00+00:00,0.0,0.0,0.0,15.87,1.72
2023-02-22 04:05:00+00:00,28.56,39.92,11.36,15.54,1.59
2023-02-22 05:05:00+00:00,128.19,303.6,175.41,17.45,1.59
2023-02-22 06:05:00+00:00,151.91,569.36,417.45,20.11,2.97
2023-02-22 07:05:00+00:00,171.46,776.5600000000001,605.1,22.49,3.24
2023-02-22 08:05:00+00:00,187.87,928.36,740.49,24.86,3.52
2023-02-22 09:05:00+00:00,185.35999999999999,1019.82,834.46,26.73,3.79
2023-02-22 10:05:00+00:00,197.18,1027.79,830.61,27.99,3.93
2023-02-22 11:05:00+00:00,191.99,968.38,776.39,28.63,3.93
2023-02-22 12:05:00+00:00,170.76,843.8199999999999,673.06,28.66,4.0
2023-02-22 13:05:00+00:00,163.04,648.25,485.21,28.66,4.21
2023-02-22 14:05:00+00:00,118.53,424.55999999999995,306.03,27.88,4.48
2023-02-22 15:05:00+00:00,65.12,168.79000000000002,103.67,26.34,4.69
2023-02-22 16:05:00+00:00,0.0,0.0,0.0,24.72,4.28
2023-02-22 17:05:00+00:00,0.0,0.0,0.0,23.05,4.28
2023-02-22 18:05:00+00:00,0.0,0.0,0.0,21.78,4.28
2023-02-22 19:05:00+00:00,0.0,0.0,0.0,20.46,4.07
2023-02-22 20:05:00+00:00,0.0,0.0,0.0,19.59,4.0
2023-02-22 21:05:00+00:00,0.0,0.0,0.0,18.78,3.72
2023-02-22 22:05:00+00:00,0.0,0.0,0.0,18.07,3.45
2023-02-22 23:05:00+00:00,0.0,0.0,0.0,17.41,3.1
2023-02-23 00:05:00+00:00,0.0,0.0,0.0,16.86,2.55
2023-02-23 01:05:00+00:00,0.0,0.0,0.0,16.36,2.0
2023-02-23 02:05:00+00:00,0.0,0.0,0.0,15.9,1.52
2023-02-23 03:05:00+00:00,0.0,0.0,0.0,15.45,1.24
2023-02-23 04:05:00+00:00,28.49,37.739999999999995,9.25,15.13,1.17
2023-02-23 05:05:00+00:00,127.77,301.63,173.86,17.12,1.45
2023-02-23 06:05:00+00:00,146.59,570.69,424.1,19.69,2.48
2023-02-23 07:05:00+00:00,164.20000000000002,779.1800000000001,614.98,22.03,3.1
2023-02-23 08:05:00+00:00,167.85999999999999,935.91,768.05,24.45,3.03
2023-02-23 09:05:00+00:00,174.22,1022.69,848.47,26.33,3.17
2023-02-23 10:05:00+00:00,174.3,1035.89,861.59,27.76,3.45
2023-02-23 11:05:00+00:00,171.01999999999998,975.79,804.77,28.49,3.72
2023-02-23 12:05:00+00:00,170.37,840.68,670.31,28.56,4.28
2023-02-23 13:05:00+00:00,156.74,649.4000000000001,492.66,28.15,4.62
2023-02-23 14:05:00+00:00,115.21,424.4,309.19,27.84,4.9
2023-02-23 15:05:00+00:00,63.26,172.32,109.06,26.47,4.97
2023-02-23 16:05:00+00:00,0.0,0.0,0.0,24.65,4.41
2023-02-23 17:05:00+00:00,0.0,0.0,0.0,23.04,4.34
2023-02-23 18:05:00+00:00,0.0,0.0,0.0,21.72,4.21
2023-02-23 19:05:00+00:00,0.0,0.0,0.0,20.45,4.14
2023-02-23 20:05:00+00:00,0.0,0.0,0.0,19.48,3.86
2023-02-23 21:05:00+00:00,0.0,0.0,0.0,18.67,3.45
2023-02-23 22:05:00+00:00,0.0,0.0,0.0,17.97,2.97
2023-02-23 23:05:00+00:00,0.0,0.0,0.0,17.52,2.34
2023-02-24 00:05:00+00:00,0.0,0.0,0.0,16.92,1.79
2023-02-24 01:05:00+00:00,0.0,0.0,0.0,16.39,1.38
2023-02-24 02:05:00+00:00,0.0,0.0,0.0,15.91,1.1
2023-02-24 03:05:00+00:00,0.0,0.0,0.0,15.38,0.97
2023-02-24 04:05:00+00:00,27.51,36.55,9.04,14.89,0.83
2023-02-24 05:05:00+00:00,128.47,301.87,173.4,16.99,0.83
2023-02-24 06:05:00+00:00,155.01,563.65,408.64,19.67,1.38
2023-02-24 07:05:00+00:00,178.56,770.56,592.0,22.24,1.93
2023-02-24 08:05:00+00:00,177.33999999999997,931.0899999999999,753.75,24.89,2.28
2023-02-24 09:05:00+00:00,184.66,1017.91,833.25,26.82,2.62
2023-02-24 10:05:00+00:00,158.36999999999998,1046.9299999999998,888.56,28.34,2.97
2023-02-24 11:05:00+00:00,170.70000000000002,975.34,804.64,28.61,3.24
2023-02-24 12:05:00+00:00,170.02,840.43,670.41,29.17,3.72
2023-02-24 13:05:00+00:00,156.38,648.52,492.14,28.5,4.28
2023-02-24 14:05:00+00:00,117.78999999999999,420.62,302.83,27.76,4.62
2023-02-24 15:05:00+00:00,59.54,179.08,119.54,26.62,4.69
2023-02-24 16:05:00+00:00,0.0,0.0,0.0,24.97,3.93
2023-02-24 17:05:00+00:00,0.0,0.0,0.0,23.61,4.0
2023-02-24 18:05:00+00:00,0.0,0.0,0.0,22.37,4.34
2023-02-24 19:05:00+00:00,0.0,0.0,0.0,21.54,3.93
2023-02-24 20:05:00+00:00,0.0,0.0,0.0,20.66,3.72
2023-02-24 21:05:00+00:00,0.0,0.0,0.0,19.88,3.66
2023-02-24 22:05:00+00:00,0.0,0.0,0.0,19.09,3.52
2023-02-24 23:05:00+00:00,0.0,0.0,0.0,18.38,3.31
2023-02-25 00:05:00+00:00,0.0,0.0,0.0,17.83,2.83
2023-02-25 01:05:00+00:00,0.0,0.0,0.0,17.28,2.28
2023-02-25 02:05:00+00:00,0.0,0.0,0.0,16.77,1.86
2023-02-25 03:05:00+00:00,0.0,0.0,0.0,16.32,1.52
2023-02-25 04:05:00+00:00,9.46,9.46,0.0,16.04,1.31
2023-02-25 05:05:00+00:00,146.4,174.68,28.28,17.24,1.45
2023-02-25 06:05:00+00:00,212.32,509.3,296.98,19.6,2.62
2023-02-25 07:05:00+00:00,171.23000000000002,768.21,596.98,21.93,3.79
2023-02-25 08:05:00+00:00,177.88,923.99,746.11,24.16,4.0
2023-02-25 09:05:00+00:00,173.49,1014.98,841.49,25.97,4.41
2023-02-25 10:05:00+00:00,207.70999999999998,1012.81,805.1,27.33,4.76
2023-02-25 11:05:00+00:00,245.26,927.7,682.44,28.16,4.97
2023-02-25 12:05:00+00:00,161.72,836.95,675.23,28.32,5.1
2023-02-25 13:05:00+00:00,149.98999999999998,644.5,494.51,28.11,5.17
2023-02-25 14:05:00+00:00,111.41999999999999,419.38,307.96,27.24,5.17
2023-02-25 15:05:00+00:00,61.61000000000001,167.97,106.36,25.88,5.03
2023-02-25 16:05:00+00:00,0.0,0.0,0.0,24.14,4.48
2023-02-25 17:05:00+00:00,0.0,0.0,0.0,22.64,4.62
2023-02-25 18:05:00+00:00,0.0,0.0,0.0,21.38,4.62
2023-02-25 19:05:00+00:00,0.0,0.0,0.0,20.58,4.34
2023-02-25 20:05:00+00:00,0.0,0.0,0.0,19.69,4.07
2023-02-25 21:05:00+00:00,0.0,0.0,0.0,18.91,3.86
2023-02-25 22:05:00+00:00,0.0,0.0,0.0,18.22,3.66
2023-02-25 23:05:00+00:00,0.0,0.0,0.0,17.65,3.17
2023-02-26 00:05:00+00:00,0.0,0.0,0.0,17.22,2.76
2023-02-26 01:05:00+00:00,0.0,0.0,0.0,16.93,2.41
2023-02-26 02:05:00+00:00,0.0,0.0,0.0,16.76,2.21
2023-02-26 03:05:00+00:00,0.0,0.0,0.0,16.35,1.93
2023-02-26 04:05:00+00:00,22.7,24.419999999999998,1.72,15.98,1.79
2023-02-26 05:05:00+00:00,144.29999999999998,263.9,119.6,17.4,2.21
2023-02-26 06:05:00+00:00,176.17000000000002,538.53,362.36,19.56,3.59
2023-02-26 07:05:00+00:00,155.11,771.3000000000001,616.19,21.65,4.14
2023-02-26 08:05:00+00:00,166.72,923.0500000000001,756.33,24.08,4.41
2023-02-26 09:05:00+00:00,157.54000000000002,1019.28,861.74,26.19,4.62
2023-02-26 10:05:00+00:00,164.42999999999998,1027.16,862.73,27.38,4.76
2023-02-26 11:05:00+00:00,169.88,961.07,791.19,27.75,4.69
2023-02-26 12:05:00+00:00,185.73999999999998,818.36,632.62,28.21,4.76
2023-02-26 13:05:00+00:00,166.13,628.9300000000001,462.8,28.06,4.9
2023-02-26 14:05:00+00:00,123.64,405.63,281.99,27.47,5.03
2023-02-26 15:05:00+00:00,60.35,166.62,106.27,26.22,5.1
2023-02-26 16:05:00+00:00,0.0,0.0,0.0,24.53,4.69
2023-02-26 17:05:00+00:00,0.0,0.0,0.0,23.09,4.9
2023-02-26 18:05:00+00:00,0.0,0.0,0.0,21.89,4.9
2023-02-26 19:05:00+00:00,0.0,0.0,0.0,20.86,4.48
2023-02-26 20:05:00+00:00,0.0,0.0,0.0,20.1,4.28
2023-02-26 21:05:00+00:00,0.0,0.0,0.0,19.49,4.0
2023-02-26 22:05:00+00:00,0.0,0.0,0.0,18.85,3.66
2023-02-26 23:05:00+00:00,0.0,0.0,0.0,18.4,3.45
2023-02-27 00:05:00+00:00,0.0,0.0,0.0,17.95,3.24
2023-02-27 01:05:00+00:00,0.0,0.0,0.0,17.56,3.1
2023-02-27 02:05:00+00:00,0.0,0.0,0.0,17.19,2.83
2023-02-27 03:05:00+00:00,0.0,0.0,0.0,16.79,2.76
2023-02-27 04:05:00+00:00,10.41,10.41,0.0,16.52,2.62
2023-02-27 05:05:00+00:00,137.48000000000002,152.42000000000002,14.94,17.55,4.21
2023-02-27 06:05:00+00:00,254.65,445.05,190.4,19.73,4.0
2023-02-27 07:05:00+00:00,263.58,699.38,435.8,21.51,5.03
2023-02-27 08:05:00+00:00,385.77,765.25,379.48,23.49,5.03
2023-02-27 09:05:00+00:00,468.32,766.28,297.96,24.99,4.76
2023-02-27 10:05:00+00:00,409.46000000000004,866.6400000000001,457.18,25.81,4.69
2023-02-27 11:05:00+00:00,328.37,864.09,535.72,26.43,4.9
2023-02-27 12:05:00+00:00,254.76,770.59,515.83,26.58,5.1
2023-02-27 13:05:00+00:00,235.17000000000002,572.73,337.56,25.32,5.38
2023-02-27 14:05:00+00:00,175.39,342.53,167.14,24.5,5.66
2023-02-27 15:05:00+00:00,60.23,66.55,6.32,23.66,5.66
2023-02-27 16:05:00+00:00,0.0,0.0,0.0,22.32,4.9
2023-02-27 17:05:00+00:00,0.0,0.0,0.0,21.42,4.76
2023-02-27 18:05:00+00:00,0.0,0.0,0.0,20.7,4.55
2023-02-27 19:05:00+00:00,0.0,0.0,0.0,19.53,4.0
2023-02-27 20:05:00+00:00,0.0,0.0,0.0,19.0,3.72
2023-02-27 21:05:00+00:00,0.0,0.0,0.0,18.45,3.52
2023-02-27 22:05:00+00:00,0.0,0.0,0.0,17.9,3.31
2023-02-27 23:05:00+00:00,0.0,0.0,0.0,17.38,3.03
2023-02-28 00:05:00+00:00,0.0,0.0,0.0,16.9,2.69
2023-02-28 01:05:00+00:00,0.0,0.0,0.0,16.45,2.14
2023-02-28 02:05:00+00:00,0.0,0.0,0.0,15.98,1.79
2023-02-28 03:05:00+00:00,0.0,0.0,0.0,15.57,1.52
2023-02-28 04:05:00+00:00,12.29,12.29,0.0,15.35,1.31
2023-02-28 05:05:00+00:00,104.13,105.19,1.06,17.06,1.52
2023-02-28 06:05:00+00:00,263.23,307.13,43.9,19.21,2.48
2023-02-28 07:05:00+00:00,376.29,476.46000000000004,100.17,21.49,3.86
2023-02-28 08:05:00+00:00,436.19,691.27,255.08,22.86,4.21
2023-02-28 09:05:00+00:00,363.5,896.19,532.69,23.98,4.48
2023-02-28 10:05:00+00:00,263.59000000000003,975.0600000000001,711.47,25.06,4.41
2023-02-28 11:05:00+00:00,209.04000000000002,939.5,730.46,26.08,4.55
2023-02-28 12:05:00+00:00,176.18,819.3900000000001,643.21,26.29,4.76
2023-02-28 13:05:00+00:00,238.51,569.49,330.98,25.9,4.9
2023-02-28 14:05:00+00:00,178.44,335.19,156.75,24.71,5.17
2023-02-28 15:05:00+00:00,70.61999999999999,130.45999999999998,59.84,23.63,5.17
2023-02-28 16:05:00+00:00,0.0,0.0,0.0,22.25,4.34
2023-02-28 17:05:00+00:00,0.0,0.0,0.0,21.18,4.14
2023-02-28 18:05:00+00:00,0.0,0.0,0.0,20.3,3.86
2023-02-28 19:05:00+00:00,0.0,0.0,0.0,19.91,3.45
2023-02-28 20:05:00+00:00,0.0,0.0,0.0,19.12,3.38
2023-02-28 21:05:00+00:00,0.0,0.0,0.0,18.43,3.31
2023-02-28 22:05:00+00:00,0.0,0.0,0.0,17.76,3.03
2023-02-28 23:05:00+00:00,0.0,0.0,0.0,17.28,2.62
2023-03-01 00:05:00+00:00,0.0,0.0,0.0,16.73,2.14
2023-03-01 01:05:00+00:00,0.0,0.0,0.0,16.32,1.72
2023-03-01 02:05:00+00:00,0.0,0.0,0.0,15.89,1.45
2023-03-01 03:05:00+00:00,0.0,0.0,0.0,15.49,1.38
2023-03-01 04:05:00+00:00,29.82,55.34,25.52,15.17,1.31
2023-03-01 05:05:00+00:00,100.48,323.54,223.06,17.05,1.31
2023-03-01 06:05:00+00:00,142.17,561.02,418.85,19.51,2.14
2023-03-01 07:05:00+00:00,157.96,769.36,611.4,21.8,2.69
2023-03-01 08:05:00+00:00,170.56,921.6199999999999,751.06,24.29,2.9
2023-03-01 09:05:00+00:00,160.48999999999998,1017.39,856.9,25.48,3.03
2023-03-01 10:05:00+00:00,187.70000000000002,1014.4200000000001,826.72,26.67,3.17
2023-03-01 11:05:00+00:00,211.54,938.28,726.74,27.7,3.24
2023-03-01 12:05:00+00:00,231.97,789.2,557.23,27.99,3.38
2023-03-01 13:05:00+00:00,192.9,606.34,413.44,27.92,3.72
2023-03-01 14:05:00+00:00,171.43,348.23,176.8,27.42,4.0
2023-03-01 15:05:00+00:00,67.61,140.16,72.55,26.33,4.07
2023-03-01 16:05:00+00:00,0.0,0.0,0.0,24.9,3.59
2023-03-01 17:05:00+00:00,0.0,0.0,0.0,23.67,3.59
2023-03-01 18:05:00+00:00,0.0,0.0,0.0,22.44,3.72
2023-03-01 19:05:00+00:00,0.0,0.0,0.0,21.24,3.86
2023-03-01 20:05:00+00:00,0.0,0.0,0.0,20.34,3.79
2023-03-01 21:05:00+00:00,0.0,0.0,0.0,19.63,3.72
2023-03-01 22:05:00+00:00,0.0,0.0,0.0,18.93,3.52
2023-03-01 23:05:00+00:00,0.0,0.0,0.0,18.22,3.31
2023-03-02 00:05:00+00:00,0.0,0.0,0.0,17.65,2.97
2023-03-02 01:05:00+00:00,0.0,0.0,0.0,17.21,2.48
2023-03-02 02:05:00+00:00,0.0,0.0,0.0,16.74,2.07
2023-03-02 03:05:00+00:00,0.0,0.0,0.0,16.41,1.66
2023-03-02 04:05:00+00:00,29.150000000000002,36.910000000000004,7.76,16.02,1.38
2023-03-02 05:05:00+00:00,102.8,315.4,212.6,17.74,1.59
2023-03-02 06:05:00+00:00,129.96,561.65,431.69,20.14,2.55
2023-03-02 07:05:00+00:00,158.44,759.46,601.02,22.31,3.31
2023-03-02 08:05:00+00:00,162.35,915.0,752.65,24.6,3.31
2023-03-02 09:05:00+00:00,187.16,990.39,803.23,26.31,3.17
2023-03-02 10:05:00+00:00,167.9,1012.6899999999999,844.79,27.43,3.1
2023-03-02 11:05:00+00:00,221.67000000000002,922.5899999999999,700.92,28.07,3.17
2023-03-02 12:05:00+00:00,231.35999999999999,778.73,547.37,28.78,3.31
2023-03-02 13:05:00+00:00,178.89,607.26,428.37,28.82,3.72
2023-03-02 14:05:00+00:00,139.97,377.6,237.63,28.0,4.21
2023-03-02 15:05:00+00:00,60.52,150.25,89.73,26.63,4.34
2023-03-02 16:05:00+00:00,0.0,0.0,0.0,25.07,4.0
2023-03-02 17:05:00+00:00,0.0,0.0,0.0,23.71,4.07
2023-03-02 18:05:00+00:00,0.0,0.0,0.0,22.45,3.86
2023-03-02 19:05:00+00:00,0.0,0.0,0.0,21.47,3.79
2023-03-02 20:05:00+00:00,0.0,0.0,0.0,20.65,3.66
2023-03-02 21:05:00+00:00,0.0,0.0,0.0,19.92,3.52
2023-03-02 22:05:00+00:00,0.0,0.0,0.0,19.37,3.24
2023-03-02 23:05:00+00:00,0.0,0.0,0.0,18.7,3.24
2023-03-03 00:05:00+00:00,0.0,0.0,0.0,18.17,2.97
2023-03-03 01:05:00+00:00,0.0,0.0,0.0,17.62,2.14
2023-03-03 02:05:00+00:00,0.0,0.0,0.0,17.42,1.72
2023-03-03 03:05:00+00:00,0.0,0.0,0.0,17.26,1.38
2023-03-03 04:05:00+00:00,26.41,29.43,3.02,17.12,1.24
2023-03-03 05:05:00+00:00,151.70999999999998,228.72999999999996,77.02,18.38,1.66
2023-03-03 06:05:00+00:00,239.43,464.47,225.04,20.34,2.76
2023-03-03 07:05:00+00:00,371.07,539.71,168.64,21.46,3.17
2023-03-03 08:05:00+00:00,223.85,878.71,654.86,23.11,3.03
2023-03-03 09:05:00+00:00,263.92,948.0,684.08,25.23,3.03
2023-03-03 10:05:00+00:00,219.69,983.6800000000001,763.99,27.08,3.1
2023-03-03 11:05:00+00:00,164.15,944.93,780.78,28.09,3.38
2023-03-03 12:05:00+00:00,178.75,801.58,622.83,27.69,3.72
2023-03-03 13:05:00+00:00,178.39,602.55,424.16,27.03,4.0
2023-03-03 14:05:00+00:00,154.2,357.16999999999996,202.97,26.04,3.93
2023-03-03 15:05:00+00:00,60.07,146.13,86.06,25.39,4.21
2023-03-03 16:05:00+00:00,0.0,0.0,0.0,24.1,3.86
2023-03-03 17:05:00+00:00,0.0,0.0,0.0,23.01,4.14
2023-03-03 18:05:00+00:00,0.0,0.0,0.0,22.06,4.0
2023-03-03 19:05:00+00:00,0.0,0.0,0.0,21.52,3.86
2023-03-03 20:05:00+00:00,0.0,0.0,0.0,20.62,3.59
2023-03-03 21:05:00+00:00,0.0,0.0,0.0,19.84,3.45
2023-03-03 22:05:00+00:00,0.0,0.0,0.0,19.22,3.31
2023-03-03 23:05:00+00:00,0.0,0.0,0.0,18.74,3.1
2023-03-04 00:05:00+00:00,0.0,0.0,0.0,18.18,2.69
2023-03-04 01:05:00+00:00,0.0,0.0,0.0,17.71,2.28
2023-03-04 02:05:00+00:00,0.0,0.0,0.0,17.51,2.07
2023-03-04 03:05:00+00:00,0.0,0.0,0.0,17.09,2.0
2023-03-04 04:05:00+00:00,15.13,15.13,0.0,16.67,2.0
2023-03-04 05:05:00+00:00,154.51,219.57999999999998,65.07,18.01,2.21
2023-03-04 06:05:00+00:00,150.53,546.4,395.87,20.18,3.79
2023-03-04 07:05:00+00:00,193.51,740.59,547.08,22.1,4.34
2023-03-04 08:05:00+00:00,325.52,820.16,494.64,24.09,4.55
2023-03-04 09:05:00+00:00,305.64,927.92,622.28,25.57,4.69
2023-03-04 10:05:00+00:00,207.73000000000002,992.5600000000001,784.83,26.85,4.76
2023-03-04 11:05:00+00:00,150.35,958.24,807.89,27.77,4.76
2023-03-04 12:05:00+00:00,161.95,813.4000000000001,651.45,28.26,4.9
2023-03-04 13:05:00+00:00,154.85999999999999,617.1899999999999,462.33,28.31,5.24
2023-03-04 14:05:00+00:00,123.10000000000001,387.69,264.59,27.6,5.45
2023-03-04 15:05:00+00:00,63.239999999999995,138.62,75.38,26.24,5.38
2023-03-04 16:05:00+00:00,0.0,0.0,0.0,24.49,4.55
2023-03-04 17:05:00+00:00,0.0,0.0,0.0,23.08,4.48
2023-03-04 18:05:00+00:00,0.0,0.0,0.0,21.95,4.41
2023-03-04 19:05:00+00:00,0.0,0.0,0.0,20.88,4.14
2023-03-04 20:05:00+00:00,0.0,0.0,0.0,20.02,3.93
2023-03-04 21:05:00+00:00,0.0,0.0,0.0,19.23,3.79
2023-03-04 22:05:00+00:00,0.0,0.0,0.0,18.51,3.66
2023-03-04 23:05:00+00:00,0.0,0.0,0.0,17.96,3.52
2023-03-05 00:05:00+00:00,0.0,0.0,0.0,17.52,3.24
2023-03-05 01:05:00+00:00,0.0,0.0,0.0,17.17,2.83
2023-03-05 02:05:00+00:00,0.0,0.0,0.0,16.81,2.48
2023-03-05 03:05:00+00:00,0.0,0.0,0.0,16.55,2.14
2023-03-05 04:05:00+00:00,12.29,12.29,0.0,16.27,2.0
2023-03-05 05:05:00+00:00,139.98999999999998,153.07999999999998,13.09,17.06,2.97
2023-03-05 06:05:00+00:00,247.18,267.98,20.8,19.29,4.76
2023-03-05 07:05:00+00:00,225.85,727.85,502.0,21.49,5.38
2023-03-05 08:05:00+00:00,168.10999999999999,917.96,749.85,23.48,5.24
2023-03-05 09:05:00+00:00,158.18,1013.1800000000001,855.0,25.13,5.17
2023-03-05 10:05:00+00:00,165.96,1020.4200000000001,854.46,26.67,5.17
2023-03-05 11:05:00+00:00,170.29000000000002,951.3299999999999,781.04,27.52,5.17
2023-03-05 12:05:00+00:00,169.37,815.17,645.8,27.66,5.17
2023-03-05 13:05:00+00:00,159.39,618.24,458.85,27.63,5.17
2023-03-05 14:05:00+00:00,123.74000000000001,387.22,263.48,26.96,5.17
2023-03-05 15:05:00+00:00,61.370000000000005,141.42000000000002,80.05,25.63,5.31
2023-03-05 16:05:00+00:00,0.0,0.0,0.0,23.86,4.69
2023-03-05 17:05:00+00:00,0.0,0.0,0.0,22.51,4.9
2023-03-05 18:05:00+00:00,0.0,0.0,0.0,21.31,4.97
2023-03-05 19:05:00+00:00,0.0,0.0,0.0,20.43,4.76
2023-03-05 20:05:00+00:00,0.0,0.0,0.0,19.55,4.55
2023-03-05 21:05:00+00:00,0.0,0.0,0.0,18.78,4.34
2023-03-05 22:05:00+00:00,0.0,0.0,0.0,18.08,4.07
2023-03-05 23:05:00+00:00,0.0,0.0,0.0,17.48,3.72
2023-03-06 00:05:00+00:00,0.0,0.0,0.0,17.06,3.24
2023-03-06 01:05:00+00:00,0.0,0.0,0.0,16.71,2.9
2023-03-06 02:05:00+00:00,0.0,0.0,0.0,16.47,2.62
2023-03-06 03:05:00+00:00,0.0,0.0,0.0,16.23,2.48
2023-03-06 04:05:00+00:00,27.53,64.92,37.39,15.85,2.14
2023-03-06 05:05:00+00:00,105.26,313.52,208.26,17.32,2.34
2023-03-06 06:05:00+00:00,130.44,561.72,431.28,19.78,3.66
2023-03-06 07:05:00+00:00,156.03,763.9499999999999,607.92,22.49,4.62
2023-03-06 08:05:00+00:00,160.01999999999998,920.4,760.38,24.6,5.03
2023-03-06 09:05:00+00:00,157.82,1010.46,852.64,26.35,5.24
2023-03-06 10:05:00+00:00,157.92,1021.8199999999999,863.9,27.33,5.38
2023-03-06 11:05:00+00:00,155.48,957.91,802.43,28.03,5.38
2023-03-06 12:05:00+00:00,207.52,790.98,583.46,27.9,5.45
2023-03-06 13:05:00+00:00,147.34,621.33,473.99,27.5,5.45
2023-03-06 14:05:00+00:00,110.81,392.6,281.79,26.78,5.45
2023-03-06 15:05:00+00:00,57.589999999999996,145.54,87.95,25.47,5.31
2023-03-06 16:05:00+00:00,0.0,0.0,0.0,23.73,4.55
2023-03-06 17:05:00+00:00,0.0,0.0,0.0,22.43,4.69
2023-03-06 18:05:00+00:00,0.0,0.0,0.0,21.24,4.69
2023-03-06 19:05:00+00:00,0.0,0.0,0.0,20.44,4.55
2023-03-06 20:05:00+00:00,0.0,0.0,0.0,19.58,4.34
2023-03-06 21:05:00+00:00,0.0,0.0,0.0,18.78,4.0
2023-03-06 22:05:00+00:00,0.0,0.0,0.0,18.06,3.66
2023-03-06 23:05:00+00:00,0.0,0.0,0.0,17.46,3.24
2023-03-07 00:05:00+00:00,0.0,0.0,0.0,16.91,2.62
2023-03-07 01:05:00+00:00,0.0,0.0,0.0,16.38,1.86
2023-03-07 02:05:00+00:00,0.0,0.0,0.0,15.84,1.72
2023-03-07 03:05:00+00:00,0.0,0.0,0.0,15.45,1.79
2023-03-07 04:05:00+00:00,32.19,46.97,14.78,15.21,1.86
2023-03-07 05:05:00+00:00,91.58,327.32,235.74,17.24,1.86
2023-03-07 06:05:00+00:00,129.07,560.4,431.33,20.33,3.52
2023-03-07 07:05:00+00:00,144.06,770.95,626.89,22.42,4.0
2023-03-07 08:05:00+00:00,166.38,914.55,748.17,24.52,4.41
2023-03-07 09:05:00+00:00,172.81,999.6600000000001,826.85,26.45,4.55
2023-03-07 10:05:00+00:00,173.86999999999998,1011.09,837.22,27.85,4.62
2023-03-07 11:05:00+00:00,179.13,942.23,763.1,28.44,4.69
2023-03-07 12:05:00+00:00,167.57,809.3900000000001,641.82,27.86,4.83
2023-03-07 13:05:00+00:00,152.71,615.71,463.0,27.7,4.9
2023-03-07 14:05:00+00:00,122.9,382.16999999999996,259.27,26.98,4.9
2023-03-07 15:05:00+00:00,63.15,130.6,67.45,25.65,4.83
2023-03-07 16:05:00+00:00,0.0,0.0,0.0,23.85,4.34
2023-03-07 17:05:00+00:00,0.0,0.0,0.0,22.32,4.48
2023-03-07 18:05:00+00:00,0.0,0.0,0.0,21.13,4.41
2023-03-07 19:05:00+00:00,0.0,0.0,0.0,20.12,4.28
2023-03-07 20:05:00+00:00,0.0,0.0,0.0,19.21,4.0
2023-03-07 21:05:00+00:00,0.0,0.0,0.0,18.46,3.72
2023-03-07 22:05:00+00:00,0.0,0.0,0.0,17.85,3.38
2023-03-07 23:05:00+00:00,0.0,0.0,0.0,17.23,2.9
2023-03-08 00:05:00+00:00,0.0,0.0,0.0,16.67,2.41
2023-03-08 01:05:00+00:00,0.0,0.0,0.0,16.2,2.0
2023-03-08 02:05:00+00:00,0.0,0.0,0.0,15.7,1.72
2023-03-08 03:05:00+00:00,0.0,0.0,0.0,15.24,1.66
2023-03-08 04:05:00+00:00,29.12,60.400000000000006,31.28,14.97,1.59
2023-03-08 05:05:00+00:00,93.02,321.46,228.44,17.13,1.59
2023-03-08 06:05:00+00:00,123.81,560.71,436.9,20.37,2.48
2023-03-08 07:05:00+00:00,143.63,762.89,619.26,22.93,3.59
2023-03-08 08:05:00+00:00,158.28,910.53,752.25,25.27,3.79
2023-03-08 09:05:00+00:00,157.09,1000.49,843.4,27.07,3.86
2023-03-08 10:05:00+00:00,157.17999999999998,1010.9399999999999,853.76,28.3,3.86
2023-03-08 11:05:00+00:00,154.73,947.15,792.42,28.59,3.86
2023-03-08 12:05:00+00:00,175.77,796.55,620.78,28.7,3.93
2023-03-08 13:05:00+00:00,147.41,611.46,464.05,28.57,3.93
2023-03-08 14:05:00+00:00,108.98,386.20000000000005,277.22,27.98,4.28
2023-03-08 15:05:00+00:00,58.57,135.97,77.4,26.63,4.62
2023-03-08 16:05:00+00:00,0.0,0.0,0.0,24.99,4.48
2023-03-08 17:05:00+00:00,0.0,0.0,0.0,23.38,4.48
2023-03-08 18:05:00+00:00,0.0,0.0,0.0,21.91,4.34
2023-03-08 19:05:00+00:00,0.0,0.0,0.0,21.09,4.28
2023-03-08 20:05:00+00:00,0.0,0.0,0.0,20.13,4.21
2023-03-08 21:05:00+00:00,0.0,0.0,0.0,19.3,4.0
2023-03-08 22:05:00+00:00,0.0,0.0,0.0,18.59,3.59
2023-03-08 23:05:00+00:00,0.0,0.0,0.0,18.03,3.17
2023-03-09 00:05:00+00:00,0.0,0.0,0.0,17.54,2.83
2023-03-09 01:05:00+00:00,0.0,0.0,0.0,17.2,2.41
2023-03-09 02:05:00+00:00,0.0,0.0,0.0,16.87,2.07
2023-03-09 03:05:00+00:00,0.0,0.0,0.0,16.59,1.86
2023-03-09 04:05:00+00:00,27.61,64.24000000000001,36.63,16.39,1.59
2023-03-09 05:05:00+00:00,105.74,302.83,197.09,18.11,1.86
2023-03-09 06:05:00+00:00,127.17,549.26,422.09,20.61,2.28
2023-03-09 07:05:00+00:00,148.95,748.8699999999999,599.92,22.45,2.48
2023-03-09 08:05:00+00:00,159.78,899.0,739.22,25.04,3.1
2023-03-09 09:05:00+00:00,163.38,982.06,818.68,27.01,3.24
2023-03-09 10:05:00+00:00,173.98000000000002,987.85,813.87,27.97,3.03
2023-03-09 11:05:00+00:00,169.61,924.79,755.18,28.72,2.97
2023-03-09 12:05:00+00:00,167.58,788.21,620.63,29.0,2.83
2023-03-09 13:05:00+00:00,146.88000000000002,600.03,453.15,29.11,2.97
2023-03-09 14:05:00+00:00,110.33,374.82,264.49,28.49,3.45
2023-03-09 15:05:00+00:00,58.87,128.45,69.58,26.98,4.41
2023-03-09 16:05:00+00:00,0.0,0.0,0.0,24.85,4.48
2023-03-09 17:05:00+00:00,0.0,0.0,0.0,23.02,4.34
2023-03-09 18:05:00+00:00,0.0,0.0,0.0,21.9,3.86
2023-03-09 19:05:00+00:00,0.0,0.0,0.0,21.32,3.72
2023-03-09 20:05:00+00:00,0.0,0.0,0.0,20.46,3.45
2023-03-09 21:05:00+00:00,0.0,0.0,0.0,19.73,3.17
2023-03-09 22:05:00+00:00,0.0,0.0,0.0,19.13,2.9
2023-03-09 23:05:00+00:00,0.0,0.0,0.0,18.65,2.62
2023-03-10 00:05:00+00:00,0.0,0.0,0.0,18.19,2.34
2023-03-10 01:05:00+00:00,0.0,0.0,0.0,17.69,2.0
2023-03-10 02:05:00+00:00,0.0,0.0,0.0,17.18,1.72
2023-03-10 03:05:00+00:00,0.0,0.0,0.0,16.72,1.59
2023-03-10 04:05:00+00:00,30.71,36.83,6.12,16.36,1.45
2023-03-10 05:05:00+00:00,111.89999999999999,295.46,183.56,18.31,1.52
2023-03-10 06:05:00+00:00,186.85,507.30999999999995,320.46,20.84,2.28
2023-03-10 07:05:00+00:00,177.31,729.24,551.93,23.41,2.76
2023-03-10 08:05:00+00:00,176.60999999999999,884.12,707.51,25.26,3.24
2023-03-10 09:05:00+00:00,183.04,966.48,783.44,26.36,3.38
2023-03-10 10:05:00+00:00,184.09,977.02,792.93,27.46,3.38
2023-03-10 11:05:00+00:00,178.76999999999998,913.03,734.26,28.08,3.38
2023-03-10 12:05:00+00:00,190.14,770.1899999999999,580.05,28.57,3.52
2023-03-10 13:05:00+00:00,205.5,558.65,353.15,29.02,3.72
2023-03-10 14:05:00+00:00,105.15,375.87,270.72,27.79,3.86
2023-03-10 15:05:00+00:00,63.31,112.45,49.14,26.51,4.62
2023-03-10 16:05:00+00:00,0.0,0.0,0.0,24.58,4.34
2023-03-10 17:05:00+00:00,0.0,0.0,0.0,23.19,4.21
2023-03-10 18:05:00+00:00,0.0,0.0,0.0,22.06,4.07
2023-03-10 19:05:00+00:00,0.0,0.0,0.0,20.92,4.28
2023-03-10 20:05:00+00:00,0.0,0.0,0.0,20.22,4.0
2023-03-10 21:05:00+00:00,0.0,0.0,0.0,19.54,3.59
2023-03-10 22:05:00+00:00,0.0,0.0,0.0,18.98,3.1
2023-03-10 23:05:00+00:00,0.0,0.0,0.0,18.52,2.69
2023-03-11 00:05:00+00:00,0.0,0.0,0.0,18.08,2.34
2023-03-11 01:05:00+00:00,0.0,0.0,0.0,17.61,2.14
2023-03-11 02:05:00+00:00,0.0,0.0,0.0,17.26,2.0
2023-03-11 03:05:00+00:00,0.0,0.0,0.0,16.79,1.86
2023-03-11 04:05:00+00:00,8.51,8.51,0.0,16.56,1.72
2023-03-11 05:05:00+00:00,112.66000000000001,114.55000000000001,1.89,18.26,2.07
2023-03-11 06:05:00+00:00,259.53,430.53999999999996,171.01,20.64,3.31
2023-03-11 07:05:00+00:00,246.48,690.84,444.36,22.42,4.28
2023-03-11 08:05:00+00:00,309.61,813.08,503.47,24.19,4.34
2023-03-11 09:05:00+00:00,317.14,898.87,581.73,25.4,4.34
2023-03-11 10:05:00+00:00,431.16999999999996,819.4499999999999,388.28,26.18,4.55
2023-03-11 11:05:00+00:00,303.31,847.98,544.67,26.63,4.55
2023-03-11 12:05:00+00:00,337.66999999999996,669.24,331.57,26.82,4.62
2023-03-11 13:05:00+00:00,288.26000000000005,470.14000000000004,181.88,26.52,5.03
2023-03-11 14:05:00+00:00,161.65,322.88,161.23,25.9,5.03
2023-03-11 15:05:00+00:00,47.36,48.41,1.05,24.58,4.69
2023-03-11 16:05:00+00:00,0.0,0.0,0.0,23.21,3.93
2023-03-11 17:05:00+00:00,0.0,0.0,0.0,22.13,4.0
2023-03-11 18:05:00+00:00,0.0,0.0,0.0,21.13,3.79
2023-03-11 19:05:00+00:00,0.0,0.0,0.0,20.58,4.0
2023-03-11 20:05:00+00:00,0.0,0.0,0.0,19.89,3.79
2023-03-11 21:05:00+00:00,0.0,0.0,0.0,19.28,3.52
2023-03-11 22:05:00+00:00,0.0,0.0,0.0,18.69,3.17
2023-03-11 23:05:00+00:00,0.0,0.0,0.0,18.12,2.9
2023-03-12 00:05:00+00:00,0.0,0.0,0.0,17.83,2.62
2023-03-12 01:05:00+00:00,0.0,0.0,0.0,17.49,2.41
2023-03-12 02:05:00+00:00,0.0,0.0,0.0,17.14,2.21
2023-03-12 03:05:00+00:00,0.0,0.0,0.0,16.95,2.14
2023-03-12 04:05:00+00:00,4.73,4.73,0.0,16.87,2.41
2023-03-12 05:05:00+00:00,97.44,97.44,0.0,17.69,3.31
2023-03-12 06:05:00+00:00,264.28000000000003,417.90000000000003,153.62,19.51,3.45
2023-03-12 07:05:00+00:00,308.65,641.14,332.49,21.4,3.52
2023-03-12 08:05:00+00:00,361.51,771.5999999999999,410.09,23.04,3.45
2023-03-12 09:05:00+00:00,390.85999999999996,843.99,453.13,25.1,3.52
2023-03-12 10:05:00+00:00,311.02,909.72,598.7,26.24,3.59
2023-03-12 11:05:00+00:00,342.37,818.4300000000001,476.06,27.21,3.52
2023-03-12 12:05:00+00:00,290.8,706.21,415.41,27.58,3.93
2023-03-12 13:05:00+00:00,254.77,512.03,257.26,26.65,4.14
2023-03-12 14:05:00+00:00,187.26,257.46999999999997,70.21,26.32,4.69
2023-03-12 15:05:00+00:00,63.79,82.33,18.54,25.02,5.24
2023-03-12 16:05:00+00:00,0.0,0.0,0.0,23.44,3.38
2023-03-12 17:05:00+00:00,0.0,0.0,0.0,22.44,3.59
2023-03-12 18:05:00+00:00,0.0,0.0,0.0,21.58,3.17
2023-03-12 19:05:00+00:00,0.0,0.0,0.0,20.92,3.72
2023-03-12 20:05:00+00:00,0.0,0.0,0.0,20.04,3.52
2023-03-12 21:05:00+00:00,0.0,0.0,0.0,19.33,3.24
2023-03-12 22:05:00+00:00,0.0,0.0,0.0,18.73,2.83
2023-03-12 23:05:00+00:00,0.0,0.0,0.0,18.25,2.48
2023-03-13 00:05:00+00:00,0.0,0.0,0.0,17.76,2.21
2023-03-13 01:05:00+00:00,0.0,0.0,0.0,17.38,2.07
2023-03-13 02:05:00+00:00,0.0,0.0,0.0,17.12,2.0
2023-03-13 03:05:00+00:00,0.0,0.0,0.0,16.95,1.93
2023-03-13 04:05:00+00:00,27.23,29.45,2.22,16.7,2.21
2023-03-13 05:05:00+00:00,156.80999999999997,205.89,49.08,17.52,2.97
2023-03-13 06:05:00+00:00,271.59000000000003,399.95000000000005,128.36,19.32,3.45
2023-03-13 07:05:00+00:00,300.78,646.67,345.89,21.42,3.79
2023-03-13 08:05:00+00:00,226.88000000000002,853.9399999999999,627.06,23.37,3.79
2023-03-13 09:05:00+00:00,202.8,951.51,748.71,24.93,3.86
2023-03-13 10:05:00+00:00,251.49,938.44,686.95,26.35,3.93
2023-03-13 11:05:00+00:00,224.25,883.39,659.14,27.38,4.0
2023-03-13 12:05:00+00:00,314.51,682.81,368.3,28.06,4.07
2023-03-13 13:05:00+00:00,185.12,561.56,376.44,27.98,4.41
2023-03-13 14:05:00+00:00,169.65,303.35,133.7,27.2,4.69
2023-03-13 15:05:00+00:00,63.42,91.71000000000001,28.29,25.97,4.69
2023-03-13 16:05:00+00:00,0.0,0.0,0.0,24.41,3.86
2023-03-13 17:05:00+00:00,0.0,0.0,0.0,22.96,3.66
2023-03-13 18:05:00+00:00,0.0,0.0,0.0,21.88,3.52
2023-03-13 19:05:00+00:00,0.0,0.0,0.0,21.07,3.66
2023-03-13 20:05:00+00:00,0.0,0.0,0.0,20.27,3.66
2023-03-13 21:05:00+00:00,0.0,0.0,0.0,19.44,3.59
2023-03-13 22:05:00+00:00,0.0,0.0,0.0,18.78,3.45
2023-03-13 23:05:00+00:00,0.0,0.0,0.0,18.21,3.17
2023-03-14 00:05:00+00:00,0.0,0.0,0.0,17.73,3.03
2023-03-14 01:05:00+00:00,0.0,0.0,0.0,17.47,3.03
2023-03-14 02:05:00+00:00,0.0,0.0,0.0,17.17,2.69
2023-03-14 03:05:00+00:00,0.0,0.0,0.0,17.08,2.28
2023-03-14 04:05:00+00:00,5.68,5.68,0.0,17.1,2.28
2023-03-14 05:05:00+00:00,132.82,141.07,8.25,17.87,3.24
2023-03-14 06:05:00+00:00,193.99,195.77,1.78,19.67,3.86
2023-03-14 07:05:00+00:00,354.38,391.44,37.06,20.94,3.72
2023-03-14 08:05:00+00:00,449.15,536.0899999999999,86.94,22.9,3.72
2023-03-14 09:05:00+00:00,399.96999999999997,827.5999999999999,427.63,23.91,3.59
2023-03-14 10:05:00+00:00,501.56,646.12,144.56,25.54,3.45
2023-03-14 11:05:00+00:00,359.03999999999996,796.93,437.89,26.52,3.24
2023-03-14 12:05:00+00:00,317.66999999999996,674.52,356.85,26.98,3.24
2023-03-14 13:05:00+00:00,242.7,512.89,270.19,26.93,3.31
2023-03-14 14:05:00+00:00,162.95,307.25,144.3,26.39,3.72
2023-03-14 15:05:00+00:00,57.04,112.49000000000001,55.45,25.53,4.0
2023-03-14 16:05:00+00:00,0.0,0.0,0.0,24.11,3.79
2023-03-14 17:05:00+00:00,0.0,0.0,0.0,22.81,4.07
2023-03-14 18:05:00+00:00,0.0,0.0,0.0,21.49,3.86
2023-03-14 19:05:00+00:00,0.0,0.0,0.0,21.01,3.86
2023-03-14 20:05:00+00:00,0.0,0.0,0.0,20.3,3.86
2023-03-14 21:05:00+00:00,0.0,0.0,0.0,19.43,3.52
2023-03-14 22:05:00+00:00,0.0,0.0,0.0,18.8,3.24
2023-03-14 23:05:00+00:00,0.0,0.0,0.0,18.38,2.62
2023-03-15 00:05:00+00:00,0.0,0.0,0.0,18.07,2.41
2023-03-15 01:05:00+00:00,0.0,0.0,0.0,17.87,2.34
2023-03-15 02:05:00+00:00,0.0,0.0,0.0,17.58,2.07
2023-03-15 03:05:00+00:00,0.0,0.0,0.0,17.44,2.14
2023-03-15 04:05:00+00:00,11.35,11.35,0.0,17.21,2.21
2023-03-15 05:05:00+00:00,92.7,92.7,0.0,17.79,3.66
2023-03-15 06:05:00+00:00,241.82,256.88,15.06,19.54,3.72
2023-03-15 07:05:00+00:00,289.46,645.91,356.45,20.43,3.03
2023-03-15 08:05:00+00:00,391.21999999999997,729.5899999999999,338.37,22.19,2.48
2023-03-15 09:05:00+00:00,436.13,783.5,347.37,23.6,2.28
2023-03-15 10:05:00+00:00,412.5,820.03,407.53,24.56,2.21
2023-03-15 11:05:00+00:00,462.53000000000003,632.0600000000001,169.53,25.35,2.41
2023-03-15 12:05:00+00:00,383.06,582.11,199.05,25.89,2.76
2023-03-15 13:05:00+00:00,259.59999999999997,490.15999999999997,230.56,25.98,3.24
2023-03-15 14:05:00+00:00,183.77,252.12,68.35,25.39,3.38
2023-03-15 15:05:00+00:00,59.38,71.99000000000001,12.61,24.2,3.72
2023-03-15 16:05:00+00:00,0.0,0.0,0.0,22.6,3.79
2023-03-15 17:05:00+00:00,0.0,0.0,0.0,21.3,3.86
2023-03-15 18:05:00+00:00,0.0,0.0,0.0,20.26,3.52
2023-03-15 19:05:00+00:00,0.0,0.0,0.0,20.48,3.17
2023-03-15 20:05:00+00:00,0.0,0.0,0.0,19.69,2.83
2023-03-15 21:05:00+00:00,0.0,0.0,0.0,19.09,2.55
2023-03-15 22:05:00+00:00,0.0,0.0,0.0,18.44,2.07
2023-03-15 23:05:00+00:00,0.0,0.0,0.0,18.14,1.79
2023-03-16 00:05:00+00:00,0.0,0.0,0.0,17.8,1.79
2023-03-16 01:05:00+00:00,0.0,0.0,0.0,17.67,1.86
2023-03-16 02:05:00+00:00,0.0,0.0,0.0,17.56,1.86
2023-03-16 03:05:00+00:00,0.0,0.0,0.0,17.45,1.86
2023-03-16 04:05:00+00:00,13.25,13.25,0.0,17.34,1.66
2023-03-16 05:05:00+00:00,26.49,26.49,0.0,17.8,2.07
2023-03-16 06:05:00+00:00,79.47,79.47,0.0,19.12,2.0
2023-03-16 07:05:00+00:00,103.11,103.11,0.0,18.7,1.52
2023-03-16 08:05:00+00:00,205.28,205.28,0.0,19.46,1.66
2023-03-16 09:05:00+00:00,468.54,526.78,58.24,21.15,2.55
2023-03-16 10:05:00+00:00,464.48,742.62,278.14,21.49,2.97
2023-03-16 11:05:00+00:00,318.40999999999997,805.7,487.29,22.42,3.1
2023-03-16 12:05:00+00:00,384.01,562.9,178.89,22.5,3.31
2023-03-16 13:05:00+00:00,226.73,511.18999999999994,284.46,22.64,3.1
2023-03-16 14:05:00+00:00,145.52,312.13,166.61,21.9,3.72
2023-03-16 15:05:00+00:00,50.05,113.64,63.59,21.33,3.86
2023-03-16 16:05:00+00:00,0.0,0.0,0.0,20.64,2.83
2023-03-16 17:05:00+00:00,0.0,0.0,0.0,19.33,1.79
2023-03-16 18:05:00+00:00,0.0,0.0,0.0,18.79,1.52
2023-03-16 19:05:00+00:00,0.0,0.0,0.0,18.73,2.0
2023-03-16 20:05:00+00:00,0.0,0.0,0.0,18.24,2.0
2023-03-16 21:05:00+00:00,0.0,0.0,0.0,17.73,1.93
2023-03-16 22:05:00+00:00,0.0,0.0,0.0,17.28,1.86
2023-03-16 23:05:00+00:00,0.0,0.0,0.0,16.89,1.79
2023-03-17 00:05:00+00:00,0.0,0.0,0.0,16.51,1.86
2023-03-17 01:05:00+00:00,0.0,0.0,0.0,16.09,1.86
2023-03-17 02:05:00+00:00,0.0,0.0,0.0,15.85,1.93
2023-03-17 03:05:00+00:00,0.0,0.0,0.0,15.65,2.0
2023-03-17 04:05:00+00:00,37.49,48.120000000000005,10.63,15.49,1.93
2023-03-17 05:05:00+00:00,156.87,223.37,66.5,16.95,3.31
2023-03-17 06:05:00+00:00,254.72,429.49,174.77,19.26,4.69
2023-03-17 07:05:00+00:00,377.59,510.54999999999995,132.96,19.63,4.76
2023-03-17 08:05:00+00:00,394.94,724.31,329.37,21.31,4.97
2023-03-17 09:05:00+00:00,444.40000000000003,772.54,328.14,22.17,4.97
2023-03-17 10:05:00+00:00,447.32,778.89,331.57,23.5,4.9
2023-03-17 11:05:00+00:00,292.5,829.72,537.22,24.06,4.76
2023-03-17 12:05:00+00:00,310.53,668.31,357.78,24.38,4.83
2023-03-17 13:05:00+00:00,298.21,405.53,107.32,24.38,4.83
2023-03-17 14:05:00+00:00,105.85000000000001,342.40000000000003,236.55,24.01,4.83
2023-03-17 15:05:00+00:00,50.55,108.09,57.54,23.16,4.55
2023-03-17 16:05:00+00:00,0.0,0.0,0.0,21.84,3.59
2023-03-17 17:05:00+00:00,0.0,0.0,0.0,20.75,3.24
2023-03-17 18:05:00+00:00,0.0,0.0,0.0,19.83,2.9
2023-03-17 19:05:00+00:00,0.0,0.0,0.0,19.34,2.55
2023-03-17 20:05:00+00:00,0.0,0.0,0.0,18.65,2.28
2023-03-17 21:05:00+00:00,0.0,0.0,0.0,17.85,2.0
2023-03-17 22:05:00+00:00,0.0,0.0,0.0,17.19,1.86
2023-03-17 23:05:00+00:00,0.0,0.0,0.0,16.63,1.79
2023-03-18 00:05:00+00:00,0.0,0.0,0.0,16.13,1.72
2023-03-18 01:05:00+00:00,0.0,0.0,0.0,15.85,1.59
2023-03-18 02:05:00+00:00,0.0,0.0,0.0,15.44,1.45
2023-03-18 03:05:00+00:00,0.0,0.0,0.0,14.92,1.31
2023-03-18 04:05:00+00:00,35.21,61.31,26.1,14.48,1.24
2023-03-18 05:05:00+00:00,86.0,303.48,217.48,16.81,1.24
2023-03-18 06:05:00+00:00,114.99,535.9499999999999,420.96,19.24,2.0
2023-03-18 07:05:00+00:00,135.96,730.7800000000001,594.82,21.43,2.41
2023-03-18 08:05:00+00:00,162.96,865.4200000000001,702.46,23.15,2.76
2023-03-18 09:05:00+00:00,272.64,899.53,626.89,24.67,3.24
2023-03-18 10:05:00+00:00,330.48,876.28,545.8,26.1,3.66
2023-03-18 11:05:00+00:00,298.59000000000003,823.1600000000001,524.57,26.65,3.93
2023-03-18 12:05:00+00:00,318.40000000000003,658.8700000000001,340.47,26.67,4.07
2023-03-18 13:05:00+00:00,229.61999999999998,509.67999999999995,280.06,26.0,4.28
2023-03-18 14:05:00+00:00,115.79,332.6,216.81,25.63,4.41
2023-03-18 15:05:00+00:00,47.55,111.02,63.47,24.64,4.07
2023-03-18 16:05:00+00:00,0.0,0.0,0.0,23.22,3.45
2023-03-18 17:05:00+00:00,0.0,0.0,0.0,21.84,3.45
2023-03-18 18:05:00+00:00,0.0,0.0,0.0,20.77,3.38
2023-03-18 19:05:00+00:00,0.0,0.0,0.0,20.12,3.38
2023-03-18 20:05:00+00:00,0.0,0.0,0.0,19.27,3.31
2023-03-18 21:05:00+00:00,0.0,0.0,0.0,18.5,3.1
2023-03-18 22:05:00+00:00,0.0,0.0,0.0,17.83,2.97
2023-03-18 23:05:00+00:00,0.0,0.0,0.0,17.23,2.69
2023-03-19 00:05:00+00:00,0.0,0.0,0.0,16.78,2.14
2023-03-19 01:05:00+00:00,0.0,0.0,0.0,16.31,1.79
2023-03-19 02:05:00+00:00,0.0,0.0,0.0,15.93,1.52
2023-03-19 03:05:00+00:00,0.0,0.0,0.0,15.51,1.31
2023-03-19 04:05:00+00:00,37.21,45.3,8.09,15.34,1.03
2023-03-19 05:05:00+00:00,157.64,202.73999999999998,45.1,16.79,1.24
2023-03-19 06:05:00+00:00,269.81,393.09000000000003,123.28,19.17,2.41
2023-03-19 07:05:00+00:00,341.95,584.5,242.55,20.93,2.83
2023-03-19 08:05:00+00:00,411.28,695.67,284.39,22.42,2.83
2023-03-19 09:05:00+00:00,347.7,846.66,498.96,24.08,2.97
2023-03-19 10:05:00+00:00,403.94,812.71,408.77,24.89,3.17
2023-03-19 11:05:00+00:00,454.52000000000004,643.52,189.0,25.9,3.1
2023-03-19 12:05:00+00:00,355.51,610.03,254.52,26.19,3.17
2023-03-19 13:05:00+00:00,252.19,479.65,227.46,26.37,3.72
2023-03-19 14:05:00+00:00,131.23999999999998,314.78,183.54,25.93,4.21
2023-03-19 15:05:00+00:00,51.24,55.660000000000004,4.42,24.56,4.41
2023-03-19 16:05:00+00:00,0.0,0.0,0.0,23.12,3.17
2023-03-19 17:05:00+00:00,0.0,0.0,0.0,22.1,2.69
2023-03-19 18:05:00+00:00,0.0,0.0,0.0,21.5,2.83
2023-03-19 19:05:00+00:00,0.0,0.0,0.0,20.96,2.83
2023-03-19 20:05:00+00:00,0.0,0.0,0.0,20.17,2.62
2023-03-19 21:05:00+00:00,0.0,0.0,0.0,19.42,2.62
2023-03-19 22:05:00+00:00,0.0,0.0,0.0,18.41,2.55
2023-03-19 23:05:00+00:00,0.0,0.0,0.0,17.61,2.14
2023-03-20 00:05:00+00:00,0.0,0.0,0.0,17.02,1.72
2023-03-20 01:05:00+00:00,0.0,0.0,0.0,16.45,1.31
2023-03-20 02:05:00+00:00,0.0,0.0,0.0,16.11,1.17
2023-03-20 03:05:00+00:00,0.0,0.0,0.0,15.68,1.03
2023-03-20 04:05:00+00:00,5.68,5.68,0.0,15.25,0.83
2023-03-20 05:05:00+00:00,155.16,186.04,30.88,17.31,0.83
2023-03-20 06:05:00+00:00,260.15999999999997,290.97999999999996,30.82,19.74,1.03
2023-03-20 07:05:00+00:00,319.51,607.01,287.5,21.68,2.48
2023-03-20 08:05:00+00:00,255.67,809.9799999999999,554.31,23.04,2.55
2023-03-20 09:05:00+00:00,311.32,863.8499999999999,552.53,24.28,2.62
2023-03-20 10:05:00+00:00,367.9,834.89,466.99,24.94,2.48
2023-03-20 11:05:00+00:00,201.95000000000002,853.75,651.8,25.76,2.69
2023-03-20 12:05:00+00:00,362.27,595.0,232.73,25.4,3.03
2023-03-20 13:05:00+00:00,286.94,423.06,136.12,25.14,3.31
2023-03-20 14:05:00+00:00,31.220000000000002,31.220000000000002,0.0,24.07,3.66
2023-03-20 15:05:00+00:00,46.79,102.86,56.07,22.87,3.52
2023-03-20 16:05:00+00:00,0.0,0.0,0.0,21.62,3.24
2023-03-20 17:05:00+00:00,0.0,0.0,0.0,20.7,3.1
2023-03-20 18:05:00+00:00,0.0,0.0,0.0,19.75,2.97
2023-03-20 19:05:00+00:00,0.0,0.0,0.0,20.08,2.41
2023-03-20 20:05:00+00:00,0.0,0.0,0.0,19.46,2.28
2023-03-20 21:05:00+00:00,0.0,0.0,0.0,19.02,1.79
2023-03-20 22:05:00+00:00,0.0,0.0,0.0,18.44,1.52
2023-03-20 23:05:00+00:00,0.0,0.0,0.0,17.98,1.03
2023-03-21 00:05:00+00:00,0.0,0.0,0.0,17.58,0.97
2023-03-21 01:05:00+00:00,0.0,0.0,0.0,17.32,1.03
2023-03-21 02:05:00+00:00,0.0,0.0,0.0,17.1,1.1
2023-03-21 03:05:00+00:00,0.0,0.0,0.0,16.98,0.97
2023-03-21 04:05:00+00:00,5.68,5.68,0.0,16.78,0.76
2023-03-21 05:05:00+00:00,155.8,215.17000000000002,59.37,17.57,0.34
2023-03-21 06:05:00+00:00,261.17,404.03000000000003,142.86,18.82,0.21
2023-03-21 07:05:00+00:00,0.0,0.0,0.0,19.97,0.62
2023-03-21 08:05:00+00:00,0.0,0.0,0.0,21.77,0.69
2023-03-21 09:05:00+00:00,408.29,787.35,379.06,23.39,0.62
2023-03-21 10:05:00+00:00,487.2,579.2,92.0,24.71,1.03
2023-03-21 11:05:00+00:00,453.40000000000003,621.1800000000001,167.78,24.53,1.66
2023-03-21 12:05:00+00:00,113.52,113.52,0.0,23.24,1.31
2023-03-21 13:05:00+00:00,85.14,85.14,0.0,21.73,1.45
2023-03-21 14:05:00+00:00,176.43,227.35000000000002,50.92,19.92,0.69
2023-03-21 15:05:00+00:00,51.199999999999996,56.239999999999995,5.04,18.92,0.97
2023-03-21 16:05:00+00:00,0.0,0.0,0.0,17.95,1.03
2023-03-21 17:05:00+00:00,0.0,0.0,0.0,17.33,1.1
2023-03-21 18:05:00+00:00,0.0,0.0,0.0,16.85,0.76
2023-03-21 19:05:00+00:00,0.0,0.0,0.0,17.17,0.21
2023-03-21 20:05:00+00:00,0.0,0.0,0.0,16.91,0.62
2023-03-21 21:05:00+00:00,0.0,0.0,0.0,16.55,0.69
2023-03-21 22:05:00+00:00,0.0,0.0,0.0,16.03,0.34
2023-03-21 23:05:00+00:00,0.0,0.0,0.0,16.06,0.62
2023-03-22 00:05:00+00:00,0.0,0.0,0.0,15.78,0.62
2023-03-22 01:05:00+00:00,0.0,0.0,0.0,15.61,0.48
2023-03-22 02:05:00+00:00,0.0,0.0,0.0,15.57,0.34
2023-03-22 03:05:00+00:00,0.0,0.0,0.0,15.46,0.14
2023-03-22 04:05:00+00:00,7.57,7.57,0.0,15.39,0.21
2023-03-22 05:05:00+00:00,155.0,187.71,32.71,16.86,0.41
2023-03-22 06:05:00+00:00,145.38,497.56,352.18,18.85,1.24
2023-03-22 07:05:00+00:00,0.0,0.0,0.0,20.63,2.21
2023-03-22 08:05:00+00:00,261.27,795.43,534.16,21.98,2.21
2023-03-22 09:05:00+00:00,362.96,818.51,455.55,23.24,2.07
2023-03-22 10:05:00+00:00,482.39,681.75,199.36,24.22,1.72
2023-03-22 11:05:00+00:00,399.2,714.65,315.45,24.25,1.38
2023-03-22 12:05:00+00:00,361.4,396.13,34.73,24.39,1.24
2023-03-22 13:05:00+00:00,290.54,364.06,73.52,24.35,1.38
2023-03-22 14:05:00+00:00,83.25,83.25,0.0,21.46,2.21
2023-03-22 15:05:00+00:00,54.08,63.879999999999995,9.8,20.26,1.17
2023-03-22 16:05:00+00:00,0.0,0.0,0.0,20.03,1.1
2023-03-22 17:05:00+00:00,0.0,0.0,0.0,19.28,1.79
2023-03-22 18:05:00+00:00,0.0,0.0,0.0,18.2,1.93
2023-03-22 19:05:00+00:00,0.0,0.0,0.0,17.46,1.1
2023-03-22 20:05:00+00:00,0.0,0.0,0.0,17.08,0.9
2023-03-22 21:05:00+00:00,0.0,0.0,0.0,16.75,0.62
2023-03-22 22:05:00+00:00,0.0,0.0,0.0,16.67,0.69
2023-03-22 23:05:00+00:00,0.0,0.0,0.0,16.56,1.1
2023-03-23 00:05:00+00:00,0.0,0.0,0.0,16.5,1.24
2023-03-23 01:05:00+00:00,0.0,0.0,0.0,16.29,1.24
2023-03-23 02:05:00+00:00,0.0,0.0,0.0,16.15,1.1
2023-03-23 03:05:00+00:00,0.0,0.0,0.0,15.88,1.1
2023-03-23 04:05:00+00:00,5.68,5.68,0.0,15.82,1.24
2023-03-23 05:05:00+00:00,158.81,198.61,39.8,16.74,1.66
2023-03-23 06:05:00+00:00,222.86,451.0,228.14,18.22,2.0
2023-03-23 07:05:00+00:00,371.63,512.31,140.68,20.47,1.93
2023-03-23 08:05:00+00:00,245.66,802.77,557.11,22.19,2.21
2023-03-23 09:05:00+00:00,187.16,906.9499999999999,719.79,23.5,2.21
2023-03-23 10:05:00+00:00,188.16,912.2199999999999,724.06,24.27,2.34
2023-03-23 11:05:00+00:00,292.07,794.41,502.34,24.66,2.62
2023-03-23 12:05:00+00:00,167.16,714.1,546.94,25.2,2.76
2023-03-23 13:05:00+00:00,52.03,52.03,0.0,24.79,3.17
2023-03-23 14:05:00+00:00,87.24,326.68,239.44,22.36,3.1
2023-03-23 15:05:00+00:00,44.81,93.21000000000001,48.4,21.92,2.55
2023-03-23 16:05:00+00:00,0.0,0.0,0.0,21.23,2.34
2023-03-23 17:05:00+00:00,0.0,0.0,0.0,20.36,2.83
2023-03-23 18:05:00+00:00,0.0,0.0,0.0,19.31,2.9
2023-03-23 19:05:00+00:00,0.0,0.0,0.0,17.8,2.07
2023-03-23 20:05:00+00:00,0.0,0.0,0.0,17.58,1.79
2023-03-23 21:05:00+00:00,0.0,0.0,0.0,17.27,1.66
2023-03-23 22:05:00+00:00,0.0,0.0,0.0,17.19,1.86
2023-03-23 23:05:00+00:00,0.0,0.0,0.0,17.03,1.72
2023-03-24 00:05:00+00:00,0.0,0.0,0.0,16.83,1.45
2023-03-24 01:05:00+00:00,0.0,0.0,0.0,16.75,1.17
2023-03-24 02:05:00+00:00,0.0,0.0,0.0,16.42,0.83
2023-03-24 03:05:00+00:00,0.0,0.0,0.0,16.16,0.34
2023-03-24 04:05:00+00:00,33.85,62.09,28.24,15.87,0.41
2023-03-24 05:05:00+00:00,156.20000000000002,220.15000000000003,63.95,17.25,1.03
2023-03-24 06:05:00+00:00,270.2,385.98,115.78,18.64,1.52
2023-03-24 07:05:00+00:00,185.25,679.6800000000001,494.43,20.63,1.66
2023-03-24 08:05:00+00:00,198.07,821.6099999999999,623.54,21.89,2.28
2023-03-24 09:05:00+00:00,206.42999999999998,896.3299999999999,689.9,23.28,2.55
2023-03-24 10:05:00+00:00,358.24,825.22,466.98,24.41,2.76
2023-03-24 11:05:00+00:00,440.31,652.97,212.66,24.54,2.83
2023-03-24 12:05:00+00:00,380.32,539.62,159.3,25.12,2.83
2023-03-24 13:05:00+00:00,170.27,170.27,0.0,25.13,3.24
2023-03-24 14:05:00+00:00,45.4,45.4,0.0,24.13,3.59
2023-03-24 15:05:00+00:00,54.86000000000001,72.56,17.7,23.31,3.59
2023-03-24 16:05:00+00:00,0.0,0.0,0.0,22.11,2.83
2023-03-24 17:05:00+00:00,0.0,0.0,0.0,21.14,2.62
2023-03-24 18:05:00+00:00,0.0,0.0,0.0,20.36,2.14
2023-03-24 19:05:00+00:00,0.0,0.0,0.0,18.91,0.76
2023-03-24 20:05:00+00:00,0.0,0.0,0.0,18.54,0.55
2023-03-24 21:05:00+00:00,0.0,0.0,0.0,18.43,0.69
2023-03-24 22:05:00+00:00,0.0,0.0,0.0,18.31,0.9
2023-03-24 23:05:00+00:00,0.0,0.0,0.0,17.92,1.24
2023-03-25 00:05:00+00:00,0.0,0.0,0.0,17.3,1.24
2023-03-25 01:05:00+00:00,0.0,0.0,0.0,17.11,1.17
2023-03-25 02:05:00+00:00,0.0,0.0,0.0,16.87,1.24
2023-03-25 03:05:00+00:00,0.0,0.0,0.0,16.48,1.24
2023-03-25 04:05:00+00:00,6.62,6.62,0.0,16.3,1.1
2023-03-25 05:05:00+00:00,27.43,27.43,0.0,17.33,1.1
2023-03-25 06:05:00+00:00,49.190000000000005,49.190000000000005,0.0,18.97,1.17
2023-03-25 07:05:00+00:00,89.86999999999999,89.86999999999999,0.0,19.09,1.86
2023-03-25 08:05:00+00:00,348.28000000000003,354.97,6.69,20.74,2.0
2023-03-25 09:05:00+00:00,463.35999999999996,704.66,241.3,21.79,2.55
2023-03-25 10:05:00+00:00,268.14,864.75,596.61,22.96,2.76
2023-03-25 11:05:00+00:00,303.26,775.24,471.98,23.18,2.62
2023-03-25 12:05:00+00:00,244.32,665.56,421.24,22.74,1.38
2023-03-25 13:05:00+00:00,230.75,467.65,236.9,22.78,2.14
2023-03-25 14:05:00+00:00,138.81,279.61,140.8,21.84,2.21
2023-03-25 15:05:00+00:00,52.84,67.74000000000001,14.9,20.5,1.93
2023-03-25 16:05:00+00:00,0.0,0.0,0.0,18.98,0.14
2023-03-25 17:05:00+00:00,0.0,0.0,0.0,18.23,0.55
2023-03-25 18:05:00+00:00,0.0,0.0,0.0,17.66,0.69
2023-03-25 19:05:00+00:00,0.0,0.0,0.0,18.05,1.31
2023-03-25 20:05:00+00:00,0.0,0.0,0.0,17.52,1.17
2023-03-25 21:05:00+00:00,0.0,0.0,0.0,16.94,1.24
2023-03-25 22:05:00+00:00,0.0,0.0,0.0,16.97,0.97
2023-03-25 23:05:00+00:00,0.0,0.0,0.0,17.23,0.83
2023-03-26 00:05:00+00:00,0.0,0.0,0.0,17.34,0.83
2023-03-26 01:05:00+00:00,0.0,0.0,0.0,17.17,1.03
2023-03-26 02:05:00+00:00,0.0,0.0,0.0,16.92,1.1
2023-03-26 03:05:00+00:00,0.0,0.0,0.0,16.62,1.03
2023-03-26 04:05:00+00:00,22.7,22.7,0.0,16.44,1.03
2023-03-26 05:05:00+00:00,35.949999999999996,35.949999999999996,0.0,17.48,1.1
2023-03-26 06:05:00+00:00,236.70999999999998,248.20999999999998,11.5,19.25,1.31
2023-03-26 07:05:00+00:00,372.41,446.21000000000004,73.8,20.07,1.45
2023-03-26 08:05:00+00:00,446.42,567.19,120.77,20.55,1.72
2023-03-26 09:05:00+00:00,485.59000000000003,619.09,133.5,21.65,1.72
2023-03-26 10:05:00+00:00,487.5,621.85,134.35,21.88,1.66
2023-03-26 11:05:00+00:00,395.47999999999996,702.9,307.42,22.03,2.14
2023-03-26 12:05:00+00:00,212.75,676.62,463.87,22.64,2.48
2023-03-26 13:05:00+00:00,199.32999999999998,485.64,286.31,20.89,2.62
2023-03-26 14:05:00+00:00,170.89,225.63,54.74,19.77,2.07
2023-03-26 15:05:00+00:00,42.54,44.7,2.16,19.52,1.31
2023-03-26 16:05:00+00:00,0.0,0.0,0.0,18.96,1.79
2023-03-26 17:05:00+00:00,0.0,0.0,0.0,18.27,1.31
2023-03-26 18:05:00+00:00,0.0,0.0,0.0,17.81,1.17
2023-03-26 19:05:00+00:00,0.0,0.0,0.0,18.22,1.38
2023-03-26 20:05:00+00:00,0.0,0.0,0.0,17.45,1.24
2023-03-26 21:05:00+00:00,0.0,0.0,0.0,16.81,1.1
2023-03-26 22:05:00+00:00,0.0,0.0,0.0,16.65,0.97
2023-03-26 23:05:00+00:00,0.0,0.0,0.0,16.47,0.83
2023-03-27 00:05:00+00:00,0.0,0.0,0.0,16.62,0.55
2023-03-27 01:05:00+00:00,0.0,0.0,0.0,16.72,0.76
2023-03-27 02:05:00+00:00,0.0,0.0,0.0,16.72,0.97
2023-03-27 03:05:00+00:00,0.0,0.0,0.0,16.32,0.83
2023-03-27 04:05:00+00:00,36.8,39.43,2.63,16.01,0.76
2023-03-27 05:05:00+00:00,107.66,267.69,160.03,17.33,1.24
2023-03-27 06:05:00+00:00,105.94,510.58,404.64,18.81,1.17
2023-03-27 07:05:00+00:00,148.39,686.23,537.84,20.96,2.07
2023-03-27 08:05:00+00:00,204.22,807.83,603.61,22.73,2.41
2023-03-27 09:05:00+00:00,298.17,844.0799999999999,545.91,23.48,2.62
2023-03-27 10:05:00+00:00,348.17,819.35,471.18,24.39,2.69
2023-03-27 11:05:00+00:00,379.23,720.12,340.89,24.41,2.83
2023-03-27 12:05:00+00:00,284.7,637.19,352.49,24.21,3.52
2023-03-27 13:05:00+00:00,209.17000000000002,478.0,268.83,23.33,4.0
2023-03-27 14:05:00+00:00,94.88,299.49,204.61,22.5,3.86
2023-03-27 15:05:00+00:00,42.580000000000005,80.08000000000001,37.5,21.72,3.59
2023-03-27 16:05:00+00:00,0.0,0.0,0.0,20.52,3.24
2023-03-27 17:05:00+00:00,0.0,0.0,0.0,19.49,3.03
2023-03-27 18:05:00+00:00,0.0,0.0,0.0,18.8,2.21
2023-03-27 19:05:00+00:00,0.0,0.0,0.0,19.0,2.48
2023-03-27 20:05:00+00:00,0.0,0.0,0.0,18.24,2.21
2023-03-27 21:05:00+00:00,0.0,0.0,0.0,17.61,1.86
2023-03-27 22:05:00+00:00,0.0,0.0,0.0,17.03,1.59
2023-03-27 23:05:00+00:00,0.0,0.0,0.0,16.64,1.24
2023-03-28 00:05:00+00:00,0.0,0.0,0.0,16.39,0.9
2023-03-28 01:05:00+00:00,0.0,0.0,0.0,16.15,0.48
2023-03-28 02:05:00+00:00,0.0,0.0,0.0,16.27,0.55
2023-03-28 03:05:00+00:00,0.0,0.0,0.0,16.06,0.41
2023-03-28 04:05:00+00:00,32.11,33.37,1.26,15.97,0.41
2023-03-28 05:05:00+00:00,159.04,214.64999999999998,55.61,17.27,0.62
2023-03-28 06:05:00+00:00,224.43,443.15999999999997,218.73,18.87,1.52
2023-03-28 07:05:00+00:00,349.42,558.6600000000001,209.24,20.85,3.03
2023-03-28 08:05:00+00:00,366.46,718.0899999999999,351.63,22.39,3.38
2023-03-28 09:05:00+00:00,213.98000000000002,879.25,665.27,23.0,3.66
2023-03-28 10:05:00+00:00,240.26,871.67,631.41,23.82,3.66
2023-03-28 11:05:00+00:00,301.67,770.6700000000001,469.0,23.93,3.72
2023-03-28 12:05:00+00:00,385.03000000000003,492.6,107.57,24.31,4.0
2023-03-28 13:05:00+00:00,144.88,506.81,361.93,24.15,4.41
2023-03-28 14:05:00+00:00,130.97,276.61,145.64,23.24,4.21
2023-03-28 15:05:00+00:00,51.42,65.46000000000001,14.04,22.22,3.31
2023-03-28 16:05:00+00:00,0.0,0.0,0.0,20.96,2.48
2023-03-28 17:05:00+00:00,0.0,0.0,0.0,19.84,2.28
2023-03-28 18:05:00+00:00,0.0,0.0,0.0,18.8,2.34
2023-03-28 19:05:00+00:00,0.0,0.0,0.0,19.1,2.48
2023-03-28 20:05:00+00:00,0.0,0.0,0.0,18.5,2.07
2023-03-28 21:05:00+00:00,0.0,0.0,0.0,17.79,1.59
2023-03-28 22:05:00+00:00,0.0,0.0,0.0,17.49,0.97
2023-03-28 23:05:00+00:00,0.0,0.0,0.0,17.25,0.97
2023-03-29 00:05:00+00:00,0.0,0.0,0.0,17.2,1.1
2023-03-29 01:05:00+00:00,0.0,0.0,0.0,16.98,1.1
2023-03-29 02:05:00+00:00,0.0,0.0,0.0,16.57,1.1
2023-03-29 03:05:00+00:00,0.0,0.0,0.0,16.2,0.97
2023-03-29 04:05:00+00:00,6.62,6.62,0.0,16.18,0.9
2023-03-29 05:05:00+00:00,97.44,97.44,0.0,17.24,1.31
2023-03-29 06:05:00+00:00,275.96000000000004,337.1,61.14,18.97,1.93
2023-03-29 07:05:00+00:00,311.7,593.3,281.6,18.1,1.72
2023-03-29 08:05:00+00:00,264.33,773.78,509.45,18.8,1.79
2023-03-29 09:05:00+00:00,184.66,883.41,698.75,20.19,2.14
2023-03-29 10:05:00+00:00,248.23,860.52,612.29,21.41,2.28
2023-03-29 11:05:00+00:00,294.56,768.02,473.46,22.81,2.62
2023-03-29 12:05:00+00:00,287.45,626.45,339.0,23.47,2.97
2023-03-29 13:05:00+00:00,122.12,510.54,388.42,24.02,3.38
2023-03-29 14:05:00+00:00,99.62,287.18,187.56,23.42,3.59
2023-03-29 15:05:00+00:00,50.470000000000006,61.38000000000001,10.91,22.39,3.66
2023-03-29 16:05:00+00:00,0.0,0.0,0.0,21.19,3.17
2023-03-29 17:05:00+00:00,0.0,0.0,0.0,20.12,2.83
2023-03-29 18:05:00+00:00,0.0,0.0,0.0,19.3,2.48
2023-03-29 19:05:00+00:00,0.0,0.0,0.0,18.9,2.21
2023-03-29 20:05:00+00:00,0.0,0.0,0.0,18.35,2.07
2023-03-29 21:05:00+00:00,0.0,0.0,0.0,17.71,2.21
2023-03-29 22:05:00+00:00,0.0,0.0,0.0,17.29,2.21
2023-03-29 23:05:00+00:00,0.0,0.0,0.0,16.94,1.72
2023-03-30 00:05:00+00:00,0.0,0.0,0.0,16.68,1.66
2023-03-30 01:05:00+00:00,0.0,0.0,0.0,16.35,1.66
2023-03-30 02:05:00+00:00,0.0,0.0,0.0,15.98,1.59
2023-03-30 03:05:00+00:00,0.0,0.0,0.0,15.73,1.45
2023-03-30 04:05:00+00:00,24.6,24.6,0.0,15.48,1.38
2023-03-30 05:05:00+00:00,160.56,208.01,47.45,17.11,2.34
2023-03-30 06:05:00+00:00,237.67000000000002,431.0,193.33,19.14,3.45
2023-03-30 07:05:00+00:00,279.26000000000005,620.27,341.01,20.76,4.48
2023-03-30 08:05:00+00:00,316.56,748.46,431.9,22.06,4.69
2023-03-30 09:05:00+00:00,296.57,838.95,542.38,23.22,4.69
2023-03-30 10:05:00+00:00,312.62,833.72,521.1,24.33,4.55
2023-03-30 11:05:00+00:00,405.84999999999997,688.16,282.31,24.65,4.62
2023-03-30 12:05:00+00:00,304.81,615.2,310.39,24.6,4.62
2023-03-30 13:05:00+00:00,107.80000000000001,519.11,411.31,24.11,4.55
2023-03-30 14:05:00+00:00,166.22,230.82999999999998,64.61,23.13,4.69
2023-03-30 15:05:00+00:00,20.81,20.81,0.0,21.96,4.48
2023-03-30 16:05:00+00:00,0.0,0.0,0.0,20.72,3.66
2023-03-30 17:05:00+00:00,0.0,0.0,0.0,19.73,3.72
2023-03-30 18:05:00+00:00,0.0,0.0,0.0,18.91,3.59
2023-03-30 19:05:00+00:00,0.0,0.0,0.0,18.74,3.66
2023-03-30 20:05:00+00:00,0.0,0.0,0.0,18.17,3.24
2023-03-30 21:05:00+00:00,0.0,0.0,0.0,17.58,2.76
2023-03-30 22:05:00+00:00,0.0,0.0,0.0,17.16,2.41
2023-03-30 23:05:00+00:00,0.0,0.0,0.0,16.98,2.0
2023-03-31 00:05:00+00:00,0.0,0.0,0.0,16.62,1.79
2023-03-31 01:05:00+00:00,0.0,0.0,0.0,16.42,1.66
2023-03-31 02:05:00+00:00,0.0,0.0,0.0,16.11,1.66
2023-03-31 03:05:00+00:00,0.0,0.0,0.0,15.9,1.52
2023-03-31 04:05:00+00:00,6.62,6.62,0.0,15.98,1.72
2023-03-31 05:05:00+00:00,138.08,144.89000000000001,6.81,17.27,2.62
2023-03-31 06:05:00+00:00,277.59,348.99,71.4,19.0,3.52
2023-03-31 07:05:00+00:00,346.44,558.85,212.41,19.58,3.52
2023-03-31 08:05:00+00:00,240.73,782.24,541.51,21.05,4.14
2023-03-31 09:05:00+00:00,358.28,800.3299999999999,442.05,22.44,4.07
2023-03-31 10:05:00+00:00,485.88,644.41,158.53,23.15,3.86
2023-03-31 11:05:00+00:00,420.3,664.6700000000001,244.37,23.59,3.86
2023-03-31 12:05:00+00:00,315.62,601.72,286.1,23.65,3.72
2023-03-31 13:05:00+00:00,242.1,439.94,197.84,23.5,3.79
2023-03-31 14:05:00+00:00,119.19,119.95,0.76,23.04,3.93
2023-03-31 15:05:00+00:00,49.46,57.1,7.64,22.17,3.86
2023-03-31 16:05:00+00:00,0.0,0.0,0.0,20.88,3.24
2023-03-31 17:05:00+00:00,0.0,0.0,0.0,19.83,2.83
2023-03-31 18:05:00+00:00,0.0,0.0,0.0,18.95,2.28
2023-03-31 19:05:00+00:00,0.0,0.0,0.0,18.68,2.41
2023-03-31 20:05:00+00:00,0.0,0.0,0.0,18.17,2.21
2023-03-31 21:05:00+00:00,0.0,0.0,0.0,17.42,1.86
2023-03-31 22:05:00+00:00,0.0,0.0,0.0,16.96,1.72
2023-03-31 23:05:00+00:00,0.0,0.0,0.0,16.56,1.52
2023-04-01 00:05:00+00:00,0.0,0.0,0.0,16.22,1.31
2023-04-01 01:05:00+00:00,0.0,0.0,0.0,15.86,0.97
2023-04-01 02:05:00+00:00,0.0,0.0,0.0,15.56,0.76
2023-04-01 03:05:00+00:00,0.0,0.0,0.0,15.27,0.69
2023-04-01 04:05:00+00:00,34.6,56.230000000000004,21.63,15.19,0.62
2023-04-01 05:05:00+00:00,132.07999999999998,246.46999999999997,114.39,17.1,0.83
2023-04-01 06:05:00+00:00,231.21,429.72,198.51,19.62,1.72
2023-04-01 07:05:00+00:00,235.01000000000002,632.6800000000001,397.67,20.37,1.1
2023-04-01 08:05:00+00:00,373.0,698.06,325.06,21.93,1.17
2023-04-01 09:05:00+00:00,182.5,870.04,687.54,22.54,1.45
2023-04-01 10:05:00+00:00,173.28,875.53,702.25,23.79,1.72
2023-04-01 11:05:00+00:00,208.57,790.77,582.2,24.35,1.66
2023-04-01 12:05:00+00:00,350.82,556.61,205.79,24.72,1.72
2023-04-01 13:05:00+00:00,166.39,475.63,309.24,25.1,2.21
2023-04-01 14:05:00+00:00,73.78999999999999,73.78999999999999,0.0,22.36,2.41
2023-04-01 15:05:00+00:00,36.35,65.99000000000001,29.64,20.69,1.31
2023-04-01 16:05:00+00:00,0.0,0.0,0.0,19.58,1.17
2023-04-01 17:05:00+00:00,0.0,0.0,0.0,18.78,1.52
2023-04-01 18:05:00+00:00,0.0,0.0,0.0,18.29,2.0
2023-04-01 19:05:00+00:00,0.0,0.0,0.0,18.56,1.1
2023-04-01 20:05:00+00:00,0.0,0.0,0.0,17.97,1.31
2023-04-01 21:05:00+00:00,0.0,0.0,0.0,17.79,1.45
2023-04-01 22:05:00+00:00,0.0,0.0,0.0,17.45,1.52
2023-04-01 23:05:00+00:00,0.0,0.0,0.0,17.25,1.38
2023-04-02 00:05:00+00:00,0.0,0.0,0.0,17.22,1.31
2023-04-02 01:05:00+00:00,0.0,0.0,0.0,16.59,1.31
2023-04-02 02:05:00+00:00,0.0,0.0,0.0,16.23,1.1
2023-04-02 03:05:00+00:00,0.0,0.0,0.0,16.32,1.03
2023-04-02 04:05:00+00:00,16.08,16.08,0.0,16.11,0.97
2023-04-02 05:05:00+00:00,63.379999999999995,63.379999999999995,0.0,17.76,1.24
2023-04-02 06:05:00+00:00,216.65,221.34,4.69,19.06,1.59
2023-04-02 07:05:00+00:00,129.5,672.89,543.39,20.6,1.86
2023-04-02 08:05:00+00:00,164.5,799.58,635.08,22.0,2.21
2023-04-02 09:05:00+00:00,130.75,889.94,759.19,22.98,2.28
2023-04-02 10:05:00+00:00,201.52,861.91,660.39,23.85,2.28
2023-04-02 11:05:00+00:00,255.78,769.14,513.36,24.7,2.34
2023-04-02 12:05:00+00:00,236.46,637.03,400.57,25.01,2.55
2023-04-02 13:05:00+00:00,97.53,503.22,405.69,24.79,3.03
2023-04-02 14:05:00+00:00,151.87,240.89,89.02,23.92,3.52
2023-04-02 15:05:00+00:00,11.35,11.35,0.0,23.15,3.45
2023-04-02 16:05:00+00:00,0.0,0.0,0.0,21.79,2.69
2023-04-02 17:05:00+00:00,0.0,0.0,0.0,20.64,2.41
2023-04-02 18:05:00+00:00,0.0,0.0,0.0,19.82,2.41
2023-04-02 19:05:00+00:00,0.0,0.0,0.0,19.93,2.76
2023-04-02 20:05:00+00:00,0.0,0.0,0.0,19.27,2.97
2023-04-02 21:05:00+00:00,0.0,0.0,0.0,18.55,2.76
2023-04-02 22:05:00+00:00,0.0,0.0,0.0,18.03,2.62
2023-04-02 23:05:00+00:00,0.0,0.0,0.0,17.48,2.28
2023-04-03 00:05:00+00:00,0.0,0.0,0.0,17.0,1.93
2023-04-03 01:05:00+00:00,0.0,0.0,0.0,16.92,1.79
2023-04-03 02:05:00+00:00,0.0,0.0,0.0,16.73,1.52
2023-04-03 03:05:00+00:00,0.0,0.0,0.0,16.54,1.59
2023-04-03 04:05:00+00:00,32.11,32.589999999999996,0.48,16.47,1.59
2023-04-03 05:05:00+00:00,119.91,249.9,129.99,17.6,1.72
2023-04-03 06:05:00+00:00,273.35,319.18,45.83,19.06,1.66
2023-04-03 07:05:00+00:00,178.93,647.9000000000001,468.97,19.47,1.72
2023-04-03 08:05:00+00:00,281.59000000000003,745.1,463.51,21.56,2.48
2023-04-03 09:05:00+00:00,277.65000000000003,822.25,544.6,22.73,2.55
2023-04-03 10:05:00+00:00,117.8,889.9699999999999,772.17,23.94,2.48
2023-04-03 11:05:00+00:00,127.6,811.35,683.75,24.48,2.9
2023-04-03 12:05:00+00:00,240.69,627.1700000000001,386.48,24.23,2.9
2023-04-03 13:05:00+00:00,147.76,472.76,325.0,24.13,2.83
2023-04-03 14:05:00+00:00,84.54,270.62,186.08,22.81,2.76
2023-04-03 15:05:00+00:00,35.95,59.510000000000005,23.56,22.18,2.69
2023-04-03 16:05:00+00:00,0.0,0.0,0.0,20.57,1.86
2023-04-03 17:05:00+00:00,0.0,0.0,0.0,19.24,1.72
2023-04-03 18:05:00+00:00,0.0,0.0,0.0,18.62,1.45
2023-04-03 19:05:00+00:00,0.0,0.0,0.0,18.84,1.93
2023-04-03 20:05:00+00:00,0.0,0.0,0.0,18.25,1.79
2023-04-03 21:05:00+00:00,0.0,0.0,0.0,17.86,1.66
2023-04-03 22:05:00+00:00,0.0,0.0,0.0,17.54,1.45
2023-04-03 23:05:00+00:00,0.0,0.0,0.0,17.33,1.17
2023-04-04 00:05:00+00:00,0.0,0.0,0.0,17.06,1.1
2023-04-04 01:05:00+00:00,0.0,0.0,0.0,16.53,1.1
2023-04-04 02:05:00+00:00,0.0,0.0,0.0,16.05,1.03
2023-04-04 03:05:00+00:00,0.0,0.0,0.0,15.98,1.1
2023-04-04 04:05:00+00:00,7.57,7.57,0.0,15.79,1.17
2023-04-04 05:05:00+00:00,154.74,172.06,17.32,17.72,1.66
2023-04-04 06:05:00+00:00,275.02,342.12,67.1,19.08,2.14
2023-04-04 07:05:00+00:00,373.10999999999996,460.86999999999995,87.76,19.64,2.69
2023-04-04 08:05:00+00:00,182.19,778.74,596.55,20.87,2.83
2023-04-04 09:05:00+00:00,88.00999999999999,899.45,811.44,21.61,2.9
2023-04-04 10:05:00+00:00,92.46000000000001,897.51,805.05,22.59,3.03
2023-04-04 11:05:00+00:00,133.63,799.85,666.22,23.41,3.24
2023-04-04 12:05:00+00:00,89.12,687.83,598.71,23.89,3.45
2023-04-04 13:05:00+00:00,86.0,495.83,409.83,23.87,3.72
2023-04-04 14:05:00+00:00,83.22999999999999,266.24,183.01,23.28,3.86
2023-04-04 15:05:00+00:00,42.18,55.85,13.67,22.24,3.86
2023-04-04 16:05:00+00:00,0.0,0.0,0.0,21.0,3.24
2023-04-04 17:05:00+00:00,0.0,0.0,0.0,20.06,3.24
2023-04-04 18:05:00+00:00,0.0,0.0,0.0,19.04,3.03
2023-04-04 19:05:00+00:00,0.0,0.0,0.0,18.61,2.34
2023-04-04 20:05:00+00:00,0.0,0.0,0.0,18.07,2.28
2023-04-04 21:05:00+00:00,0.0,0.0,0.0,17.6,2.34
2023-04-04 22:05:00+00:00,0.0,0.0,0.0,17.25,2.28
2023-04-04 23:05:00+00:00,0.0,0.0,0.0,17.09,1.72
2023-04-05 00:05:00+00:00,0.0,0.0,0.0,16.86,1.59
2023-04-05 01:05:00+00:00,0.0,0.0,0.0,16.74,1.59
2023-04-05 02:05:00+00:00,0.0,0.0,0.0,16.78,2.0
2023-04-05 03:05:00+00:00,0.0,0.0,0.0,16.53,1.86
2023-04-05 04:05:00+00:00,22.7,22.7,0.0,16.43,1.86
2023-04-05 05:05:00+00:00,160.09,185.05,24.96,17.15,2.21
2023-04-05 06:05:00+00:00,274.64,366.53999999999996,91.9,18.34,2.69
2023-04-05 07:05:00+00:00,308.57,579.89,271.32,19.34,3.45
2023-04-05 08:05:00+00:00,360.77000000000004,695.9000000000001,335.13,20.72,4.21
2023-04-05 09:05:00+00:00,398.25,749.46,351.21,22.08,4.28
2023-04-05 10:05:00+00:00,424.66,726.27,301.61,23.31,4.34
2023-04-05 11:05:00+00:00,439.88,595.91,156.03,23.78,4.55
2023-04-05 12:05:00+00:00,372.92,442.93,70.01,24.1,4.69
2023-04-05 13:05:00+00:00,233.64000000000001,242.07000000000002,8.43,23.6,4.62
2023-04-05 14:05:00+00:00,76.37,267.02,190.65,22.83,4.9
2023-04-05 15:05:00+00:00,42.07,44.72,2.65,21.7,4.76
2023-04-05 16:05:00+00:00,0.0,0.0,0.0,20.6,3.86
2023-04-05 17:05:00+00:00,0.0,0.0,0.0,19.65,3.38
2023-04-05 18:05:00+00:00,0.0,0.0,0.0,18.98,2.97
2023-04-05 19:05:00+00:00,0.0,0.0,0.0,18.05,3.17
2023-04-05 20:05:00+00:00,0.0,0.0,0.0,17.29,2.28
2023-04-05 21:05:00+00:00,0.0,0.0,0.0,16.85,1.86
2023-04-05 22:05:00+00:00,0.0,0.0,0.0,16.4,1.79
2023-04-05 23:05:00+00:00,0.0,0.0,0.0,16.25,1.93
2023-04-06 00:05:00+00:00,0.0,0.0,0.0,15.98,1.72
2023-04-06 01:05:00+00:00,0.0,0.0,0.0,15.71,1.31
2023-04-06 02:05:00+00:00,0.0,0.0,0.0,15.69,1.45
2023-04-06 03:05:00+00:00,0.0,0.0,0.0,15.75,1.52
2023-04-06 04:05:00+00:00,31.220000000000002,31.220000000000002,0.0,15.57,1.31
2023-04-06 05:05:00+00:00,150.06,162.04,11.98,16.3,2.0
2023-04-06 06:05:00+00:00,269.33000000000004,303.55000000000007,34.22,18.11,2.9
2023-04-06 07:05:00+00:00,325.23,562.26,237.03,20.01,3.1
2023-04-06 08:05:00+00:00,360.31,692.3399999999999,332.03,20.59,3.38
2023-04-06 09:05:00+00:00,477.43,567.45,90.02,21.65,3.17
2023-04-06 10:05:00+00:00,449.68,689.46,239.78,22.55,3.03
2023-04-06 11:05:00+00:00,443.3,564.54,121.24,23.91,3.38
2023-04-06 12:05:00+00:00,368.93,498.0,129.07,24.24,3.59
2023-04-06 13:05:00+00:00,149.16000000000003,458.65000000000003,309.49,23.7,3.72
2023-04-06 14:05:00+00:00,152.82999999999998,166.21999999999997,13.39,23.26,4.07
2023-04-06 15:05:00+00:00,42.900000000000006,49.46000000000001,6.56,22.01,3.86
2023-04-06 16:05:00+00:00,0.0,0.0,0.0,20.71,3.1
2023-04-06 17:05:00+00:00,0.0,0.0,0.0,19.78,2.76
2023-04-06 18:05:00+00:00,0.0,0.0,0.0,19.06,2.41
2023-04-06 19:05:00+00:00,0.0,0.0,0.0,18.54,2.41
2023-04-06 20:05:00+00:00,0.0,0.0,0.0,17.93,2.07
2023-04-06 21:05:00+00:00,0.0,0.0,0.0,17.34,1.79
2023-04-06 22:05:00+00:00,0.0,0.0,0.0,16.84,1.52
2023-04-06 23:05:00+00:00,0.0,0.0,0.0,16.34,1.45
2023-04-07 00:05:00+00:00,0.0,0.0,0.0,16.09,1.24
2023-04-07 01:05:00+00:00,0.0,0.0,0.0,15.76,1.17
2023-04-07 02:05:00+00:00,0.0,0.0,0.0,15.57,1.1
2023-04-07 03:05:00+00:00,0.0,0.0,0.0,15.32,1.1
2023-04-07 04:05:00+00:00,44.97,50.03,5.06,15.36,1.1
2023-04-07 05:05:00+00:00,155.39,222.95,67.56,17.08,1.86
2023-04-07 06:05:00+00:00,249.75,408.32,158.57,19.07,3.17
2023-04-07 07:05:00+00:00,273.53,600.3399999999999,326.81,20.78,3.52
2023-04-07 08:05:00+00:00,370.21999999999997,688.1199999999999,317.9,22.05,3.72
2023-04-07 09:05:00+00:00,290.56,807.76,517.2,22.88,3.72
2023-04-07 10:05:00+00:00,188.22,846.6,658.38,23.95,3.72
2023-04-07 11:05:00+00:00,144.27,789.47,645.2,24.49,3.79
2023-04-07 12:05:00+00:00,169.67999999999998,642.67,472.99,24.6,3.93
2023-04-07 13:05:00+00:00,98.32,479.45,381.13,24.58,4.14
2023-04-07 14:05:00+00:00,131.71,238.10000000000002,106.39,23.45,4.0
2023-04-07 15:05:00+00:00,40.89,50.35,9.46,22.47,4.14
2023-04-07 16:05:00+00:00,0.0,0.0,0.0,21.17,3.79
2023-04-07 17:05:00+00:00,0.0,0.0,0.0,19.92,3.59
2023-04-07 18:05:00+00:00,0.0,0.0,0.0,19.13,3.31
2023-04-07 19:05:00+00:00,0.0,0.0,0.0,18.69,3.38
2023-04-07 20:05:00+00:00,0.0,0.0,0.0,17.99,3.1
2023-04-07 21:05:00+00:00,0.0,0.0,0.0,17.51,2.9
2023-04-07 22:05:00+00:00,0.0,0.0,0.0,17.18,2.0
2023-04-07 23:05:00+00:00,0.0,0.0,0.0,17.02,1.72
2023-04-08 00:05:00+00:00,0.0,0.0,0.0,16.87,1.66
2023-04-08 01:05:00+00:00,0.0,0.0,0.0,16.61,1.66
2023-04-08 02:05:00+00:00,0.0,0.0,0.0,16.35,1.45
2023-04-08 03:05:00+00:00,0.0,0.0,0.0,16.35,1.52
2023-04-08 04:05:00+00:00,38.61,39.339999999999996,0.73,16.25,1.52
2023-04-08 05:05:00+00:00,132.31,136.44,4.13,16.61,1.31
2023-04-08 06:05:00+00:00,251.44,269.43,17.99,17.75,1.17
2023-04-08 07:05:00+00:00,312.18,323.02,10.84,19.86,1.66
2023-04-08 08:05:00+00:00,299.88,300.67,0.79,20.75,2.76
2023-04-08 09:05:00+00:00,429.63,457.28,27.65,22.32,3.72
2023-04-08 10:05:00+00:00,107.84,107.84,0.0,22.25,3.93
2023-04-08 11:05:00+00:00,319.76,322.9,3.14,22.95,4.28
2023-04-08 12:05:00+00:00,241.23000000000002,242.00000000000003,0.77,23.2,4.34
2023-04-08 13:05:00+00:00,266.28000000000003,302.98,36.7,22.75,4.69
2023-04-08 14:05:00+00:00,124.81,126.87,2.06,22.08,4.83
2023-04-08 15:05:00+00:00,38.54,48.239999999999995,9.7,21.38,4.48
2023-04-08 16:05:00+00:00,0.0,0.0,0.0,19.98,3.72
2023-04-08 17:05:00+00:00,0.0,0.0,0.0,18.9,3.17
2023-04-08 18:05:00+00:00,0.0,0.0,0.0,18.18,2.76
2023-04-08 19:05:00+00:00,0.0,0.0,0.0,17.2,2.0
2023-04-08 20:05:00+00:00,0.0,0.0,0.0,16.84,1.72
2023-04-08 21:05:00+00:00,0.0,0.0,0.0,16.56,1.59
2023-04-08 22:05:00+00:00,0.0,0.0,0.0,16.34,1.45
2023-04-08 23:05:00+00:00,0.0,0.0,0.0,16.09,1.38
2023-04-09 00:05:00+00:00,0.0,0.0,0.0,16.19,1.31
2023-04-09 01:05:00+00:00,0.0,0.0,0.0,16.19,1.31
2023-04-09 02:05:00+00:00,0.0,0.0,0.0,16.1,1.31
2023-04-09 03:05:00+00:00,0.0,0.0,0.0,16.04,1.24
2023-04-09 04:05:00+00:00,38.6,39.29,0.69,16.18,1.38
2023-04-09 05:05:00+00:00,44.46,44.46,0.0,17.09,2.14
2023-04-09 06:05:00+00:00,276.21999999999997,332.79999999999995,56.58,18.88,2.9
2023-04-09 07:05:00+00:00,231.19,610.73,379.54,18.88,3.17
2023-04-09 08:05:00+00:00,403.62,643.59,239.97,20.68,4.0
2023-04-09 09:05:00+00:00,336.77000000000004,770.94,434.17,21.74,4.41
2023-04-09 10:05:00+00:00,206.75,824.91,618.16,22.71,4.28
2023-04-09 11:05:00+00:00,226.20000000000002,744.2900000000001,518.09,23.6,4.07
2023-04-09 12:05:00+00:00,140.52999999999997,637.52,496.99,23.65,4.21
2023-04-09 13:05:00+00:00,201.47,203.7,2.23,23.24,4.41
2023-04-09 14:05:00+00:00,81.22,244.95,163.73,22.52,4.55
2023-04-09 15:05:00+00:00,38.5,46.65,8.15,21.53,4.41
2023-04-09 16:05:00+00:00,0.0,0.0,0.0,20.39,3.66
2023-04-09 17:05:00+00:00,0.0,0.0,0.0,19.28,3.38
2023-04-09 18:05:00+00:00,0.0,0.0,0.0,18.54,3.1
2023-04-09 19:05:00+00:00,0.0,0.0,0.0,17.99,2.76
2023-04-09 20:05:00+00:00,0.0,0.0,0.0,17.27,2.34
2023-04-09 21:05:00+00:00,0.0,0.0,0.0,16.74,1.93
2023-04-09 22:05:00+00:00,0.0,0.0,0.0,16.45,1.66
2023-04-09 23:05:00+00:00,0.0,0.0,0.0,16.08,1.52
2023-04-10 00:05:00+00:00,0.0,0.0,0.0,15.83,1.38
2023-04-10 01:05:00+00:00,0.0,0.0,0.0,15.7,1.38
2023-04-10 02:05:00+00:00,0.0,0.0,0.0,15.53,1.31
2023-04-10 03:05:00+00:00,0.0,0.0,0.0,15.33,1.24
2023-04-10 04:05:00+00:00,44.9,48.81,3.91,15.45,1.66
2023-04-10 05:05:00+00:00,156.69,217.82999999999998,61.14,16.76,2.28
2023-04-10 06:05:00+00:00,231.31,415.37,184.06,18.55,2.97
2023-04-10 07:05:00+00:00,251.38,600.5699999999999,349.19,20.92,4.21
2023-04-10 08:05:00+00:00,296.89000000000004,718.6300000000001,421.74,21.85,4.21
2023-04-10 09:05:00+00:00,230.32,815.3699999999999,585.05,22.87,4.14
2023-04-10 10:05:00+00:00,238.64999999999998,811.1,572.45,23.74,4.14
2023-04-10 11:05:00+00:00,143.16,771.61,628.45,24.38,4.14
2023-04-10 12:05:00+00:00,152.83,630.21,477.38,24.52,4.21
2023-04-10 13:05:00+00:00,163.09,437.48,274.39,23.92,4.34
2023-04-10 14:05:00+00:00,70.72,248.18,177.46,23.32,4.48
2023-04-10 15:05:00+00:00,19.86,19.86,0.0,22.32,4.07
2023-04-10 16:05:00+00:00,0.0,0.0,0.0,21.19,3.79
2023-04-10 17:05:00+00:00,0.0,0.0,0.0,20.22,3.72
2023-04-10 18:05:00+00:00,0.0,0.0,0.0,19.45,3.72
2023-04-10 19:05:00+00:00,0.0,0.0,0.0,18.77,3.38
2023-04-10 20:05:00+00:00,0.0,0.0,0.0,18.08,3.24
2023-04-10 21:05:00+00:00,0.0,0.0,0.0,17.57,2.55
2023-04-10 22:05:00+00:00,0.0,0.0,0.0,17.12,2.34
2023-04-10 23:05:00+00:00,0.0,0.0,0.0,17.04,2.34
2023-04-11 00:05:00+00:00,0.0,0.0,0.0,17.01,1.86
2023-04-11 01:05:00+00:00,0.0,0.0,0.0,16.93,1.72
2023-04-11 02:05:00+00:00,0.0,0.0,0.0,16.74,1.59
2023-04-11 03:05:00+00:00,0.0,0.0,0.0,16.52,1.45
2023-04-11 04:05:00+00:00,7.57,7.57,0.0,16.44,1.52
2023-04-11 05:05:00+00:00,52.97,52.97,0.0,16.98,2.34
2023-04-11 06:05:00+00:00,248.6,392.46000000000004,143.86,18.43,2.76
2023-04-11 07:05:00+00:00,298.91,306.53000000000003,7.62,19.39,2.55
2023-04-11 08:05:00+00:00,225.39,736.62,511.23,20.78,3.24
2023-04-11 09:05:00+00:00,404.15,716.0999999999999,311.95,22.39,3.66
2023-04-11 10:05:00+00:00,464.19,634.1800000000001,169.99,23.76,4.0
2023-04-11 11:05:00+00:00,305.01,697.51,392.5,24.43,4.21
2023-04-11 12:05:00+00:00,348.36,510.4,162.04,24.04,4.48
2023-04-11 13:05:00+00:00,255.88,279.3,23.42,23.27,4.28
2023-04-11 14:05:00+00:00,147.98,205.85999999999999,57.88,22.42,4.14
2023-04-11 15:05:00+00:00,35.949999999999996,42.849999999999994,6.9,21.37,3.79
2023-04-11 16:05:00+00:00,0.0,0.0,0.0,20.06,2.83
2023-04-11 17:05:00+00:00,0.0,0.0,0.0,19.28,2.83
2023-04-11 18:05:00+00:00,0.0,0.0,0.0,18.72,3.1
2023-04-11 19:05:00+00:00,0.0,0.0,0.0,17.44,2.07
2023-04-11 20:05:00+00:00,0.0,0.0,0.0,16.99,1.93
2023-04-11 21:05:00+00:00,0.0,0.0,0.0,16.63,1.72
2023-04-11 22:05:00+00:00,0.0,0.0,0.0,16.26,1.52
2023-04-11 23:05:00+00:00,0.0,0.0,0.0,16.1,1.24
2023-04-12 00:05:00+00:00,0.0,0.0,0.0,15.97,1.17
2023-04-12 01:05:00+00:00,0.0,0.0,0.0,16.04,1.1
2023-04-12 02:05:00+00:00,0.0,0.0,0.0,15.95,1.03
2023-04-12 03:05:00+00:00,0.0,0.0,0.0,15.75,1.03
2023-04-12 04:05:00+00:00,33.33,47.58,14.25,15.84,1.31
2023-04-12 05:05:00+00:00,162.51999999999998,195.96999999999997,33.45,17.21,2.0
2023-04-12 06:05:00+00:00,271.5,310.85,39.35,19.11,3.79
2023-04-12 07:05:00+00:00,353.82000000000005,512.9200000000001,159.1,19.9,3.93
2023-04-12 08:05:00+00:00,406.41,627.71,221.3,20.68,4.0
2023-04-12 09:05:00+00:00,320.25,764.45,444.2,21.52,4.0
2023-04-12 10:05:00+00:00,430.40000000000003,687.3900000000001,256.99,23.08,4.07
2023-04-12 11:05:00+00:00,150.63,751.65,601.02,24.19,4.28
2023-04-12 12:05:00+00:00,338.36999999999995,519.17,180.8,24.16,4.28
2023-04-12 13:05:00+00:00,165.1,424.36,259.26,24.14,4.48
2023-04-12 14:05:00+00:00,145.48,208.35999999999999,62.88,22.84,4.9
2023-04-12 15:05:00+00:00,38.28,40.4,2.12,20.86,4.34
2023-04-12 16:05:00+00:00,0.0,0.0,0.0,19.72,3.66
2023-04-12 17:05:00+00:00,0.0,0.0,0.0,18.91,3.38
2023-04-12 18:05:00+00:00,0.0,0.0,0.0,18.22,3.66
2023-04-12 19:05:00+00:00,0.0,0.0,0.0,17.86,2.41
2023-04-12 20:05:00+00:00,0.0,0.0,0.0,17.3,2.21
2023-04-12 21:05:00+00:00,0.0,0.0,0.0,16.91,1.79
2023-04-12 22:05:00+00:00,0.0,0.0,0.0,16.58,1.72
2023-04-12 23:05:00+00:00,0.0,0.0,0.0,16.31,1.79
2023-04-13 00:05:00+00:00,0.0,0.0,0.0,16.21,1.72
2023-04-13 01:05:00+00:00,0.0,0.0,0.0,16.11,1.59
2023-04-13 02:05:00+00:00,0.0,0.0,0.0,16.04,1.31
2023-04-13 03:05:00+00:00,0.0,0.0,0.0,15.89,1.31
2023-04-13 04:05:00+00:00,20.81,20.81,0.0,15.9,1.79
2023-04-13 05:05:00+00:00,147.09,155.51,8.42,16.97,2.76
2023-04-13 06:05:00+00:00,109.73,109.73,0.0,19.25,4.0
2023-04-13 07:05:00+00:00,319.68,545.01,225.33,20.2,3.66
2023-04-13 08:05:00+00:00,433.24,566.8,133.56,22.07,3.45
2023-04-13 09:05:00+00:00,236.51,791.72,555.21,23.36,3.66
2023-04-13 10:05:00+00:00,405.23,703.6400000000001,298.41,23.47,3.86
2023-04-13 11:05:00+00:00,412.89,600.79,187.9,24.28,4.07
2023-04-13 12:05:00+00:00,265.22,566.86,301.64,22.77,4.14
2023-04-13 13:05:00+00:00,243.70000000000002,258.83000000000004,15.13,22.94,4.28
2023-04-13 14:05:00+00:00,136.16,209.61,73.45,21.6,4.62
2023-04-13 15:05:00+00:00,38.17,39.940000000000005,1.77,19.87,3.86
2023-04-13 16:05:00+00:00,0.0,0.0,0.0,18.61,3.03
2023-04-13 17:05:00+00:00,0.0,0.0,0.0,17.99,2.41
2023-04-13 18:05:00+00:00,0.0,0.0,0.0,17.54,2.28
2023-04-13 19:05:00+00:00,0.0,0.0,0.0,17.33,2.76
2023-04-13 20:05:00+00:00,0.0,0.0,0.0,17.02,2.41
2023-04-13 21:05:00+00:00,0.0,0.0,0.0,16.81,2.34
2023-04-13 22:05:00+00:00,0.0,0.0,0.0,16.47,1.93
2023-04-13 23:05:00+00:00,0.0,0.0,0.0,16.3,1.86
2023-04-14 00:05:00+00:00,0.0,0.0,0.0,16.32,1.72
2023-04-14 01:05:00+00:00,0.0,0.0,0.0,16.27,1.52
2023-04-14 02:05:00+00:00,0.0,0.0,0.0,16.28,1.45
2023-04-14 03:05:00+00:00,0.0,0.0,0.0,16.22,1.52
2023-04-14 04:05:00+00:00,33.96,34.21,0.25,16.21,1.45
2023-04-14 05:05:00+00:00,69.06,69.06,0.0,16.91,2.41
2023-04-14 06:05:00+00:00,157.98000000000002,157.98000000000002,0.0,18.3,3.03
2023-04-14 07:05:00+00:00,360.69,408.65999999999997,47.97,19.27,2.97
2023-04-14 08:05:00+00:00,362.27,372.96999999999997,10.7,21.01,4.0
2023-04-14 09:05:00+00:00,466.89000000000004,545.4300000000001,78.54,22.1,4.21
2023-04-14 10:05:00+00:00,179.74,179.74,0.0,23.2,4.21
2023-04-14 11:05:00+00:00,423.33,482.11,58.78,23.7,4.28
2023-04-14 12:05:00+00:00,325.16,522.62,197.46,23.66,4.28
2023-04-14 13:05:00+00:00,188.73999999999998,406.05999999999995,217.32,23.39,4.34
2023-04-14 14:05:00+00:00,138.94,205.64,66.7,22.38,4.0
2023-04-14 15:05:00+00:00,37.64,38.63,0.99,21.27,3.93
2023-04-14 16:05:00+00:00,0.0,0.0,0.0,20.03,3.1
2023-04-14 17:05:00+00:00,0.0,0.0,0.0,19.13,3.38
2023-04-14 18:05:00+00:00,0.0,0.0,0.0,18.44,2.83
2023-04-14 19:05:00+00:00,0.0,0.0,0.0,17.75,2.28
2023-04-14 20:05:00+00:00,0.0,0.0,0.0,17.35,1.86
2023-04-14 21:05:00+00:00,0.0,0.0,0.0,16.88,1.72
2023-04-14 22:05:00+00:00,0.0,0.0,0.0,16.36,1.59
2023-04-14 23:05:00+00:00,0.0,0.0,0.0,16.02,1.38
2023-04-15 00:05:00+00:00,0.0,0.0,0.0,15.86,1.31
2023-04-15 01:05:00+00:00,0.0,0.0,0.0,15.66,1.38
2023-04-15 02:05:00+00:00,0.0,0.0,0.0,15.62,1.31
2023-04-15 03:05:00+00:00,0.0,0.0,0.0,15.5,1.31
2023-04-15 04:05:00+00:00,7.57,7.57,0.0,15.57,1.38
2023-04-15 05:05:00+00:00,117.24,118.5,1.26,17.1,2.07
2023-04-15 06:05:00+00:00,273.82,345.87,72.05,19.06,3.1
2023-04-15 07:05:00+00:00,308.28000000000003,317.97,9.69,19.81,3.17
2023-04-15 08:05:00+00:00,401.51,625.9,224.39,20.94,4.07
2023-04-15 09:05:00+00:00,146.26,815.62,669.36,22.02,4.28
2023-04-15 10:05:00+00:00,370.0,723.35,353.35,22.98,4.21
2023-04-15 11:05:00+00:00,269.16999999999996,696.91,427.74,22.36,3.31
2023-04-15 12:05:00+00:00,198.65,198.65,0.0,20.85,3.72
2023-04-15 13:05:00+00:00,231.73000000000002,379.95000000000005,148.22,20.09,3.45
2023-04-15 14:05:00+00:00,73.78999999999999,73.78999999999999,0.0,20.59,3.31
2023-04-15 15:05:00+00:00,32.21,35.17,2.96,20.17,4.14
2023-04-15 16:05:00+00:00,0.0,0.0,0.0,19.16,2.83
2023-04-15 17:05:00+00:00,0.0,0.0,0.0,18.4,2.48
2023-04-15 18:05:00+00:00,0.0,0.0,0.0,17.94,2.69
2023-04-15 19:05:00+00:00,0.0,0.0,0.0,17.55,2.97
2023-04-15 20:05:00+00:00,0.0,0.0,0.0,17.1,2.97
2023-04-15 21:05:00+00:00,0.0,0.0,0.0,16.84,2.62
2023-04-15 22:05:00+00:00,0.0,0.0,0.0,16.54,2.28
2023-04-15 23:05:00+00:00,0.0,0.0,0.0,16.22,1.86
2023-04-16 00:05:00+00:00,0.0,0.0,0.0,16.0,1.59
2023-04-16 01:05:00+00:00,0.0,0.0,0.0,15.74,1.24
2023-04-16 02:05:00+00:00,0.0,0.0,0.0,15.79,1.24
2023-04-16 03:05:00+00:00,0.0,0.0,0.0,15.81,0.97
2023-04-16 04:05:00+00:00,7.57,7.57,0.0,15.91,1.1
2023-04-16 05:05:00+00:00,132.24,135.36,3.12,16.54,1.93
2023-04-16 06:05:00+00:00,116.36,116.36,0.0,18.56,2.07
2023-04-16 07:05:00+00:00,292.53000000000003,557.31,264.78,19.8,2.97
2023-04-16 08:05:00+00:00,150.16,743.04,592.88,20.83,3.45
2023-04-16 09:05:00+00:00,452.18,646.11,193.93,22.25,3.93
2023-04-16 10:05:00+00:00,405.93,692.89,286.96,22.7,4.07
2023-04-16 11:05:00+00:00,280.94,687.01,406.07,23.32,4.07
2023-04-16 12:05:00+00:00,256.28,558.74,302.46,23.74,4.14
2023-04-16 13:05:00+00:00,106.7,424.0,317.3,23.52,4.28
2023-04-16 14:05:00+00:00,151.0,176.02,25.02,23.06,4.21
2023-04-16 15:05:00+00:00,31.25,33.12,1.87,22.05,4.0
2023-04-16 16:05:00+00:00,0.0,0.0,0.0,20.64,3.79
2023-04-16 17:05:00+00:00,0.0,0.0,0.0,19.42,3.93
2023-04-16 18:05:00+00:00,0.0,0.0,0.0,18.4,3.66
2023-04-16 19:05:00+00:00,0.0,0.0,0.0,17.99,3.17
2023-04-16 20:05:00+00:00,0.0,0.0,0.0,17.47,2.62
2023-04-16 21:05:00+00:00,0.0,0.0,0.0,17.01,2.21
2023-04-16 22:05:00+00:00,0.0,0.0,0.0,16.71,1.72
2023-04-16 23:05:00+00:00,0.0,0.0,0.0,16.49,1.59
2023-04-17 00:05:00+00:00,0.0,0.0,0.0,16.28,1.45
2023-04-17 01:05:00+00:00,0.0,0.0,0.0,16.31,1.86
2023-04-17 02:05:00+00:00,0.0,0.0,0.0,16.05,1.45
2023-04-17 03:05:00+00:00,0.0,0.0,0.0,16.12,1.31
2023-04-17 04:05:00+00:00,37.72,37.91,0.19,16.25,1.24
2023-04-17 05:05:00+00:00,151.98,212.43,60.45,17.12,1.24
2023-04-17 06:05:00+00:00,264.92,362.68,97.76,18.23,1.38
2023-04-17 07:05:00+00:00,351.51,501.27,149.76,19.01,2.55
2023-04-17 08:05:00+00:00,318.43,674.96,356.53,19.37,2.48
2023-04-17 09:05:00+00:00,414.22,684.8800000000001,270.66,20.39,2.55
2023-04-17 10:05:00+00:00,265.3,761.54,496.24,21.8,2.83
2023-04-17 11:05:00+00:00,127.36,733.99,606.63,23.21,3.1
2023-04-17 12:05:00+00:00,156.42000000000002,588.78,432.36,23.48,3.52
2023-04-17 13:05:00+00:00,109.08,416.16999999999996,307.09,22.77,4.14
2023-04-17 14:05:00+00:00,75.49000000000001,213.06,137.57,22.0,3.86
2023-04-17 15:05:00+00:00,32.699999999999996,33.419999999999995,0.72,21.18,3.79
2023-04-17 16:05:00+00:00,0.0,0.0,0.0,19.44,3.24
2023-04-17 17:05:00+00:00,0.0,0.0,0.0,17.92,2.9
2023-04-17 18:05:00+00:00,0.0,0.0,0.0,17.41,2.34
2023-04-17 19:05:00+00:00,0.0,0.0,0.0,17.76,2.28
2023-04-17 20:05:00+00:00,0.0,0.0,0.0,17.24,1.79
2023-04-17 21:05:00+00:00,0.0,0.0,0.0,16.8,1.59
2023-04-17 22:05:00+00:00,0.0,0.0,0.0,16.51,1.1
2023-04-17 23:05:00+00:00,0.0,0.0,0.0,16.31,0.76
2023-04-18 00:05:00+00:00,0.0,0.0,0.0,16.35,0.76
2023-04-18 01:05:00+00:00,0.0,0.0,0.0,16.23,0.9
2023-04-18 02:05:00+00:00,0.0,0.0,0.0,16.23,1.1
2023-04-18 03:05:00+00:00,0.0,0.0,0.0,16.28,1.03
2023-04-18 04:05:00+00:00,7.57,7.57,0.0,16.26,1.03
2023-04-18 05:05:00+00:00,156.07,208.45999999999998,52.39,16.89,1.45
2023-04-18 06:05:00+00:00,272.41999999999996,319.21,46.79,18.56,2.34
2023-04-18 07:05:00+00:00,365.56,429.4,63.84,20.2,3.1
2023-04-18 08:05:00+00:00,328.41999999999996,667.5899999999999,339.17,20.86,3.66
2023-04-18 09:05:00+00:00,233.32,773.1099999999999,539.79,21.76,3.79
2023-04-18 10:05:00+00:00,350.59999999999997,721.3799999999999,370.78,22.09,3.38
2023-04-18 11:05:00+00:00,111.12,739.63,628.51,22.58,2.83
2023-04-18 12:05:00+00:00,87.65,613.3299999999999,525.68,23.38,2.83
2023-04-18 13:05:00+00:00,90.86,421.79,330.93,23.88,3.38
2023-04-18 14:05:00+00:00,70.57000000000001,211.3,140.73,22.95,3.72
2023-04-18 15:05:00+00:00,35.290000000000006,35.290000000000006,0.0,21.68,3.52
2023-04-18 16:05:00+00:00,0.0,0.0,0.0,19.99,3.24
2023-04-18 17:05:00+00:00,0.0,0.0,0.0,18.5,2.48
2023-04-18 18:05:00+00:00,0.0,0.0,0.0,18.03,1.66
2023-04-18 19:05:00+00:00,0.0,0.0,0.0,18.39,1.93
2023-04-18 20:05:00+00:00,0.0,0.0,0.0,17.58,1.17
2023-04-18 21:05:00+00:00,0.0,0.0,0.0,17.3,0.9
2023-04-18 22:05:00+00:00,0.0,0.0,0.0,16.99,0.9
2023-04-18 23:05:00+00:00,0.0,0.0,0.0,17.08,0.9
2023-04-19 00:05:00+00:00,0.0,0.0,0.0,16.82,0.76
2023-04-19 01:05:00+00:00,0.0,0.0,0.0,16.84,0.76
2023-04-19 02:05:00+00:00,0.0,0.0,0.0,16.67,0.97
2023-04-19 03:05:00+00:00,0.0,0.0,0.0,16.38,0.9
2023-04-19 04:05:00+00:00,46.739999999999995,48.10999999999999,1.37,15.96,0.83
2023-04-19 05:05:00+00:00,142.39999999999998,147.81999999999996,5.42,17.28,0.97
2023-04-19 06:05:00+00:00,228.10000000000002,395.21000000000004,167.11,19.33,1.45
2023-04-19 07:05:00+00:00,306.7,542.48,235.78,20.75,2.28
2023-04-19 08:05:00+00:00,327.94,666.3299999999999,338.39,22.23,2.48
2023-04-19 09:05:00+00:00,256.0,762.61,506.61,23.34,2.62
2023-04-19 10:05:00+00:00,269.94000000000005,752.9100000000001,482.97,24.3,2.55
2023-04-19 11:05:00+00:00,104.69,739.2,634.51,24.5,2.48
2023-04-19 12:05:00+00:00,113.53,596.23,482.7,24.69,2.55
2023-04-19 13:05:00+00:00,215.67000000000002,375.68,160.01,24.62,2.76
2023-04-19 14:05:00+00:00,136.95,192.81,55.86,24.01,3.03
2023-04-19 15:05:00+00:00,34.39,34.39,0.0,23.05,3.03
2023-04-19 16:05:00+00:00,0.0,0.0,0.0,21.54,2.62
2023-04-19 17:05:00+00:00,0.0,0.0,0.0,20.47,2.62
2023-04-19 18:05:00+00:00,0.0,0.0,0.0,19.62,2.48
2023-04-19 19:05:00+00:00,0.0,0.0,0.0,18.99,2.14
2023-04-19 20:05:00+00:00,0.0,0.0,0.0,18.33,1.66
2023-04-19 21:05:00+00:00,0.0,0.0,0.0,18.08,1.52
2023-04-19 22:05:00+00:00,0.0,0.0,0.0,17.68,1.31
2023-04-19 23:05:00+00:00,0.0,0.0,0.0,17.38,1.31
2023-04-20 00:05:00+00:00,0.0,0.0,0.0,17.3,1.31
2023-04-20 01:05:00+00:00,0.0,0.0,0.0,17.06,1.03
2023-04-20 02:05:00+00:00,0.0,0.0,0.0,16.89,0.83
2023-04-20 03:05:00+00:00,0.0,0.0,0.0,16.78,0.76
2023-04-20 04:05:00+00:00,43.059999999999995,43.459999999999994,0.4,16.67,0.76
2023-04-20 05:05:00+00:00,162.65,190.58,27.93,17.37,1.03
2023-04-20 06:05:00+00:00,274.38,332.9,58.52,18.74,1.45
2023-04-20 07:05:00+00:00,255.46,566.96,311.5,21.22,2.07
2023-04-20 08:05:00+00:00,138.05,731.47,593.42,22.47,2.48
2023-04-20 09:05:00+00:00,278.8,752.5,473.7,23.63,2.69
2023-04-20 10:05:00+00:00,117.96,803.7,685.74,24.85,2.97
2023-04-20 11:05:00+00:00,170.94,708.97,538.03,25.59,3.17
2023-04-20 12:05:00+00:00,166.0,575.12,409.12,25.89,3.38
2023-04-20 13:05:00+00:00,91.88,413.39,321.51,25.54,3.66
2023-04-20 14:05:00+00:00,80.65,202.57,121.92,24.83,3.93
2023-04-20 15:05:00+00:00,34.39,34.39,0.0,23.48,3.79
2023-04-20 16:05:00+00:00,0.0,0.0,0.0,21.76,3.17
2023-04-20 17:05:00+00:00,0.0,0.0,0.0,20.49,3.03
2023-04-20 18:05:00+00:00,0.0,0.0,0.0,19.72,2.83
2023-04-20 19:05:00+00:00,0.0,0.0,0.0,19.43,2.97
2023-04-20 20:05:00+00:00,0.0,0.0,0.0,18.79,2.76
2023-04-20 21:05:00+00:00,0.0,0.0,0.0,18.47,2.41
2023-04-20 22:05:00+00:00,0.0,0.0,0.0,18.13,2.21
2023-04-20 23:05:00+00:00,0.0,0.0,0.0,17.57,1.86
2023-04-21 00:05:00+00:00,0.0,0.0,0.0,17.25,1.59
2023-04-21 01:05:00+00:00,0.0,0.0,0.0,17.1,1.66
2023-04-21 02:05:00+00:00,0.0,0.0,0.0,17.12,1.52
2023-04-21 03:05:00+00:00,0.0,0.0,0.0,17.04,1.24
2023-04-21 04:05:00+00:00,41.33,41.559999999999995,0.23,17.1,1.1
2023-04-21 05:05:00+00:00,144.34,214.17000000000002,69.83,17.92,1.31
2023-04-21 06:05:00+00:00,249.37,376.52,127.15,19.64,1.72
2023-04-21 07:05:00+00:00,359.71,477.44,117.73,21.06,1.45
2023-04-21 08:05:00+00:00,304.26,670.71,366.45,23.14,1.86
2023-04-21 09:05:00+00:00,276.58000000000004,746.0500000000001,469.47,24.31,2.14
2023-04-21 10:05:00+00:00,116.83,795.9200000000001,679.09,26.0,2.21
2023-04-21 11:05:00+00:00,124.26,716.65,592.39,26.91,2.21
2023-04-21 12:05:00+00:00,126.13999999999999,579.64,453.5,27.4,2.62
2023-04-21 13:05:00+00:00,111.94000000000001,400.44,288.5,27.32,3.03
2023-04-21 14:05:00+00:00,125.9,192.33,66.43,26.58,3.38
2023-04-21 15:05:00+00:00,33.49,33.49,0.0,25.26,3.31
2023-04-21 16:05:00+00:00,0.0,0.0,0.0,23.54,2.97
2023-04-21 17:05:00+00:00,0.0,0.0,0.0,22.16,2.9
2023-04-21 18:05:00+00:00,0.0,0.0,0.0,21.17,2.69
2023-04-21 19:05:00+00:00,0.0,0.0,0.0,20.35,2.69
2023-04-21 20:05:00+00:00,0.0,0.0,0.0,19.69,2.41
2023-04-21 21:05:00+00:00,0.0,0.0,0.0,19.18,1.93
2023-04-21 22:05:00+00:00,0.0,0.0,0.0,18.88,1.72
2023-04-21 23:05:00+00:00,0.0,0.0,0.0,18.47,1.31
2023-04-22 00:05:00+00:00,0.0,0.0,0.0,18.25,1.1
2023-04-22 01:05:00+00:00,0.0,0.0,0.0,17.9,0.9
2023-04-22 02:05:00+00:00,0.0,0.0,0.0,17.54,0.97
2023-04-22 03:05:00+00:00,0.0,0.0,0.0,16.93,0.9
2023-04-22 04:05:00+00:00,47.7,48.99,1.29,16.93,0.83
2023-04-22 05:05:00+00:00,137.74,141.8,4.06,17.81,0.9
2023-04-22 06:05:00+00:00,262.86,355.85,92.99,19.38,0.69
2023-04-22 07:05:00+00:00,248.25,557.21,308.96,21.32,1.38
2023-04-22 08:05:00+00:00,264.87,264.87,0.0,22.28,1.93
2023-04-22 09:05:00+00:00,142.84,142.84,0.0,23.1,1.93
2023-04-22 10:05:00+00:00,193.93,193.93,0.0,23.48,1.45
2023-04-22 11:05:00+00:00,396.62,431.17,34.55,23.65,1.72
2023-04-22 12:05:00+00:00,336.68,370.27,33.59,22.1,2.07
2023-04-22 13:05:00+00:00,254.88,297.77,42.89,19.7,2.34
2023-04-22 14:05:00+00:00,111.52,112.63,1.11,18.66,1.45
2023-04-22 15:05:00+00:00,33.49,33.49,0.0,18.3,1.31
2023-04-22 16:05:00+00:00,0.0,0.0,0.0,17.77,0.97
2023-04-22 17:05:00+00:00,0.0,0.0,0.0,17.41,1.03
2023-04-22 18:05:00+00:00,0.0,0.0,0.0,17.18,0.83
2023-04-22 19:05:00+00:00,0.0,0.0,0.0,16.98,0.69
2023-04-22 20:05:00+00:00,0.0,0.0,0.0,16.74,0.55
2023-04-22 21:05:00+00:00,0.0,0.0,0.0,16.54,0.34
2023-04-22 22:05:00+00:00,0.0,0.0,0.0,16.32,0.28
2023-04-22 23:05:00+00:00,0.0,0.0,0.0,16.14,0.34
2023-04-23 00:05:00+00:00,0.0,0.0,0.0,16.12,0.14
2023-04-23 01:05:00+00:00,0.0,0.0,0.0,16.03,0.41
2023-04-23 02:05:00+00:00,0.0,0.0,0.0,15.87,0.69
2023-04-23 03:05:00+00:00,0.0,0.0,0.0,15.68,0.76
2023-04-23 04:05:00+00:00,46.95,47.940000000000005,0.99,15.56,0.97
2023-04-23 05:05:00+00:00,160.53,186.85,26.32,16.65,1.1
2023-04-23 06:05:00+00:00,124.42,414.24,289.82,17.92,1.03
2023-04-23 07:05:00+00:00,336.13,500.52,164.39,20.27,1.45
2023-04-23 08:05:00+00:00,163.05,703.06,540.01,21.24,2.0
2023-04-23 09:05:00+00:00,419.18,651.22,232.04,22.65,2.14
2023-04-23 10:05:00+00:00,383.25,675.11,291.86,23.4,2.41
2023-04-23 11:05:00+00:00,307.4,639.62,332.22,24.17,2.62
2023-04-23 12:05:00+00:00,257.38,524.54,267.16,23.68,3.38
2023-04-23 13:05:00+00:00,251.04000000000002,323.49,72.45,23.13,3.03
2023-04-23 14:05:00+00:00,83.55000000000001,189.69,106.14,22.5,2.76
2023-04-23 15:05:00+00:00,30.78,30.78,0.0,21.58,2.14
2023-04-23 16:05:00+00:00,0.0,0.0,0.0,19.95,2.21
2023-04-23 17:05:00+00:00,0.0,0.0,0.0,18.96,1.72
2023-04-23 18:05:00+00:00,0.0,0.0,0.0,18.34,1.79
2023-04-23 19:05:00+00:00,0.0,0.0,0.0,18.54,1.66
2023-04-23 20:05:00+00:00,0.0,0.0,0.0,18.13,1.59
2023-04-23 21:05:00+00:00,0.0,0.0,0.0,17.64,1.52
2023-04-23 22:05:00+00:00,0.0,0.0,0.0,17.33,1.38
2023-04-23 23:05:00+00:00,0.0,0.0,0.0,16.76,1.17
2023-04-24 00:05:00+00:00,0.0,0.0,0.0,16.28,1.1
2023-04-24 01:05:00+00:00,0.0,0.0,0.0,15.75,1.1
2023-04-24 02:05:00+00:00,0.0,0.0,0.0,15.44,1.1
2023-04-24 03:05:00+00:00,0.0,0.0,0.0,15.21,0.97
2023-04-24 04:05:00+00:00,10.41,10.41,0.0,15.45,0.76
2023-04-24 05:05:00+00:00,120.99,122.11999999999999,1.13,17.66,0.9
2023-04-24 06:05:00+00:00,241.51,375.36,133.85,19.53,1.45
2023-04-24 07:05:00+00:00,317.78000000000003,518.28,200.5,21.04,2.55
2023-04-24 08:05:00+00:00,364.51,626.74,262.23,21.96,2.97
2023-04-24 09:05:00+00:00,427.48,647.48,220.0,22.72,3.1
2023-04-24 10:05:00+00:00,414.81,652.33,237.52,23.39,3.03
2023-04-24 11:05:00+00:00,152.47,691.46,538.99,23.91,3.03
2023-04-24 12:05:00+00:00,93.68,579.04,485.36,23.86,3.1
2023-04-24 13:05:00+00:00,85.36,396.51,311.15,23.42,3.1
2023-04-24 14:05:00+00:00,70.24,189.55,119.31,22.01,2.48
2023-04-24 15:05:00+00:00,31.68,31.68,0.0,20.33,2.21
2023-04-24 16:05:00+00:00,0.0,0.0,0.0,18.71,2.14
2023-04-24 17:05:00+00:00,0.0,0.0,0.0,17.93,1.72
2023-04-24 18:05:00+00:00,0.0,0.0,0.0,17.74,1.52
2023-04-24 19:05:00+00:00,0.0,0.0,0.0,18.65,1.45
2023-04-24 20:05:00+00:00,0.0,0.0,0.0,18.23,1.38
2023-04-24 21:05:00+00:00,0.0,0.0,0.0,17.58,1.66
2023-04-24 22:05:00+00:00,0.0,0.0,0.0,16.95,1.03
2023-04-24 23:05:00+00:00,0.0,0.0,0.0,16.7,0.83
2023-04-25 00:05:00+00:00,0.0,0.0,0.0,16.56,0.62
2023-04-25 01:05:00+00:00,0.0,0.0,0.0,16.4,0.62
2023-04-25 02:05:00+00:00,0.0,0.0,0.0,16.37,0.62
2023-04-25 03:05:00+00:00,0.0,0.0,0.0,16.3,0.76
2023-04-25 04:05:00+00:00,47.95,48.480000000000004,0.53,16.31,0.83
2023-04-25 05:05:00+00:00,62.43,62.43,0.0,17.22,0.76
2023-04-25 06:05:00+00:00,266.44,303.65,37.21,19.12,0.55
2023-04-25 07:05:00+00:00,292.21,527.03,234.82,19.71,0.34
2023-04-25 08:05:00+00:00,222.3,678.27,455.97,20.73,0.62
2023-04-25 09:05:00+00:00,369.02,682.22,313.2,22.17,0.62
2023-04-25 10:05:00+00:00,427.79999999999995,463.05999999999995,35.26,22.71,1.03
2023-04-25 11:05:00+00:00,83.25,83.25,0.0,22.92,1.59
2023-04-25 12:05:00+00:00,345.39000000000004,436.01000000000005,90.62,19.26,2.62
2023-04-25 13:05:00+00:00,237.32000000000002,254.97000000000003,17.65,19.21,1.52
2023-04-25 14:05:00+00:00,25.54,25.54,0.0,18.28,1.1
2023-04-25 15:05:00+00:00,4.53,4.53,0.0,18.04,1.31
2023-04-25 16:05:00+00:00,0.0,0.0,0.0,17.52,1.03
2023-04-25 17:05:00+00:00,0.0,0.0,0.0,17.22,0.9
2023-04-25 18:05:00+00:00,0.0,0.0,0.0,17.19,1.03
2023-04-25 19:05:00+00:00,0.0,0.0,0.0,16.84,1.24
2023-04-25 20:05:00+00:00,0.0,0.0,0.0,16.3,0.97
2023-04-25 21:05:00+00:00,0.0,0.0,0.0,16.17,0.69
2023-04-25 22:05:00+00:00,0.0,0.0,0.0,16.16,0.69
2023-04-25 23:05:00+00:00,0.0,0.0,0.0,16.07,0.69
2023-04-26 00:05:00+00:00,0.0,0.0,0.0,15.89,0.69
2023-04-26 01:05:00+00:00,0.0,0.0,0.0,15.82,0.41
2023-04-26 02:05:00+00:00,0.0,0.0,0.0,15.77,0.34
2023-04-26 03:05:00+00:00,0.0,0.0,0.0,15.94,0.55
2023-04-26 04:05:00+00:00,47.96,48.42,0.46,16.09,0.69
2023-04-26 05:05:00+00:00,86.08,86.08,0.0,16.73,0.48
2023-04-26 06:05:00+00:00,267.60999999999996,328.31999999999994,60.71,17.81,0.41
2023-04-26 07:05:00+00:00,353.84999999999997,401.7,47.85,18.38,0.83
2023-04-26 08:05:00+00:00,413.85,465.98,52.13,19.89,0.76
2023-04-26 09:05:00+00:00,257.90000000000003,724.3,466.4,20.56,0.76
2023-04-26 10:05:00+00:00,333.22999999999996,688.73,355.5,21.14,1.17
2023-04-26 11:05:00+00:00,98.54,698.2199999999999,599.68,21.24,0.76
2023-04-26 12:05:00+00:00,265.91999999999996,508.29999999999995,242.38,20.83,1.79
2023-04-26 13:05:00+00:00,71.89999999999999,71.89999999999999,0.0,20.14,2.07
2023-04-26 14:05:00+00:00,64.33,64.33,0.0,19.63,1.66
2023-04-26 15:05:00+00:00,28.96,28.96,0.0,19.29,1.1
2023-04-26 16:05:00+00:00,0.0,0.0,0.0,18.63,1.1
2023-04-26 17:05:00+00:00,0.0,0.0,0.0,18.16,1.17
2023-04-26 18:05:00+00:00,0.0,0.0,0.0,17.68,0.9
2023-04-26 19:05:00+00:00,0.0,0.0,0.0,16.67,0.97
2023-04-26 20:05:00+00:00,0.0,0.0,0.0,16.4,0.69
2023-04-26 21:05:00+00:00,0.0,0.0,0.0,16.26,0.55
2023-04-26 22:05:00+00:00,0.0,0.0,0.0,16.08,0.48
2023-04-26 23:05:00+00:00,0.0,0.0,0.0,16.05,0.48
2023-04-27 00:05:00+00:00,0.0,0.0,0.0,16.16,0.55
2023-04-27 01:05:00+00:00,0.0,0.0,0.0,16.18,0.62
2023-04-27 02:05:00+00:00,0.0,0.0,0.0,16.21,0.69
2023-04-27 03:05:00+00:00,0.0,0.0,0.0,16.19,0.69
2023-04-27 04:05:00+00:00,15.13,15.13,0.0,16.13,0.69
2023-04-27 05:05:00+00:00,134.53,207.92000000000002,73.39,17.27,0.83
2023-04-27 06:05:00+00:00,79.26,419.32,340.06,18.49,0.97
2023-04-27 07:05:00+00:00,326.03000000000003,500.33000000000004,174.3,20.69,1.72
2023-04-27 08:05:00+00:00,235.32,667.8199999999999,432.5,21.78,2.28
2023-04-27 09:05:00+00:00,305.22,705.53,400.31,22.35,2.14
2023-04-27 10:05:00+00:00,344.22999999999996,682.22,337.99,22.98,2.28
2023-04-27 11:05:00+00:00,398.05,436.84000000000003,38.79,23.23,2.48
2023-04-27 12:05:00+00:00,307.71,482.03999999999996,174.33,22.95,2.83
2023-04-27 13:05:00+00:00,249.18,307.7,58.52,22.86,2.62
2023-04-27 14:05:00+00:00,102.27,178.39999999999998,76.13,22.36,2.76
2023-04-27 15:05:00+00:00,30.78,30.78,0.0,21.56,2.41
2023-04-27 16:05:00+00:00,0.0,0.0,0.0,20.78,2.34
2023-04-27 17:05:00+00:00,0.0,0.0,0.0,20.18,2.28
2023-04-27 18:05:00+00:00,0.0,0.0,0.0,19.35,2.41
2023-04-27 19:05:00+00:00,0.0,0.0,0.0,18.7,1.66
2023-04-27 20:05:00+00:00,0.0,0.0,0.0,17.93,1.52
2023-04-27 21:05:00+00:00,0.0,0.0,0.0,17.31,1.45
2023-04-27 22:05:00+00:00,0.0,0.0,0.0,17.04,1.24
2023-04-27 23:05:00+00:00,0.0,0.0,0.0,16.76,1.1
2023-04-28 00:05:00+00:00,0.0,0.0,0.0,16.6,1.03
2023-04-28 01:05:00+00:00,0.0,0.0,0.0,16.44,0.97
2023-04-28 02:05:00+00:00,0.0,0.0,0.0,16.38,0.9
2023-04-28 03:05:00+00:00,0.0,0.0,0.0,15.93,0.69
2023-04-28 04:05:00+00:00,8.139999999999999,8.139999999999999,0.0,16.03,0.41
2023-04-28 05:05:00+00:00,147.51999999999998,201.19,53.67,17.72,0.34
2023-04-28 06:05:00+00:00,237.82000000000002,247.58,9.76,18.59,0.76
2023-04-28 07:05:00+00:00,357.78000000000003,438.56000000000006,80.78,19.79,0.55
2023-04-28 08:05:00+00:00,414.5,552.3,137.8,20.84,0.07
2023-04-28 09:05:00+00:00,437.71999999999997,484.2,46.48,21.57,0.28
2023-04-28 10:05:00+00:00,380.04,391.65000000000003,11.61,21.64,0.97
2023-04-28 11:05:00+00:00,132.44,132.44,0.0,19.92,2.21
2023-04-28 12:05:00+00:00,174.07,174.07,0.0,18.97,2.55
2023-04-28 13:05:00+00:00,219.84,228.77,8.93,18.61,2.07
2023-04-28 14:05:00+00:00,103.93,104.93,1.0,18.11,1.66
2023-04-28 15:05:00+00:00,19.0,19.0,0.0,17.79,1.93
2023-04-28 16:05:00+00:00,0.0,0.0,0.0,17.38,0.9
2023-04-28 17:05:00+00:00,0.0,0.0,0.0,16.96,0.9
2023-04-28 18:05:00+00:00,0.0,0.0,0.0,16.78,0.97
2023-04-28 19:05:00+00:00,0.0,0.0,0.0,16.21,0.97
2023-04-28 20:05:00+00:00,0.0,0.0,0.0,16.18,0.97
2023-04-28 21:05:00+00:00,0.0,0.0,0.0,15.98,0.83
2023-04-28 22:05:00+00:00,0.0,0.0,0.0,15.93,0.76
2023-04-28 23:05:00+00:00,0.0,0.0,0.0,15.84,0.69
2023-04-29 00:05:00+00:00,0.0,0.0,0.0,15.64,0.69
2023-04-29 01:05:00+00:00,0.0,0.0,0.0,15.53,0.48
2023-04-29 02:05:00+00:00,0.0,0.0,0.0,15.47,0.34
2023-04-29 03:05:00+00:00,0.0,0.0,0.0,15.32,0.41
2023-04-29 04:05:00+00:00,40.72,40.72,0.0,15.01,0.28
2023-04-29 05:05:00+00:00,155.94,169.71,13.77,16.97,0.21
2023-04-29 06:05:00+00:00,177.60999999999999,385.64,208.03,19.08,1.59
2023-04-29 07:05:00+00:00,271.39000000000004,274.85,3.46,18.38,0.9
2023-04-29 08:05:00+00:00,218.52,218.52,0.0,19.0,1.38
2023-04-29 09:05:00+00:00,370.64000000000004,379.32000000000005,8.68,19.29,1.59
2023-04-29 10:05:00+00:00,157.03,157.03,0.0,20.27,1.52
2023-04-29 11:05:00+00:00,397.77,440.47999999999996,42.71,21.34,1.66
2023-04-29 12:05:00+00:00,338.2,386.96,48.76,22.0,1.59
2023-04-29 13:05:00+00:00,237.85000000000002,257.46000000000004,19.61,21.58,1.45
2023-04-29 14:05:00+00:00,67.96000000000001,171.74,103.78,19.85,0.9
2023-04-29 15:05:00+00:00,7.24,7.24,0.0,19.17,1.24
2023-04-29 16:05:00+00:00,0.0,0.0,0.0,18.0,1.24
2023-04-29 17:05:00+00:00,0.0,0.0,0.0,17.33,1.31
2023-04-29 18:05:00+00:00,0.0,0.0,0.0,17.13,1.17
2023-04-29 19:05:00+00:00,0.0,0.0,0.0,17.56,1.03
2023-04-29 20:05:00+00:00,0.0,0.0,0.0,17.47,0.9
2023-04-29 21:05:00+00:00,0.0,0.0,0.0,17.09,0.97
2023-04-29 22:05:00+00:00,0.0,0.0,0.0,16.97,0.9
2023-04-29 23:05:00+00:00,0.0,0.0,0.0,16.64,0.83
2023-04-30 00:05:00+00:00,0.0,0.0,0.0,16.62,0.41
2023-04-30 01:05:00+00:00,0.0,0.0,0.0,16.64,0.55
2023-04-30 02:05:00+00:00,0.0,0.0,0.0,16.4,0.55
2023-04-30 03:05:00+00:00,0.0,0.0,0.0,16.09,0.48
2023-04-30 04:05:00+00:00,16.29,16.29,0.0,16.27,0.07
2023-04-30 05:05:00+00:00,137.56,141.74,4.18,17.03,0.14
2023-04-30 06:05:00+00:00,257.46,281.84,24.38,18.45,0.9
2023-04-30 07:05:00+00:00,352.63,454.64,102.01,19.84,1.17
2023-04-30 08:05:00+00:00,399.75,569.08,169.33,20.29,1.31
2023-04-30 09:05:00+00:00,401.57,420.3,18.73,21.42,1.38
2023-04-30 10:05:00+00:00,361.47999999999996,661.49,300.01,20.22,1.38
2023-04-30 11:05:00+00:00,404.69,461.37,56.68,21.15,0.55
2023-04-30 12:05:00+00:00,290.97,300.53000000000003,9.56,20.89,0.9
2023-04-30 13:05:00+00:00,107.84,107.84,0.0,20.91,1.17
2023-04-30 14:05:00+00:00,106.61999999999999,171.01999999999998,64.4,20.84,0.41
2023-04-30 15:05:00+00:00,21.72,21.72,0.0,18.63,1.24
2023-04-30 16:05:00+00:00,0.0,0.0,0.0,17.04,1.31
2023-04-30 17:05:00+00:00,0.0,0.0,0.0,16.63,0.9
2023-04-30 18:05:00+00:00,0.0,0.0,0.0,16.42,0.76
2023-04-30 19:05:00+00:00,0.0,0.0,0.0,16.27,0.76
2023-04-30 20:05:00+00:00,0.0,0.0,0.0,16.11,0.69
2023-04-30 21:05:00+00:00,0.0,0.0,0.0,16.05,0.76
2023-04-30 22:05:00+00:00,0.0,0.0,0.0,15.9,0.76
2023-04-30 23:05:00+00:00,0.0,0.0,0.0,15.84,0.69
2023-05-01 00:05:00+00:00,0.0,0.0,0.0,15.73,0.9
2023-05-01 01:05:00+00:00,0.0,0.0,0.0,15.64,1.03
2023-05-01 02:05:00+00:00,0.0,0.0,0.0,15.61,1.03
2023-05-01 03:05:00+00:00,0.0,0.0,0.0,15.38,1.1
2023-05-01 04:05:00+00:00,40.72,40.72,0.0,15.57,1.17
2023-05-01 05:05:00+00:00,150.79,160.6,9.81,16.31,1.38
2023-05-01 06:05:00+00:00,98.38,98.38,0.0,17.34,1.17
2023-05-01 07:05:00+00:00,191.09,191.09,0.0,17.88,1.52
2023-05-01 08:05:00+00:00,174.07,174.07,0.0,18.51,1.59
2023-05-01 09:05:00+00:00,348.01,353.03,5.02,19.14,1.79
2023-05-01 10:05:00+00:00,332.93,335.8,2.87,20.15,2.0
2023-05-01 11:05:00+00:00,407.87,476.29,68.42,19.54,2.28
2023-05-01 12:05:00+00:00,316.81,338.54,21.73,19.86,2.14
2023-05-01 13:05:00+00:00,244.63,302.51,57.88,19.5,2.0
2023-05-01 14:05:00+00:00,62.43,62.43,0.0,18.62,1.79
2023-05-01 15:05:00+00:00,5.43,5.43,0.0,17.81,1.03
2023-05-01 16:05:00+00:00,0.0,0.0,0.0,16.99,0.83
2023-05-01 17:05:00+00:00,0.0,0.0,0.0,16.37,0.76
2023-05-01 18:05:00+00:00,0.0,0.0,0.0,15.92,0.62
2023-05-01 19:05:00+00:00,0.0,0.0,0.0,16.5,0.14
2023-05-01 20:05:00+00:00,0.0,0.0,0.0,16.28,0.07
2023-05-01 21:05:00+00:00,0.0,0.0,0.0,15.74,0.48
2023-05-01 22:05:00+00:00,0.0,0.0,0.0,15.51,0.55
2023-05-01 23:05:00+00:00,0.0,0.0,0.0,15.62,0.69
2023-05-02 00:05:00+00:00,0.0,0.0,0.0,15.49,0.69
2023-05-02 01:05:00+00:00,0.0,0.0,0.0,15.49,0.48
2023-05-02 02:05:00+00:00,0.0,0.0,0.0,15.57,0.21
2023-05-02 03:05:00+00:00,0.0,0.0,0.0,15.45,0.14
2023-05-02 04:05:00+00:00,49.78,49.78,0.0,15.44,0.07
2023-05-02 05:05:00+00:00,95.5,202.97,107.47,16.59,0.14
2023-05-02 06:05:00+00:00,260.63,290.37,29.74,18.63,0.69
2023-05-02 07:05:00+00:00,0.0,0.0,0.0,19.66,1.38
2023-05-02 08:05:00+00:00,218.60000000000002,655.23,436.63,21.3,1.45
2023-05-02 09:05:00+00:00,371.34,658.5999999999999,287.26,22.31,1.24
2023-05-02 10:05:00+00:00,446.78999999999996,544.56,97.77,23.14,1.24
2023-05-02 11:05:00+00:00,399.19,535.41,136.22,23.72,1.72
2023-05-02 12:05:00+00:00,93.96000000000001,542.4,448.44,22.57,2.07
2023-05-02 13:05:00+00:00,236.05999999999997,314.45,78.39,20.35,1.31
2023-05-02 14:05:00+00:00,113.2,115.05,1.85,19.62,0.69
2023-05-02 15:05:00+00:00,4.53,4.53,0.0,18.69,1.1
2023-05-02 16:05:00+00:00,0.0,0.0,0.0,17.68,1.38
2023-05-02 17:05:00+00:00,0.0,0.0,0.0,17.38,1.03
2023-05-02 18:05:00+00:00,0.0,0.0,0.0,17.38,0.97
2023-05-02 19:05:00+00:00,0.0,0.0,0.0,17.39,1.1
2023-05-02 20:05:00+00:00,0.0,0.0,0.0,17.32,1.03
2023-05-02 21:05:00+00:00,0.0,0.0,0.0,17.0,1.1
2023-05-02 22:05:00+00:00,0.0,0.0,0.0,16.86,0.76
2023-05-02 23:05:00+00:00,0.0,0.0,0.0,16.64,0.83
2023-05-03 00:05:00+00:00,0.0,0.0,0.0,16.23,0.62
2023-05-03 01:05:00+00:00,0.0,0.0,0.0,16.31,0.69
2023-05-03 02:05:00+00:00,0.0,0.0,0.0,16.21,0.83
2023-05-03 03:05:00+00:00,0.0,0.0,0.0,16.13,0.9
2023-05-03 04:05:00+00:00,31.68,31.68,0.0,16.29,1.24
2023-05-03 05:05:00+00:00,101.22000000000001,101.22000000000001,0.0,16.9,1.31
2023-05-03 06:05:00+00:00,176.87,177.5,0.63,17.6,1.1
2023-05-03 07:05:00+00:00,343.64,375.55,31.91,18.19,1.03
2023-05-03 08:05:00+00:00,374.93,393.19,18.26,19.62,1.17
2023-05-03 09:05:00+00:00,387.47,400.99,13.52,20.29,1.59
2023-05-03 10:05:00+00:00,442.33,577.37,135.04,21.52,2.07
2023-05-03 11:05:00+00:00,287.54,288.94,1.4,21.78,2.28
2023-05-03 12:05:00+00:00,231.46,502.13,270.67,21.86,2.48
2023-05-03 13:05:00+00:00,213.89,332.04999999999995,118.16,22.12,3.03
2023-05-03 14:05:00+00:00,90.58,164.68,74.1,21.6,3.1
2023-05-03 15:05:00+00:00,28.060000000000002,28.060000000000002,0.0,20.66,2.9
2023-05-03 16:05:00+00:00,0.0,0.0,0.0,19.32,2.69
2023-05-03 17:05:00+00:00,0.0,0.0,0.0,18.43,2.28
2023-05-03 18:05:00+00:00,0.0,0.0,0.0,17.89,2.07
2023-05-03 19:05:00+00:00,0.0,0.0,0.0,17.7,2.41
2023-05-03 20:05:00+00:00,0.0,0.0,0.0,17.47,1.72
2023-05-03 21:05:00+00:00,0.0,0.0,0.0,17.17,1.38
2023-05-03 22:05:00+00:00,0.0,0.0,0.0,16.97,1.24
2023-05-03 23:05:00+00:00,0.0,0.0,0.0,16.74,1.03
2023-05-04 00:05:00+00:00,0.0,0.0,0.0,16.56,0.9
2023-05-04 01:05:00+00:00,0.0,0.0,0.0,16.48,0.9
2023-05-04 02:05:00+00:00,0.0,0.0,0.0,16.3,0.76
2023-05-04 03:05:00+00:00,0.0,0.0,0.0,16.19,0.76
2023-05-04 04:05:00+00:00,49.78,49.78,0.0,16.09,0.83
2023-05-04 05:05:00+00:00,103.09,201.3,98.21,17.06,0.97
2023-05-04 06:05:00+00:00,204.26999999999998,374.61,170.34,18.76,0.69
2023-05-04 07:05:00+00:00,351.25,460.67,109.42,19.76,0.62
2023-05-04 08:05:00+00:00,124.85,682.99,558.14,21.2,1.03
2023-05-04 09:05:00+00:00,111.52,750.99,639.47,22.22,1.59
2023-05-04 10:05:00+00:00,132.92,732.53,599.61,23.11,1.79
2023-05-04 11:05:00+00:00,119.26,664.9,545.64,23.81,1.86
2023-05-04 12:05:00+00:00,94.93,539.8,444.87,23.92,2.0
2023-05-04 13:05:00+00:00,95.84,356.37,260.53,23.83,2.41
2023-05-04 14:05:00+00:00,116.94,165.57,48.63,23.29,2.83
2023-05-04 15:05:00+00:00,28.060000000000002,28.060000000000002,0.0,22.25,2.83
2023-05-04 16:05:00+00:00,0.0,0.0,0.0,20.68,2.9
2023-05-04 17:05:00+00:00,0.0,0.0,0.0,19.52,3.03
2023-05-04 18:05:00+00:00,0.0,0.0,0.0,18.5,2.9
2023-05-04 19:05:00+00:00,0.0,0.0,0.0,18.2,2.55
2023-05-04 20:05:00+00:00,0.0,0.0,0.0,17.56,1.72
2023-05-04 21:05:00+00:00,0.0,0.0,0.0,17.1,1.38
2023-05-04 22:05:00+00:00,0.0,0.0,0.0,16.92,1.24
2023-05-04 23:05:00+00:00,0.0,0.0,0.0,16.65,1.31
2023-05-05 00:05:00+00:00,0.0,0.0,0.0,16.55,1.17
2023-05-05 01:05:00+00:00,0.0,0.0,0.0,16.36,1.03
2023-05-05 02:05:00+00:00,0.0,0.0,0.0,16.18,0.97
2023-05-05 03:05:00+00:00,0.0,0.0,0.0,16.11,0.97
2023-05-05 04:05:00+00:00,29.860000000000003,29.860000000000003,0.0,15.95,0.76
2023-05-05 05:05:00+00:00,152.57,161.38,8.81,16.84,0.76
2023-05-05 06:05:00+00:00,244.71,355.63,110.92,18.64,0.97
2023-05-05 07:05:00+00:00,91.99,571.1899999999999,479.2,20.0,1.03
2023-05-05 08:05:00+00:00,114.24,683.97,569.73,21.34,1.31
2023-05-05 09:05:00+00:00,127.56,738.4100000000001,610.85,22.54,1.52
2023-05-05 10:05:00+00:00,122.24,734.29,612.05,23.43,1.93
2023-05-05 11:05:00+00:00,93.47999999999999,673.45,579.97,23.94,2.34
2023-05-05 12:05:00+00:00,117.85,525.09,407.24,24.17,2.55
2023-05-05 13:05:00+00:00,90.28999999999999,355.35,265.06,24.05,2.69
2023-05-05 14:05:00+00:00,70.14,158.57,88.43,23.33,3.1
2023-05-05 15:05:00+00:00,26.25,26.25,0.0,22.09,2.76
2023-05-05 16:05:00+00:00,0.0,0.0,0.0,20.78,2.69
2023-05-05 17:05:00+00:00,0.0,0.0,0.0,19.64,2.62
2023-05-05 18:05:00+00:00,0.0,0.0,0.0,18.74,2.34
2023-05-05 19:05:00+00:00,0.0,0.0,0.0,18.22,2.0
2023-05-05 20:05:00+00:00,0.0,0.0,0.0,17.65,1.72
2023-05-05 21:05:00+00:00,0.0,0.0,0.0,16.98,1.59
2023-05-05 22:05:00+00:00,0.0,0.0,0.0,16.51,1.38
2023-05-05 23:05:00+00:00,0.0,0.0,0.0,16.19,1.24
2023-05-06 00:05:00+00:00,0.0,0.0,0.0,15.96,1.17
2023-05-06 01:05:00+00:00,0.0,0.0,0.0,15.68,1.1
2023-05-06 02:05:00+00:00,0.0,0.0,0.0,15.6,1.1
2023-05-06 03:05:00+00:00,0.0,0.0,0.0,15.49,0.97
2023-05-06 04:05:00+00:00,42.54,42.54,0.0,15.38,0.76
2023-05-06 05:05:00+00:00,139.34,197.78,58.44,16.69,1.03
2023-05-06 06:05:00+00:00,92.69,391.78,299.09,18.45,1.38
2023-05-06 07:05:00+00:00,202.26999999999998,534.64,332.37,20.18,1.93
2023-05-06 08:05:00+00:00,149.53,666.26,516.73,21.41,2.07
2023-05-06 09:05:00+00:00,127.3,733.68,606.38,22.32,2.41
2023-05-06 10:05:00+00:00,255.3,690.76,435.46,22.88,2.41
2023-05-06 11:05:00+00:00,353.0,578.6,225.6,23.08,2.41
2023-05-06 12:05:00+00:00,329.46,439.80999999999995,110.35,23.43,2.55
2023-05-06 13:05:00+00:00,244.65,291.86,47.21,23.33,2.76
2023-05-06 14:05:00+00:00,24.6,24.6,0.0,22.82,3.03
2023-05-06 15:05:00+00:00,28.060000000000002,28.060000000000002,0.0,21.81,2.83
2023-05-06 16:05:00+00:00,0.0,0.0,0.0,20.28,2.83
2023-05-06 17:05:00+00:00,0.0,0.0,0.0,19.03,2.41
2023-05-06 18:05:00+00:00,0.0,0.0,0.0,18.0,2.0
2023-05-06 19:05:00+00:00,0.0,0.0,0.0,17.51,2.07
2023-05-06 20:05:00+00:00,0.0,0.0,0.0,16.87,1.79
2023-05-06 21:05:00+00:00,0.0,0.0,0.0,16.41,1.45
2023-05-06 22:05:00+00:00,0.0,0.0,0.0,16.24,1.17
2023-05-06 23:05:00+00:00,0.0,0.0,0.0,16.04,1.1
2023-05-07 00:05:00+00:00,0.0,0.0,0.0,15.99,1.1
2023-05-07 01:05:00+00:00,0.0,0.0,0.0,16.02,1.1
2023-05-07 02:05:00+00:00,0.0,0.0,0.0,15.92,0.97
2023-05-07 03:05:00+00:00,0.0,0.0,0.0,15.88,1.03
2023-05-07 04:05:00+00:00,35.290000000000006,35.290000000000006,0.0,15.8,1.03
2023-05-07 05:05:00+00:00,72.74,195.2,122.46,16.9,1.24
2023-05-07 06:05:00+00:00,123.84,381.15999999999997,257.32,18.72,1.52
2023-05-07 07:05:00+00:00,247.99,520.1700000000001,272.18,20.1,1.66
2023-05-07 08:05:00+00:00,90.12,688.3100000000001,598.19,21.63,1.86
2023-05-07 09:05:00+00:00,127.01,730.36,603.35,22.26,2.07
2023-05-07 10:05:00+00:00,202.7,701.54,498.84,22.82,2.41
2023-05-07 11:05:00+00:00,103.09,659.51,556.42,23.63,2.48
2023-05-07 12:05:00+00:00,198.86,499.88,301.02,23.83,2.55
2023-05-07 13:05:00+00:00,190.3,331.99,141.69,23.84,2.76
2023-05-07 14:05:00+00:00,131.83,157.96,26.13,23.07,3.03
2023-05-07 15:05:00+00:00,28.060000000000002,28.060000000000002,0.0,22.03,2.83
2023-05-07 16:05:00+00:00,0.0,0.0,0.0,20.88,2.76
2023-05-07 17:05:00+00:00,0.0,0.0,0.0,19.78,2.55
2023-05-07 18:05:00+00:00,0.0,0.0,0.0,18.89,2.34
2023-05-07 19:05:00+00:00,0.0,0.0,0.0,18.19,2.07
2023-05-07 20:05:00+00:00,0.0,0.0,0.0,17.5,1.79
2023-05-07 21:05:00+00:00,0.0,0.0,0.0,17.07,1.52
2023-05-07 22:05:00+00:00,0.0,0.0,0.0,16.64,1.17
2023-05-07 23:05:00+00:00,0.0,0.0,0.0,16.1,1.03
2023-05-08 00:05:00+00:00,0.0,0.0,0.0,15.87,0.83
2023-05-08 01:05:00+00:00,0.0,0.0,0.0,15.58,0.69
2023-05-08 02:05:00+00:00,0.0,0.0,0.0,15.4,0.69
2023-05-08 03:05:00+00:00,0.0,0.0,0.0,15.43,0.76
2023-05-08 04:05:00+00:00,40.72,40.72,0.0,15.45,0.9
2023-05-08 05:05:00+00:00,114.86,194.31,79.45,16.72,1.17
2023-05-08 06:05:00+00:00,259.34,332.78999999999996,73.45,18.44,1.38
2023-05-08 07:05:00+00:00,348.88,451.53,102.65,19.62,1.59
2023-05-08 08:05:00+00:00,410.97999999999996,532.06,121.08,20.48,1.86
2023-05-08 09:05:00+00:00,179.26999999999998,708.43,529.16,21.83,1.79
2023-05-08 10:05:00+00:00,299.73,668.4100000000001,368.68,22.8,1.86
2023-05-08 11:05:00+00:00,253.99,609.6800000000001,355.69,23.35,2.0
2023-05-08 12:05:00+00:00,198.60000000000002,495.41,296.81,23.48,2.21
2023-05-08 13:05:00+00:00,243.32999999999998,282.74,39.41,23.29,2.41
2023-05-08 14:05:00+00:00,131.23,155.20999999999998,23.98,22.84,2.55
2023-05-08 15:05:00+00:00,28.060000000000002,28.060000000000002,0.0,21.91,2.48
2023-05-08 16:05:00+00:00,0.0,0.0,0.0,20.58,2.41
2023-05-08 17:05:00+00:00,0.0,0.0,0.0,19.58,2.48
2023-05-08 18:05:00+00:00,0.0,0.0,0.0,18.93,2.48
2023-05-08 19:05:00+00:00,0.0,0.0,0.0,18.32,2.34
2023-05-08 20:05:00+00:00,0.0,0.0,0.0,17.97,2.21
2023-05-08 21:05:00+00:00,0.0,0.0,0.0,17.6,2.28
2023-05-08 22:05:00+00:00,0.0,0.0,0.0,17.19,1.86
2023-05-08 23:05:00+00:00,0.0,0.0,0.0,16.94,1.45
2023-05-09 00:05:00+00:00,0.0,0.0,0.0,16.67,1.52
2023-05-09 01:05:00+00:00,0.0,0.0,0.0,16.83,1.38
2023-05-09 02:05:00+00:00,0.0,0.0,0.0,16.58,1.24
2023-05-09 03:05:00+00:00,0.0,0.0,0.0,16.44,1.24
2023-05-09 04:05:00+00:00,44.349999999999994,44.349999999999994,0.0,16.41,1.17
2023-05-09 05:05:00+00:00,57.71,57.71,0.0,16.92,1.31
2023-05-09 06:05:00+00:00,101.22000000000001,101.22000000000001,0.0,17.93,1.52
2023-05-09 07:05:00+00:00,330.63,353.7,23.07,19.41,2.0
2023-05-09 08:05:00+00:00,282.83,283.52,0.69,20.36,2.28
2023-05-09 09:05:00+00:00,330.15000000000003,658.4200000000001,328.27,21.49,2.41
2023-05-09 10:05:00+00:00,286.3,666.0799999999999,379.78,22.41,2.62
2023-05-09 11:05:00+00:00,270.79,599.1,328.31,22.83,2.69
2023-05-09 12:05:00+00:00,131.65,502.35,370.7,22.85,2.9
2023-05-09 13:05:00+00:00,164.68,328.09000000000003,163.41,22.34,3.1
2023-05-09 14:05:00+00:00,127.58,134.88,7.3,21.64,3.38
2023-05-09 15:05:00+00:00,4.53,4.53,0.0,20.71,2.83
2023-05-09 16:05:00+00:00,0.0,0.0,0.0,19.62,2.69
2023-05-09 17:05:00+00:00,0.0,0.0,0.0,18.84,2.76
2023-05-09 18:05:00+00:00,0.0,0.0,0.0,18.11,2.9
2023-05-09 19:05:00+00:00,0.0,0.0,0.0,17.8,2.55
2023-05-09 20:05:00+00:00,0.0,0.0,0.0,17.41,2.34
2023-05-09 21:05:00+00:00,0.0,0.0,0.0,17.04,1.72
2023-05-09 22:05:00+00:00,0.0,0.0,0.0,16.61,1.31
2023-05-09 23:05:00+00:00,0.0,0.0,0.0,16.39,1.24
2023-05-10 00:05:00+00:00,0.0,0.0,0.0,16.06,1.1
2023-05-10 01:05:00+00:00,0.0,0.0,0.0,15.99,1.1
2023-05-10 02:05:00+00:00,0.0,0.0,0.0,15.83,1.17
2023-05-10 03:05:00+00:00,0.0,0.0,0.0,15.71,1.24
2023-05-10 04:05:00+00:00,14.48,14.48,0.0,15.72,1.24
2023-05-10 05:05:00+00:00,44.46,44.46,0.0,16.36,1.52
2023-05-10 06:05:00+00:00,260.40999999999997,293.95,33.54,17.75,1.86
2023-05-10 07:05:00+00:00,307.72,319.53000000000003,11.81,18.89,2.28
2023-05-10 08:05:00+00:00,251.73,622.28,370.55,20.2,2.41
2023-05-10 09:05:00+00:00,432.06,479.18,47.12,20.92,2.41
2023-05-10 10:05:00+00:00,402.89000000000004,606.94,204.05,21.32,2.41
2023-05-10 11:05:00+00:00,393.04,519.2,126.16,21.95,2.41
2023-05-10 12:05:00+00:00,333.5,389.79,56.29,22.39,2.41
2023-05-10 13:05:00+00:00,206.54000000000002,212.91000000000003,6.37,22.29,2.62
2023-05-10 14:05:00+00:00,131.13,150.63,19.5,21.93,2.97
2023-05-10 15:05:00+00:00,27.15,27.15,0.0,21.15,2.83
2023-05-10 16:05:00+00:00,0.0,0.0,0.0,19.85,2.55
2023-05-10 17:05:00+00:00,0.0,0.0,0.0,19.11,2.55
2023-05-10 18:05:00+00:00,0.0,0.0,0.0,18.38,2.62
2023-05-10 19:05:00+00:00,0.0,0.0,0.0,18.06,1.59
2023-05-10 20:05:00+00:00,0.0,0.0,0.0,17.73,1.79
2023-05-10 21:05:00+00:00,0.0,0.0,0.0,17.32,1.72
2023-05-10 22:05:00+00:00,0.0,0.0,0.0,16.92,1.31
2023-05-10 23:05:00+00:00,0.0,0.0,0.0,16.61,1.17
2023-05-11 00:05:00+00:00,0.0,0.0,0.0,16.45,1.31
2023-05-11 01:05:00+00:00,0.0,0.0,0.0,16.28,1.17
2023-05-11 02:05:00+00:00,0.0,0.0,0.0,16.11,1.31
2023-05-11 03:05:00+00:00,0.0,0.0,0.0,16.0,1.45
2023-05-11 04:05:00+00:00,12.67,12.67,0.0,15.94,1.59
2023-05-11 05:05:00+00:00,141.9,146.41,4.51,16.56,1.79
2023-05-11 06:05:00+00:00,199.42,201.79999999999998,2.38,18.08,2.07
2023-05-11 07:05:00+00:00,343.52,382.69,39.17,19.28,2.14
2023-05-11 08:05:00+00:00,303.59,305.63,2.04,20.12,2.62
2023-05-11 09:05:00+00:00,387.44,622.85,235.41,20.89,2.9
2023-05-11 10:05:00+00:00,223.35,676.79,453.44,22.06,2.9
2023-05-11 11:05:00+00:00,397.08,451.12,54.04,22.41,2.97
2023-05-11 12:05:00+00:00,302.51,447.34000000000003,144.83,22.39,3.03
2023-05-11 13:05:00+00:00,182.81,320.15999999999997,137.35,22.6,2.9
2023-05-11 14:05:00+00:00,125.15,130.62,5.47,22.15,2.97
2023-05-11 15:05:00+00:00,25.349999999999998,25.349999999999998,0.0,21.36,2.76
2023-05-11 16:05:00+00:00,0.0,0.0,0.0,20.15,2.55
2023-05-11 17:05:00+00:00,0.0,0.0,0.0,19.4,2.69
2023-05-11 18:05:00+00:00,0.0,0.0,0.0,18.68,2.83
2023-05-11 19:05:00+00:00,0.0,0.0,0.0,17.99,2.21
2023-05-11 20:05:00+00:00,0.0,0.0,0.0,17.55,2.0
2023-05-11 21:05:00+00:00,0.0,0.0,0.0,17.19,1.79
2023-05-11 22:05:00+00:00,0.0,0.0,0.0,16.51,1.45
2023-05-11 23:05:00+00:00,0.0,0.0,0.0,16.04,1.24
2023-05-12 00:05:00+00:00,0.0,0.0,0.0,15.71,1.1
2023-05-12 01:05:00+00:00,0.0,0.0,0.0,15.44,1.03
2023-05-12 02:05:00+00:00,0.0,0.0,0.0,15.3,0.97
2023-05-12 03:05:00+00:00,0.0,0.0,0.0,15.12,0.9
2023-05-12 04:05:00+00:00,49.78,49.78,0.0,14.98,0.76
2023-05-12 05:05:00+00:00,65.11,185.32,120.21,16.78,1.1
2023-05-12 06:05:00+00:00,121.36,368.98,247.62,18.77,1.38
2023-05-12 07:05:00+00:00,146.03,528.71,382.68,20.28,1.86
2023-05-12 08:05:00+00:00,198.24,635.61,437.37,21.08,1.93
2023-05-12 09:05:00+00:00,114.58,718.5200000000001,603.94,22.55,2.21
2023-05-12 10:05:00+00:00,251.22,672.79,421.57,23.57,2.21
2023-05-12 11:05:00+00:00,319.61,579.3,259.69,24.53,2.34
2023-05-12 12:05:00+00:00,215.82,482.88,267.06,24.78,2.55
2023-05-12 13:05:00+00:00,150.1,325.76,175.66,24.81,2.76
2023-05-12 14:05:00+00:00,93.03,148.98000000000002,55.95,24.24,2.9
2023-05-12 15:05:00+00:00,11.76,11.76,0.0,23.06,2.62
2023-05-12 16:05:00+00:00,0.0,0.0,0.0,21.37,2.55
2023-05-12 17:05:00+00:00,0.0,0.0,0.0,20.08,2.62
2023-05-12 18:05:00+00:00,0.0,0.0,0.0,19.09,2.76
2023-05-12 19:05:00+00:00,0.0,0.0,0.0,18.07,2.48
2023-05-12 20:05:00+00:00,0.0,0.0,0.0,17.26,2.28
2023-05-12 21:05:00+00:00,0.0,0.0,0.0,16.5,1.72
2023-05-12 22:05:00+00:00,0.0,0.0,0.0,16.1,1.31
2023-05-12 23:05:00+00:00,0.0,0.0,0.0,15.65,1.24
2023-05-13 00:05:00+00:00,0.0,0.0,0.0,15.21,1.1
2023-05-13 01:05:00+00:00,0.0,0.0,0.0,15.1,1.03
2023-05-13 02:05:00+00:00,0.0,0.0,0.0,15.0,1.17
2023-05-13 03:05:00+00:00,0.0,0.0,0.0,14.79,1.24
2023-05-13 04:05:00+00:00,20.82,20.82,0.0,15.04,1.45
2023-05-13 05:05:00+00:00,107.65,185.38,77.73,16.63,1.72
2023-05-13 06:05:00+00:00,260.43,314.44,54.01,18.51,2.0
2023-05-13 07:05:00+00:00,114.69,529.22,414.53,20.18,2.07
2023-05-13 08:05:00+00:00,296.22999999999996,601.0699999999999,304.84,21.26,2.28
2023-05-13 09:05:00+00:00,130.74,700.3100000000001,569.57,21.86,2.41
2023-05-13 10:05:00+00:00,301.08,649.29,348.21,22.92,2.34
2023-05-13 11:05:00+00:00,256.21999999999997,591.26,335.04,23.59,2.41
2023-05-13 12:05:00+00:00,262.47,461.93000000000006,199.46,23.64,2.41
2023-05-13 13:05:00+00:00,223.52,302.77,79.25,23.56,2.55
2023-05-13 14:05:00+00:00,129.28,138.68,9.4,23.22,2.69
2023-05-13 15:05:00+00:00,27.15,27.15,0.0,22.22,2.28
2023-05-13 16:05:00+00:00,0.0,0.0,0.0,20.92,2.14
2023-05-13 17:05:00+00:00,0.0,0.0,0.0,19.95,2.34
2023-05-13 18:05:00+00:00,0.0,0.0,0.0,18.92,2.14
2023-05-13 19:05:00+00:00,0.0,0.0,0.0,18.54,2.07
2023-05-13 20:05:00+00:00,0.0,0.0,0.0,17.92,1.72
2023-05-13 21:05:00+00:00,0.0,0.0,0.0,17.5,1.31
2023-05-13 22:05:00+00:00,0.0,0.0,0.0,17.13,1.17
2023-05-13 23:05:00+00:00,0.0,0.0,0.0,16.69,1.17
2023-05-14 00:05:00+00:00,0.0,0.0,0.0,16.39,1.17
2023-05-14 01:05:00+00:00,0.0,0.0,0.0,15.95,1.17
2023-05-14 02:05:00+00:00,0.0,0.0,0.0,15.65,1.03
2023-05-14 03:05:00+00:00,0.0,0.0,0.0,15.43,1.03
2023-05-14 04:05:00+00:00,17.19,17.19,0.0,15.56,0.97
2023-05-14 05:05:00+00:00,71.89999999999999,71.89999999999999,0.0,16.78,1.31
2023-05-14 06:05:00+00:00,247.81,265.31,17.5,18.66,1.52
2023-05-14 07:05:00+00:00,299.41,479.65000000000003,180.24,20.04,1.93
2023-05-14 08:05:00+00:00,409.97,481.86,71.89,21.05,2.28
2023-05-14 09:05:00+00:00,434.75,563.15,128.4,22.09,2.55
2023-05-14 10:05:00+00:00,392.91,604.23,211.32,22.36,2.62
2023-05-14 11:05:00+00:00,206.66,601.11,394.45,22.4,2.55
2023-05-14 12:05:00+00:00,327.68,412.65,84.97,22.81,2.62
2023-05-14 13:05:00+00:00,122.13,321.03999999999996,198.91,22.81,2.76
2023-05-14 14:05:00+00:00,65.24,137.57,72.33,22.61,2.9
2023-05-14 15:05:00+00:00,25.349999999999998,25.349999999999998,0.0,21.79,2.48
2023-05-14 16:05:00+00:00,0.0,0.0,0.0,20.98,1.72
2023-05-14 17:05:00+00:00,0.0,0.0,0.0,20.08,1.72
2023-05-14 18:05:00+00:00,0.0,0.0,0.0,19.24,1.86
2023-05-14 19:05:00+00:00,0.0,0.0,0.0,18.56,1.45
2023-05-14 20:05:00+00:00,0.0,0.0,0.0,17.97,1.59
2023-05-14 21:05:00+00:00,0.0,0.0,0.0,17.53,1.59
2023-05-14 22:05:00+00:00,0.0,0.0,0.0,16.78,1.31
2023-05-14 23:05:00+00:00,0.0,0.0,0.0,16.21,1.17
2023-05-15 00:05:00+00:00,0.0,0.0,0.0,15.66,1.17
2023-05-15 01:05:00+00:00,0.0,0.0,0.0,15.11,1.1
2023-05-15 02:05:00+00:00,0.0,0.0,0.0,14.81,0.97
2023-05-15 03:05:00+00:00,0.0,0.0,0.0,14.49,0.97
2023-05-15 04:05:00+00:00,14.48,14.48,0.0,14.59,0.76
2023-05-15 05:05:00+00:00,76.63000000000001,76.63000000000001,0.0,16.6,0.9
2023-05-15 06:05:00+00:00,203.13,206.03,2.9,18.69,0.9
2023-05-15 07:05:00+00:00,345.46999999999997,390.96999999999997,45.5,20.27,1.38
2023-05-15 08:05:00+00:00,407.07,507.47,100.4,21.52,1.52
2023-05-15 09:05:00+00:00,422.69,462.17,39.48,22.85,1.66
2023-05-15 10:05:00+00:00,337.16,629.9300000000001,292.77,23.7,1.66
2023-05-15 11:05:00+00:00,378.41,526.0,147.59,23.89,1.72
2023-05-15 12:05:00+00:00,264.94,456.78999999999996,191.85,24.02,1.86
2023-05-15 13:05:00+00:00,96.38,320.07,223.69,23.93,1.93
2023-05-15 14:05:00+00:00,70.56,136.85000000000002,66.29,23.7,2.14
2023-05-15 15:05:00+00:00,24.43,24.43,0.0,21.97,1.79
2023-05-15 16:05:00+00:00,0.0,0.0,0.0,20.04,1.03
2023-05-15 17:05:00+00:00,0.0,0.0,0.0,18.74,1.03
2023-05-15 18:05:00+00:00,0.0,0.0,0.0,18.29,0.9
2023-05-15 19:05:00+00:00,0.0,0.0,0.0,19.15,1.24
2023-05-15 20:05:00+00:00,0.0,0.0,0.0,18.65,2.0
2023-05-15 21:05:00+00:00,0.0,0.0,0.0,18.09,2.34
2023-05-15 22:05:00+00:00,0.0,0.0,0.0,17.24,1.93
2023-05-15 23:05:00+00:00,0.0,0.0,0.0,16.41,1.59
2023-05-16 00:05:00+00:00,0.0,0.0,0.0,15.86,1.45
2023-05-16 01:05:00+00:00,0.0,0.0,0.0,15.28,1.31
2023-05-16 02:05:00+00:00,0.0,0.0,0.0,15.05,1.17
2023-05-16 03:05:00+00:00,0.0,0.0,0.0,14.54,1.1
2023-05-16 04:05:00+00:00,24.43,24.43,0.0,14.44,0.97
2023-05-16 05:05:00+00:00,91.75999999999999,91.75999999999999,0.0,16.86,1.38
2023-05-16 06:05:00+00:00,256.46000000000004,286.40000000000003,29.94,18.88,1.52
2023-05-16 07:05:00+00:00,269.39,273.21999999999997,3.83,20.33,2.07
2023-05-16 08:05:00+00:00,382.59000000000003,543.3000000000001,160.71,21.87,2.14
2023-05-16 09:05:00+00:00,220.21,665.16,444.95,22.89,2.07
2023-05-16 10:05:00+00:00,409.45,579.36,169.91,23.41,2.0
2023-05-16 11:05:00+00:00,336.26,550.85,214.59,23.8,2.07
2023-05-16 12:05:00+00:00,251.44,254.57999999999998,3.14,24.07,2.62
2023-05-16 13:05:00+00:00,230.86,251.35000000000002,20.49,24.01,2.83
2023-05-16 14:05:00+00:00,65.27,65.27,0.0,23.48,2.97
2023-05-16 15:05:00+00:00,8.139999999999999,8.139999999999999,0.0,22.34,2.83
2023-05-16 16:05:00+00:00,0.0,0.0,0.0,21.25,1.93
2023-05-16 17:05:00+00:00,0.0,0.0,0.0,20.71,1.66
2023-05-16 18:05:00+00:00,0.0,0.0,0.0,20.16,1.66
2023-05-16 19:05:00+00:00,0.0,0.0,0.0,19.11,1.52
2023-05-16 20:05:00+00:00,0.0,0.0,0.0,18.58,2.14
2023-05-16 21:05:00+00:00,0.0,0.0,0.0,17.91,2.28
2023-05-16 22:05:00+00:00,0.0,0.0,0.0,17.08,1.93
2023-05-16 23:05:00+00:00,0.0,0.0,0.0,16.34,1.52
2023-05-17 00:05:00+00:00,0.0,0.0,0.0,15.96,1.38
2023-05-17 01:05:00+00:00,0.0,0.0,0.0,15.8,1.31
2023-05-17 02:05:00+00:00,0.0,0.0,0.0,15.75,1.17
2023-05-17 03:05:00+00:00,0.0,0.0,0.0,15.79,1.1
2023-05-17 04:05:00+00:00,8.139999999999999,8.139999999999999,0.0,15.82,1.17
2023-05-17 05:05:00+00:00,70.94,70.94,0.0,16.86,1.38
2023-05-17 06:05:00+00:00,138.12,138.12,0.0,18.28,1.45
2023-05-17 07:05:00+00:00,136.22,136.22,0.0,19.57,2.07
2023-05-17 08:05:00+00:00,370.6,391.20000000000005,20.6,20.15,2.28
2023-05-17 09:05:00+00:00,325.31,328.01,2.7,20.64,2.41
2023-05-17 10:05:00+00:00,389.7,409.26,19.56,21.88,2.55
2023-05-17 11:05:00+00:00,380.84,512.81,131.97,22.5,2.69
2023-05-17 12:05:00+00:00,287.12,440.90999999999997,153.79,22.62,2.83
2023-05-17 13:05:00+00:00,219.77,231.87,12.1,22.4,3.17
2023-05-17 14:05:00+00:00,112.72,115.16,2.44,22.37,3.24
2023-05-17 15:05:00+00:00,22.619999999999997,22.619999999999997,0.0,21.78,2.76
2023-05-17 16:05:00+00:00,0.0,0.0,0.0,20.62,2.41
2023-05-17 17:05:00+00:00,0.0,0.0,0.0,19.92,2.62
2023-05-17 18:05:00+00:00,0.0,0.0,0.0,19.33,2.83
2023-05-17 19:05:00+00:00,0.0,0.0,0.0,18.74,2.41
2023-05-17 20:05:00+00:00,0.0,0.0,0.0,18.02,2.34
2023-05-17 21:05:00+00:00,0.0,0.0,0.0,17.04,1.66
2023-05-17 22:05:00+00:00,0.0,0.0,0.0,16.6,1.17
2023-05-17 23:05:00+00:00,0.0,0.0,0.0,16.35,1.03
2023-05-18 00:05:00+00:00,0.0,0.0,0.0,16.05,1.03
2023-05-18 01:05:00+00:00,0.0,0.0,0.0,15.96,1.03
2023-05-18 02:05:00+00:00,0.0,0.0,0.0,15.74,1.03
2023-05-18 03:05:00+00:00,0.0,0.0,0.0,15.4,0.97
2023-05-18 04:05:00+00:00,47.07,47.07,0.0,15.42,0.9
2023-05-18 05:05:00+00:00,151.81,163.29,11.48,17.11,1.17
2023-05-18 06:05:00+00:00,235.23999999999998,246.04,10.8,19.05,1.17
2023-05-18 07:05:00+00:00,341.90999999999997,424.73999999999995,82.83,20.83,1.79
2023-05-18 08:05:00+00:00,270.09,592.49,322.4,22.05,1.66
2023-05-18 09:05:00+00:00,129.60999999999999,680.75,551.14,23.22,1.79
2023-05-18 10:05:00+00:00,426.13,482.61,56.48,24.0,2.0
2023-05-18 11:05:00+00:00,210.23,585.61,375.38,24.16,2.28
2023-05-18 12:05:00+00:00,224.22,459.46000000000004,235.24,24.57,2.55
2023-05-18 13:05:00+00:00,220.92000000000002,295.75,74.83,24.12,2.97
2023-05-18 14:05:00+00:00,49.190000000000005,49.190000000000005,0.0,23.19,2.69
2023-05-18 15:05:00+00:00,25.349999999999998,25.349999999999998,0.0,22.48,2.14
2023-05-18 16:05:00+00:00,0.0,0.0,0.0,21.25,1.79
2023-05-18 17:05:00+00:00,0.0,0.0,0.0,20.29,1.93
2023-05-18 18:05:00+00:00,0.0,0.0,0.0,19.64,2.48
2023-05-18 19:05:00+00:00,0.0,0.0,0.0,18.68,1.79
2023-05-18 20:05:00+00:00,0.0,0.0,0.0,18.09,2.0
2023-05-18 21:05:00+00:00,0.0,0.0,0.0,17.5,1.86
2023-05-18 22:05:00+00:00,0.0,0.0,0.0,17.04,1.52
2023-05-18 23:05:00+00:00,0.0,0.0,0.0,16.6,1.24
2023-05-19 00:05:00+00:00,0.0,0.0,0.0,16.12,1.24
2023-05-19 01:05:00+00:00,0.0,0.0,0.0,15.59,1.17
2023-05-19 02:05:00+00:00,0.0,0.0,0.0,15.18,1.17
2023-05-19 03:05:00+00:00,0.0,0.0,0.0,14.85,1.24
2023-05-19 04:05:00+00:00,9.96,9.96,0.0,14.77,1.17
2023-05-19 05:05:00+00:00,65.27,65.27,0.0,16.6,1.59
2023-05-19 06:05:00+00:00,154.09,347.3,193.21,18.38,1.86
2023-05-19 07:05:00+00:00,343.65999999999997,394.65999999999997,51.0,19.96,1.93
2023-05-19 08:05:00+00:00,405.82,500.81,94.99,21.17,2.14
2023-05-19 09:05:00+00:00,342.75,626.8299999999999,284.08,22.0,2.28
2023-05-19 10:05:00+00:00,387.98,594.4,206.42,23.32,2.34
2023-05-19 11:05:00+00:00,252.47,577.37,324.9,23.91,2.41
2023-05-19 12:05:00+00:00,265.92,449.31,183.39,24.41,2.48
2023-05-19 13:05:00+00:00,167.8,308.32000000000005,140.52,24.44,2.55
2023-05-19 14:05:00+00:00,128.71,139.83,11.12,24.17,2.62
2023-05-19 15:05:00+00:00,6.33,6.33,0.0,23.12,2.34
2023-05-19 16:05:00+00:00,0.0,0.0,0.0,21.65,2.34
2023-05-19 17:05:00+00:00,0.0,0.0,0.0,20.59,2.41
2023-05-19 18:05:00+00:00,0.0,0.0,0.0,19.89,2.28
2023-05-19 19:05:00+00:00,0.0,0.0,0.0,19.22,2.28
2023-05-19 20:05:00+00:00,0.0,0.0,0.0,18.52,2.28
2023-05-19 21:05:00+00:00,0.0,0.0,0.0,17.78,2.07
2023-05-19 22:05:00+00:00,0.0,0.0,0.0,16.9,1.72
2023-05-19 23:05:00+00:00,0.0,0.0,0.0,15.89,1.38
2023-05-20 00:05:00+00:00,0.0,0.0,0.0,15.13,1.24
2023-05-20 01:05:00+00:00,0.0,0.0,0.0,14.49,1.17
2023-05-20 02:05:00+00:00,0.0,0.0,0.0,13.87,1.1
2023-05-20 03:05:00+00:00,0.0,0.0,0.0,13.48,1.03
2023-05-20 04:05:00+00:00,47.07,47.07,0.0,13.41,0.76
2023-05-20 05:05:00+00:00,72.92,168.23000000000002,95.31,16.45,0.55
2023-05-20 06:05:00+00:00,100.99,350.29,249.3,19.01,0.69
2023-05-20 07:05:00+00:00,117.94999999999999,509.78999999999996,391.84,20.7,0.9
2023-05-20 08:05:00+00:00,85.83999999999999,643.3100000000001,557.47,22.47,1.1
2023-05-20 09:05:00+00:00,86.44,702.3299999999999,615.89,23.9,1.17
2023-05-20 10:05:00+00:00,116.03,680.55,564.52,25.07,1.31
2023-05-20 11:05:00+00:00,139.98,600.15,460.17,25.44,1.31
2023-05-20 12:05:00+00:00,111.25,478.89,367.64,25.78,1.38
2023-05-20 13:05:00+00:00,91.44999999999999,312.42999999999995,220.98,25.43,1.52
2023-05-20 14:05:00+00:00,86.4,136.05,49.65,25.2,1.72
2023-05-20 15:05:00+00:00,26.25,26.25,0.0,24.22,1.59
2023-05-20 16:05:00+00:00,0.0,0.0,0.0,22.56,2.0
2023-05-20 17:05:00+00:00,0.0,0.0,0.0,21.14,2.14
2023-05-20 18:05:00+00:00,0.0,0.0,0.0,19.98,1.72
2023-05-20 19:05:00+00:00,0.0,0.0,0.0,19.37,1.66
2023-05-20 20:05:00+00:00,0.0,0.0,0.0,18.45,1.66
2023-05-20 21:05:00+00:00,0.0,0.0,0.0,17.67,1.66
2023-05-20 22:05:00+00:00,0.0,0.0,0.0,16.95,1.59
2023-05-20 23:05:00+00:00,0.0,0.0,0.0,16.2,1.66
2023-05-21 00:05:00+00:00,0.0,0.0,0.0,15.67,1.59
2023-05-21 01:05:00+00:00,0.0,0.0,0.0,15.06,1.45
2023-05-21 02:05:00+00:00,0.0,0.0,0.0,14.46,1.38
2023-05-21 03:05:00+00:00,0.0,0.0,0.0,13.94,1.31
2023-05-21 04:05:00+00:00,41.64,41.64,0.0,13.73,1.1
2023-05-21 05:05:00+00:00,69.94000000000001,166.3,96.36,16.82,0.97
2023-05-21 06:05:00+00:00,97.33,348.46,251.13,19.15,1.1
2023-05-21 07:05:00+00:00,113.44,508.64,395.2,21.04,1.31
2023-05-21 08:05:00+00:00,164.44,614.53,450.09,22.7,1.79
2023-05-21 09:05:00+00:00,147.47,674.69,527.22,23.68,1.93
2023-05-21 10:05:00+00:00,163.78,664.6,500.82,24.62,2.14
2023-05-21 11:05:00+00:00,208.04,585.3199999999999,377.28,24.89,2.34
2023-05-21 12:05:00+00:00,158.92000000000002,469.1,310.18,25.38,2.48
2023-05-21 13:05:00+00:00,236.65,270.92,34.27,25.12,2.69
2023-05-21 14:05:00+00:00,68.96000000000001,128.51,59.55,24.53,2.9
2023-05-21 15:05:00+00:00,24.43,24.43,0.0,23.53,2.69
2023-05-21 16:05:00+00:00,0.0,0.0,0.0,21.97,2.76
2023-05-21 17:05:00+00:00,0.0,0.0,0.0,20.82,2.76
2023-05-21 18:05:00+00:00,0.0,0.0,0.0,19.78,2.69
2023-05-21 19:05:00+00:00,0.0,0.0,0.0,19.23,2.97
2023-05-21 20:05:00+00:00,0.0,0.0,0.0,18.22,2.34
2023-05-21 21:05:00+00:00,0.0,0.0,0.0,17.42,1.45
2023-05-21 22:05:00+00:00,0.0,0.0,0.0,16.94,1.24
2023-05-21 23:05:00+00:00,0.0,0.0,0.0,16.56,1.17
2023-05-22 00:05:00+00:00,0.0,0.0,0.0,16.3,0.97
2023-05-22 01:05:00+00:00,0.0,0.0,0.0,16.3,0.97
2023-05-22 02:05:00+00:00,0.0,0.0,0.0,16.14,1.03
2023-05-22 03:05:00+00:00,0.0,0.0,0.0,16.17,1.1
2023-05-22 04:05:00+00:00,21.72,21.72,0.0,16.12,1.03
2023-05-22 05:05:00+00:00,127.19999999999999,129.14,1.94,17.04,0.9
2023-05-22 06:05:00+00:00,216.58,333.63,117.05,18.56,1.1
2023-05-22 07:05:00+00:00,272.58,472.16999999999996,199.59,19.84,1.31
2023-05-22 08:05:00+00:00,99.5,627.1,527.6,21.51,1.45
2023-05-22 09:05:00+00:00,86.2,690.98,604.78,22.97,1.59
2023-05-22 10:05:00+00:00,146.45000000000002,659.6800000000001,513.23,24.03,1.66
2023-05-22 11:05:00+00:00,195.28,581.66,386.38,24.66,1.79
2023-05-22 12:05:00+00:00,107.58,472.13,364.55,25.03,2.07
2023-05-22 13:05:00+00:00,91.22999999999999,306.22,214.99,24.92,2.28
2023-05-22 14:05:00+00:00,108.05,141.01,32.96,24.38,2.55
2023-05-22 15:05:00+00:00,27.15,27.15,0.0,23.45,2.48
2023-05-22 16:05:00+00:00,0.0,0.0,0.0,21.97,2.76
2023-05-22 17:05:00+00:00,0.0,0.0,0.0,20.54,2.83
2023-05-22 18:05:00+00:00,0.0,0.0,0.0,19.65,2.55
2023-05-22 19:05:00+00:00,0.0,0.0,0.0,19.3,2.55
2023-05-22 20:05:00+00:00,0.0,0.0,0.0,18.54,2.28
2023-05-22 21:05:00+00:00,0.0,0.0,0.0,17.92,1.86
2023-05-22 22:05:00+00:00,0.0,0.0,0.0,17.41,1.66
2023-05-22 23:05:00+00:00,0.0,0.0,0.0,17.04,1.45
2023-05-23 00:05:00+00:00,0.0,0.0,0.0,16.7,1.38
2023-05-23 01:05:00+00:00,0.0,0.0,0.0,16.48,1.24
2023-05-23 02:05:00+00:00,0.0,0.0,0.0,16.42,1.24
2023-05-23 03:05:00+00:00,0.0,0.0,0.0,16.2,1.24
2023-05-23 04:05:00+00:00,47.07,47.07,0.0,15.98,1.03
2023-05-23 05:05:00+00:00,138.25,174.98,36.73,17.43,1.45
2023-05-23 06:05:00+00:00,229.73,326.24,96.51,19.32,1.86
2023-05-23 07:05:00+00:00,267.61,469.5,201.89,20.57,2.21
2023-05-23 08:05:00+00:00,283.05,577.88,294.83,21.94,2.14
2023-05-23 09:05:00+00:00,258.65999999999997,639.42,380.76,23.1,2.07
2023-05-23 10:05:00+00:00,286.99,624.59,337.6,23.99,2.21
2023-05-23 11:05:00+00:00,379.16999999999996,503.87999999999994,124.71,24.32,2.41
2023-05-23 12:05:00+00:00,210.96,210.96,0.0,24.39,2.69
2023-05-23 13:05:00+00:00,163.22,301.27,138.05,24.0,3.1
2023-05-23 14:05:00+00:00,126.47999999999999,142.85,16.37,22.79,3.24
2023-05-23 15:05:00+00:00,26.25,26.25,0.0,21.52,2.83
2023-05-23 16:05:00+00:00,0.0,0.0,0.0,20.48,2.41
2023-05-23 17:05:00+00:00,0.0,0.0,0.0,19.67,2.76
2023-05-23 18:05:00+00:00,0.0,0.0,0.0,18.92,2.97
2023-05-23 19:05:00+00:00,0.0,0.0,0.0,18.2,2.28
2023-05-23 20:05:00+00:00,0.0,0.0,0.0,17.83,1.72
2023-05-23 21:05:00+00:00,0.0,0.0,0.0,17.43,1.24
2023-05-23 22:05:00+00:00,0.0,0.0,0.0,17.2,1.17
2023-05-23 23:05:00+00:00,0.0,0.0,0.0,16.99,1.03
2023-05-24 00:05:00+00:00,0.0,0.0,0.0,16.9,1.17
2023-05-24 01:05:00+00:00,0.0,0.0,0.0,16.6,1.17
2023-05-24 02:05:00+00:00,0.0,0.0,0.0,16.42,1.17
2023-05-24 03:05:00+00:00,0.0,0.0,0.0,16.33,1.17
2023-05-24 04:05:00+00:00,23.53,23.53,0.0,16.2,1.1
2023-05-24 05:05:00+00:00,83.25,83.25,0.0,17.01,1.45
2023-05-24 06:05:00+00:00,224.18,231.86,7.68,18.03,1.72
2023-05-24 07:05:00+00:00,325.96,351.25,25.29,19.97,2.0
2023-05-24 08:05:00+00:00,265.53,580.8299999999999,315.3,21.28,2.14
2023-05-24 09:05:00+00:00,131.65,664.09,532.44,22.55,2.41
2023-05-24 10:05:00+00:00,262.06,630.37,368.31,23.42,2.62
2023-05-24 11:05:00+00:00,255.02,564.84,309.82,24.34,2.76
2023-05-24 12:05:00+00:00,241.10999999999999,446.2,205.09,24.79,2.83
2023-05-24 13:05:00+00:00,199.82,205.07999999999998,5.26,24.88,3.1
2023-05-24 14:05:00+00:00,23.639999999999997,23.639999999999997,0.0,24.17,3.24
2023-05-24 15:05:00+00:00,22.619999999999997,22.619999999999997,0.0,22.98,2.97
2023-05-24 16:05:00+00:00,0.0,0.0,0.0,21.39,3.31
2023-05-24 17:05:00+00:00,0.0,0.0,0.0,20.06,3.1
2023-05-24 18:05:00+00:00,0.0,0.0,0.0,19.1,2.41
2023-05-24 19:05:00+00:00,0.0,0.0,0.0,18.17,2.48
2023-05-24 20:05:00+00:00,0.0,0.0,0.0,17.53,2.28
2023-05-24 21:05:00+00:00,0.0,0.0,0.0,16.92,2.14
2023-05-24 22:05:00+00:00,0.0,0.0,0.0,16.46,1.86
2023-05-24 23:05:00+00:00,0.0,0.0,0.0,16.11,1.45
2023-05-25 00:05:00+00:00,0.0,0.0,0.0,15.83,1.31
2023-05-25 01:05:00+00:00,0.0,0.0,0.0,15.72,1.31
2023-05-25 02:05:00+00:00,0.0,0.0,0.0,15.76,1.17
2023-05-25 03:05:00+00:00,0.0,0.0,0.0,15.62,1.1
2023-05-25 04:05:00+00:00,45.25,45.25,0.0,15.41,1.1
2023-05-25 05:05:00+00:00,69.42,157.65,88.23,16.68,1.38
2023-05-25 06:05:00+00:00,123.45,336.05,212.6,18.47,1.52
2023-05-25 07:05:00+00:00,140.12,490.99,350.87,20.36,2.28
2023-05-25 08:05:00+00:00,177.72,598.75,421.03,22.03,2.55
2023-05-25 09:05:00+00:00,146.69,661.1400000000001,514.45,23.34,2.76
2023-05-25 10:05:00+00:00,162.12,651.15,489.03,24.25,2.83
2023-05-25 11:05:00+00:00,369.69,515.45,145.76,24.69,2.83
2023-05-25 12:05:00+00:00,306.03999999999996,419.67999999999995,113.64,25.11,2.97
2023-05-25 13:05:00+00:00,101.77,300.43,198.66,24.93,3.17
2023-05-25 14:05:00+00:00,41.620000000000005,41.620000000000005,0.0,24.37,3.45
2023-05-25 15:05:00+00:00,5.43,5.43,0.0,23.24,3.17
2023-05-25 16:05:00+00:00,0.0,0.0,0.0,21.4,2.97
2023-05-25 17:05:00+00:00,0.0,0.0,0.0,20.1,2.76
2023-05-25 18:05:00+00:00,0.0,0.0,0.0,19.22,2.55
2023-05-25 19:05:00+00:00,0.0,0.0,0.0,18.92,2.62
2023-05-25 20:05:00+00:00,0.0,0.0,0.0,18.19,2.76
2023-05-25 21:05:00+00:00,0.0,0.0,0.0,17.42,2.69
2023-05-25 22:05:00+00:00,0.0,0.0,0.0,16.6,2.21
2023-05-25 23:05:00+00:00,0.0,0.0,0.0,15.8,1.79
2023-05-26 00:05:00+00:00,0.0,0.0,0.0,15.29,1.45
2023-05-26 01:05:00+00:00,0.0,0.0,0.0,14.9,1.38
2023-05-26 02:05:00+00:00,0.0,0.0,0.0,14.69,1.24
2023-05-26 03:05:00+00:00,0.0,0.0,0.0,14.66,1.38
2023-05-26 04:05:00+00:00,18.099999999999998,18.099999999999998,0.0,14.75,1.24
2023-05-26 05:05:00+00:00,57.71,57.71,0.0,15.81,1.52
2023-05-26 06:05:00+00:00,213.9,327.73,113.83,17.38,1.93
2023-05-26 07:05:00+00:00,334.05,425.88,91.83,19.41,2.9
2023-05-26 08:05:00+00:00,270.59,577.51,306.92,20.81,3.24
2023-05-26 09:05:00+00:00,282.15,630.0899999999999,347.94,21.79,3.24
2023-05-26 10:05:00+00:00,395.85,418.82000000000005,22.97,22.64,3.17
2023-05-26 11:05:00+00:00,385.27,429.44,44.17,22.89,3.17
2023-05-26 12:05:00+00:00,84.19,84.19,0.0,23.0,3.31
2023-05-26 13:05:00+00:00,183.25,185.33,2.08,22.56,3.38
2023-05-26 14:05:00+00:00,127.08,133.99,6.91,22.19,3.52
2023-05-26 15:05:00+00:00,15.39,15.39,0.0,21.23,3.38
2023-05-26 16:05:00+00:00,0.0,0.0,0.0,19.71,2.83
2023-05-26 17:05:00+00:00,0.0,0.0,0.0,18.65,2.69
2023-05-26 18:05:00+00:00,0.0,0.0,0.0,17.95,2.55
2023-05-26 19:05:00+00:00,0.0,0.0,0.0,17.65,2.48
2023-05-26 20:05:00+00:00,0.0,0.0,0.0,17.16,2.48
2023-05-26 21:05:00+00:00,0.0,0.0,0.0,16.63,2.55
2023-05-26 22:05:00+00:00,0.0,0.0,0.0,16.01,2.34
2023-05-26 23:05:00+00:00,0.0,0.0,0.0,15.49,2.07
2023-05-27 00:05:00+00:00,0.0,0.0,0.0,14.99,1.79
2023-05-27 01:05:00+00:00,0.0,0.0,0.0,14.57,1.52
2023-05-27 02:05:00+00:00,0.0,0.0,0.0,14.29,1.31
2023-05-27 03:05:00+00:00,0.0,0.0,0.0,14.09,1.31
2023-05-27 04:05:00+00:00,11.76,11.76,0.0,14.07,1.38
2023-05-27 05:05:00+00:00,40.68,40.68,0.0,15.13,1.79
2023-05-27 06:05:00+00:00,207.65,211.42000000000002,3.77,16.97,2.14
2023-05-27 07:05:00+00:00,225.1,225.71,0.61,18.71,3.38
2023-05-27 08:05:00+00:00,399.15000000000003,458.94000000000005,59.79,20.33,3.52
2023-05-27 09:05:00+00:00,177.68,648.01,470.33,21.55,3.52
2023-05-27 10:05:00+00:00,311.14,313.09999999999997,1.96,22.55,3.52
2023-05-27 11:05:00+00:00,110.67999999999999,110.67999999999999,0.0,22.85,3.45
2023-05-27 12:05:00+00:00,97.44,97.44,0.0,22.55,3.52
2023-05-27 13:05:00+00:00,127.71000000000001,127.71000000000001,0.0,22.55,3.59
2023-05-27 14:05:00+00:00,93.55,93.85,0.3,22.04,3.66
2023-05-27 15:05:00+00:00,20.82,20.82,0.0,20.81,3.45
2023-05-27 16:05:00+00:00,0.0,0.0,0.0,19.28,3.1
2023-05-27 17:05:00+00:00,0.0,0.0,0.0,18.31,3.24
2023-05-27 18:05:00+00:00,0.0,0.0,0.0,17.53,3.17
2023-05-27 19:05:00+00:00,0.0,0.0,0.0,16.68,3.31
2023-05-27 20:05:00+00:00,0.0,0.0,0.0,16.46,2.76
2023-05-27 21:05:00+00:00,0.0,0.0,0.0,16.17,2.55
2023-05-27 22:05:00+00:00,0.0,0.0,0.0,15.95,1.86
2023-05-27 23:05:00+00:00,0.0,0.0,0.0,15.57,1.59
2023-05-28 00:05:00+00:00,0.0,0.0,0.0,15.19,1.38
2023-05-28 01:05:00+00:00,0.0,0.0,0.0,14.9,1.24
2023-05-28 02:05:00+00:00,0.0,0.0,0.0,14.58,1.24
2023-05-28 03:05:00+00:00,0.0,0.0,0.0,14.31,1.24
2023-05-28 04:05:00+00:00,28.060000000000002,28.060000000000002,0.0,14.2,1.38
2023-05-28 05:05:00+00:00,109.63999999999999,109.99999999999999,0.36,15.39,1.52
2023-05-28 06:05:00+00:00,193.29,325.19,131.9,16.97,2.21
2023-05-28 07:05:00+00:00,284.98,454.54,169.56,19.29,3.38
2023-05-28 08:05:00+00:00,155.3,591.84,436.54,20.91,3.72
2023-05-28 09:05:00+00:00,291.54999999999995,619.3399999999999,327.79,22.35,4.07
2023-05-28 10:05:00+00:00,129.95000000000002,646.4300000000001,516.48,23.35,4.14
2023-05-28 11:05:00+00:00,318.63,538.23,219.6,23.4,4.14
2023-05-28 12:05:00+00:00,261.37,435.39,174.02,23.49,4.07
2023-05-28 13:05:00+00:00,217.49,287.97,70.48,22.97,3.93
2023-05-28 14:05:00+00:00,63.47,118.38,54.91,22.15,3.72
2023-05-28 15:05:00+00:00,21.72,21.72,0.0,21.17,3.38
2023-05-28 16:05:00+00:00,0.0,0.0,0.0,19.81,2.69
2023-05-28 17:05:00+00:00,0.0,0.0,0.0,18.78,2.34
2023-05-28 18:05:00+00:00,0.0,0.0,0.0,18.01,2.41
2023-05-28 19:05:00+00:00,0.0,0.0,0.0,17.18,2.28
2023-05-28 20:05:00+00:00,0.0,0.0,0.0,16.69,1.93
2023-05-28 21:05:00+00:00,0.0,0.0,0.0,16.33,1.52
2023-05-28 22:05:00+00:00,0.0,0.0,0.0,16.2,1.38
2023-05-28 23:05:00+00:00,0.0,0.0,0.0,16.03,1.31
2023-05-29 00:05:00+00:00,0.0,0.0,0.0,15.69,1.45
2023-05-29 01:05:00+00:00,0.0,0.0,0.0,15.35,1.38
2023-05-29 02:05:00+00:00,0.0,0.0,0.0,15.19,1.45
2023-05-29 03:05:00+00:00,0.0,0.0,0.0,15.12,1.31
2023-05-29 04:05:00+00:00,16.29,16.29,0.0,15.09,1.24
2023-05-29 05:05:00+00:00,83.25,83.25,0.0,15.38,1.93
2023-05-29 06:05:00+00:00,105.00999999999999,105.00999999999999,0.0,16.9,2.41
2023-05-29 07:05:00+00:00,229.84,230.45000000000002,0.61,18.03,3.17
2023-05-29 08:05:00+00:00,372.74,397.67,24.93,19.4,3.86
2023-05-29 09:05:00+00:00,302.65,303.96,1.31,20.53,3.93
2023-05-29 10:05:00+00:00,116.36,116.36,0.0,21.42,3.66
2023-05-29 11:05:00+00:00,133.38,133.38,0.0,22.11,3.38
2023-05-29 12:05:00+00:00,162.70000000000002,162.70000000000002,0.0,22.34,3.52
2023-05-29 13:05:00+00:00,140.0,140.0,0.0,22.04,3.52
2023-05-29 14:05:00+00:00,40.68,40.68,0.0,21.59,3.52
2023-05-29 15:05:00+00:00,25.349999999999998,25.349999999999998,0.0,20.68,3.17
2023-05-29 16:05:00+00:00,0.0,0.0,0.0,19.58,3.1
2023-05-29 17:05:00+00:00,0.0,0.0,0.0,18.64,2.97
2023-05-29 18:05:00+00:00,0.0,0.0,0.0,17.91,3.17
2023-05-29 19:05:00+00:00,0.0,0.0,0.0,16.58,1.59
2023-05-29 20:05:00+00:00,0.0,0.0,0.0,16.07,1.72
2023-05-29 21:05:00+00:00,0.0,0.0,0.0,15.72,1.38
2023-05-29 22:05:00+00:00,0.0,0.0,0.0,15.37,1.17
2023-05-29 23:05:00+00:00,0.0,0.0,0.0,15.22,1.03
2023-05-30 00:05:00+00:00,0.0,0.0,0.0,14.96,1.1
2023-05-30 01:05:00+00:00,0.0,0.0,0.0,14.77,1.1
2023-05-30 02:05:00+00:00,0.0,0.0,0.0,14.57,1.1
2023-05-30 03:05:00+00:00,0.0,0.0,0.0,14.33,1.03
2023-05-30 04:05:00+00:00,15.39,15.39,0.0,14.36,1.03
2023-05-30 05:05:00+00:00,139.13,144.0,4.87,15.01,1.17
2023-05-30 06:05:00+00:00,186.18,187.77,1.59,16.94,1.59
2023-05-30 07:05:00+00:00,211.9,211.9,0.0,18.7,2.55
2023-05-30 08:05:00+00:00,242.17000000000002,242.17000000000002,0.0,20.04,2.9
2023-05-30 09:05:00+00:00,392.96,415.75,22.79,20.96,3.03
2023-05-30 10:05:00+00:00,135.28,135.28,0.0,21.47,3.1
2023-05-30 11:05:00+00:00,366.81,393.4,26.59,21.82,3.03
2023-05-30 12:05:00+00:00,176.89999999999998,176.89999999999998,0.0,22.07,3.1
2023-05-30 13:05:00+00:00,144.73000000000002,144.73000000000002,0.0,22.0,3.17
2023-05-30 14:05:00+00:00,94.85000000000001,130.42000000000002,35.57,21.51,3.03
2023-05-30 15:05:00+00:00,26.25,26.25,0.0,20.82,2.76
2023-05-30 16:05:00+00:00,0.0,0.0,0.0,19.73,2.62
2023-05-30 17:05:00+00:00,0.0,0.0,0.0,18.71,2.62
2023-05-30 18:05:00+00:00,0.0,0.0,0.0,18.05,2.14
2023-05-30 19:05:00+00:00,0.0,0.0,0.0,17.29,1.79
2023-05-30 20:05:00+00:00,0.0,0.0,0.0,16.78,1.31
2023-05-30 21:05:00+00:00,0.0,0.0,0.0,16.29,1.1
2023-05-30 22:05:00+00:00,0.0,0.0,0.0,15.86,1.03
2023-05-30 23:05:00+00:00,0.0,0.0,0.0,15.33,0.9
2023-05-31 00:05:00+00:00,0.0,0.0,0.0,14.97,0.76
2023-05-31 01:05:00+00:00,0.0,0.0,0.0,14.92,0.62
2023-05-31 02:05:00+00:00,0.0,0.0,0.0,14.75,0.62
2023-05-31 03:05:00+00:00,0.0,0.0,0.0,14.69,0.55
2023-05-31 04:05:00+00:00,17.19,17.19,0.0,14.58,0.48
2023-05-31 05:05:00+00:00,130.52,133.27,2.75,16.32,0.48
2023-05-31 06:05:00+00:00,248.22,279.9,31.68,17.56,0.62
2023-05-31 07:05:00+00:00,334.33000000000004,391.48,57.15,18.82,1.59
2023-05-31 08:05:00+00:00,369.89,518.68,148.79,19.67,2.14
2023-05-31 09:05:00+00:00,386.74,571.85,185.11,21.12,2.41
2023-05-31 10:05:00+00:00,416.08,528.23,112.15,21.43,2.41
2023-05-31 11:05:00+00:00,166.03,562.66,396.63,21.71,2.21
2023-05-31 12:05:00+00:00,140.58,445.63,305.05,22.21,2.28
2023-05-31 13:05:00+00:00,229.91,255.26999999999998,25.36,22.2,2.62
2023-05-31 14:05:00+00:00,96.26,96.82000000000001,0.56,22.0,3.03
2023-05-31 15:05:00+00:00,3.6199999999999997,3.6199999999999997,0.0,21.31,2.83
2023-05-31 16:05:00+00:00,0.0,0.0,0.0,20.38,1.93
2023-05-31 17:05:00+00:00,0.0,0.0,0.0,19.71,1.86
2023-05-31 18:05:00+00:00,0.0,0.0,0.0,19.19,2.21
2023-05-31 19:05:00+00:00,0.0,0.0,0.0,18.17,2.14
2023-05-31 20:05:00+00:00,0.0,0.0,0.0,17.43,2.41
2023-05-31 21:05:00+00:00,0.0,0.0,0.0,16.49,1.79
2023-05-31 22:05:00+00:00,0.0,0.0,0.0,15.84,1.31
2023-05-31 23:05:00+00:00,0.0,0.0,0.0,15.43,1.17
2023-06-01 00:05:00+00:00,0.0,0.0,0.0,15.04,1.17
2023-06-01 01:05:00+00:00,0.0,0.0,0.0,14.98,1.1
2023-06-01 02:05:00+00:00,0.0,0.0,0.0,14.97,1.31
2023-06-01 03:05:00+00:00,0.0,0.0,0.0,15.19,1.17
2023-06-01 04:05:00+00:00,7.24,7.24,0.0,15.22,1.24
2023-06-01 05:05:00+00:00,103.01,103.35000000000001,0.34,16.07,1.31
2023-06-01 06:05:00+00:00,244.28,265.82,21.54,17.46,1.45
2023-06-01 07:05:00+00:00,290.91999999999996,444.44999999999993,153.53,19.46,1.79
2023-06-01 08:05:00+00:00,355.77,528.92,173.15,20.83,1.72
2023-06-01 09:05:00+00:00,251.24,619.34,368.1,22.03,2.0
2023-06-01 10:05:00+00:00,415.77,530.26,114.49,22.28,2.14
2023-06-01 11:05:00+00:00,294.29,538.75,244.46,22.94,2.28
2023-06-01 12:05:00+00:00,240.94,433.48,192.54,23.11,2.48
2023-06-01 13:05:00+00:00,166.68,291.43,124.75,22.9,2.62
2023-06-01 14:05:00+00:00,90.25,127.50999999999999,37.26,22.55,3.03
2023-06-01 15:05:00+00:00,28.060000000000002,28.060000000000002,0.0,21.73,2.9
2023-06-01 16:05:00+00:00,0.0,0.0,0.0,20.58,2.76
2023-06-01 17:05:00+00:00,0.0,0.0,0.0,19.62,2.76
2023-06-01 18:05:00+00:00,0.0,0.0,0.0,18.83,2.9
2023-06-01 19:05:00+00:00,0.0,0.0,0.0,17.97,2.9
2023-06-01 20:05:00+00:00,0.0,0.0,0.0,17.41,2.62
2023-06-01 21:05:00+00:00,0.0,0.0,0.0,16.72,2.28
2023-06-01 22:05:00+00:00,0.0,0.0,0.0,16.18,2.0
2023-06-01 23:05:00+00:00,0.0,0.0,0.0,15.96,1.79
2023-06-02 00:05:00+00:00,0.0,0.0,0.0,15.79,1.72
2023-06-02 01:05:00+00:00,0.0,0.0,0.0,15.64,1.66
2023-06-02 02:05:00+00:00,0.0,0.0,0.0,15.66,1.24
2023-06-02 03:05:00+00:00,0.0,0.0,0.0,15.61,1.24
2023-06-02 04:05:00+00:00,28.060000000000002,28.060000000000002,0.0,15.56,1.38
2023-06-02 05:05:00+00:00,87.98,87.98,0.0,16.53,1.66
2023-06-02 06:05:00+00:00,187.10999999999999,188.67999999999998,1.57,18.12,2.14
2023-06-02 07:05:00+00:00,320.58,424.01,103.43,18.87,2.21
2023-06-02 08:05:00+00:00,269.63000000000005,559.4200000000001,289.79,20.47,2.48
2023-06-02 09:05:00+00:00,225.11,624.1,398.99,21.53,2.62
2023-06-02 10:05:00+00:00,297.42,602.72,305.3,22.46,2.62
2023-06-02 11:05:00+00:00,284.27,540.75,256.48,23.06,2.69
2023-06-02 12:05:00+00:00,156.0,444.01,288.01,23.63,2.69
2023-06-02 13:05:00+00:00,226.9,276.7,49.8,23.44,2.48
2023-06-02 14:05:00+00:00,47.300000000000004,47.300000000000004,0.0,23.25,2.41
2023-06-02 15:05:00+00:00,22.619999999999997,22.619999999999997,0.0,22.5,2.14
2023-06-02 16:05:00+00:00,0.0,0.0,0.0,20.98,1.93
2023-06-02 17:05:00+00:00,0.0,0.0,0.0,20.03,2.41
2023-06-02 18:05:00+00:00,0.0,0.0,0.0,19.23,3.31
2023-06-02 19:05:00+00:00,0.0,0.0,0.0,17.92,3.66
2023-06-02 20:05:00+00:00,0.0,0.0,0.0,17.28,3.17
2023-06-02 21:05:00+00:00,0.0,0.0,0.0,16.85,2.0
2023-06-02 22:05:00+00:00,0.0,0.0,0.0,16.52,1.72
2023-06-02 23:05:00+00:00,0.0,0.0,0.0,16.31,1.72
2023-06-03 00:05:00+00:00,0.0,0.0,0.0,16.02,1.52
2023-06-03 01:05:00+00:00,0.0,0.0,0.0,15.75,1.38
2023-06-03 02:05:00+00:00,0.0,0.0,0.0,15.53,1.17
2023-06-03 03:05:00+00:00,0.0,0.0,0.0,15.36,1.1
2023-06-03 04:05:00+00:00,12.67,12.67,0.0,15.14,1.1
2023-06-03 05:05:00+00:00,94.60000000000001,94.60000000000001,0.0,15.94,1.45
2023-06-03 06:05:00+00:00,228.32,238.20999999999998,9.89,17.47,2.34
2023-06-03 07:05:00+00:00,292.3,302.43,10.13,18.9,3.17
2023-06-03 08:05:00+00:00,393.96999999999997,463.40999999999997,69.44,20.22,3.31
2023-06-03 09:05:00+00:00,422.68,519.48,96.8,21.09,3.52
2023-06-03 10:05:00+00:00,368.05,381.58,13.53,21.88,3.45
2023-06-03 11:05:00+00:00,274.36,542.2,267.84,22.25,3.38
2023-06-03 12:05:00+00:00,320.24,378.98,58.74,22.62,3.45
2023-06-03 13:05:00+00:00,217.5,282.64,65.14,22.41,3.59
2023-06-03 14:05:00+00:00,46.36,46.36,0.0,22.01,3.72
2023-06-03 15:05:00+00:00,15.39,15.39,0.0,21.04,3.24
2023-06-03 16:05:00+00:00,0.0,0.0,0.0,19.84,2.76
2023-06-03 17:05:00+00:00,0.0,0.0,0.0,18.9,2.62
2023-06-03 18:05:00+00:00,0.0,0.0,0.0,18.23,2.83
2023-06-03 19:05:00+00:00,0.0,0.0,0.0,17.48,2.9
2023-06-03 20:05:00+00:00,0.0,0.0,0.0,17.04,3.17
2023-06-03 21:05:00+00:00,0.0,0.0,0.0,16.76,2.34
2023-06-03 22:05:00+00:00,0.0,0.0,0.0,16.51,1.72
2023-06-03 23:05:00+00:00,0.0,0.0,0.0,16.2,1.66
2023-06-04 00:05:00+00:00,0.0,0.0,0.0,16.01,1.38
2023-06-04 01:05:00+00:00,0.0,0.0,0.0,15.79,1.17
2023-06-04 02:05:00+00:00,0.0,0.0,0.0,15.42,1.03
2023-06-04 03:05:00+00:00,0.0,0.0,0.0,15.27,1.03
2023-06-04 04:05:00+00:00,10.86,10.86,0.0,15.04,0.97
2023-06-04 05:05:00+00:00,136.35,140.6,4.25,15.82,1.17
2023-06-04 06:05:00+00:00,140.95,140.95,0.0,17.51,1.93
2023-06-04 07:05:00+00:00,333.86,383.79,49.93,19.24,2.48
2023-06-04 08:05:00+00:00,321.06,545.29,224.23,20.62,2.48
2023-06-04 09:05:00+00:00,399.6,562.55,162.95,21.06,2.69
2023-06-04 10:05:00+00:00,420.34999999999997,520.0,99.65,21.75,2.83
2023-06-04 11:05:00+00:00,249.0,549.46,300.46,21.33,3.03
2023-06-04 12:05:00+00:00,320.19,363.55,43.36,22.07,2.83
2023-06-04 13:05:00+00:00,186.44,290.8,104.36,21.97,2.76
2023-06-04 14:05:00+00:00,127.01,132.95000000000002,5.94,21.58,2.97
2023-06-04 15:05:00+00:00,28.060000000000002,28.060000000000002,0.0,20.74,2.97
2023-06-04 16:05:00+00:00,0.0,0.0,0.0,19.34,2.76
2023-06-04 17:05:00+00:00,0.0,0.0,0.0,18.18,2.34
2023-06-04 18:05:00+00:00,0.0,0.0,0.0,17.26,2.0
2023-06-04 19:05:00+00:00,0.0,0.0,0.0,16.78,2.07
2023-06-04 20:05:00+00:00,0.0,0.0,0.0,16.3,1.86
2023-06-04 21:05:00+00:00,0.0,0.0,0.0,15.85,1.59
2023-06-04 22:05:00+00:00,0.0,0.0,0.0,15.16,1.31
2023-06-04 23:05:00+00:00,0.0,0.0,0.0,14.79,1.24
2023-06-05 00:05:00+00:00,0.0,0.0,0.0,14.47,1.1
2023-06-05 01:05:00+00:00,0.0,0.0,0.0,14.17,0.97
2023-06-05 02:05:00+00:00,0.0,0.0,0.0,13.98,0.9
2023-06-05 03:05:00+00:00,0.0,0.0,0.0,13.68,0.97
2023-06-05 04:05:00+00:00,38.010000000000005,38.010000000000005,0.0,13.65,0.69
2023-06-05 05:05:00+00:00,142.19,149.93,7.74,15.52,0.97
2023-06-05 06:05:00+00:00,181.06,314.68,133.62,17.45,1.31
2023-06-05 07:05:00+00:00,302.12,435.5,133.38,20.03,1.59
2023-06-05 08:05:00+00:00,136.67,579.15,442.48,22.04,2.21
2023-06-05 09:05:00+00:00,91.53,655.3199999999999,563.79,23.14,2.62
2023-06-05 10:05:00+00:00,95.46,648.64,553.18,23.77,2.69
2023-06-05 11:05:00+00:00,116.81,571.63,454.82,24.28,2.62
2023-06-05 12:05:00+00:00,257.24,428.54,171.3,24.34,2.62
2023-06-05 13:05:00+00:00,171.84,290.78,118.94,24.04,2.76
2023-06-05 14:05:00+00:00,94.47999999999999,94.74999999999999,0.27,23.7,3.03
2023-06-05 15:05:00+00:00,4.53,4.53,0.0,22.57,2.76
2023-06-05 16:05:00+00:00,0.0,0.0,0.0,21.03,2.97
2023-06-05 17:05:00+00:00,0.0,0.0,0.0,19.66,3.03
2023-06-05 18:05:00+00:00,0.0,0.0,0.0,18.52,2.83
2023-06-05 19:05:00+00:00,0.0,0.0,0.0,17.9,2.69
2023-06-05 20:05:00+00:00,0.0,0.0,0.0,17.13,1.66
2023-06-05 21:05:00+00:00,0.0,0.0,0.0,16.65,1.31
2023-06-05 22:05:00+00:00,0.0,0.0,0.0,16.13,1.24
2023-06-05 23:05:00+00:00,0.0,0.0,0.0,15.84,1.1
2023-06-06 00:05:00+00:00,0.0,0.0,0.0,16.01,0.97
2023-06-06 01:05:00+00:00,0.0,0.0,0.0,16.1,1.17
2023-06-06 02:05:00+00:00,0.0,0.0,0.0,15.99,1.24
2023-06-06 03:05:00+00:00,0.0,0.0,0.0,16.01,1.17
2023-06-06 04:05:00+00:00,8.139999999999999,8.139999999999999,0.0,15.97,1.17
2023-06-06 05:05:00+00:00,46.36,46.36,0.0,16.36,1.24
2023-06-06 06:05:00+00:00,244.25,289.46,45.21,17.62,1.86
2023-06-06 07:05:00+00:00,0.0,0.0,0.0,19.0,2.28
2023-06-06 08:05:00+00:00,385.66,491.67,106.01,20.4,2.41
2023-06-06 09:05:00+00:00,406.89000000000004,442.18000000000006,35.29,21.28,2.48
2023-06-06 10:05:00+00:00,407.15,540.4,133.25,22.14,2.55
2023-06-06 11:05:00+00:00,98.57000000000001,575.01,476.44,22.57,2.83
2023-06-06 12:05:00+00:00,189.13,437.64,248.51,22.73,3.03
2023-06-06 13:05:00+00:00,231.18,262.44,31.26,22.6,2.97
2023-06-06 14:05:00+00:00,72.44,117.62,45.18,22.01,2.83
2023-06-06 15:05:00+00:00,4.53,4.53,0.0,21.27,2.48
2023-06-06 16:05:00+00:00,0.0,0.0,0.0,20.24,1.59
2023-06-06 17:05:00+00:00,0.0,0.0,0.0,19.38,1.38
2023-06-06 18:05:00+00:00,0.0,0.0,0.0,18.88,1.45
2023-06-06 19:05:00+00:00,0.0,0.0,0.0,18.5,1.72
2023-06-06 20:05:00+00:00,0.0,0.0,0.0,18.06,1.59
2023-06-06 21:05:00+00:00,0.0,0.0,0.0,17.46,1.45
2023-06-06 22:05:00+00:00,0.0,0.0,0.0,16.83,1.31
2023-06-06 23:05:00+00:00,0.0,0.0,0.0,16.14,1.24
2023-06-07 00:05:00+00:00,0.0,0.0,0.0,15.36,1.17
2023-06-07 01:05:00+00:00,0.0,0.0,0.0,14.53,1.03
2023-06-07 02:05:00+00:00,0.0,0.0,0.0,14.07,0.9
2023-06-07 03:05:00+00:00,0.0,0.0,0.0,13.88,0.76
2023-06-07 04:05:00+00:00,36.21,36.21,0.0,13.66,0.62
2023-06-07 05:05:00+00:00,99.03,150.72,51.69,15.78,0.55
2023-06-07 06:05:00+00:00,123.46,314.84999999999997,191.39,17.81,0.48
2023-06-07 07:05:00+00:00,259.66,451.94000000000005,192.28,19.77,1.03
2023-06-07 08:05:00+00:00,149.78,579.26,429.48,21.38,1.1
2023-06-07 09:05:00+00:00,216.4,626.42,410.02,22.82,1.24
2023-06-07 10:05:00+00:00,156.21,631.44,475.23,23.89,1.52
2023-06-07 11:05:00+00:00,105.57,578.0899999999999,472.52,24.78,1.72
2023-06-07 12:05:00+00:00,91.53,457.15,365.62,25.23,2.0
2023-06-07 13:05:00+00:00,82.41,291.68,209.27,25.1,2.28
2023-06-07 14:05:00+00:00,63.33,114.28,50.95,24.61,2.69
2023-06-07 15:05:00+00:00,28.96,28.96,0.0,23.48,2.41
2023-06-07 16:05:00+00:00,0.0,0.0,0.0,21.63,2.07
2023-06-07 17:05:00+00:00,0.0,0.0,0.0,20.22,1.86
2023-06-07 18:05:00+00:00,0.0,0.0,0.0,19.06,1.72
2023-06-07 19:05:00+00:00,0.0,0.0,0.0,17.69,1.31
2023-06-07 20:05:00+00:00,0.0,0.0,0.0,16.83,1.38
2023-06-07 21:05:00+00:00,0.0,0.0,0.0,15.85,1.38
2023-06-07 22:05:00+00:00,0.0,0.0,0.0,15.06,1.45
2023-06-07 23:05:00+00:00,0.0,0.0,0.0,14.25,1.31
2023-06-08 00:05:00+00:00,0.0,0.0,0.0,13.67,1.24
2023-06-08 01:05:00+00:00,0.0,0.0,0.0,13.23,1.17
2023-06-08 02:05:00+00:00,0.0,0.0,0.0,13.03,1.1
2023-06-08 03:05:00+00:00,0.0,0.0,0.0,12.75,1.1
2023-06-08 04:05:00+00:00,37.11,37.11,0.0,12.66,0.9
2023-06-08 05:05:00+00:00,66.08,136.51,70.43,15.71,0.34
2023-06-08 06:05:00+00:00,88.07000000000001,313.92,225.85,18.84,0.07
2023-06-08 07:05:00+00:00,104.38,470.96999999999997,366.59,20.5,0.62
2023-06-08 08:05:00+00:00,106.69999999999999,587.28,480.58,22.16,0.97
2023-06-08 09:05:00+00:00,104.92,648.62,543.7,23.57,1.24
2023-06-08 10:05:00+00:00,91.03,649.85,558.82,24.69,1.45
2023-06-08 11:05:00+00:00,89.31,580.97,491.66,25.23,1.45
2023-06-08 12:05:00+00:00,103.08,451.15999999999997,348.08,25.45,1.52
2023-06-08 13:05:00+00:00,97.01,287.49,190.48,25.37,1.66
2023-06-08 14:05:00+00:00,128.04,140.64,12.6,24.99,1.93
2023-06-08 15:05:00+00:00,28.060000000000002,28.060000000000002,0.0,23.92,1.79
2023-06-08 16:05:00+00:00,0.0,0.0,0.0,22.27,1.93
2023-06-08 17:05:00+00:00,0.0,0.0,0.0,20.88,2.48
2023-06-08 18:05:00+00:00,0.0,0.0,0.0,19.36,2.97
2023-06-08 19:05:00+00:00,0.0,0.0,0.0,18.29,3.17
2023-06-08 20:05:00+00:00,0.0,0.0,0.0,17.24,2.0
2023-06-08 21:05:00+00:00,0.0,0.0,0.0,16.74,1.24
2023-06-08 22:05:00+00:00,0.0,0.0,0.0,16.4,1.17
2023-06-08 23:05:00+00:00,0.0,0.0,0.0,16.23,1.17
2023-06-09 00:05:00+00:00,0.0,0.0,0.0,16.1,1.1
2023-06-09 01:05:00+00:00,0.0,0.0,0.0,16.03,0.83
2023-06-09 02:05:00+00:00,0.0,0.0,0.0,15.89,0.76
2023-06-09 03:05:00+00:00,0.0,0.0,0.0,15.85,0.69
2023-06-09 04:05:00+00:00,9.96,9.96,0.0,15.74,0.62
2023-06-09 05:05:00+00:00,71.89999999999999,71.89999999999999,0.0,16.35,0.55
2023-06-09 06:05:00+00:00,188.92,190.95,2.03,17.61,1.03
2023-06-09 07:05:00+00:00,316.07,340.14,24.07,18.86,1.45
2023-06-09 08:05:00+00:00,390.2,455.71,65.51,20.24,1.52
2023-06-09 09:05:00+00:00,180.04999999999998,621.4,441.35,21.17,1.59
2023-06-09 10:05:00+00:00,402.56,542.87,140.31,22.23,1.66
2023-06-09 11:05:00+00:00,330.61,519.29,188.68,23.26,1.66
2023-06-09 12:05:00+00:00,188.76999999999998,435.9,247.13,23.82,1.79
2023-06-09 13:05:00+00:00,192.63,287.65,95.02,23.89,2.14
2023-06-09 14:05:00+00:00,121.77,125.42999999999999,3.66,23.21,2.69
2023-06-09 15:05:00+00:00,20.82,20.82,0.0,22.29,2.69
2023-06-09 16:05:00+00:00,0.0,0.0,0.0,20.87,2.55
2023-06-09 17:05:00+00:00,0.0,0.0,0.0,19.84,2.76
2023-06-09 18:05:00+00:00,0.0,0.0,0.0,18.9,2.55
2023-06-09 19:05:00+00:00,0.0,0.0,0.0,18.35,2.0
2023-06-09 20:05:00+00:00,0.0,0.0,0.0,17.69,1.72
2023-06-09 21:05:00+00:00,0.0,0.0,0.0,16.88,1.38
2023-06-09 22:05:00+00:00,0.0,0.0,0.0,16.26,1.24
2023-06-09 23:05:00+00:00,0.0,0.0,0.0,15.76,1.1
2023-06-10 00:05:00+00:00,0.0,0.0,0.0,15.09,1.1
2023-06-10 01:05:00+00:00,0.0,0.0,0.0,14.46,0.97
2023-06-10 02:05:00+00:00,0.0,0.0,0.0,13.95,0.76
2023-06-10 03:05:00+00:00,0.0,0.0,0.0,14.17,0.48
2023-06-10 04:05:00+00:00,38.92,38.92,0.0,14.13,0.21
2023-06-10 05:05:00+00:00,71.91,134.74,62.83,16.03,0.28
2023-06-10 06:05:00+00:00,101.03999999999999,305.56,204.52,18.57,0.55
2023-06-10 07:05:00+00:00,119.71,458.37,338.66,20.15,1.17
2023-06-10 08:05:00+00:00,157.72,565.73,408.01,22.08,1.79
2023-06-10 09:05:00+00:00,272.5,602.27,329.77,23.38,2.0
2023-06-10 10:05:00+00:00,214.01,608.91,394.9,23.95,2.0
2023-06-10 11:05:00+00:00,168.95999999999998,552.01,383.05,24.38,2.07
2023-06-10 12:05:00+00:00,304.63,403.1,98.47,24.24,2.07
2023-06-10 13:05:00+00:00,159.65,287.39,127.74,24.17,2.21
2023-06-10 14:05:00+00:00,79.69,120.78,41.09,23.23,2.34
2023-06-10 15:05:00+00:00,28.060000000000002,28.060000000000002,0.0,22.44,2.21
2023-06-10 16:05:00+00:00,0.0,0.0,0.0,21.37,1.59
2023-06-10 17:05:00+00:00,0.0,0.0,0.0,20.5,1.24
2023-06-10 18:05:00+00:00,0.0,0.0,0.0,19.83,0.97
2023-06-10 19:05:00+00:00,0.0,0.0,0.0,19.1,1.86
2023-06-10 20:05:00+00:00,0.0,0.0,0.0,18.67,1.72
2023-06-10 21:05:00+00:00,0.0,0.0,0.0,18.08,1.59
2023-06-10 22:05:00+00:00,0.0,0.0,0.0,17.36,1.17
2023-06-10 23:05:00+00:00,0.0,0.0,0.0,16.57,1.1
2023-06-11 00:05:00+00:00,0.0,0.0,0.0,15.84,1.1
2023-06-11 01:05:00+00:00,0.0,0.0,0.0,15.15,1.1
2023-06-11 02:05:00+00:00,0.0,0.0,0.0,14.68,1.1
2023-06-11 03:05:00+00:00,0.0,0.0,0.0,14.28,1.03
2023-06-11 04:05:00+00:00,24.43,24.43,0.0,14.23,0.76
2023-06-11 05:05:00+00:00,75.67999999999999,75.67999999999999,0.0,16.21,0.62
2023-06-11 06:05:00+00:00,171.16,171.66,0.5,18.4,0.55
2023-06-11 07:05:00+00:00,327.63000000000005,379.09000000000003,51.46,19.54,0.62
2023-06-11 08:05:00+00:00,177.96,559.87,381.91,21.03,1.03
2023-06-11 09:05:00+00:00,272.51,599.95,327.44,21.9,1.1
2023-06-11 10:05:00+00:00,134.22,619.63,485.41,22.78,1.1
2023-06-11 11:05:00+00:00,94.98,569.81,474.83,23.47,1.24
2023-06-11 12:05:00+00:00,198.16,432.41999999999996,234.26,23.87,1.38
2023-06-11 13:05:00+00:00,200.57,205.95999999999998,5.39,24.28,1.45
2023-06-11 14:05:00+00:00,102.73,103.51,0.78,23.98,1.45
2023-06-11 15:05:00+00:00,17.19,17.19,0.0,23.21,0.9
2023-06-11 16:05:00+00:00,0.0,0.0,0.0,22.11,0.48
2023-06-11 17:05:00+00:00,0.0,0.0,0.0,21.05,0.69
2023-06-11 18:05:00+00:00,0.0,0.0,0.0,20.35,1.17
2023-06-11 19:05:00+00:00,0.0,0.0,0.0,19.21,1.31
2023-06-11 20:05:00+00:00,0.0,0.0,0.0,18.7,1.86
2023-06-11 21:05:00+00:00,0.0,0.0,0.0,17.92,2.07
2023-06-11 22:05:00+00:00,0.0,0.0,0.0,16.97,1.45
2023-06-11 23:05:00+00:00,0.0,0.0,0.0,16.09,1.24
2023-06-12 00:05:00+00:00,0.0,0.0,0.0,15.34,1.24
2023-06-12 01:05:00+00:00,0.0,0.0,0.0,14.74,1.17
2023-06-12 02:05:00+00:00,0.0,0.0,0.0,14.49,1.17
2023-06-12 03:05:00+00:00,0.0,0.0,0.0,14.09,1.1
2023-06-12 04:05:00+00:00,23.53,23.53,0.0,13.74,0.9
2023-06-12 05:05:00+00:00,139.69,152.84,13.15,15.81,0.76
2023-06-12 06:05:00+00:00,172.10999999999999,303.40999999999997,131.3,18.1,0.83
2023-06-12 07:05:00+00:00,182.47,446.9,264.43,19.79,0.69
2023-06-12 08:05:00+00:00,202.28,553.24,350.96,21.67,0.62
2023-06-12 09:05:00+00:00,0.0,0.0,0.0,23.05,0.83
2023-06-12 10:05:00+00:00,314.13,583.5799999999999,269.45,24.49,0.83
2023-06-12 11:05:00+00:00,289.48,526.94,237.46,24.84,0.97
2023-06-12 12:05:00+00:00,133.16,435.30999999999995,302.15,25.22,1.38
2023-06-12 13:05:00+00:00,229.41,263.69,34.28,25.12,1.72
2023-06-12 14:05:00+00:00,116.92999999999999,137.1,20.17,24.28,1.93
2023-06-12 15:05:00+00:00,14.48,14.48,0.0,23.45,1.79
2023-06-12 16:05:00+00:00,0.0,0.0,0.0,22.25,1.17
2023-06-12 17:05:00+00:00,0.0,0.0,0.0,21.48,1.17
2023-06-12 18:05:00+00:00,0.0,0.0,0.0,20.35,1.66
2023-06-12 19:05:00+00:00,0.0,0.0,0.0,19.15,1.72
2023-06-12 20:05:00+00:00,0.0,0.0,0.0,18.48,1.86
2023-06-12 21:05:00+00:00,0.0,0.0,0.0,17.75,1.72
2023-06-12 22:05:00+00:00,0.0,0.0,0.0,17.02,1.38
2023-06-12 23:05:00+00:00,0.0,0.0,0.0,16.2,1.24
2023-06-13 00:05:00+00:00,0.0,0.0,0.0,15.51,1.1
2023-06-13 01:05:00+00:00,0.0,0.0,0.0,15.02,1.03
2023-06-13 02:05:00+00:00,0.0,0.0,0.0,14.58,1.17
2023-06-13 03:05:00+00:00,0.0,0.0,0.0,14.19,1.24
2023-06-13 04:05:00+00:00,7.24,7.24,0.0,13.99,1.17
2023-06-13 05:05:00+00:00,43.519999999999996,43.519999999999996,0.0,15.68,1.1
2023-06-13 06:05:00+00:00,201.82,205.82999999999998,4.01,17.81,1.03
2023-06-13 07:05:00+00:00,290.15,423.59999999999997,133.45,18.8,0.97
2023-06-13 08:05:00+00:00,258.39,540.6800000000001,282.29,20.41,0.83
2023-06-13 09:05:00+00:00,277.43,593.36,315.93,22.13,0.9
2023-06-13 10:05:00+00:00,312.39,580.3199999999999,267.93,23.65,1.1
2023-06-13 11:05:00+00:00,361.37,489.87,128.5,24.4,1.45
2023-06-13 12:05:00+00:00,222.43,425.57,203.14,24.7,1.59
2023-06-13 13:05:00+00:00,203.15,282.86,79.71,24.64,1.72
2023-06-13 14:05:00+00:00,96.36999999999999,96.63,0.26,23.24,1.79
2023-06-13 15:05:00+00:00,28.060000000000002,28.060000000000002,0.0,22.45,2.28
2023-06-13 16:05:00+00:00,0.0,0.0,0.0,21.27,1.66
2023-06-13 17:05:00+00:00,0.0,0.0,0.0,20.3,0.69
2023-06-13 18:05:00+00:00,0.0,0.0,0.0,19.43,0.76
2023-06-13 19:05:00+00:00,0.0,0.0,0.0,18.84,1.03
2023-06-13 20:05:00+00:00,0.0,0.0,0.0,18.46,1.17
2023-06-13 21:05:00+00:00,0.0,0.0,0.0,17.99,1.17
2023-06-13 22:05:00+00:00,0.0,0.0,0.0,17.34,0.97
2023-06-13 23:05:00+00:00,0.0,0.0,0.0,16.84,0.83
2023-06-14 00:05:00+00:00,0.0,0.0,0.0,16.64,0.76
2023-06-14 01:05:00+00:00,0.0,0.0,0.0,16.42,0.83
2023-06-14 02:05:00+00:00,0.0,0.0,0.0,16.15,0.9
2023-06-14 03:05:00+00:00,0.0,0.0,0.0,15.88,0.69
2023-06-14 04:05:00+00:00,11.76,11.76,0.0,15.43,0.34
2023-06-14 05:05:00+00:00,42.57,42.57,0.0,16.65,0.21
2023-06-14 06:05:00+00:00,237.7,265.71999999999997,28.02,18.68,0.62
2023-06-14 07:05:00+00:00,256.87,432.01,175.14,19.95,1.52
2023-06-14 08:05:00+00:00,380.87,472.59000000000003,91.72,21.73,1.93
2023-06-14 09:05:00+00:00,363.62,562.4,198.78,23.46,2.41
2023-06-14 10:05:00+00:00,281.34000000000003,587.1,305.76,24.13,2.83
2023-06-14 11:05:00+00:00,374.91999999999996,468.12999999999994,93.21,24.15,3.03
2023-06-14 12:05:00+00:00,310.82,388.08,77.26,24.02,3.24
2023-06-14 13:05:00+00:00,218.88,277.5,58.62,23.27,2.97
2023-06-14 14:05:00+00:00,60.55,60.55,0.0,22.53,2.28
2023-06-14 15:05:00+00:00,20.82,20.82,0.0,21.65,1.17
2023-06-14 16:05:00+00:00,0.0,0.0,0.0,20.66,0.48
2023-06-14 17:05:00+00:00,0.0,0.0,0.0,19.9,0.14
2023-06-14 18:05:00+00:00,0.0,0.0,0.0,19.4,0.28
2023-06-14 19:05:00+00:00,0.0,0.0,0.0,18.82,0.21
2023-06-14 20:05:00+00:00,0.0,0.0,0.0,18.08,0.69
2023-06-14 21:05:00+00:00,0.0,0.0,0.0,17.41,1.03
2023-06-14 22:05:00+00:00,0.0,0.0,0.0,16.95,1.24
2023-06-14 23:05:00+00:00,0.0,0.0,0.0,16.36,1.31
2023-06-15 00:05:00+00:00,0.0,0.0,0.0,15.79,1.17
2023-06-15 01:05:00+00:00,0.0,0.0,0.0,15.21,0.97
2023-06-15 02:05:00+00:00,0.0,0.0,0.0,15.23,0.69
2023-06-15 03:05:00+00:00,0.0,0.0,0.0,15.04,0.55
2023-06-15 04:05:00+00:00,30.78,30.78,0.0,14.88,0.55
2023-06-15 05:05:00+00:00,66.22,66.22,0.0,16.68,0.76
2023-06-15 06:05:00+00:00,207.22,212.71,5.49,18.64,0.83
2023-06-15 07:05:00+00:00,272.7,279.67,6.97,17.65,0.97
2023-06-15 08:05:00+00:00,346.73,363.45000000000005,16.72,19.49,0.9
2023-06-15 09:05:00+00:00,341.94,349.55,7.61,20.72,1.1
2023-06-15 10:05:00+00:00,377.48,549.27,171.79,21.63,1.38
2023-06-15 11:05:00+00:00,378.60999999999996,453.24999999999994,74.64,22.29,1.72
2023-06-15 12:05:00+00:00,196.63,426.52,229.89,22.6,2.07
2023-06-15 13:05:00+00:00,165.09,283.71000000000004,118.62,22.83,1.72
2023-06-15 14:05:00+00:00,102.82,131.2,28.38,22.34,1.38
2023-06-15 15:05:00+00:00,12.67,12.67,0.0,21.39,1.31
2023-06-15 16:05:00+00:00,0.0,0.0,0.0,20.47,0.83
2023-06-15 17:05:00+00:00,0.0,0.0,0.0,19.59,0.97
2023-06-15 18:05:00+00:00,0.0,0.0,0.0,18.95,1.38
2023-06-15 19:05:00+00:00,0.0,0.0,0.0,18.28,1.31
2023-06-15 20:05:00+00:00,0.0,0.0,0.0,17.73,1.17
2023-06-15 21:05:00+00:00,0.0,0.0,0.0,17.32,1.03
2023-06-15 22:05:00+00:00,0.0,0.0,0.0,16.75,0.83
2023-06-15 23:05:00+00:00,0.0,0.0,0.0,16.07,0.9
2023-06-16 00:05:00+00:00,0.0,0.0,0.0,15.65,0.9
2023-06-16 01:05:00+00:00,0.0,0.0,0.0,15.18,0.9
2023-06-16 02:05:00+00:00,0.0,0.0,0.0,14.82,0.76
2023-06-16 03:05:00+00:00,0.0,0.0,0.0,14.7,0.62
2023-06-16 04:05:00+00:00,6.33,6.33,0.0,14.54,0.62
2023-06-16 05:05:00+00:00,92.7,92.7,0.0,16.38,0.55
2023-06-16 06:05:00+00:00,80.41,80.41,0.0,18.52,0.41
2023-06-16 07:05:00+00:00,307.86,328.75,20.89,19.95,0.41
2023-06-16 08:05:00+00:00,369.02,495.83,126.81,21.63,0.28
2023-06-16 09:05:00+00:00,392.96,544.52,151.56,23.36,0.62
2023-06-16 10:05:00+00:00,321.93,577.87,255.94,24.35,1.17
2023-06-16 11:05:00+00:00,343.46,504.98,161.52,24.67,1.59
2023-06-16 12:05:00+00:00,304.95,398.81,93.86,24.59,1.79
2023-06-16 13:05:00+00:00,222.06,278.17,56.11,24.73,2.28
2023-06-16 14:05:00+00:00,127.88000000000001,139.24,11.36,24.23,2.83
2023-06-16 15:05:00+00:00,28.96,28.96,0.0,23.28,2.62
2023-06-16 16:05:00+00:00,0.0,0.0,0.0,22.03,2.0
2023-06-16 17:05:00+00:00,0.0,0.0,0.0,21.41,2.21
2023-06-16 18:05:00+00:00,0.0,0.0,0.0,20.3,2.28
2023-06-16 19:05:00+00:00,0.0,0.0,0.0,18.61,1.72
2023-06-16 20:05:00+00:00,0.0,0.0,0.0,17.97,1.38
2023-06-16 21:05:00+00:00,0.0,0.0,0.0,17.56,1.24
2023-06-16 22:05:00+00:00,0.0,0.0,0.0,17.17,1.17
2023-06-16 23:05:00+00:00,0.0,0.0,0.0,16.7,1.1
2023-06-17 00:05:00+00:00,0.0,0.0,0.0,16.47,1.1
2023-06-17 01:05:00+00:00,0.0,0.0,0.0,16.2,1.1
2023-06-17 02:05:00+00:00,0.0,0.0,0.0,15.93,1.1
2023-06-17 03:05:00+00:00,0.0,0.0,0.0,15.72,1.17
2023-06-17 04:05:00+00:00,6.33,6.33,0.0,15.64,1.17
2023-06-17 05:05:00+00:00,82.3,82.3,0.0,16.18,1.17
2023-06-17 06:05:00+00:00,105.00999999999999,105.00999999999999,0.0,17.07,1.24
2023-06-17 07:05:00+00:00,76.63000000000001,76.63000000000001,0.0,18.23,1.52
2023-06-17 08:05:00+00:00,192.03,192.03,0.0,19.6,1.79
2023-06-17 09:05:00+00:00,118.24,118.24,0.0,20.37,2.0
2023-06-17 10:05:00+00:00,115.39999999999999,115.39999999999999,0.0,21.35,2.14
2023-06-17 11:05:00+00:00,135.28,135.28,0.0,22.03,2.28
2023-06-17 12:05:00+00:00,254.13,257.58,3.45,22.28,2.62
2023-06-17 13:05:00+00:00,185.03,187.47,2.44,21.92,2.97
2023-06-17 14:05:00+00:00,115.36,117.17,1.81,21.58,3.31
2023-06-17 15:05:00+00:00,21.72,21.72,0.0,20.76,3.1
2023-06-17 16:05:00+00:00,0.0,0.0,0.0,19.88,2.34
2023-06-17 17:05:00+00:00,0.0,0.0,0.0,19.08,2.28
2023-06-17 18:05:00+00:00,0.0,0.0,0.0,18.61,2.0
2023-06-17 19:05:00+00:00,0.0,0.0,0.0,17.85,2.21
2023-06-17 20:05:00+00:00,0.0,0.0,0.0,17.44,1.79
2023-06-17 21:05:00+00:00,0.0,0.0,0.0,17.03,1.86
2023-06-17 22:05:00+00:00,0.0,0.0,0.0,16.77,1.79
2023-06-17 23:05:00+00:00,0.0,0.0,0.0,16.47,1.79
2023-06-18 00:05:00+00:00,0.0,0.0,0.0,15.93,1.45
2023-06-18 01:05:00+00:00,0.0,0.0,0.0,15.27,1.31
2023-06-18 02:05:00+00:00,0.0,0.0,0.0,14.83,1.1
2023-06-18 03:05:00+00:00,0.0,0.0,0.0,14.5,1.03
2023-06-18 04:05:00+00:00,12.67,12.67,0.0,14.15,0.97
2023-06-18 05:05:00+00:00,59.59,59.59,0.0,15.25,1.45
2023-06-18 06:05:00+00:00,224.85,236.76,11.91,17.02,1.72
2023-06-18 07:05:00+00:00,231.67000000000002,232.83,1.16,18.22,2.62
2023-06-18 08:05:00+00:00,322.95,330.36,7.41,19.33,2.62
2023-06-18 09:05:00+00:00,334.51,340.21,5.7,20.45,2.55
2023-06-18 10:05:00+00:00,369.69,384.88,15.19,21.33,2.48
2023-06-18 11:05:00+00:00,352.64000000000004,502.95000000000005,150.31,21.69,2.76
2023-06-18 12:05:00+00:00,174.48,434.59000000000003,260.11,21.65,2.83
2023-06-18 13:05:00+00:00,176.38,288.08,111.7,22.1,2.76
2023-06-18 14:05:00+00:00,91.76,127.54,35.78,21.89,2.97
2023-06-18 15:05:00+00:00,31.68,31.68,0.0,21.34,2.69
2023-06-18 16:05:00+00:00,0.0,0.0,0.0,20.1,2.07
2023-06-18 17:05:00+00:00,0.0,0.0,0.0,19.14,2.07
2023-06-18 18:05:00+00:00,0.0,0.0,0.0,18.14,2.34
2023-06-18 19:05:00+00:00,0.0,0.0,0.0,17.54,2.34
2023-06-18 20:05:00+00:00,0.0,0.0,0.0,16.97,2.48
2023-06-18 21:05:00+00:00,0.0,0.0,0.0,16.28,1.93
2023-06-18 22:05:00+00:00,0.0,0.0,0.0,15.55,1.59
2023-06-18 23:05:00+00:00,0.0,0.0,0.0,14.83,1.45
2023-06-19 00:05:00+00:00,0.0,0.0,0.0,14.16,1.38
2023-06-19 01:05:00+00:00,0.0,0.0,0.0,13.62,1.38
2023-06-19 02:05:00+00:00,0.0,0.0,0.0,13.21,1.24
2023-06-19 03:05:00+00:00,0.0,0.0,0.0,12.74,1.17
2023-06-19 04:05:00+00:00,9.05,9.05,0.0,12.59,1.03
2023-06-19 05:05:00+00:00,54.870000000000005,54.870000000000005,0.0,14.74,1.1
2023-06-19 06:05:00+00:00,152.31,152.31,0.0,17.01,1.38
2023-06-19 07:05:00+00:00,190.17,441.92999999999995,251.76,18.77,2.0
2023-06-19 08:05:00+00:00,115.39999999999999,565.51,450.11,20.56,1.79
2023-06-19 09:05:00+00:00,178.6,611.73,433.13,21.89,1.72
2023-06-19 10:05:00+00:00,119.38000000000001,623.07,503.69,22.36,1.59
2023-06-19 11:05:00+00:00,124.51,556.86,432.35,22.61,1.79
2023-06-19 12:05:00+00:00,192.95,433.47,240.52,22.74,2.0
2023-06-19 13:05:00+00:00,230.28,273.21,42.93,23.05,2.55
2023-06-19 14:05:00+00:00,90.71,90.97,0.26,22.67,2.76
2023-06-19 15:05:00+00:00,32.58,32.58,0.0,21.97,2.76
2023-06-19 16:05:00+00:00,0.0,0.0,0.0,20.69,2.34
2023-06-19 17:05:00+00:00,0.0,0.0,0.0,19.71,2.21
2023-06-19 18:05:00+00:00,0.0,0.0,0.0,18.92,2.34
2023-06-19 19:05:00+00:00,0.0,0.0,0.0,17.57,1.79
2023-06-19 20:05:00+00:00,0.0,0.0,0.0,16.96,1.79
2023-06-19 21:05:00+00:00,0.0,0.0,0.0,16.31,1.66
2023-06-19 22:05:00+00:00,0.0,0.0,0.0,15.59,1.38
2023-06-19 23:05:00+00:00,0.0,0.0,0.0,15.19,1.24
2023-06-20 00:05:00+00:00,0.0,0.0,0.0,14.94,1.03
2023-06-20 01:05:00+00:00,0.0,0.0,0.0,14.47,0.97
2023-06-20 02:05:00+00:00,0.0,0.0,0.0,14.07,0.9
2023-06-20 03:05:00+00:00,0.0,0.0,0.0,13.48,0.9
2023-06-20 04:05:00+00:00,9.05,9.05,0.0,13.22,0.62
2023-06-20 05:05:00+00:00,125.34,128.15,2.81,15.28,0.55
2023-06-20 06:05:00+00:00,195.35,198.32,2.97,17.66,0.62
2023-06-20 07:05:00+00:00,296.32,418.37,122.05,19.68,0.97
2023-06-20 08:05:00+00:00,357.72999999999996,504.63,146.9,21.54,0.83
2023-06-20 09:05:00+00:00,302.96,585.95,282.99,22.93,0.76
2023-06-20 10:05:00+00:00,257.95,594.53,336.58,24.15,0.97
2023-06-20 11:05:00+00:00,365.10999999999996,490.73999999999995,125.63,24.51,1.24
2023-06-20 12:05:00+00:00,316.71,355.27,38.56,24.62,1.79
2023-06-20 13:05:00+00:00,195.48000000000002,287.74,92.26,24.6,2.07
2023-06-20 14:05:00+00:00,100.97999999999999,101.49999999999999,0.52,24.07,2.9
2023-06-20 15:05:00+00:00,30.78,30.78,0.0,22.59,3.1
2023-06-20 16:05:00+00:00,0.0,0.0,0.0,21.01,2.97
2023-06-20 17:05:00+00:00,0.0,0.0,0.0,19.94,2.83
2023-06-20 18:05:00+00:00,0.0,0.0,0.0,19.0,2.41
2023-06-20 19:05:00+00:00,0.0,0.0,0.0,18.03,1.79
2023-06-20 20:05:00+00:00,0.0,0.0,0.0,17.47,1.31
2023-06-20 21:05:00+00:00,0.0,0.0,0.0,16.78,1.31
2023-06-20 22:05:00+00:00,0.0,0.0,0.0,16.24,1.24
2023-06-20 23:05:00+00:00,0.0,0.0,0.0,15.75,1.17
2023-06-21 00:05:00+00:00,0.0,0.0,0.0,15.5,1.1
2023-06-21 01:05:00+00:00,0.0,0.0,0.0,15.18,1.1
2023-06-21 02:05:00+00:00,0.0,0.0,0.0,15.06,1.1
2023-06-21 03:05:00+00:00,0.0,0.0,0.0,14.91,1.03
2023-06-21 04:05:00+00:00,30.78,30.78,0.0,14.77,1.03
2023-06-21 05:05:00+00:00,44.46,44.46,0.0,15.83,1.24
2023-06-21 06:05:00+00:00,156.98000000000002,157.47000000000003,0.49,17.34,1.17
2023-06-21 07:05:00+00:00,77.57,77.57,0.0,19.09,1.38
2023-06-21 08:05:00+00:00,161.76,161.76,0.0,20.04,1.45
2023-06-21 09:05:00+00:00,406.87,450.55,43.68,20.79,1.66
2023-06-21 10:05:00+00:00,257.3,257.3,0.0,21.59,1.86
2023-06-21 11:05:00+00:00,380.17,447.92,67.75,22.2,2.07
2023-06-21 12:05:00+00:00,308.36999999999995,397.00999999999993,88.64,22.4,2.48
2023-06-21 13:05:00+00:00,220.11999999999998,281.66999999999996,61.55,21.83,2.97
2023-06-21 14:05:00+00:00,122.89999999999999,126.30999999999999,3.41,20.86,3.17
2023-06-21 15:05:00+00:00,33.49,33.49,0.0,20.18,2.62
2023-06-21 16:05:00+00:00,0.0,0.0,0.0,19.47,1.72
2023-06-21 17:05:00+00:00,0.0,0.0,0.0,19.01,1.66
2023-06-21 18:05:00+00:00,0.0,0.0,0.0,18.43,1.93
2023-06-21 19:05:00+00:00,0.0,0.0,0.0,18.24,1.93
2023-06-21 20:05:00+00:00,0.0,0.0,0.0,17.78,2.28
2023-06-21 21:05:00+00:00,0.0,0.0,0.0,17.32,2.28
2023-06-21 22:05:00+00:00,0.0,0.0,0.0,16.89,1.79
2023-06-21 23:05:00+00:00,0.0,0.0,0.0,16.51,1.52
2023-06-22 00:05:00+00:00,0.0,0.0,0.0,16.14,1.38
2023-06-22 01:05:00+00:00,0.0,0.0,0.0,15.8,1.31
2023-06-22 02:05:00+00:00,0.0,0.0,0.0,15.45,1.31
2023-06-22 03:05:00+00:00,0.0,0.0,0.0,15.33,1.31
2023-06-22 04:05:00+00:00,9.05,9.05,0.0,15.36,1.31
2023-06-22 05:05:00+00:00,55.81,55.81,0.0,15.92,1.24
2023-06-22 06:05:00+00:00,189.69,192.65,2.96,16.84,1.1
2023-06-22 07:05:00+00:00,316.64,392.93,76.29,18.91,1.03
2023-06-22 08:05:00+00:00,341.26000000000005,355.45000000000005,14.19,19.73,1.17
2023-06-22 09:05:00+00:00,172.17,172.17,0.0,20.08,1.24
2023-06-22 10:05:00+00:00,102.17,102.17,0.0,21.09,1.52
2023-06-22 11:05:00+00:00,365.24,394.81,29.57,21.53,1.79
2023-06-22 12:05:00+00:00,245.91,423.26,177.35,21.67,2.0
2023-06-22 13:05:00+00:00,210.39999999999998,218.70999999999998,8.31,21.84,2.48
2023-06-22 14:05:00+00:00,116.33,118.17999999999999,1.85,21.52,2.97
2023-06-22 15:05:00+00:00,33.49,33.49,0.0,20.67,2.76
2023-06-22 16:05:00+00:00,0.0,0.0,0.0,19.64,2.41
2023-06-22 17:05:00+00:00,0.0,0.0,0.0,18.75,2.48
2023-06-22 18:05:00+00:00,0.0,0.0,0.0,18.07,2.21
2023-06-22 19:05:00+00:00,0.0,0.0,0.0,17.37,2.14
2023-06-22 20:05:00+00:00,0.0,0.0,0.0,16.94,1.79
2023-06-22 21:05:00+00:00,0.0,0.0,0.0,16.61,1.45
2023-06-22 22:05:00+00:00,0.0,0.0,0.0,16.37,1.24
2023-06-22 23:05:00+00:00,0.0,0.0,0.0,16.05,1.1
2023-06-23 00:05:00+00:00,0.0,0.0,0.0,15.77,1.1
2023-06-23 01:05:00+00:00,0.0,0.0,0.0,15.8,0.97
2023-06-23 02:05:00+00:00,0.0,0.0,0.0,15.67,0.97
2023-06-23 03:05:00+00:00,0.0,0.0,0.0,15.65,0.97
2023-06-23 04:05:00+00:00,5.43,5.43,0.0,15.57,1.03
2023-06-23 05:05:00+00:00,100.99,101.53999999999999,0.55,16.33,1.1
2023-06-23 06:05:00+00:00,122.97999999999999,122.97999999999999,0.0,17.51,1.1
2023-06-23 07:05:00+00:00,96.49000000000001,96.49000000000001,0.0,19.17,1.31
2023-06-23 08:05:00+00:00,109.73,109.73,0.0,20.04,1.31
2023-06-23 09:05:00+00:00,125.81,125.81,0.0,20.33,1.52
2023-06-23 10:05:00+00:00,192.03,192.03,0.0,21.11,1.72
2023-06-23 11:05:00+00:00,142.84,142.84,0.0,21.56,1.79
2023-06-23 12:05:00+00:00,133.38,133.38,0.0,21.78,2.07
2023-06-23 13:05:00+00:00,68.11,68.11,0.0,22.17,2.34
2023-06-23 14:05:00+00:00,49.190000000000005,49.190000000000005,0.0,21.2,2.55
2023-06-23 15:05:00+00:00,32.58,32.58,0.0,20.27,2.62
2023-06-23 16:05:00+00:00,0.0,0.0,0.0,19.18,1.93
2023-06-23 17:05:00+00:00,0.0,0.0,0.0,18.36,1.45
2023-06-23 18:05:00+00:00,0.0,0.0,0.0,18.0,1.31
2023-06-23 19:05:00+00:00,0.0,0.0,0.0,17.24,1.79
2023-06-23 20:05:00+00:00,0.0,0.0,0.0,16.87,1.86
2023-06-23 21:05:00+00:00,0.0,0.0,0.0,16.56,1.72
2023-06-23 22:05:00+00:00,0.0,0.0,0.0,16.26,1.38
2023-06-23 23:05:00+00:00,0.0,0.0,0.0,15.96,1.03
2023-06-24 00:05:00+00:00,0.0,0.0,0.0,15.79,0.83
2023-06-24 01:05:00+00:00,0.0,0.0,0.0,15.68,0.69
2023-06-24 02:05:00+00:00,0.0,0.0,0.0,15.55,0.69
2023-06-24 03:05:00+00:00,0.0,0.0,0.0,15.37,0.62
2023-06-24 04:05:00+00:00,30.78,30.78,0.0,15.14,0.55
2023-06-24 05:05:00+00:00,24.6,24.6,0.0,15.89,0.34
2023-06-24 06:05:00+00:00,107.84,107.84,0.0,17.3,0.34
2023-06-24 07:05:00+00:00,165.54,165.54,0.0,18.42,0.76
2023-06-24 08:05:00+00:00,210.96,210.96,0.0,19.91,1.24
2023-06-24 09:05:00+00:00,283.76,284.39,0.63,19.91,1.59
2023-06-24 10:05:00+00:00,338.2,345.15999999999997,6.96,20.71,2.0
2023-06-24 11:05:00+00:00,378.84,460.21,81.37,21.19,2.07
2023-06-24 12:05:00+00:00,234.91000000000003,426.32000000000005,191.41,21.21,2.21
2023-06-24 13:05:00+00:00,211.36,286.38,75.02,21.22,2.28
2023-06-24 14:05:00+00:00,110.16000000000001,111.23,1.07,20.59,2.21
2023-06-24 15:05:00+00:00,28.060000000000002,28.060000000000002,0.0,19.91,2.0
2023-06-24 16:05:00+00:00,0.0,0.0,0.0,18.91,1.24
2023-06-24 17:05:00+00:00,0.0,0.0,0.0,18.36,1.1
2023-06-24 18:05:00+00:00,0.0,0.0,0.0,18.03,1.03
2023-06-24 19:05:00+00:00,0.0,0.0,0.0,18.29,0.69
2023-06-24 20:05:00+00:00,0.0,0.0,0.0,17.9,0.76
2023-06-24 21:05:00+00:00,0.0,0.0,0.0,17.6,1.03
2023-06-24 22:05:00+00:00,0.0,0.0,0.0,17.09,1.17
2023-06-24 23:05:00+00:00,0.0,0.0,0.0,16.64,1.17
2023-06-25 00:05:00+00:00,0.0,0.0,0.0,16.1,1.17
2023-06-25 01:05:00+00:00,0.0,0.0,0.0,15.57,1.03
2023-06-25 02:05:00+00:00,0.0,0.0,0.0,15.15,0.9
2023-06-25 03:05:00+00:00,0.0,0.0,0.0,14.88,0.83
2023-06-25 04:05:00+00:00,14.48,14.48,0.0,14.45,0.76
2023-06-25 05:05:00+00:00,66.22,66.22,0.0,15.6,0.62
2023-06-25 06:05:00+00:00,206.2,291.54999999999995,85.35,17.49,0.55
2023-06-25 07:05:00+00:00,307.77,403.14,95.37,18.7,0.55
2023-06-25 08:05:00+00:00,168.92000000000002,547.9200000000001,379.0,20.35,0.34
2023-06-25 09:05:00+00:00,383.54,547.59,164.05,21.4,0.48
2023-06-25 10:05:00+00:00,140.85,610.74,469.89,22.47,0.62
2023-06-25 11:05:00+00:00,275.62,529.13,253.51,22.52,1.38
2023-06-25 12:05:00+00:00,215.35,430.01,214.66,23.26,1.59
2023-06-25 13:05:00+00:00,193.59,288.87,95.28,23.16,2.07
2023-06-25 14:05:00+00:00,123.89,127.39,3.5,22.31,2.41
2023-06-25 15:05:00+00:00,34.39,34.39,0.0,21.17,2.28
2023-06-25 16:05:00+00:00,0.0,0.0,0.0,20.41,1.66
2023-06-25 17:05:00+00:00,0.0,0.0,0.0,20.1,1.1
2023-06-25 18:05:00+00:00,0.0,0.0,0.0,19.84,0.9
2023-06-25 19:05:00+00:00,0.0,0.0,0.0,19.25,0.97
2023-06-25 20:05:00+00:00,0.0,0.0,0.0,18.68,1.45
2023-06-25 21:05:00+00:00,0.0,0.0,0.0,17.85,1.52
2023-06-25 22:05:00+00:00,0.0,0.0,0.0,16.95,1.24
2023-06-25 23:05:00+00:00,0.0,0.0,0.0,16.35,1.03
2023-06-26 00:05:00+00:00,0.0,0.0,0.0,15.82,0.97
2023-06-26 01:05:00+00:00,0.0,0.0,0.0,15.36,1.03
2023-06-26 02:05:00+00:00,0.0,0.0,0.0,14.94,1.1
2023-06-26 03:05:00+00:00,0.0,0.0,0.0,14.62,1.1
2023-06-26 04:05:00+00:00,12.67,12.67,0.0,14.17,1.1
2023-06-26 05:05:00+00:00,45.4,45.4,0.0,15.31,1.1
2023-06-26 06:05:00+00:00,212.4,220.29,7.89,17.04,1.03
2023-06-26 07:05:00+00:00,279.1,287.77000000000004,8.67,18.53,0.9
2023-06-26 08:05:00+00:00,257.16,535.6500000000001,278.49,20.1,1.17
2023-06-26 09:05:00+00:00,390.43,417.68,27.25,21.01,1.38
2023-06-26 10:05:00+00:00,401.25,530.51,129.26,21.58,1.31
2023-06-26 11:05:00+00:00,354.25,499.3,145.05,21.4,1.52
2023-06-26 12:05:00+00:00,179.52,434.83000000000004,255.31,21.82,1.66
2023-06-26 13:05:00+00:00,116.56,287.81,171.25,21.74,2.28
2023-06-26 14:05:00+00:00,69.33,120.08,50.75,21.41,2.83
2023-06-26 15:05:00+00:00,34.39,34.39,0.0,20.51,3.03
2023-06-26 16:05:00+00:00,0.0,0.0,0.0,19.22,2.55
2023-06-26 17:05:00+00:00,0.0,0.0,0.0,18.17,2.28
2023-06-26 18:05:00+00:00,0.0,0.0,0.0,17.32,1.86
2023-06-26 19:05:00+00:00,0.0,0.0,0.0,16.76,1.52
2023-06-26 20:05:00+00:00,0.0,0.0,0.0,16.3,1.31
2023-06-26 21:05:00+00:00,0.0,0.0,0.0,15.74,1.31
2023-06-26 22:05:00+00:00,0.0,0.0,0.0,15.36,1.17
2023-06-26 23:05:00+00:00,0.0,0.0,0.0,15.17,1.1
2023-06-27 00:05:00+00:00,0.0,0.0,0.0,14.98,1.03
2023-06-27 01:05:00+00:00,0.0,0.0,0.0,14.76,1.03
2023-06-27 02:05:00+00:00,0.0,0.0,0.0,14.45,1.03
2023-06-27 03:05:00+00:00,0.0,0.0,0.0,14.07,0.83
2023-06-27 04:05:00+00:00,9.05,9.05,0.0,13.87,0.76
2023-06-27 05:05:00+00:00,76.63000000000001,76.63000000000001,0.0,15.07,0.83
2023-06-27 06:05:00+00:00,186.06,188.03,1.97,17.19,0.69
2023-06-27 07:05:00+00:00,298.03000000000003,314.23,16.2,18.68,0.97
2023-06-27 08:05:00+00:00,381.5,437.1,55.6,20.13,1.17
2023-06-27 09:05:00+00:00,253.52,253.52,0.0,21.0,1.45
2023-06-27 10:05:00+00:00,170.27,170.27,0.0,21.3,1.66
2023-06-27 11:05:00+00:00,345.76,362.44,16.68,21.49,1.93
2023-06-27 12:05:00+00:00,183.51999999999998,183.51999999999998,0.0,21.63,2.28
2023-06-27 13:05:00+00:00,210.10999999999999,288.52,78.41,21.3,2.55
2023-06-27 14:05:00+00:00,41.620000000000005,41.620000000000005,0.0,20.82,2.97
2023-06-27 15:05:00+00:00,32.58,32.58,0.0,19.96,2.83
2023-06-27 16:05:00+00:00,0.0,0.0,0.0,19.06,2.34
2023-06-27 17:05:00+00:00,0.0,0.0,0.0,18.44,2.34
2023-06-27 18:05:00+00:00,0.0,0.0,0.0,17.8,1.72
2023-06-27 19:05:00+00:00,0.0,0.0,0.0,17.42,1.59
2023-06-27 20:05:00+00:00,0.0,0.0,0.0,16.89,1.17
2023-06-27 21:05:00+00:00,0.0,0.0,0.0,16.47,1.03
2023-06-27 22:05:00+00:00,0.0,0.0,0.0,15.89,1.03
2023-06-27 23:05:00+00:00,0.0,0.0,0.0,15.58,0.97
2023-06-28 00:05:00+00:00,0.0,0.0,0.0,15.31,1.03
2023-06-28 01:05:00+00:00,0.0,0.0,0.0,15.16,1.03
2023-06-28 02:05:00+00:00,0.0,0.0,0.0,15.0,1.17
2023-06-28 03:05:00+00:00,0.0,0.0,0.0,14.85,1.24
2023-06-28 04:05:00+00:00,27.15,27.15,0.0,14.31,1.17
2023-06-28 05:05:00+00:00,106.53,107.36,0.83,15.39,1.38
2023-06-28 06:05:00+00:00,230.63,250.88,20.25,17.46,1.59
2023-06-28 07:05:00+00:00,316.26,395.57,79.31,19.31,1.79
2023-06-28 08:05:00+00:00,342.16999999999996,510.3299999999999,168.16,21.12,1.52
2023-06-28 09:05:00+00:00,313.03,582.69,269.66,21.63,1.59
2023-06-28 10:05:00+00:00,269.65000000000003,592.6200000000001,322.97,22.42,1.86
2023-06-28 11:05:00+00:00,356.09999999999997,502.02,145.92,22.71,2.21
2023-06-28 12:05:00+00:00,320.29,382.83000000000004,62.54,23.18,2.41
2023-06-28 13:05:00+00:00,210.98,290.07,79.09,23.25,2.69
2023-06-28 14:05:00+00:00,113.11,141.56,28.45,22.71,3.1
2023-06-28 15:05:00+00:00,34.39,34.39,0.0,21.73,2.83
2023-06-28 16:05:00+00:00,0.0,0.0,0.0,20.64,2.07
2023-06-28 17:05:00+00:00,0.0,0.0,0.0,19.9,2.14
2023-06-28 18:05:00+00:00,0.0,0.0,0.0,19.24,2.21
2023-06-28 19:05:00+00:00,0.0,0.0,0.0,18.76,2.07
2023-06-28 20:05:00+00:00,0.0,0.0,0.0,18.15,2.14
2023-06-28 21:05:00+00:00,0.0,0.0,0.0,17.36,2.14
2023-06-28 22:05:00+00:00,0.0,0.0,0.0,16.6,1.86
2023-06-28 23:05:00+00:00,0.0,0.0,0.0,15.64,1.79
2023-06-29 00:05:00+00:00,0.0,0.0,0.0,14.9,1.59
2023-06-29 01:05:00+00:00,0.0,0.0,0.0,14.49,1.72
2023-06-29 02:05:00+00:00,0.0,0.0,0.0,14.01,1.45
2023-06-29 03:05:00+00:00,0.0,0.0,0.0,13.74,1.31
2023-06-29 04:05:00+00:00,8.139999999999999,8.139999999999999,0.0,13.41,1.24
2023-06-29 05:05:00+00:00,112.86,114.24,1.38,14.64,1.72
2023-06-29 06:05:00+00:00,230.84,250.12,19.28,16.74,1.72
2023-06-29 07:05:00+00:00,264.37,269.58,5.21,18.46,2.0
2023-06-29 08:05:00+00:00,216.63,216.63,0.0,19.93,2.07
2023-06-29 09:05:00+00:00,397.44,540.31,142.87,20.78,1.86
2023-06-29 10:05:00+00:00,226.67,602.63,375.96,21.57,1.86
2023-06-29 11:05:00+00:00,229.78,542.97,313.19,21.83,2.0
2023-06-29 12:05:00+00:00,224.92000000000002,434.27,209.35,22.25,2.34
2023-06-29 13:05:00+00:00,178.54,294.02,115.48,22.19,2.76
2023-06-29 14:05:00+00:00,121.89,145.6,23.71,21.97,2.9
2023-06-29 15:05:00+00:00,35.290000000000006,35.290000000000006,0.0,21.07,2.9
2023-06-29 16:05:00+00:00,0.0,0.0,0.0,19.86,2.48
2023-06-29 17:05:00+00:00,0.0,0.0,0.0,18.8,2.41
2023-06-29 18:05:00+00:00,0.0,0.0,0.0,17.9,2.28
2023-06-29 19:05:00+00:00,0.0,0.0,0.0,16.78,2.07
2023-06-29 20:05:00+00:00,0.0,0.0,0.0,16.04,1.79
2023-06-29 21:05:00+00:00,0.0,0.0,0.0,15.68,1.52
2023-06-29 22:05:00+00:00,0.0,0.0,0.0,15.43,1.59
2023-06-29 23:05:00+00:00,0.0,0.0,0.0,15.32,1.59
2023-06-30 00:05:00+00:00,0.0,0.0,0.0,15.27,1.52
2023-06-30 01:05:00+00:00,0.0,0.0,0.0,15.09,1.38
2023-06-30 02:05:00+00:00,0.0,0.0,0.0,14.96,1.31
2023-06-30 03:05:00+00:00,0.0,0.0,0.0,14.92,1.31
2023-06-30 04:05:00+00:00,5.43,5.43,0.0,14.74,1.31
2023-06-30 05:05:00+00:00,32.17,32.17,0.0,15.16,1.45
2023-06-30 06:05:00+00:00,75.67999999999999,75.67999999999999,0.0,16.39,1.72
2023-06-30 07:05:00+00:00,102.17,102.17,0.0,17.57,2.07
2023-06-30 08:05:00+00:00,187.3,187.3,0.0,18.66,2.0
2023-06-30 09:05:00+00:00,311.08,313.62,2.54,19.32,1.93
2023-06-30 10:05:00+00:00,212.84,212.84,0.0,20.71,2.07
2023-06-30 11:05:00+00:00,0.0,0.0,0.0,21.11,2.28
2023-06-30 12:05:00+00:00,111.62,111.62,0.0,21.39,2.62
2023-06-30 13:05:00+00:00,216.95000000000002,225.9,8.95,21.43,2.69
2023-06-30 14:05:00+00:00,129.18,148.05,18.87,21.15,2.76
2023-06-30 15:05:00+00:00,24.43,24.43,0.0,20.65,2.76
2023-06-30 16:05:00+00:00,0.0,0.0,0.0,19.83,2.21
2023-06-30 17:05:00+00:00,0.0,0.0,0.0,19.18,2.14
2023-06-30 18:05:00+00:00,0.0,0.0,0.0,18.59,2.83
2023-06-30 19:05:00+00:00,0.0,0.0,0.0,17.48,2.41
2023-06-30 20:05:00+00:00,0.0,0.0,0.0,16.48,2.69
2023-06-30 21:05:00+00:00,0.0,0.0,0.0,15.55,1.66
2023-06-30 22:05:00+00:00,0.0,0.0,0.0,14.98,1.31
2023-06-30 23:05:00+00:00,0.0,0.0,0.0,14.5,1.17
2023-07-01 00:05:00+00:00,0.0,0.0,0.0,14.24,1.1
2023-07-01 01:05:00+00:00,0.0,0.0,0.0,14.0,1.1
2023-07-01 02:05:00+00:00,0.0,0.0,0.0,13.8,1.24
2023-07-01 03:05:00+00:00,0.0,0.0,0.0,13.59,1.31
2023-07-01 04:05:00+00:00,12.67,12.67,0.0,13.62,1.38
2023-07-01 05:05:00+00:00,58.65,58.65,0.0,14.67,1.86
2023-07-01 06:05:00+00:00,94.60000000000001,94.60000000000001,0.0,15.92,2.0
2023-07-01 07:05:00+00:00,162.70000000000002,162.70000000000002,0.0,17.79,2.21
2023-07-01 08:05:00+00:00,161.76,161.76,0.0,19.06,1.93
2023-07-01 09:05:00+00:00,135.28,135.28,0.0,19.74,1.72
2023-07-01 10:05:00+00:00,145.68,145.68,0.0,20.05,2.07
2023-07-01 11:05:00+00:00,221.35999999999999,221.35999999999999,0.0,20.42,2.0
2023-07-01 12:05:00+00:00,280.06,288.79,8.73,20.63,2.07
2023-07-01 13:05:00+00:00,177.64000000000001,179.14000000000001,1.5,21.05,2.48
2023-07-01 14:05:00+00:00,75.67999999999999,75.67999999999999,0.0,20.4,2.9
2023-07-01 15:05:00+00:00,13.569999999999999,13.569999999999999,0.0,19.65,2.9
2023-07-01 16:05:00+00:00,0.0,0.0,0.0,18.67,2.69
2023-07-01 17:05:00+00:00,0.0,0.0,0.0,17.81,2.83
2023-07-01 18:05:00+00:00,0.0,0.0,0.0,16.95,2.76
2023-07-01 19:05:00+00:00,0.0,0.0,0.0,16.39,2.62
2023-07-01 20:05:00+00:00,0.0,0.0,0.0,15.96,2.76
2023-07-01 21:05:00+00:00,0.0,0.0,0.0,15.75,2.28
2023-07-01 22:05:00+00:00,0.0,0.0,0.0,15.49,1.93
2023-07-01 23:05:00+00:00,0.0,0.0,0.0,15.29,1.52
2023-07-02 00:05:00+00:00,0.0,0.0,0.0,15.1,1.31
2023-07-02 01:05:00+00:00,0.0,0.0,0.0,14.84,1.24
2023-07-02 02:05:00+00:00,0.0,0.0,0.0,14.73,1.17
2023-07-02 03:05:00+00:00,0.0,0.0,0.0,14.55,1.17
2023-07-02 04:05:00+00:00,8.139999999999999,8.139999999999999,0.0,14.49,1.17
2023-07-02 05:05:00+00:00,43.519999999999996,43.519999999999996,0.0,14.72,1.17
2023-07-02 06:05:00+00:00,105.00999999999999,105.00999999999999,0.0,15.7,1.52
2023-07-02 07:05:00+00:00,107.84,107.84,0.0,17.16,1.79
2023-07-02 08:05:00+00:00,124.86999999999999,124.86999999999999,0.0,18.62,1.93
2023-07-02 09:05:00+00:00,174.07,174.07,0.0,19.77,1.93
2023-07-02 10:05:00+00:00,212.84,212.84,0.0,19.9,2.07
2023-07-02 11:05:00+00:00,195.81,195.81,0.0,19.98,2.48
2023-07-02 12:05:00+00:00,195.81,195.81,0.0,20.26,2.76
2023-07-02 13:05:00+00:00,98.38,98.38,0.0,20.17,2.83
2023-07-02 14:05:00+00:00,125.35000000000001,128.23000000000002,2.88,20.07,2.97
2023-07-02 15:05:00+00:00,35.290000000000006,35.290000000000006,0.0,19.57,2.76
2023-07-02 16:05:00+00:00,0.0,0.0,0.0,18.4,2.41
2023-07-02 17:05:00+00:00,0.0,0.0,0.0,17.56,2.41
2023-07-02 18:05:00+00:00,0.0,0.0,0.0,16.91,2.34
2023-07-02 19:05:00+00:00,0.0,0.0,0.0,16.54,2.14
2023-07-02 20:05:00+00:00,0.0,0.0,0.0,15.87,2.34
2023-07-02 21:05:00+00:00,0.0,0.0,0.0,15.34,2.28
2023-07-02 22:05:00+00:00,0.0,0.0,0.0,14.65,1.86
2023-07-02 23:05:00+00:00,0.0,0.0,0.0,14.08,1.45
2023-07-03 00:05:00+00:00,0.0,0.0,0.0,13.87,1.24
2023-07-03 01:05:00+00:00,0.0,0.0,0.0,13.78,1.24
2023-07-03 02:05:00+00:00,0.0,0.0,0.0,13.89,1.38
2023-07-03 03:05:00+00:00,0.0,0.0,0.0,13.81,1.59
2023-07-03 04:05:00+00:00,23.53,23.53,0.0,13.69,1.66
2023-07-03 05:05:00+00:00,72.84,72.84,0.0,14.27,1.86
2023-07-03 06:05:00+00:00,166.43,166.93,0.5,15.42,2.28
2023-07-03 07:05:00+00:00,93.66,93.66,0.0,17.25,2.07
2023-07-03 08:05:00+00:00,212.84,212.84,0.0,18.44,2.14
2023-07-03 09:05:00+00:00,260.14,260.14,0.0,19.12,2.14
2023-07-03 10:05:00+00:00,350.40999999999997,358.7,8.29,19.43,2.21
2023-07-03 11:05:00+00:00,350.52000000000004,367.32000000000005,16.8,19.83,2.21
2023-07-03 12:05:00+00:00,292.83,305.68,12.85,20.26,2.28
2023-07-03 13:05:00+00:00,238.14,273.27,35.13,20.01,2.21
2023-07-03 14:05:00+00:00,85.14,85.14,0.0,19.94,2.55
2023-07-03 15:05:00+00:00,21.72,21.72,0.0,19.48,2.48
2023-07-03 16:05:00+00:00,0.0,0.0,0.0,18.61,2.48
2023-07-03 17:05:00+00:00,0.0,0.0,0.0,17.6,2.69
2023-07-03 18:05:00+00:00,0.0,0.0,0.0,16.68,2.83
2023-07-03 19:05:00+00:00,0.0,0.0,0.0,16.6,3.17
2023-07-03 20:05:00+00:00,0.0,0.0,0.0,16.0,3.31
2023-07-03 21:05:00+00:00,0.0,0.0,0.0,15.41,2.76
2023-07-03 22:05:00+00:00,0.0,0.0,0.0,14.99,2.55
2023-07-03 23:05:00+00:00,0.0,0.0,0.0,14.56,1.72
2023-07-04 00:05:00+00:00,0.0,0.0,0.0,14.19,1.79
2023-07-04 01:05:00+00:00,0.0,0.0,0.0,14.1,1.66
2023-07-04 02:05:00+00:00,0.0,0.0,0.0,14.0,1.45
2023-07-04 03:05:00+00:00,0.0,0.0,0.0,13.92,1.31
2023-07-04 04:05:00+00:00,7.24,7.24,0.0,13.91,1.1
2023-07-04 05:05:00+00:00,26.49,26.49,0.0,14.3,1.45
2023-07-04 06:05:00+00:00,55.81,55.81,0.0,15.19,1.79
2023-07-04 07:05:00+00:00,102.17,102.17,0.0,16.17,2.21
2023-07-04 08:05:00+00:00,229.88,229.88,0.0,17.37,2.28
2023-07-04 09:05:00+00:00,416.13,474.24,58.11,18.4,2.48
2023-07-04 10:05:00+00:00,312.03000000000003,314.59000000000003,2.56,19.1,2.62
2023-07-04 11:05:00+00:00,150.41,150.41,0.0,19.24,2.69
2023-07-04 12:05:00+00:00,122.97999999999999,122.97999999999999,0.0,19.48,2.62
2023-07-04 13:05:00+00:00,187.89,190.41,2.52,19.33,2.48
2023-07-04 14:05:00+00:00,92.7,92.7,0.0,19.23,2.55
2023-07-04 15:05:00+00:00,23.53,23.53,0.0,18.89,2.41
2023-07-04 16:05:00+00:00,0.0,0.0,0.0,18.32,1.93
2023-07-04 17:05:00+00:00,0.0,0.0,0.0,17.52,1.79
2023-07-04 18:05:00+00:00,0.0,0.0,0.0,16.66,1.79
2023-07-04 19:05:00+00:00,0.0,0.0,0.0,16.11,1.66
2023-07-04 20:05:00+00:00,0.0,0.0,0.0,15.36,1.79
2023-07-04 21:05:00+00:00,0.0,0.0,0.0,14.63,1.59
2023-07-04 22:05:00+00:00,0.0,0.0,0.0,14.1,1.24
2023-07-04 23:05:00+00:00,0.0,0.0,0.0,13.56,1.1
2023-07-05 00:05:00+00:00,0.0,0.0,0.0,13.12,1.1
2023-07-05 01:05:00+00:00,0.0,0.0,0.0,12.84,1.17
2023-07-05 02:05:00+00:00,0.0,0.0,0.0,12.91,1.24
2023-07-05 03:05:00+00:00,0.0,0.0,0.0,12.85,1.31
2023-07-05 04:05:00+00:00,5.43,5.43,0.0,12.92,1.45
2023-07-05 05:05:00+00:00,40.68,40.68,0.0,13.69,1.59
2023-07-05 06:05:00+00:00,72.84,72.84,0.0,15.13,1.38
2023-07-05 07:05:00+00:00,0.0,0.0,0.0,16.6,1.45
2023-07-05 08:05:00+00:00,178.79,178.79,0.0,17.82,1.24
2023-07-05 09:05:00+00:00,213.79,213.79,0.0,18.38,1.1
2023-07-05 10:05:00+00:00,312.98,315.54,2.56,19.42,1.03
2023-07-05 11:05:00+00:00,363.19,386.29,23.1,19.94,1.03
2023-07-05 12:05:00+00:00,200.55,200.55,0.0,20.35,1.31
2023-07-05 13:05:00+00:00,236.23,257.96999999999997,21.74,21.14,1.79
2023-07-05 14:05:00+00:00,129.64,133.51,3.87,20.61,2.41
2023-07-05 15:05:00+00:00,38.010000000000005,38.010000000000005,0.0,19.79,2.62
2023-07-05 16:05:00+00:00,0.0,0.0,0.0,18.89,2.21
2023-07-05 17:05:00+00:00,0.0,0.0,0.0,18.27,1.86
2023-07-05 18:05:00+00:00,0.0,0.0,0.0,17.66,1.66
2023-07-05 19:05:00+00:00,0.0,0.0,0.0,17.03,1.24
2023-07-05 20:05:00+00:00,0.0,0.0,0.0,16.61,1.24
2023-07-05 21:05:00+00:00,0.0,0.0,0.0,15.95,1.31
2023-07-05 22:05:00+00:00,0.0,0.0,0.0,15.31,1.31
2023-07-05 23:05:00+00:00,0.0,0.0,0.0,14.65,1.31
2023-07-06 00:05:00+00:00,0.0,0.0,0.0,14.17,1.24
2023-07-06 01:05:00+00:00,0.0,0.0,0.0,13.7,1.17
2023-07-06 02:05:00+00:00,0.0,0.0,0.0,13.31,1.03
2023-07-06 03:05:00+00:00,0.0,0.0,0.0,13.15,0.97
2023-07-06 04:05:00+00:00,19.91,19.91,0.0,13.07,0.83
2023-07-06 05:05:00+00:00,95.44,95.72,0.28,13.95,0.83
2023-07-06 06:05:00+00:00,87.03,87.03,0.0,15.64,0.76
2023-07-06 07:05:00+00:00,218.48000000000002,219.07000000000002,0.59,16.71,1.1
2023-07-06 08:05:00+00:00,265.75,267.0,1.25,17.98,1.31
2023-07-06 09:05:00+00:00,168.38,168.38,0.0,18.43,1.59
2023-07-06 10:05:00+00:00,342.01,349.06,7.05,19.04,1.72
2023-07-06 11:05:00+00:00,308.52,534.36,225.84,19.03,2.0
2023-07-06 12:05:00+00:00,175.01,175.01,0.0,18.78,2.21
2023-07-06 13:05:00+00:00,232.43,289.27,56.84,18.7,2.48
2023-07-06 14:05:00+00:00,129.51,133.73,4.22,18.51,2.48
2023-07-06 15:05:00+00:00,35.290000000000006,35.290000000000006,0.0,18.39,2.14
2023-07-06 16:05:00+00:00,0.0,0.0,0.0,17.88,1.72
2023-07-06 17:05:00+00:00,0.0,0.0,0.0,17.38,1.59
2023-07-06 18:05:00+00:00,0.0,0.0,0.0,17.06,1.59
2023-07-06 19:05:00+00:00,0.0,0.0,0.0,16.66,1.59
2023-07-06 20:05:00+00:00,0.0,0.0,0.0,16.38,1.52
2023-07-06 21:05:00+00:00,0.0,0.0,0.0,16.13,1.52
2023-07-06 22:05:00+00:00,0.0,0.0,0.0,15.86,1.59
2023-07-06 23:05:00+00:00,0.0,0.0,0.0,15.51,1.52
2023-07-07 00:05:00+00:00,0.0,0.0,0.0,15.06,1.45
2023-07-07 01:05:00+00:00,0.0,0.0,0.0,14.71,1.45
2023-07-07 02:05:00+00:00,0.0,0.0,0.0,14.46,1.45
2023-07-07 03:05:00+00:00,0.0,0.0,0.0,14.23,1.24
2023-07-07 04:05:00+00:00,4.53,4.53,0.0,14.16,1.45
2023-07-07 05:05:00+00:00,23.639999999999997,23.639999999999997,0.0,14.45,1.59
2023-07-07 06:05:00+00:00,42.57,42.57,0.0,15.4,1.66
2023-07-07 07:05:00+00:00,72.84,72.84,0.0,15.52,2.41
2023-07-07 08:05:00+00:00,122.03,122.03,0.0,16.52,2.76
2023-07-07 09:05:00+00:00,370.71999999999997,386.11999999999995,15.4,17.36,2.55
2023-07-07 10:05:00+00:00,133.38,133.38,0.0,18.41,2.48
2023-07-07 11:05:00+00:00,93.66,93.66,0.0,19.32,2.48
2023-07-07 12:05:00+00:00,85.14,85.14,0.0,19.69,2.9
2023-07-07 13:05:00+00:00,157.92,158.42999999999998,0.51,19.79,3.03
2023-07-07 14:05:00+00:00,107.50999999999999,108.42999999999999,0.92,19.51,2.83
2023-07-07 15:05:00+00:00,27.15,27.15,0.0,18.96,2.76
2023-07-07 16:05:00+00:00,0.0,0.0,0.0,18.19,2.62
2023-07-07 17:05:00+00:00,0.0,0.0,0.0,17.53,2.62
2023-07-07 18:05:00+00:00,0.0,0.0,0.0,16.96,2.69
2023-07-07 19:05:00+00:00,0.0,0.0,0.0,16.42,1.59
2023-07-07 20:05:00+00:00,0.0,0.0,0.0,16.01,1.59
2023-07-07 21:05:00+00:00,0.0,0.0,0.0,15.48,1.66
2023-07-07 22:05:00+00:00,0.0,0.0,0.0,15.01,1.66
2023-07-07 23:05:00+00:00,0.0,0.0,0.0,14.7,1.72
2023-07-08 00:05:00+00:00,0.0,0.0,0.0,14.41,1.79
2023-07-08 01:05:00+00:00,0.0,0.0,0.0,14.09,1.45
2023-07-08 02:05:00+00:00,0.0,0.0,0.0,13.71,1.17
2023-07-08 03:05:00+00:00,0.0,0.0,0.0,13.48,1.1
2023-07-08 04:05:00+00:00,25.349999999999998,25.349999999999998,0.0,13.33,1.1
2023-07-08 05:05:00+00:00,35.949999999999996,35.949999999999996,0.0,13.93,1.17
2023-07-08 06:05:00+00:00,89.86999999999999,89.86999999999999,0.0,15.44,1.52
2023-07-08 07:05:00+00:00,318.39,354.25,35.86,16.4,2.21
2023-07-08 08:05:00+00:00,383.13,435.13,52.0,17.61,2.55
2023-07-08 09:05:00+00:00,390.81,415.23,24.42,19.08,2.55
2023-07-08 10:05:00+00:00,287.54999999999995,288.18999999999994,0.64,20.26,2.34
2023-07-08 11:05:00+00:00,358.75,379.48,20.73,20.53,2.41
2023-07-08 12:05:00+00:00,211.9,211.9,0.0,20.49,2.69
2023-07-08 13:05:00+00:00,183.32,184.85999999999999,1.54,20.38,2.97
2023-07-08 14:05:00+00:00,133.35999999999999,154.39999999999998,21.04,20.07,3.17
2023-07-08 15:05:00+00:00,31.68,31.68,0.0,19.3,3.1
2023-07-08 16:05:00+00:00,0.0,0.0,0.0,17.95,2.76
2023-07-08 17:05:00+00:00,0.0,0.0,0.0,16.76,2.69
2023-07-08 18:05:00+00:00,0.0,0.0,0.0,15.79,2.14
2023-07-08 19:05:00+00:00,0.0,0.0,0.0,15.32,1.79
2023-07-08 20:05:00+00:00,0.0,0.0,0.0,14.41,1.31
2023-07-08 21:05:00+00:00,0.0,0.0,0.0,13.75,1.17
2023-07-08 22:05:00+00:00,0.0,0.0,0.0,13.23,1.17
2023-07-08 23:05:00+00:00,0.0,0.0,0.0,12.78,1.17
2023-07-09 00:05:00+00:00,0.0,0.0,0.0,12.2,1.17
2023-07-09 01:05:00+00:00,0.0,0.0,0.0,11.9,1.1
2023-07-09 02:05:00+00:00,0.0,0.0,0.0,11.71,1.1
2023-07-09 03:05:00+00:00,0.0,0.0,0.0,11.36,1.1
2023-07-09 04:05:00+00:00,7.24,7.24,0.0,11.05,1.03
2023-07-09 05:05:00+00:00,112.06,113.22,1.16,13.51,0.83
2023-07-09 06:05:00+00:00,223.91,290.69,66.78,15.84,1.03
2023-07-09 07:05:00+00:00,111.25,458.31,347.06,17.94,1.31
2023-07-09 08:05:00+00:00,309.37,537.88,228.51,19.81,2.0
2023-07-09 09:05:00+00:00,252.22000000000003,614.73,362.51,21.55,2.41
2023-07-09 10:05:00+00:00,240.12,619.6700000000001,379.55,22.45,2.28
2023-07-09 11:05:00+00:00,284.62,550.89,266.27,23.04,2.0
2023-07-09 12:05:00+00:00,265.86,443.73,177.87,23.37,2.0
2023-07-09 13:05:00+00:00,203.24,307.6,104.36,23.5,2.14
2023-07-09 14:05:00+00:00,69.38,135.22,65.84,23.26,2.34
2023-07-09 15:05:00+00:00,28.060000000000002,28.060000000000002,0.0,22.16,2.41
2023-07-09 16:05:00+00:00,0.0,0.0,0.0,20.12,2.21
2023-07-09 17:05:00+00:00,0.0,0.0,0.0,18.52,1.93
2023-07-09 18:05:00+00:00,0.0,0.0,0.0,17.16,1.59
2023-07-09 19:05:00+00:00,0.0,0.0,0.0,15.95,1.52
2023-07-09 20:05:00+00:00,0.0,0.0,0.0,14.9,1.45
2023-07-09 21:05:00+00:00,0.0,0.0,0.0,14.11,1.31
2023-07-09 22:05:00+00:00,0.0,0.0,0.0,13.39,1.17
2023-07-09 23:05:00+00:00,0.0,0.0,0.0,12.93,1.03
2023-07-10 00:05:00+00:00,0.0,0.0,0.0,12.5,0.76
2023-07-10 01:05:00+00:00,0.0,0.0,0.0,12.53,0.41
2023-07-10 02:05:00+00:00,0.0,0.0,0.0,12.36,0.21
2023-07-10 03:05:00+00:00,0.0,0.0,0.0,12.02,0.21
2023-07-10 04:05:00+00:00,30.78,30.78,0.0,11.64,0.21
2023-07-10 05:05:00+00:00,68.48,124.74000000000001,56.26,13.62,0.21
2023-07-10 06:05:00+00:00,101.1,299.12,198.02,17.13,0.69
2023-07-10 07:05:00+00:00,97.03,466.23,369.2,19.43,0.9
2023-07-10 08:05:00+00:00,93.84,591.46,497.62,21.43,1.17
2023-07-10 09:05:00+00:00,119.38,648.41,529.03,23.11,1.38
2023-07-10 10:05:00+00:00,153.5,639.06,485.56,24.36,1.59
2023-07-10 11:05:00+00:00,129.79,584.67,454.88,25.09,1.72
2023-07-10 12:05:00+00:00,176.39,461.81,285.42,25.41,1.79
2023-07-10 13:05:00+00:00,95.37,312.8,217.43,25.45,2.0
2023-07-10 14:05:00+00:00,116.91,154.4,37.49,25.12,2.28
2023-07-10 15:05:00+00:00,39.82,39.82,0.0,24.11,2.14
2023-07-10 16:05:00+00:00,0.0,0.0,0.0,22.25,2.07
2023-07-10 17:05:00+00:00,0.0,0.0,0.0,20.68,2.21
2023-07-10 18:05:00+00:00,0.0,0.0,0.0,19.32,2.21
2023-07-10 19:05:00+00:00,0.0,0.0,0.0,18.1,2.07
2023-07-10 20:05:00+00:00,0.0,0.0,0.0,17.01,1.79
2023-07-10 21:05:00+00:00,0.0,0.0,0.0,15.96,1.59
2023-07-10 22:05:00+00:00,0.0,0.0,0.0,15.08,1.59
2023-07-10 23:05:00+00:00,0.0,0.0,0.0,14.45,1.52
2023-07-11 00:05:00+00:00,0.0,0.0,0.0,13.73,1.31
2023-07-11 01:05:00+00:00,0.0,0.0,0.0,13.17,1.17
2023-07-11 02:05:00+00:00,0.0,0.0,0.0,12.48,1.03
2023-07-11 03:05:00+00:00,0.0,0.0,0.0,12.11,0.76
2023-07-11 04:05:00+00:00,33.49,33.49,0.0,12.49,0.48
2023-07-11 05:05:00+00:00,69.3,126.1,56.8,14.27,0.28
2023-07-11 06:05:00+00:00,98.61,300.46,201.85,17.46,0.48
2023-07-11 07:05:00+00:00,107.94999999999999,464.52,356.57,19.52,0.76
2023-07-11 08:05:00+00:00,134.01,578.51,444.5,21.42,0.97
2023-07-11 09:05:00+00:00,258.89,618.98,360.09,23.04,1.45
2023-07-11 10:05:00+00:00,341.92,598.8,256.88,24.21,1.86
2023-07-11 11:05:00+00:00,182.13,576.75,394.62,24.35,1.93
2023-07-11 12:05:00+00:00,115.11,472.37,357.26,24.53,2.14
2023-07-11 13:05:00+00:00,189.48,312.98,123.5,24.64,2.21
2023-07-11 14:05:00+00:00,40.68,40.68,0.0,24.41,2.28
2023-07-11 15:05:00+00:00,34.39,34.39,0.0,23.54,2.21
2023-07-11 16:05:00+00:00,0.0,0.0,0.0,21.87,2.28
2023-07-11 17:05:00+00:00,0.0,0.0,0.0,20.34,2.62
2023-07-11 18:05:00+00:00,0.0,0.0,0.0,18.89,2.48
2023-07-11 19:05:00+00:00,0.0,0.0,0.0,17.74,2.41
2023-07-11 20:05:00+00:00,0.0,0.0,0.0,16.63,2.0
2023-07-11 21:05:00+00:00,0.0,0.0,0.0,15.72,1.66
2023-07-11 22:05:00+00:00,0.0,0.0,0.0,15.17,1.52
2023-07-11 23:05:00+00:00,0.0,0.0,0.0,14.81,1.45
2023-07-12 00:05:00+00:00,0.0,0.0,0.0,14.59,1.38
2023-07-12 01:05:00+00:00,0.0,0.0,0.0,14.51,1.31
2023-07-12 02:05:00+00:00,0.0,0.0,0.0,14.43,1.24
2023-07-12 03:05:00+00:00,0.0,0.0,0.0,14.47,1.24
2023-07-12 04:05:00+00:00,8.139999999999999,8.139999999999999,0.0,14.41,1.17
2023-07-12 05:05:00+00:00,101.94,102.53,0.59,15.25,1.24
2023-07-12 06:05:00+00:00,180.48,182.01999999999998,1.54,16.39,1.31
2023-07-12 07:05:00+00:00,311.5,335.26,23.76,18.51,1.59
2023-07-12 08:05:00+00:00,278.05,279.31,1.26,19.66,1.59
2023-07-12 09:05:00+00:00,418.84999999999997,471.33,52.48,20.33,1.93
2023-07-12 10:05:00+00:00,254.46,254.46,0.0,21.51,2.21
2023-07-12 11:05:00+00:00,377.7,409.4,31.7,21.5,2.55
2023-07-12 12:05:00+00:00,221.32,221.92,0.6,21.97,2.69
2023-07-12 13:05:00+00:00,205.82000000000002,310.11,104.29,21.67,2.9
2023-07-12 14:05:00+00:00,121.31,123.27,1.96,21.44,3.17
2023-07-12 15:05:00+00:00,40.72,40.72,0.0,20.53,3.1
2023-07-12 16:05:00+00:00,0.0,0.0,0.0,19.41,2.9
2023-07-12 17:05:00+00:00,0.0,0.0,0.0,18.36,2.83
2023-07-12 18:05:00+00:00,0.0,0.0,0.0,17.47,2.48
2023-07-12 19:05:00+00:00,0.0,0.0,0.0,16.86,2.21
2023-07-12 20:05:00+00:00,0.0,0.0,0.0,15.94,1.93
2023-07-12 21:05:00+00:00,0.0,0.0,0.0,15.21,1.59
2023-07-12 22:05:00+00:00,0.0,0.0,0.0,14.65,1.38
2023-07-12 23:05:00+00:00,0.0,0.0,0.0,14.1,1.24
2023-07-13 00:05:00+00:00,0.0,0.0,0.0,13.85,1.24
2023-07-13 01:05:00+00:00,0.0,0.0,0.0,13.61,1.17
2023-07-13 02:05:00+00:00,0.0,0.0,0.0,13.59,1.03
2023-07-13 03:05:00+00:00,0.0,0.0,0.0,13.63,1.03
2023-07-13 04:05:00+00:00,4.53,4.53,0.0,13.46,0.9
2023-07-13 05:05:00+00:00,49.190000000000005,49.190000000000005,0.0,14.37,1.03
2023-07-13 06:05:00+00:00,236.64,266.96999999999997,30.33,16.13,1.1
2023-07-13 07:05:00+00:00,309.78000000000003,332.42,22.64,17.83,1.79
2023-07-13 08:05:00+00:00,321.17,328.14000000000004,6.97,18.68,1.66
2023-07-13 09:05:00+00:00,248.79000000000002,248.79000000000002,0.0,19.96,1.72
2023-07-13 10:05:00+00:00,259.2,259.2,0.0,20.42,2.0
2023-07-13 11:05:00+00:00,362.05,525.39,163.34,21.1,2.28
2023-07-13 12:05:00+00:00,323.93,355.74,31.81,21.47,2.76
2023-07-13 13:05:00+00:00,202.55999999999997,312.62,110.06,21.23,3.03
2023-07-13 14:05:00+00:00,139.70999999999998,159.23,19.52,20.85,3.17
2023-07-13 15:05:00+00:00,32.58,32.58,0.0,20.31,3.03
2023-07-13 16:05:00+00:00,0.0,0.0,0.0,19.4,2.28
2023-07-13 17:05:00+00:00,0.0,0.0,0.0,18.27,1.86
2023-07-13 18:05:00+00:00,0.0,0.0,0.0,17.45,2.0
2023-07-13 19:05:00+00:00,0.0,0.0,0.0,16.39,2.21
2023-07-13 20:05:00+00:00,0.0,0.0,0.0,15.54,2.21
2023-07-13 21:05:00+00:00,0.0,0.0,0.0,14.73,1.79
2023-07-13 22:05:00+00:00,0.0,0.0,0.0,14.15,1.45
2023-07-13 23:05:00+00:00,0.0,0.0,0.0,13.55,1.38
2023-07-14 00:05:00+00:00,0.0,0.0,0.0,13.18,1.17
2023-07-14 01:05:00+00:00,0.0,0.0,0.0,12.88,1.17
2023-07-14 02:05:00+00:00,0.0,0.0,0.0,12.67,1.1
2023-07-14 03:05:00+00:00,0.0,0.0,0.0,12.45,1.1
2023-07-14 04:05:00+00:00,30.78,30.78,0.0,12.19,1.03
2023-07-14 05:05:00+00:00,95.58,138.16,42.58,13.96,0.9
2023-07-14 06:05:00+00:00,159.47,303.01,143.54,16.12,1.03
2023-07-14 07:05:00+00:00,143.87,459.38,315.51,18.03,1.66
2023-07-14 08:05:00+00:00,274.64,555.3499999999999,280.71,19.26,2.07
2023-07-14 09:05:00+00:00,337.57,601.1700000000001,263.6,20.28,2.14
2023-07-14 10:05:00+00:00,410.84999999999997,446.67999999999995,35.83,21.22,2.14
2023-07-14 11:05:00+00:00,278.06,279.33,1.27,22.37,2.14
2023-07-14 12:05:00+00:00,300.46,314.31,13.85,22.63,2.14
2023-07-14 13:05:00+00:00,193.13000000000002,315.87,122.74,22.79,2.34
2023-07-14 14:05:00+00:00,87.03,87.03,0.0,22.63,2.62
2023-07-14 15:05:00+00:00,40.72,40.72,0.0,21.86,2.55
2023-07-14 16:05:00+00:00,0.0,0.0,0.0,20.32,2.55
2023-07-14 17:05:00+00:00,0.0,0.0,0.0,19.09,2.76
2023-07-14 18:05:00+00:00,0.0,0.0,0.0,17.96,2.83
2023-07-14 19:05:00+00:00,0.0,0.0,0.0,17.34,2.28
2023-07-14 20:05:00+00:00,0.0,0.0,0.0,16.31,2.14
2023-07-14 21:05:00+00:00,0.0,0.0,0.0,15.48,2.0
2023-07-14 22:05:00+00:00,0.0,0.0,0.0,14.7,1.79
2023-07-14 23:05:00+00:00,0.0,0.0,0.0,13.91,1.66
2023-07-15 00:05:00+00:00,0.0,0.0,0.0,13.22,1.66
2023-07-15 01:05:00+00:00,0.0,0.0,0.0,12.69,1.66
2023-07-15 02:05:00+00:00,0.0,0.0,0.0,12.42,1.66
2023-07-15 03:05:00+00:00,0.0,0.0,0.0,12.01,1.59
2023-07-15 04:05:00+00:00,31.68,31.68,0.0,11.81,1.52
2023-07-15 05:05:00+00:00,87.03,87.03,0.0,13.72,1.38
2023-07-15 06:05:00+00:00,229.33,291.07,61.74,16.11,1.93
2023-07-15 07:05:00+00:00,309.51,420.40999999999997,110.9,18.3,3.1
2023-07-15 08:05:00+00:00,316.04,545.28,229.24,19.9,3.24
2023-07-15 09:05:00+00:00,427.0,521.6,94.6,20.98,3.17
2023-07-15 10:05:00+00:00,390.28,580.98,190.7,21.19,3.03
2023-07-15 11:05:00+00:00,389.21,430.75,41.54,21.43,2.9
2023-07-15 12:05:00+00:00,301.42,315.32,13.9,21.37,2.9
2023-07-15 13:05:00+00:00,233.68,307.82,74.14,20.88,2.97
2023-07-15 14:05:00+00:00,136.57000000000002,162.43,25.86,20.74,3.03
2023-07-15 15:05:00+00:00,41.64,41.64,0.0,20.2,2.9
2023-07-15 16:05:00+00:00,0.0,0.0,0.0,18.87,2.41
2023-07-15 17:05:00+00:00,0.0,0.0,0.0,17.58,1.93
2023-07-15 18:05:00+00:00,0.0,0.0,0.0,16.5,1.66
2023-07-15 19:05:00+00:00,0.0,0.0,0.0,15.83,1.86
2023-07-15 20:05:00+00:00,0.0,0.0,0.0,14.91,1.72
2023-07-15 21:05:00+00:00,0.0,0.0,0.0,13.99,1.59
2023-07-15 22:05:00+00:00,0.0,0.0,0.0,13.27,1.59
2023-07-15 23:05:00+00:00,0.0,0.0,0.0,12.65,1.52
2023-07-16 00:05:00+00:00,0.0,0.0,0.0,12.06,1.45
2023-07-16 01:05:00+00:00,0.0,0.0,0.0,11.56,1.38
2023-07-16 02:05:00+00:00,0.0,0.0,0.0,11.24,1.31
2023-07-16 03:05:00+00:00,0.0,0.0,0.0,10.89,1.24
2023-07-16 04:05:00+00:00,6.33,6.33,0.0,10.52,1.1
2023-07-16 05:05:00+00:00,37.839999999999996,37.839999999999996,0.0,13.0,0.83
2023-07-16 06:05:00+00:00,74.73,74.73,0.0,15.61,1.1
2023-07-16 07:05:00+00:00,161.76,161.76,0.0,16.93,1.79
2023-07-16 08:05:00+00:00,216.63,216.63,0.0,18.97,1.72
2023-07-16 09:05:00+00:00,406.43,439.13,32.7,20.54,1.45
2023-07-16 10:05:00+00:00,422.34000000000003,544.12,121.78,21.7,1.31
2023-07-16 11:05:00+00:00,293.35,563.13,269.78,22.37,1.31
2023-07-16 12:05:00+00:00,140.95,478.14,337.19,23.17,1.38
2023-07-16 13:05:00+00:00,199.48,318.75,119.27,23.92,1.59
2023-07-16 14:05:00+00:00,143.57,157.72,14.15,23.77,1.66
2023-07-16 15:05:00+00:00,38.92,38.92,0.0,22.87,1.59
2023-07-16 16:05:00+00:00,0.0,0.0,0.0,20.95,1.86
2023-07-16 17:05:00+00:00,0.0,0.0,0.0,19.35,1.93
2023-07-16 18:05:00+00:00,0.0,0.0,0.0,18.11,1.86
2023-07-16 19:05:00+00:00,0.0,0.0,0.0,16.76,1.72
2023-07-16 20:05:00+00:00,0.0,0.0,0.0,16.03,2.21
2023-07-16 21:05:00+00:00,0.0,0.0,0.0,14.97,2.07
2023-07-16 22:05:00+00:00,0.0,0.0,0.0,14.02,1.59
2023-07-16 23:05:00+00:00,0.0,0.0,0.0,13.19,1.52
2023-07-17 00:05:00+00:00,0.0,0.0,0.0,12.54,1.52
2023-07-17 01:05:00+00:00,0.0,0.0,0.0,12.06,1.38
2023-07-17 02:05:00+00:00,0.0,0.0,0.0,11.58,1.31
2023-07-17 03:05:00+00:00,0.0,0.0,0.0,11.14,1.17
2023-07-17 04:05:00+00:00,7.24,7.24,0.0,10.83,1.03
2023-07-17 05:05:00+00:00,42.57,42.57,0.0,13.06,0.97
2023-07-17 06:05:00+00:00,96.49000000000001,96.49000000000001,0.0,15.59,1.17
2023-07-17 07:05:00+00:00,179.74,179.74,0.0,16.73,1.45
2023-07-17 08:05:00+00:00,194.87,194.87,0.0,18.47,1.38
2023-07-17 09:05:00+00:00,176.89999999999998,176.89999999999998,0.0,19.73,1.31
2023-07-17 10:05:00+00:00,199.60000000000002,199.60000000000002,0.0,20.66,1.31
2023-07-17 11:05:00+00:00,125.81,125.81,0.0,21.81,1.52
2023-07-17 12:05:00+00:00,219.43,220.04000000000002,0.61,22.47,1.93
2023-07-17 13:05:00+00:00,199.21,202.42000000000002,3.21,22.42,2.34
2023-07-17 14:05:00+00:00,126.76,129.56,2.8,22.05,2.9
2023-07-17 15:05:00+00:00,39.82,39.82,0.0,21.09,2.97
2023-07-17 16:05:00+00:00,0.0,0.0,0.0,19.81,2.76
2023-07-17 17:05:00+00:00,0.0,0.0,0.0,18.49,2.34
2023-07-17 18:05:00+00:00,0.0,0.0,0.0,17.53,2.0
2023-07-17 19:05:00+00:00,0.0,0.0,0.0,16.46,1.79
2023-07-17 20:05:00+00:00,0.0,0.0,0.0,15.72,1.93
2023-07-17 21:05:00+00:00,0.0,0.0,0.0,14.98,1.72
2023-07-17 22:05:00+00:00,0.0,0.0,0.0,14.2,1.66
2023-07-17 23:05:00+00:00,0.0,0.0,0.0,13.48,1.59
2023-07-18 00:05:00+00:00,0.0,0.0,0.0,12.9,1.38
2023-07-18 01:05:00+00:00,0.0,0.0,0.0,12.47,1.24
2023-07-18 02:05:00+00:00,0.0,0.0,0.0,12.03,1.17
2023-07-18 03:05:00+00:00,0.0,0.0,0.0,11.82,1.03
2023-07-18 04:05:00+00:00,6.33,6.33,0.0,11.71,0.9
2023-07-18 05:05:00+00:00,42.57,42.57,0.0,13.66,1.1
2023-07-18 06:05:00+00:00,104.05,104.05,0.0,15.75,1.31
2023-07-18 07:05:00+00:00,264.54,268.78000000000003,4.24,17.11,1.86
2023-07-18 08:05:00+00:00,299.69,302.9,3.21,18.65,1.59
2023-07-18 09:05:00+00:00,311.14,313.11,1.97,20.03,1.52
2023-07-18 10:05:00+00:00,290.39,291.05,0.66,21.01,1.59
2023-07-18 11:05:00+00:00,366.53,387.15999999999997,20.63,22.33,1.86
2023-07-18 12:05:00+00:00,326.27,356.21,29.94,23.04,2.21
2023-07-18 13:05:00+00:00,235.89000000000001,311.81,75.92,23.41,2.34
2023-07-18 14:05:00+00:00,115.26,161.77,46.51,23.23,2.62
2023-07-18 15:05:00+00:00,42.54,42.54,0.0,22.27,2.55
2023-07-18 16:05:00+00:00,0.0,0.0,0.0,20.51,2.34
2023-07-18 17:05:00+00:00,0.0,0.0,0.0,19.26,2.34
2023-07-18 18:05:00+00:00,0.0,0.0,0.0,18.08,2.62
2023-07-18 19:05:00+00:00,0.0,0.0,0.0,16.72,1.93
2023-07-18 20:05:00+00:00,0.0,0.0,0.0,15.73,2.0
2023-07-18 21:05:00+00:00,0.0,0.0,0.0,14.92,1.52
2023-07-18 22:05:00+00:00,0.0,0.0,0.0,14.1,1.45
2023-07-18 23:05:00+00:00,0.0,0.0,0.0,13.4,1.31
2023-07-19 00:05:00+00:00,0.0,0.0,0.0,12.84,1.31
2023-07-19 01:05:00+00:00,0.0,0.0,0.0,12.53,1.17
2023-07-19 02:05:00+00:00,0.0,0.0,0.0,12.21,1.17
2023-07-19 03:05:00+00:00,0.0,0.0,0.0,11.86,1.1
2023-07-19 04:05:00+00:00,24.43,24.43,0.0,11.72,1.03
2023-07-19 05:05:00+00:00,43.519999999999996,43.519999999999996,0.0,13.77,0.9
2023-07-19 06:05:00+00:00,226.64000000000001,241.47000000000003,14.83,16.05,1.17
2023-07-19 07:05:00+00:00,314.34,340.47999999999996,26.14,17.93,1.03
2023-07-19 08:05:00+00:00,337.06,347.37,10.31,19.7,0.97
2023-07-19 09:05:00+00:00,425.15,539.22,114.07,21.13,0.9
2023-07-19 10:05:00+00:00,305.32,624.14,318.82,22.34,0.9
2023-07-19 11:05:00+00:00,398.56,467.1,68.54,22.75,0.83
2023-07-19 12:05:00+00:00,114.85,490.77,375.92,22.99,1.24
2023-07-19 13:05:00+00:00,164.04,326.49,162.45,23.72,1.59
2023-07-19 14:05:00+00:00,129.48000000000002,132.72000000000003,3.24,23.3,2.21
2023-07-19 15:05:00+00:00,35.290000000000006,35.290000000000006,0.0,22.38,2.21
2023-07-19 16:05:00+00:00,0.0,0.0,0.0,20.83,1.93
2023-07-19 17:05:00+00:00,0.0,0.0,0.0,19.58,1.93
2023-07-19 18:05:00+00:00,0.0,0.0,0.0,18.47,2.07
2023-07-19 19:05:00+00:00,0.0,0.0,0.0,17.09,1.66
2023-07-19 20:05:00+00:00,0.0,0.0,0.0,16.31,1.52
2023-07-19 21:05:00+00:00,0.0,0.0,0.0,15.41,1.45
2023-07-19 22:05:00+00:00,0.0,0.0,0.0,14.69,1.31
2023-07-19 23:05:00+00:00,0.0,0.0,0.0,14.01,1.24
2023-07-20 00:05:00+00:00,0.0,0.0,0.0,13.43,1.17
2023-07-20 01:05:00+00:00,0.0,0.0,0.0,13.12,1.1
2023-07-20 02:05:00+00:00,0.0,0.0,0.0,12.77,0.97
2023-07-20 03:05:00+00:00,0.0,0.0,0.0,12.5,0.83
2023-07-20 04:05:00+00:00,14.48,14.48,0.0,12.12,0.69
2023-07-20 05:05:00+00:00,76.63000000000001,76.63000000000001,0.0,14.2,0.48
2023-07-20 06:05:00+00:00,176.47,308.6,132.13,16.72,0.34
2023-07-20 07:05:00+00:00,121.64999999999999,473.19,351.54,18.76,0.97
2023-07-20 08:05:00+00:00,149.64,589.02,439.38,20.87,1.45
2023-07-20 09:05:00+00:00,172.05,650.78,478.73,22.8,1.59
2023-07-20 10:05:00+00:00,137.39000000000001,663.65,526.26,24.07,1.66
2023-07-20 11:05:00+00:00,136.92,601.97,465.05,24.77,1.72
2023-07-20 12:05:00+00:00,94.92999999999999,500.02,405.09,24.9,1.66
2023-07-20 13:05:00+00:00,106.9,329.65999999999997,222.76,24.71,1.66
2023-07-20 14:05:00+00:00,144.48,155.44,10.96,24.38,1.66
2023-07-20 15:05:00+00:00,36.21,36.21,0.0,23.53,1.17
2023-07-20 16:05:00+00:00,0.0,0.0,0.0,22.33,0.48
2023-07-20 17:05:00+00:00,0.0,0.0,0.0,20.86,0.9
2023-07-20 18:05:00+00:00,0.0,0.0,0.0,19.59,0.69
2023-07-20 19:05:00+00:00,0.0,0.0,0.0,19.84,1.93
2023-07-20 20:05:00+00:00,0.0,0.0,0.0,18.89,2.48
2023-07-20 21:05:00+00:00,0.0,0.0,0.0,17.87,2.14
2023-07-20 22:05:00+00:00,0.0,0.0,0.0,16.99,1.45
2023-07-20 23:05:00+00:00,0.0,0.0,0.0,16.2,1.31
2023-07-21 00:05:00+00:00,0.0,0.0,0.0,15.59,1.24
2023-07-21 01:05:00+00:00,0.0,0.0,0.0,14.88,1.03
2023-07-21 02:05:00+00:00,0.0,0.0,0.0,14.23,0.97
2023-07-21 03:05:00+00:00,0.0,0.0,0.0,13.83,0.83
2023-07-21 04:05:00+00:00,31.68,31.68,0.0,13.47,0.76
2023-07-21 05:05:00+00:00,82.75,138.65,55.9,15.25,0.62
2023-07-21 06:05:00+00:00,111.23,310.6,199.37,17.79,0.55
2023-07-21 07:05:00+00:00,121.97,473.66999999999996,351.7,19.25,0.9
2023-07-21 08:05:00+00:00,136.97,592.67,455.7,21.05,1.52
2023-07-21 09:05:00+00:00,127.34,664.5,537.16,22.86,1.93
2023-07-21 10:05:00+00:00,239.1,642.08,402.98,24.54,2.14
2023-07-21 11:05:00+00:00,330.34,555.48,225.14,25.45,2.14
2023-07-21 12:05:00+00:00,310.42,441.45000000000005,131.03,25.87,2.21
2023-07-21 13:05:00+00:00,115.08999999999999,330.40999999999997,215.32,25.78,2.14
2023-07-21 14:05:00+00:00,74.21000000000001,153.89000000000001,79.68,25.24,2.28
2023-07-21 15:05:00+00:00,42.54,42.54,0.0,24.17,2.14
2023-07-21 16:05:00+00:00,0.0,0.0,0.0,22.84,1.45
2023-07-21 17:05:00+00:00,0.0,0.0,0.0,21.61,1.31
2023-07-21 18:05:00+00:00,0.0,0.0,0.0,20.44,1.38
2023-07-21 19:05:00+00:00,0.0,0.0,0.0,18.66,2.21
2023-07-21 20:05:00+00:00,0.0,0.0,0.0,17.45,2.41
2023-07-21 21:05:00+00:00,0.0,0.0,0.0,16.45,2.21
2023-07-21 22:05:00+00:00,0.0,0.0,0.0,15.64,1.79
2023-07-21 23:05:00+00:00,0.0,0.0,0.0,14.98,1.59
2023-07-22 00:05:00+00:00,0.0,0.0,0.0,14.36,1.45
2023-07-22 01:05:00+00:00,0.0,0.0,0.0,13.96,1.38
2023-07-22 02:05:00+00:00,0.0,0.0,0.0,13.44,1.38
2023-07-22 03:05:00+00:00,0.0,0.0,0.0,13.27,1.17
2023-07-22 04:05:00+00:00,10.86,10.86,0.0,13.09,1.1
2023-07-22 05:05:00+00:00,52.03,52.03,0.0,14.53,1.24
2023-07-22 06:05:00+00:00,178.60999999999999,180.23,1.62,16.5,1.1
2023-07-22 07:05:00+00:00,307.58,327.27,19.69,17.89,1.24
2023-07-22 08:05:00+00:00,373.53000000000003,402.8,29.27,19.29,1.31
2023-07-22 09:05:00+00:00,424.06,478.6,54.54,19.81,1.24
2023-07-22 10:05:00+00:00,173.10999999999999,173.10999999999999,0.0,21.27,1.38
2023-07-22 11:05:00+00:00,356.61,372.28000000000003,15.67,21.89,1.45
2023-07-22 12:05:00+00:00,336.69,406.82,70.13,21.94,1.45
2023-07-22 13:05:00+00:00,237.16,253.14,15.98,22.3,1.79
2023-07-22 14:05:00+00:00,118.36,166.11,47.75,22.09,1.79
2023-07-22 15:05:00+00:00,39.82,39.82,0.0,21.91,1.72
2023-07-22 16:05:00+00:00,0.0,0.0,0.0,20.89,1.38
2023-07-22 17:05:00+00:00,0.0,0.0,0.0,19.5,1.72
2023-07-22 18:05:00+00:00,0.0,0.0,0.0,18.42,2.21
2023-07-22 19:05:00+00:00,0.0,0.0,0.0,17.57,2.41
2023-07-22 20:05:00+00:00,0.0,0.0,0.0,16.54,2.62
2023-07-22 21:05:00+00:00,0.0,0.0,0.0,15.71,2.14
2023-07-22 22:05:00+00:00,0.0,0.0,0.0,15.14,1.59
2023-07-22 23:05:00+00:00,0.0,0.0,0.0,14.74,1.38
2023-07-23 00:05:00+00:00,0.0,0.0,0.0,14.45,1.38
2023-07-23 01:05:00+00:00,0.0,0.0,0.0,14.49,1.66
2023-07-23 02:05:00+00:00,0.0,0.0,0.0,14.35,1.66
2023-07-23 03:05:00+00:00,0.0,0.0,0.0,14.3,1.66
2023-07-23 04:05:00+00:00,4.53,4.53,0.0,14.38,1.66
2023-07-23 05:05:00+00:00,38.79,38.79,0.0,14.9,1.79
2023-07-23 06:05:00+00:00,83.25,83.25,0.0,15.89,2.07
2023-07-23 07:05:00+00:00,133.38,133.38,0.0,17.9,2.55
2023-07-23 08:05:00+00:00,377.23,407.90000000000003,30.67,19.29,3.17
2023-07-23 09:05:00+00:00,355.3,363.31,8.01,20.37,3.24
2023-07-23 10:05:00+00:00,333.76,337.77,4.01,20.92,3.17
2023-07-23 11:05:00+00:00,211.9,211.9,0.0,21.21,2.97
2023-07-23 12:05:00+00:00,317.06,337.62,20.56,21.45,2.97
2023-07-23 13:05:00+00:00,241.5,260.35,18.85,21.58,2.9
2023-07-23 14:05:00+00:00,49.190000000000005,49.190000000000005,0.0,21.11,2.97
2023-07-23 15:05:00+00:00,19.91,19.91,0.0,20.58,2.9
2023-07-23 16:05:00+00:00,0.0,0.0,0.0,19.37,2.41
2023-07-23 17:05:00+00:00,0.0,0.0,0.0,18.16,2.14
2023-07-23 18:05:00+00:00,0.0,0.0,0.0,17.03,1.72
2023-07-23 19:05:00+00:00,0.0,0.0,0.0,16.28,1.79
2023-07-23 20:05:00+00:00,0.0,0.0,0.0,15.37,1.52
2023-07-23 21:05:00+00:00,0.0,0.0,0.0,14.57,1.45
2023-07-23 22:05:00+00:00,0.0,0.0,0.0,14.14,1.38
2023-07-23 23:05:00+00:00,0.0,0.0,0.0,13.93,1.24
2023-07-24 00:05:00+00:00,0.0,0.0,0.0,13.69,1.24
2023-07-24 01:05:00+00:00,0.0,0.0,0.0,13.59,1.17
2023-07-24 02:05:00+00:00,0.0,0.0,0.0,13.44,1.03
2023-07-24 03:05:00+00:00,0.0,0.0,0.0,13.36,0.83
2023-07-24 04:05:00+00:00,9.96,9.96,0.0,13.25,0.69
2023-07-24 05:05:00+00:00,58.65,58.65,0.0,14.57,0.83
2023-07-24 06:05:00+00:00,174.89999999999998,175.98999999999998,1.09,16.54,0.76
2023-07-24 07:05:00+00:00,194.87,194.87,0.0,18.42,1.1
2023-07-24 08:05:00+00:00,256.33,256.97999999999996,0.65,19.89,1.24
2023-07-24 09:05:00+00:00,232.72,232.72,0.0,21.0,1.38
2023-07-24 10:05:00+00:00,377.58,602.7,225.12,21.26,1.45
2023-07-24 11:05:00+00:00,400.66,473.62,72.96,21.73,1.38
2023-07-24 12:05:00+00:00,274.94,279.95,5.01,22.36,1.66
2023-07-24 13:05:00+00:00,232.10999999999999,244.39,12.28,22.1,2.14
2023-07-24 14:05:00+00:00,144.56,153.85,9.29,21.96,2.48
2023-07-24 15:05:00+00:00,39.82,39.82,0.0,21.33,2.48
2023-07-24 16:05:00+00:00,0.0,0.0,0.0,20.23,1.79
2023-07-24 17:05:00+00:00,0.0,0.0,0.0,19.46,1.1
2023-07-24 18:05:00+00:00,0.0,0.0,0.0,18.75,1.52
2023-07-24 19:05:00+00:00,0.0,0.0,0.0,18.01,1.31
2023-07-24 20:05:00+00:00,0.0,0.0,0.0,17.26,1.52
2023-07-24 21:05:00+00:00,0.0,0.0,0.0,16.63,1.59
2023-07-24 22:05:00+00:00,0.0,0.0,0.0,15.81,1.52
2023-07-24 23:05:00+00:00,0.0,0.0,0.0,15.42,1.31
2023-07-25 00:05:00+00:00,0.0,0.0,0.0,15.17,1.17
2023-07-25 01:05:00+00:00,0.0,0.0,0.0,14.82,1.1
2023-07-25 02:05:00+00:00,0.0,0.0,0.0,14.5,1.1
2023-07-25 03:05:00+00:00,0.0,0.0,0.0,14.13,1.1
2023-07-25 04:05:00+00:00,12.67,12.67,0.0,13.87,1.03
2023-07-25 05:05:00+00:00,37.839999999999996,37.839999999999996,0.0,15.08,1.17
2023-07-25 06:05:00+00:00,91.75999999999999,91.75999999999999,0.0,16.51,1.1
2023-07-25 07:05:00+00:00,104.05,104.05,0.0,18.77,1.45
2023-07-25 08:05:00+00:00,313.8,319.06,5.26,19.19,1.45
2023-07-25 09:05:00+00:00,373.90999999999997,388.01,14.1,19.69,1.52
2023-07-25 10:05:00+00:00,266.77,266.77,0.0,20.66,1.59
2023-07-25 11:05:00+00:00,167.44,167.44,0.0,20.82,1.86
2023-07-25 12:05:00+00:00,271.71000000000004,467.78000000000003,196.07,20.87,2.07
2023-07-25 13:05:00+00:00,203.60000000000002,328.8,125.2,20.6,2.28
2023-07-25 14:05:00+00:00,142.20000000000002,150.44000000000003,8.24,19.93,2.07
2023-07-25 15:05:00+00:00,42.54,42.54,0.0,19.79,1.72
2023-07-25 16:05:00+00:00,0.0,0.0,0.0,19.12,1.1
2023-07-25 17:05:00+00:00,0.0,0.0,0.0,18.44,1.17
2023-07-25 18:05:00+00:00,0.0,0.0,0.0,17.79,1.38
2023-07-25 19:05:00+00:00,0.0,0.0,0.0,17.25,1.38
2023-07-25 20:05:00+00:00,0.0,0.0,0.0,16.29,1.45
2023-07-25 21:05:00+00:00,0.0,0.0,0.0,15.64,1.45
2023-07-25 22:05:00+00:00,0.0,0.0,0.0,14.86,1.59
2023-07-25 23:05:00+00:00,0.0,0.0,0.0,14.27,1.59
2023-07-26 00:05:00+00:00,0.0,0.0,0.0,13.69,1.45
2023-07-26 01:05:00+00:00,0.0,0.0,0.0,13.42,1.31
2023-07-26 02:05:00+00:00,0.0,0.0,0.0,13.21,1.1
2023-07-26 03:05:00+00:00,0.0,0.0,0.0,12.99,1.03
2023-07-26 04:05:00+00:00,5.43,5.43,0.0,12.89,0.83
2023-07-26 05:05:00+00:00,41.620000000000005,41.620000000000005,0.0,14.1,0.9
2023-07-26 06:05:00+00:00,126.77,126.77,0.0,16.04,0.48
2023-07-26 07:05:00+00:00,187.3,187.3,0.0,17.62,0.97
2023-07-26 08:05:00+00:00,125.81,125.81,0.0,18.81,1.24
2023-07-26 09:05:00+00:00,294.18,294.85,0.67,20.4,1.52
2023-07-26 10:05:00+00:00,280.93,281.6,0.67,21.27,1.66
2023-07-26 11:05:00+00:00,377.4,536.26,158.86,21.94,1.79
2023-07-26 12:05:00+00:00,189.45000000000002,490.51,301.06,22.32,1.52
2023-07-26 13:05:00+00:00,132.42000000000002,339.78000000000003,207.36,22.46,1.59
2023-07-26 14:05:00+00:00,77.13,162.74,85.61,22.36,1.86
2023-07-26 15:05:00+00:00,42.54,42.54,0.0,21.65,1.86
2023-07-26 16:05:00+00:00,0.0,0.0,0.0,20.23,1.52
2023-07-26 17:05:00+00:00,0.0,0.0,0.0,18.8,1.52
2023-07-26 18:05:00+00:00,0.0,0.0,0.0,17.61,1.86
2023-07-26 19:05:00+00:00,0.0,0.0,0.0,16.36,1.79
2023-07-26 20:05:00+00:00,0.0,0.0,0.0,15.79,2.0
2023-07-26 21:05:00+00:00,0.0,0.0,0.0,14.97,1.93
2023-07-26 22:05:00+00:00,0.0,0.0,0.0,14.28,1.79
2023-07-26 23:05:00+00:00,0.0,0.0,0.0,13.7,1.72
2023-07-27 00:05:00+00:00,0.0,0.0,0.0,13.23,1.59
2023-07-27 01:05:00+00:00,0.0,0.0,0.0,12.82,1.45
2023-07-27 02:05:00+00:00,0.0,0.0,0.0,12.8,1.38
2023-07-27 03:05:00+00:00,0.0,0.0,0.0,12.74,1.31
2023-07-27 04:05:00+00:00,13.569999999999999,13.569999999999999,0.0,12.71,1.31
2023-07-27 05:05:00+00:00,84.19,84.19,0.0,13.77,1.72
2023-07-27 06:05:00+00:00,148.51999999999998,148.51999999999998,0.0,15.46,1.59
2023-07-27 07:05:00+00:00,329.03000000000003,374.3,45.27,17.39,1.45
2023-07-27 08:05:00+00:00,396.81,487.49,90.68,18.7,1.03
2023-07-27 09:05:00+00:00,405.97,583.72,177.75,19.28,0.9
2023-07-27 10:05:00+00:00,352.15,624.81,272.66,20.34,0.9
2023-07-27 11:05:00+00:00,396.28,442.12,45.84,21.37,0.9
2023-07-27 12:05:00+00:00,246.29000000000002,482.75,236.46,22.03,1.38
2023-07-27 13:05:00+00:00,222.37,230.33,7.96,22.37,2.07
2023-07-27 14:05:00+00:00,95.17,168.28,73.11,22.19,2.48
2023-07-27 15:05:00+00:00,38.92,38.92,0.0,21.48,2.83
2023-07-27 16:05:00+00:00,0.0,0.0,0.0,20.46,2.55
2023-07-27 17:05:00+00:00,0.0,0.0,0.0,19.41,2.07
2023-07-27 18:05:00+00:00,0.0,0.0,0.0,18.56,1.93
2023-07-27 19:05:00+00:00,0.0,0.0,0.0,18.19,2.69
2023-07-27 20:05:00+00:00,0.0,0.0,0.0,17.13,3.17
2023-07-27 21:05:00+00:00,0.0,0.0,0.0,15.99,2.62
2023-07-27 22:05:00+00:00,0.0,0.0,0.0,14.95,2.14
2023-07-27 23:05:00+00:00,0.0,0.0,0.0,14.71,2.07
2023-07-28 00:05:00+00:00,0.0,0.0,0.0,14.46,2.0
2023-07-28 01:05:00+00:00,0.0,0.0,0.0,14.23,1.66
2023-07-28 02:05:00+00:00,0.0,0.0,0.0,14.0,1.59
2023-07-28 03:05:00+00:00,0.0,0.0,0.0,14.03,1.45
2023-07-28 04:05:00+00:00,4.53,4.53,0.0,13.91,1.38
2023-07-28 05:05:00+00:00,27.43,27.43,0.0,14.29,1.45
2023-07-28 06:05:00+00:00,70.0,70.0,0.0,15.04,1.52
2023-07-28 07:05:00+00:00,122.97999999999999,122.97999999999999,0.0,16.51,1.38
2023-07-28 08:05:00+00:00,381.09000000000003,414.31000000000006,33.22,18.23,1.31
2023-07-28 09:05:00+00:00,267.71000000000004,267.71000000000004,0.0,19.01,1.17
2023-07-28 10:05:00+00:00,201.48999999999998,201.48999999999998,0.0,19.32,1.38
2023-07-28 11:05:00+00:00,107.84,107.84,0.0,19.82,1.72
2023-07-28 12:05:00+00:00,133.38,133.38,0.0,20.18,2.0
2023-07-28 13:05:00+00:00,243.6,263.06,19.46,20.42,2.21
2023-07-28 14:05:00+00:00,137.53,143.27,5.74,20.01,2.28
2023-07-28 15:05:00+00:00,29.860000000000003,29.860000000000003,0.0,19.62,2.34
2023-07-28 16:05:00+00:00,0.0,0.0,0.0,18.91,2.07
2023-07-28 17:05:00+00:00,0.0,0.0,0.0,18.27,2.48
2023-07-28 18:05:00+00:00,0.0,0.0,0.0,17.63,2.9
2023-07-28 19:05:00+00:00,0.0,0.0,0.0,17.3,2.55
2023-07-28 20:05:00+00:00,0.0,0.0,0.0,16.59,2.48
2023-07-28 21:05:00+00:00,0.0,0.0,0.0,15.94,2.14
2023-07-28 22:05:00+00:00,0.0,0.0,0.0,15.42,1.79
2023-07-28 23:05:00+00:00,0.0,0.0,0.0,15.08,1.93
2023-07-29 00:05:00+00:00,0.0,0.0,0.0,14.55,1.52
2023-07-29 01:05:00+00:00,0.0,0.0,0.0,14.15,1.31
2023-07-29 02:05:00+00:00,0.0,0.0,0.0,13.61,1.17
2023-07-29 03:05:00+00:00,0.0,0.0,0.0,13.29,1.17
2023-07-29 04:05:00+00:00,7.24,7.24,0.0,13.15,1.17
2023-07-29 05:05:00+00:00,43.519999999999996,43.519999999999996,0.0,14.31,1.59
2023-07-29 06:05:00+00:00,112.57000000000001,112.57000000000001,0.0,16.11,1.59
2023-07-29 07:05:00+00:00,185.42,185.42,0.0,17.93,1.38
2023-07-29 08:05:00+00:00,192.98,192.98,0.0,19.38,1.45
2023-07-29 09:05:00+00:00,379.64000000000004,393.93000000000006,14.29,20.64,1.59
2023-07-29 10:05:00+00:00,428.37,565.96,137.59,21.46,1.79
2023-07-29 11:05:00+00:00,405.83,480.78,74.95,22.06,2.0
2023-07-29 12:05:00+00:00,265.64,268.84,3.2,22.39,2.41
2023-07-29 13:05:00+00:00,228.81,238.6,9.79,22.72,2.69
2023-07-29 14:05:00+00:00,93.7,171.0,77.3,22.38,2.9
2023-07-29 15:05:00+00:00,41.64,41.64,0.0,21.68,2.83
2023-07-29 16:05:00+00:00,0.0,0.0,0.0,20.33,2.28
2023-07-29 17:05:00+00:00,0.0,0.0,0.0,19.08,1.72
2023-07-29 18:05:00+00:00,0.0,0.0,0.0,17.79,1.66
2023-07-29 19:05:00+00:00,0.0,0.0,0.0,16.97,1.59
2023-07-29 20:05:00+00:00,0.0,0.0,0.0,16.03,1.72
2023-07-29 21:05:00+00:00,0.0,0.0,0.0,15.17,1.59
2023-07-29 22:05:00+00:00,0.0,0.0,0.0,14.47,1.45
2023-07-29 23:05:00+00:00,0.0,0.0,0.0,13.96,1.38
2023-07-30 00:05:00+00:00,0.0,0.0,0.0,13.4,1.24
2023-07-30 01:05:00+00:00,0.0,0.0,0.0,13.08,1.1
2023-07-30 02:05:00+00:00,0.0,0.0,0.0,12.85,0.97
2023-07-30 03:05:00+00:00,0.0,0.0,0.0,12.71,0.9
2023-07-30 04:05:00+00:00,11.76,11.76,0.0,12.44,0.83
2023-07-30 05:05:00+00:00,30.27,30.27,0.0,14.28,0.83
2023-07-30 06:05:00+00:00,193.60000000000002,197.01000000000002,3.41,17.04,0.62
2023-07-30 07:05:00+00:00,139.85,493.73,353.88,18.68,0.69
2023-07-30 08:05:00+00:00,146.07999999999998,616.7,470.62,20.39,1.03
2023-07-30 09:05:00+00:00,151.88,683.14,531.26,21.94,1.24
2023-07-30 10:05:00+00:00,377.91,615.78,237.87,22.91,1.45
2023-07-30 11:05:00+00:00,378.84999999999997,546.1099999999999,167.26,23.77,1.45
2023-07-30 12:05:00+00:00,213.79,213.79,0.0,24.26,1.45
2023-07-30 13:05:00+00:00,251.78,281.93,30.15,24.23,1.24
2023-07-30 14:05:00+00:00,66.22,66.22,0.0,23.99,0.83
2023-07-30 15:05:00+00:00,6.33,6.33,0.0,23.39,0.97
2023-07-30 16:05:00+00:00,0.0,0.0,0.0,21.65,1.38
2023-07-30 17:05:00+00:00,0.0,0.0,0.0,20.12,1.86
2023-07-30 18:05:00+00:00,0.0,0.0,0.0,18.74,1.72
2023-07-30 19:05:00+00:00,0.0,0.0,0.0,17.96,1.59
2023-07-30 20:05:00+00:00,0.0,0.0,0.0,17.3,1.38
2023-07-30 21:05:00+00:00,0.0,0.0,0.0,16.78,1.24
2023-07-30 22:05:00+00:00,0.0,0.0,0.0,16.34,1.17
2023-07-30 23:05:00+00:00,0.0,0.0,0.0,15.89,1.03
2023-07-31 00:05:00+00:00,0.0,0.0,0.0,15.38,0.69
2023-07-31 01:05:00+00:00,0.0,0.0,0.0,14.87,0.41
2023-07-31 02:05:00+00:00,0.0,0.0,0.0,14.75,0.48
2023-07-31 03:05:00+00:00,0.0,0.0,0.0,14.35,0.83
2023-07-31 04:05:00+00:00,26.25,26.25,0.0,14.03,0.69
2023-07-31 05:05:00+00:00,113.05,158.13,45.08,15.46,0.41
2023-07-31 06:05:00+00:00,123.59,330.98,207.39,18.23,0.41
2023-07-31 07:05:00+00:00,129.70000000000002,497.47,367.77,19.93,0.41
2023-07-31 08:05:00+00:00,154.29000000000002,616.6700000000001,462.38,22.21,0.97
2023-07-31 09:05:00+00:00,200.98,673.8199999999999,472.84,24.0,1.66
2023-07-31 10:05:00+00:00,147.03,690.98,543.95,25.08,2.34
2023-07-31 11:05:00+00:00,132.66,635.68,503.02,25.51,2.69
2023-07-31 12:05:00+00:00,136.15,513.13,376.98,26.32,3.03
2023-07-31 13:05:00+00:00,179.77,345.52,165.75,26.21,3.24
2023-07-31 14:05:00+00:00,129.93,177.39000000000001,47.46,25.82,3.1
2023-07-31 15:05:00+00:00,11.76,11.76,0.0,24.83,2.0
2023-07-31 16:05:00+00:00,0.0,0.0,0.0,23.3,1.45
2023-07-31 17:05:00+00:00,0.0,0.0,0.0,21.54,2.41
2023-07-31 18:05:00+00:00,0.0,0.0,0.0,19.67,2.34
2023-07-31 19:05:00+00:00,0.0,0.0,0.0,18.37,2.48
2023-07-31 20:05:00+00:00,0.0,0.0,0.0,17.44,2.0
2023-07-31 21:05:00+00:00,0.0,0.0,0.0,16.61,1.66
2023-07-31 22:05:00+00:00,0.0,0.0,0.0,15.91,1.38
2023-07-31 23:05:00+00:00,0.0,0.0,0.0,15.44,1.31
2023-08-01 00:05:00+00:00,0.0,0.0,0.0,14.96,1.24
2023-08-01 01:05:00+00:00,0.0,0.0,0.0,14.47,1.17
2023-08-01 02:05:00+00:00,0.0,0.0,0.0,14.32,1.1
2023-08-01 03:05:00+00:00,0.0,0.0,0.0,14.04,1.03
2023-08-01 04:05:00+00:00,4.53,4.53,0.0,13.8,0.9
2023-08-01 05:05:00+00:00,85.14,85.14,0.0,14.69,0.76
2023-08-01 06:05:00+00:00,164.55,165.13000000000002,0.58,17.06,0.76
2023-08-01 07:05:00+00:00,235.49,236.78,1.29,18.92,1.17
2023-08-01 08:05:00+00:00,299.77000000000004,302.47,2.7,21.01,1.66
2023-08-01 09:05:00+00:00,378.73999999999995,393.17999999999995,14.44,21.74,1.86
2023-08-01 10:05:00+00:00,429.24,563.47,134.23,22.42,2.14
2023-08-01 11:05:00+00:00,405.25,496.63,91.38,22.55,2.69
2023-08-01 12:05:00+00:00,210.0,210.0,0.0,22.91,2.97
2023-08-01 13:05:00+00:00,244.72,264.7,19.98,23.16,3.03
2023-08-01 14:05:00+00:00,73.78999999999999,73.78999999999999,0.0,22.62,3.38
2023-08-01 15:05:00+00:00,23.53,23.53,0.0,21.7,3.45
2023-08-01 16:05:00+00:00,0.0,0.0,0.0,20.42,3.03
2023-08-01 17:05:00+00:00,0.0,0.0,0.0,19.85,2.55
2023-08-01 18:05:00+00:00,0.0,0.0,0.0,19.35,2.48
2023-08-01 19:05:00+00:00,0.0,0.0,0.0,17.6,3.45
2023-08-01 20:05:00+00:00,0.0,0.0,0.0,16.65,3.59
2023-08-01 21:05:00+00:00,0.0,0.0,0.0,15.74,3.38
2023-08-01 22:05:00+00:00,0.0,0.0,0.0,15.43,2.62
2023-08-01 23:05:00+00:00,0.0,0.0,0.0,15.06,1.93
2023-08-02 00:05:00+00:00,0.0,0.0,0.0,14.78,1.59
2023-08-02 01:05:00+00:00,0.0,0.0,0.0,14.58,1.38
2023-08-02 02:05:00+00:00,0.0,0.0,0.0,14.43,1.24
2023-08-02 03:05:00+00:00,0.0,0.0,0.0,14.21,1.24
2023-08-02 04:05:00+00:00,4.53,4.53,0.0,14.12,1.24
2023-08-02 05:05:00+00:00,27.43,27.43,0.0,14.37,1.59
2023-08-02 06:05:00+00:00,110.67999999999999,110.67999999999999,0.0,14.97,1.93
2023-08-02 07:05:00+00:00,167.44,167.44,0.0,16.57,2.48
2023-08-02 08:05:00+00:00,165.54,165.54,0.0,17.94,2.69
2023-08-02 09:05:00+00:00,180.68,180.68,0.0,19.17,2.83
2023-08-02 10:05:00+00:00,302.67,304.05,1.38,19.92,2.62
2023-08-02 11:05:00+00:00,196.76999999999998,196.76999999999998,0.0,20.46,2.48
2023-08-02 12:05:00+00:00,245.89999999999998,247.2,1.3,20.63,2.34
2023-08-02 13:05:00+00:00,56.75,56.75,0.0,20.58,2.41
2023-08-02 14:05:00+00:00,35.01,35.01,0.0,20.52,2.62
2023-08-02 15:05:00+00:00,28.96,28.96,0.0,19.96,2.76
2023-08-02 16:05:00+00:00,0.0,0.0,0.0,19.12,2.62
2023-08-02 17:05:00+00:00,0.0,0.0,0.0,18.45,2.9
2023-08-02 18:05:00+00:00,0.0,0.0,0.0,17.84,2.97
2023-08-02 19:05:00+00:00,0.0,0.0,0.0,17.13,2.55
2023-08-02 20:05:00+00:00,0.0,0.0,0.0,16.78,2.9
2023-08-02 21:05:00+00:00,0.0,0.0,0.0,16.4,3.1
2023-08-02 22:05:00+00:00,0.0,0.0,0.0,16.01,2.76
2023-08-02 23:05:00+00:00,0.0,0.0,0.0,15.72,2.55
2023-08-03 00:05:00+00:00,0.0,0.0,0.0,15.56,1.86
2023-08-03 01:05:00+00:00,0.0,0.0,0.0,15.39,1.72
2023-08-03 02:05:00+00:00,0.0,0.0,0.0,15.28,1.66
2023-08-03 03:05:00+00:00,0.0,0.0,0.0,15.16,1.45
2023-08-03 04:05:00+00:00,21.72,21.72,0.0,14.92,1.24
2023-08-03 05:05:00+00:00,42.57,42.57,0.0,15.04,1.31
2023-08-03 06:05:00+00:00,121.08,121.08,0.0,15.59,1.52
2023-08-03 07:05:00+00:00,194.87,194.87,0.0,16.78,1.45
2023-08-03 08:05:00+00:00,337.31,346.83,9.52,17.66,1.59
2023-08-03 09:05:00+00:00,184.46,184.46,0.0,18.7,1.79
2023-08-03 10:05:00+00:00,103.11,103.11,0.0,19.6,2.28
2023-08-03 11:05:00+00:00,88.92,88.92,0.0,19.92,2.55
2023-08-03 12:05:00+00:00,257.19,259.81,2.62,19.26,2.48
2023-08-03 13:05:00+00:00,228.98,238.51,9.53,18.7,2.14
2023-08-03 14:05:00+00:00,32.17,32.17,0.0,18.5,2.0
2023-08-03 15:05:00+00:00,38.92,38.92,0.0,18.1,1.59
2023-08-03 16:05:00+00:00,0.0,0.0,0.0,17.73,1.45
2023-08-03 17:05:00+00:00,0.0,0.0,0.0,17.4,1.66
2023-08-03 18:05:00+00:00,0.0,0.0,0.0,17.02,2.9
2023-08-03 19:05:00+00:00,0.0,0.0,0.0,16.27,2.76
2023-08-03 20:05:00+00:00,0.0,0.0,0.0,15.78,2.76
2023-08-03 21:05:00+00:00,0.0,0.0,0.0,15.24,2.07
2023-08-03 22:05:00+00:00,0.0,0.0,0.0,14.69,1.52
2023-08-03 23:05:00+00:00,0.0,0.0,0.0,14.32,1.24
2023-08-04 00:05:00+00:00,0.0,0.0,0.0,14.26,1.1
2023-08-04 01:05:00+00:00,0.0,0.0,0.0,14.34,1.17
2023-08-04 02:05:00+00:00,0.0,0.0,0.0,14.32,1.03
2023-08-04 03:05:00+00:00,0.0,0.0,0.0,14.28,0.97
2023-08-04 04:05:00+00:00,16.29,16.29,0.0,14.24,0.83
2023-08-04 05:05:00+00:00,45.4,45.4,0.0,14.56,0.83
2023-08-04 06:05:00+00:00,99.33,99.33,0.0,15.8,0.9
2023-08-04 07:05:00+00:00,131.49,131.49,0.0,16.42,1.52
2023-08-04 08:05:00+00:00,119.2,119.2,0.0,18.17,1.66
2023-08-04 09:05:00+00:00,262.03999999999996,262.03999999999996,0.0,18.93,2.14
2023-08-04 10:05:00+00:00,335.7,339.88,4.18,19.07,2.55
2023-08-04 11:05:00+00:00,180.68,180.68,0.0,19.68,2.76
2023-08-04 12:05:00+00:00,219.47000000000003,219.47000000000003,0.0,19.98,2.9
2023-08-04 13:05:00+00:00,95.53999999999999,95.53999999999999,0.0,20.21,3.17
2023-08-04 14:05:00+00:00,87.98,87.98,0.0,20.01,3.03
2023-08-04 15:05:00+00:00,44.349999999999994,44.349999999999994,0.0,19.65,2.69
2023-08-04 16:05:00+00:00,0.0,0.0,0.0,18.74,2.0
2023-08-04 17:05:00+00:00,0.0,0.0,0.0,17.78,1.72
2023-08-04 18:05:00+00:00,0.0,0.0,0.0,16.82,1.86
2023-08-04 19:05:00+00:00,0.0,0.0,0.0,16.23,1.86
2023-08-04 20:05:00+00:00,0.0,0.0,0.0,15.61,2.07
2023-08-04 21:05:00+00:00,0.0,0.0,0.0,15.03,2.07
2023-08-04 22:05:00+00:00,0.0,0.0,0.0,14.16,1.79
2023-08-04 23:05:00+00:00,0.0,0.0,0.0,13.52,1.59
2023-08-05 00:05:00+00:00,0.0,0.0,0.0,13.02,1.45
2023-08-05 01:05:00+00:00,0.0,0.0,0.0,12.49,1.45
2023-08-05 02:05:00+00:00,0.0,0.0,0.0,12.22,1.38
2023-08-05 03:05:00+00:00,0.0,0.0,0.0,11.85,1.38
2023-08-05 04:05:00+00:00,14.48,14.48,0.0,11.79,1.38
2023-08-05 05:05:00+00:00,58.65,58.65,0.0,13.6,1.31
2023-08-05 06:05:00+00:00,106.89,106.89,0.0,16.08,1.86
2023-08-05 07:05:00+00:00,196.76999999999998,196.76999999999998,0.0,17.39,2.62
2023-08-05 08:05:00+00:00,330.83,337.69,6.86,19.04,2.41
2023-08-05 09:05:00+00:00,258.25,258.25,0.0,19.48,2.41
2023-08-05 10:05:00+00:00,195.81,195.81,0.0,20.14,2.55
2023-08-05 11:05:00+00:00,194.87,194.87,0.0,20.59,2.62
2023-08-05 12:05:00+00:00,225.14,225.14,0.0,20.7,2.69
2023-08-05 13:05:00+00:00,254.31,283.89,29.58,20.72,2.76
2023-08-05 14:05:00+00:00,151.38000000000002,171.56000000000003,20.18,20.42,2.76
2023-08-05 15:05:00+00:00,24.43,24.43,0.0,19.89,2.48
2023-08-05 16:05:00+00:00,0.0,0.0,0.0,18.8,2.14
2023-08-05 17:05:00+00:00,0.0,0.0,0.0,17.83,2.21
2023-08-05 18:05:00+00:00,0.0,0.0,0.0,16.83,2.07
2023-08-05 19:05:00+00:00,0.0,0.0,0.0,16.45,2.07
2023-08-05 20:05:00+00:00,0.0,0.0,0.0,15.86,2.14
2023-08-05 21:05:00+00:00,0.0,0.0,0.0,15.15,1.86
2023-08-05 22:05:00+00:00,0.0,0.0,0.0,14.83,1.66
2023-08-05 23:05:00+00:00,0.0,0.0,0.0,14.57,1.52
2023-08-06 00:05:00+00:00,0.0,0.0,0.0,14.35,1.52
2023-08-06 01:05:00+00:00,0.0,0.0,0.0,14.38,1.72
2023-08-06 02:05:00+00:00,0.0,0.0,0.0,14.45,1.45
2023-08-06 03:05:00+00:00,0.0,0.0,0.0,14.43,1.86
2023-08-06 04:05:00+00:00,8.139999999999999,8.139999999999999,0.0,14.29,1.59
2023-08-06 05:05:00+00:00,29.330000000000002,29.330000000000002,0.0,14.69,1.86
2023-08-06 06:05:00+00:00,104.05,104.05,0.0,16.09,2.28
2023-08-06 07:05:00+00:00,259.05,262.35,3.3,16.44,2.83
2023-08-06 08:05:00+00:00,407.42999999999995,488.02,80.59,17.73,2.9
2023-08-06 09:05:00+00:00,333.58000000000004,658.7,325.12,19.01,2.76
2023-08-06 10:05:00+00:00,384.54,398.56,14.02,20.4,2.9
2023-08-06 11:05:00+00:00,122.03,122.03,0.0,20.76,2.9
2023-08-06 12:05:00+00:00,93.66,93.66,0.0,21.04,2.83
2023-08-06 13:05:00+00:00,202.82,354.75,151.93,20.98,2.9
2023-08-06 14:05:00+00:00,128.15,130.94,2.79,20.61,3.03
2023-08-06 15:05:00+00:00,15.39,15.39,0.0,20.02,2.62
2023-08-06 16:05:00+00:00,0.0,0.0,0.0,19.12,2.55
2023-08-06 17:05:00+00:00,0.0,0.0,0.0,18.48,2.69
2023-08-06 18:05:00+00:00,0.0,0.0,0.0,17.57,2.97
2023-08-06 19:05:00+00:00,0.0,0.0,0.0,16.51,2.62
2023-08-06 20:05:00+00:00,0.0,0.0,0.0,15.64,2.69
2023-08-06 21:05:00+00:00,0.0,0.0,0.0,15.2,2.62
2023-08-06 22:05:00+00:00,0.0,0.0,0.0,14.78,2.07
2023-08-06 23:05:00+00:00,0.0,0.0,0.0,14.56,1.79
2023-08-07 00:05:00+00:00,0.0,0.0,0.0,14.24,1.59
2023-08-07 01:05:00+00:00,0.0,0.0,0.0,14.09,1.45
2023-08-07 02:05:00+00:00,0.0,0.0,0.0,13.91,1.38
2023-08-07 03:05:00+00:00,0.0,0.0,0.0,13.66,1.38
2023-08-07 04:05:00+00:00,5.43,5.43,0.0,13.45,1.31
2023-08-07 05:05:00+00:00,51.08,51.08,0.0,14.15,1.45
2023-08-07 06:05:00+00:00,248.01000000000002,301.16,53.15,15.21,1.38
2023-08-07 07:05:00+00:00,185.39999999999998,513.4,328.0,17.28,2.0
2023-08-07 08:05:00+00:00,409.22,494.3,85.08,18.89,2.14
2023-08-07 09:05:00+00:00,444.79,529.9,85.11,20.03,1.86
2023-08-07 10:05:00+00:00,424.3,460.90000000000003,36.6,20.77,1.59
2023-08-07 11:05:00+00:00,413.08,517.09,104.01,21.37,1.59
2023-08-07 12:05:00+00:00,294.37,493.28999999999996,198.92,21.54,1.72
2023-08-07 13:05:00+00:00,253.88,280.19,26.31,21.57,1.93
2023-08-07 14:05:00+00:00,102.46000000000001,187.79000000000002,85.33,21.5,2.07
2023-08-07 15:05:00+00:00,44.349999999999994,44.349999999999994,0.0,21.07,2.0
2023-08-07 16:05:00+00:00,0.0,0.0,0.0,19.71,1.79
2023-08-07 17:05:00+00:00,0.0,0.0,0.0,18.84,2.0
2023-08-07 18:05:00+00:00,0.0,0.0,0.0,17.88,2.14
2023-08-07 19:05:00+00:00,0.0,0.0,0.0,17.18,2.14
2023-08-07 20:05:00+00:00,0.0,0.0,0.0,16.12,2.14
2023-08-07 21:05:00+00:00,0.0,0.0,0.0,15.36,1.86
2023-08-07 22:05:00+00:00,0.0,0.0,0.0,14.66,1.38
2023-08-07 23:05:00+00:00,0.0,0.0,0.0,14.35,1.31
2023-08-08 00:05:00+00:00,0.0,0.0,0.0,13.8,1.31
2023-08-08 01:05:00+00:00,0.0,0.0,0.0,13.56,1.17
2023-08-08 02:05:00+00:00,0.0,0.0,0.0,13.08,0.97
2023-08-08 03:05:00+00:00,0.0,0.0,0.0,12.64,0.9
2023-08-08 04:05:00+00:00,10.86,10.86,0.0,12.48,0.83
2023-08-08 05:05:00+00:00,83.36,169.04000000000002,85.68,14.08,0.83
2023-08-08 06:05:00+00:00,248.05,293.7,45.65,15.94,0.83
2023-08-08 07:05:00+00:00,271.26,276.59999999999997,5.34,18.22,1.03
2023-08-08 08:05:00+00:00,407.22999999999996,498.23999999999995,91.01,20.37,1.66
2023-08-08 09:05:00+00:00,427.78,472.96999999999997,45.19,21.46,1.66
2023-08-08 10:05:00+00:00,312.14,313.55,1.41,22.24,1.59
2023-08-08 11:05:00+00:00,402.82,450.15999999999997,47.34,22.68,1.45
2023-08-08 12:05:00+00:00,335.03,459.13,124.1,22.64,1.38
2023-08-08 13:05:00+00:00,233.21,344.73,111.52,22.31,1.52
2023-08-08 14:05:00+00:00,150.74,167.47,16.73,21.86,1.93
2023-08-08 15:05:00+00:00,38.92,38.92,0.0,21.19,2.14
2023-08-08 16:05:00+00:00,0.0,0.0,0.0,19.9,2.07
2023-08-08 17:05:00+00:00,0.0,0.0,0.0,18.99,2.21
2023-08-08 18:05:00+00:00,0.0,0.0,0.0,18.1,2.34
2023-08-08 19:05:00+00:00,0.0,0.0,0.0,17.45,1.86
2023-08-08 20:05:00+00:00,0.0,0.0,0.0,16.46,1.52
2023-08-08 21:05:00+00:00,0.0,0.0,0.0,15.61,1.45
2023-08-08 22:05:00+00:00,0.0,0.0,0.0,14.85,1.52
2023-08-08 23:05:00+00:00,0.0,0.0,0.0,14.4,1.59
2023-08-09 00:05:00+00:00,0.0,0.0,0.0,14.03,1.38
2023-08-09 01:05:00+00:00,0.0,0.0,0.0,13.69,1.38
2023-08-09 02:05:00+00:00,0.0,0.0,0.0,13.53,1.24
2023-08-09 03:05:00+00:00,0.0,0.0,0.0,13.35,1.17
2023-08-09 04:05:00+00:00,5.43,5.43,0.0,13.3,1.1
2023-08-09 05:05:00+00:00,24.6,24.6,0.0,14.46,1.24
2023-08-09 06:05:00+00:00,85.14,85.14,0.0,16.32,1.17
2023-08-09 07:05:00+00:00,125.81,125.81,0.0,18.4,1.45
2023-08-09 08:05:00+00:00,312.05,316.24,4.19,19.21,1.52
2023-08-09 09:05:00+00:00,165.54,165.54,0.0,19.39,1.52
2023-08-09 10:05:00+00:00,274.34,274.34,0.0,20.29,1.52
2023-08-09 11:05:00+00:00,402.72,537.6600000000001,134.94,20.8,1.52
2023-08-09 12:05:00+00:00,248.75,250.1,1.35,21.1,1.93
2023-08-09 13:05:00+00:00,74.73,74.73,0.0,21.29,2.14
2023-08-09 14:05:00+00:00,118.02999999999999,119.47999999999999,1.45,20.85,2.62
2023-08-09 15:05:00+00:00,42.54,42.54,0.0,20.19,2.76
2023-08-09 16:05:00+00:00,0.0,0.0,0.0,19.25,2.48
2023-08-09 17:05:00+00:00,0.0,0.0,0.0,18.52,2.69
2023-08-09 18:05:00+00:00,0.0,0.0,0.0,17.79,2.48
2023-08-09 19:05:00+00:00,0.0,0.0,0.0,16.97,1.93
2023-08-09 20:05:00+00:00,0.0,0.0,0.0,16.51,1.86
2023-08-09 21:05:00+00:00,0.0,0.0,0.0,16.19,2.07
2023-08-09 22:05:00+00:00,0.0,0.0,0.0,15.85,2.34
2023-08-09 23:05:00+00:00,0.0,0.0,0.0,15.51,2.0
2023-08-10 00:05:00+00:00,0.0,0.0,0.0,15.25,1.79
2023-08-10 01:05:00+00:00,0.0,0.0,0.0,14.85,1.59
2023-08-10 02:05:00+00:00,0.0,0.0,0.0,14.49,1.45
2023-08-10 03:05:00+00:00,0.0,0.0,0.0,14.21,1.38
2023-08-10 04:05:00+00:00,5.43,5.43,0.0,14.18,1.52
2023-08-10 05:05:00+00:00,25.54,25.54,0.0,14.53,1.66
2023-08-10 06:05:00+00:00,67.16,67.16,0.0,15.51,1.79
2023-08-10 07:05:00+00:00,119.2,119.2,0.0,16.68,1.79
2023-08-10 08:05:00+00:00,224.20000000000002,224.20000000000002,0.0,17.69,1.52
2023-08-10 09:05:00+00:00,419.83000000000004,453.99,34.16,18.54,1.45
2023-08-10 10:05:00+00:00,411.59000000000003,438.65000000000003,27.06,18.88,1.52
2023-08-10 11:05:00+00:00,335.59,343.31,7.72,19.65,1.79
2023-08-10 12:05:00+00:00,314.73,481.41,166.68,20.16,2.0
2023-08-10 13:05:00+00:00,134.11,374.64,240.53,21.19,2.14
2023-08-10 14:05:00+00:00,105.67,190.64,84.97,21.05,2.48
2023-08-10 15:05:00+00:00,37.11,37.11,0.0,20.31,2.55
2023-08-10 16:05:00+00:00,0.0,0.0,0.0,19.48,1.86
2023-08-10 17:05:00+00:00,0.0,0.0,0.0,18.9,1.45
2023-08-10 18:05:00+00:00,0.0,0.0,0.0,18.45,1.38
2023-08-10 19:05:00+00:00,0.0,0.0,0.0,17.74,1.79
2023-08-10 20:05:00+00:00,0.0,0.0,0.0,17.22,2.28
2023-08-10 21:05:00+00:00,0.0,0.0,0.0,16.66,2.48
2023-08-10 22:05:00+00:00,0.0,0.0,0.0,15.83,2.07
2023-08-10 23:05:00+00:00,0.0,0.0,0.0,14.9,1.86
2023-08-11 00:05:00+00:00,0.0,0.0,0.0,14.35,1.72
2023-08-11 01:05:00+00:00,0.0,0.0,0.0,13.77,1.52
2023-08-11 02:05:00+00:00,0.0,0.0,0.0,13.44,1.52
2023-08-11 03:05:00+00:00,0.0,0.0,0.0,13.03,1.38
2023-08-11 04:05:00+00:00,15.39,15.39,0.0,12.89,1.31
2023-08-11 05:05:00+00:00,107.7,108.66,0.96,13.87,1.66
2023-08-11 06:05:00+00:00,176.83,178.08,1.25,15.64,1.66
2023-08-11 07:05:00+00:00,210.0,210.0,0.0,18.53,1.03
2023-08-11 08:05:00+00:00,410.64,500.03,89.39,20.26,0.9
2023-08-11 09:05:00+00:00,442.83,571.45,128.62,21.5,1.03
2023-08-11 10:05:00+00:00,440.73,499.35,58.62,22.1,1.38
2023-08-11 11:05:00+00:00,413.82,518.87,105.05,22.56,1.66
2023-08-11 12:05:00+00:00,328.14,474.54999999999995,146.41,22.49,2.0
2023-08-11 13:05:00+00:00,219.53,356.05,136.52,21.69,2.48
2023-08-11 14:05:00+00:00,129.64000000000001,190.88000000000002,61.24,21.72,2.97
2023-08-11 15:05:00+00:00,37.11,37.11,0.0,20.66,3.1
2023-08-11 16:05:00+00:00,0.0,0.0,0.0,19.7,2.41
2023-08-11 17:05:00+00:00,0.0,0.0,0.0,19.04,2.55
2023-08-11 18:05:00+00:00,0.0,0.0,0.0,18.33,2.21
2023-08-11 19:05:00+00:00,0.0,0.0,0.0,18.31,1.93
2023-08-11 20:05:00+00:00,0.0,0.0,0.0,17.68,2.14
2023-08-11 21:05:00+00:00,0.0,0.0,0.0,17.06,1.93
2023-08-11 22:05:00+00:00,0.0,0.0,0.0,16.28,1.79
2023-08-11 23:05:00+00:00,0.0,0.0,0.0,15.45,1.86
2023-08-12 00:05:00+00:00,0.0,0.0,0.0,14.73,1.59
2023-08-12 01:05:00+00:00,0.0,0.0,0.0,14.08,1.52
2023-08-12 02:05:00+00:00,0.0,0.0,0.0,13.72,1.66
2023-08-12 03:05:00+00:00,0.0,0.0,0.0,13.26,1.45
2023-08-12 04:05:00+00:00,5.43,5.43,0.0,13.03,1.52
2023-08-12 05:05:00+00:00,52.97,52.97,0.0,14.16,2.0
2023-08-12 06:05:00+00:00,138.12,138.12,0.0,16.02,2.07
2023-08-12 07:05:00+00:00,284.48,291.3,6.82,17.55,2.28
2023-08-12 08:05:00+00:00,394.1,430.86,36.76,19.01,2.34
2023-08-12 09:05:00+00:00,448.16999999999996,538.56,90.39,19.94,2.41
2023-08-12 10:05:00+00:00,450.07,540.5,90.43,20.46,2.28
2023-08-12 11:05:00+00:00,188.51999999999998,662.92,474.4,21.17,2.21
2023-08-12 12:05:00+00:00,223.68,530.3,306.62,21.35,2.69
2023-08-12 13:05:00+00:00,146.5,379.64,233.14,21.49,2.97
2023-08-12 14:05:00+00:00,123.44,193.07999999999998,69.64,21.4,3.31
2023-08-12 15:05:00+00:00,38.010000000000005,38.010000000000005,0.0,20.67,3.52
2023-08-12 16:05:00+00:00,0.0,0.0,0.0,19.47,2.97
2023-08-12 17:05:00+00:00,0.0,0.0,0.0,18.57,2.83
2023-08-12 18:05:00+00:00,0.0,0.0,0.0,17.99,2.97
2023-08-12 19:05:00+00:00,0.0,0.0,0.0,17.09,2.76
2023-08-12 20:05:00+00:00,0.0,0.0,0.0,16.3,2.69
2023-08-12 21:05:00+00:00,0.0,0.0,0.0,15.5,2.41
2023-08-12 22:05:00+00:00,0.0,0.0,0.0,14.88,2.0
2023-08-12 23:05:00+00:00,0.0,0.0,0.0,14.34,1.72
2023-08-13 00:05:00+00:00,0.0,0.0,0.0,13.85,1.45
2023-08-13 01:05:00+00:00,0.0,0.0,0.0,13.62,1.38
2023-08-13 02:05:00+00:00,0.0,0.0,0.0,13.13,1.31
2023-08-13 03:05:00+00:00,0.0,0.0,0.0,12.76,1.38
2023-08-13 04:05:00+00:00,16.29,16.29,0.0,12.51,1.31
2023-08-13 05:05:00+00:00,33.11,33.11,0.0,14.09,1.86
2023-08-13 06:05:00+00:00,77.57,77.57,0.0,16.22,2.34
2023-08-13 07:05:00+00:00,320.71999999999997,341.28999999999996,20.57,17.75,2.76
2023-08-13 08:05:00+00:00,399.86,557.5,157.64,19.45,2.62
2023-08-13 09:05:00+00:00,213.35,726.2,512.85,20.49,2.55
2023-08-13 10:05:00+00:00,155.95,744.6700000000001,588.72,22.12,2.55
2023-08-13 11:05:00+00:00,230.82,658.9,428.08,22.42,2.97
2023-08-13 12:05:00+00:00,208.89000000000001,541.14,332.25,22.35,3.31
2023-08-13 13:05:00+00:00,126.67999999999999,388.25,261.57,22.74,3.24
2023-08-13 14:05:00+00:00,130.84,194.77,63.93,22.23,3.66
2023-08-13 15:05:00+00:00,39.82,39.82,0.0,21.4,3.72
2023-08-13 16:05:00+00:00,0.0,0.0,0.0,19.79,3.03
2023-08-13 17:05:00+00:00,0.0,0.0,0.0,18.55,2.69
2023-08-13 18:05:00+00:00,0.0,0.0,0.0,17.59,2.62
2023-08-13 19:05:00+00:00,0.0,0.0,0.0,17.42,2.83
2023-08-13 20:05:00+00:00,0.0,0.0,0.0,16.43,2.76
2023-08-13 21:05:00+00:00,0.0,0.0,0.0,15.74,2.28
2023-08-13 22:05:00+00:00,0.0,0.0,0.0,15.12,1.66
2023-08-13 23:05:00+00:00,0.0,0.0,0.0,14.54,1.52
2023-08-14 00:05:00+00:00,0.0,0.0,0.0,13.97,1.52
2023-08-14 01:05:00+00:00,0.0,0.0,0.0,13.56,1.52
2023-08-14 02:05:00+00:00,0.0,0.0,0.0,13.07,1.45
2023-08-14 03:05:00+00:00,0.0,0.0,0.0,12.63,1.45
2023-08-14 04:05:00+00:00,19.91,19.91,0.0,12.43,1.38
2023-08-14 05:05:00+00:00,106.77000000000001,107.78000000000002,1.01,14.42,1.38
2023-08-14 06:05:00+00:00,230.98000000000002,242.47000000000003,11.49,17.09,2.21
2023-08-14 07:05:00+00:00,332.12,467.96000000000004,135.84,18.87,2.97
2023-08-14 08:05:00+00:00,249.78,649.94,400.16,21.02,3.17
2023-08-14 09:05:00+00:00,182.07999999999998,738.96,556.88,22.43,3.03
2023-08-14 10:05:00+00:00,312.52,698.8599999999999,386.34,23.55,3.03
2023-08-14 11:05:00+00:00,237.71,659.78,422.07,23.68,3.03
2023-08-14 12:05:00+00:00,249.82,531.23,281.41,23.63,3.03
2023-08-14 13:05:00+00:00,122.57000000000001,391.12,268.55,23.38,3.1
2023-08-14 14:05:00+00:00,128.87,196.77,67.9,23.09,3.52
2023-08-14 15:05:00+00:00,38.010000000000005,38.010000000000005,0.0,21.9,3.59
2023-08-14 16:05:00+00:00,0.0,0.0,0.0,20.07,3.1
2023-08-14 17:05:00+00:00,0.0,0.0,0.0,18.77,2.62
2023-08-14 18:05:00+00:00,0.0,0.0,0.0,17.66,2.14
2023-08-14 19:05:00+00:00,0.0,0.0,0.0,17.35,2.55
2023-08-14 20:05:00+00:00,0.0,0.0,0.0,16.57,2.41
2023-08-14 21:05:00+00:00,0.0,0.0,0.0,15.88,2.34
2023-08-14 22:05:00+00:00,0.0,0.0,0.0,15.45,1.93
2023-08-14 23:05:00+00:00,0.0,0.0,0.0,14.99,1.59
2023-08-15 00:05:00+00:00,0.0,0.0,0.0,14.95,1.38
2023-08-15 01:05:00+00:00,0.0,0.0,0.0,14.97,1.38
2023-08-15 02:05:00+00:00,0.0,0.0,0.0,14.99,1.38
2023-08-15 03:05:00+00:00,0.0,0.0,0.0,14.99,1.31
2023-08-15 04:05:00+00:00,29.860000000000003,29.860000000000003,0.0,14.91,1.24
2023-08-15 05:05:00+00:00,146.78,173.53,26.75,15.86,1.79
2023-08-15 06:05:00+00:00,236.13,346.15,110.02,17.31,2.14
2023-08-15 07:05:00+00:00,232.17,531.0,298.83,19.84,2.0
2023-08-15 08:05:00+00:00,182.08999999999997,676.48,494.39,21.92,2.55
2023-08-15 09:05:00+00:00,155.67,752.5799999999999,596.91,23.29,2.76
2023-08-15 10:05:00+00:00,320.4,702.48,382.08,24.11,2.69
2023-08-15 11:05:00+00:00,412.09000000000003,559.85,147.76,24.57,2.55
2023-08-15 12:05:00+00:00,347.26,468.18,120.92,25.22,2.28
2023-08-15 13:05:00+00:00,114.76,397.5,282.74,25.16,2.41
2023-08-15 14:05:00+00:00,79.44999999999999,202.88,123.43,24.77,2.62
2023-08-15 15:05:00+00:00,41.64,41.64,0.0,23.94,2.83
2023-08-15 16:05:00+00:00,0.0,0.0,0.0,22.22,3.17
2023-08-15 17:05:00+00:00,0.0,0.0,0.0,20.47,3.31
2023-08-15 18:05:00+00:00,0.0,0.0,0.0,18.98,3.1
2023-08-15 19:05:00+00:00,0.0,0.0,0.0,17.78,3.1
2023-08-15 20:05:00+00:00,0.0,0.0,0.0,17.13,2.07
2023-08-15 21:05:00+00:00,0.0,0.0,0.0,16.63,1.52
2023-08-15 22:05:00+00:00,0.0,0.0,0.0,16.3,1.31
2023-08-15 23:05:00+00:00,0.0,0.0,0.0,16.03,1.31
2023-08-16 00:05:00+00:00,0.0,0.0,0.0,15.73,1.31
2023-08-16 01:05:00+00:00,0.0,0.0,0.0,15.4,1.24
2023-08-16 02:05:00+00:00,0.0,0.0,0.0,15.26,1.24
2023-08-16 03:05:00+00:00,0.0,0.0,0.0,15.08,1.24
2023-08-16 04:05:00+00:00,12.67,12.67,0.0,15.07,1.31
2023-08-16 05:05:00+00:00,91.75999999999999,91.75999999999999,0.0,15.89,1.59
2023-08-16 06:05:00+00:00,211.62,216.81,5.19,17.17,1.93
2023-08-16 07:05:00+00:00,232.7,233.39999999999998,0.7,19.5,2.07
2023-08-16 08:05:00+00:00,416.19,532.79,116.6,21.41,2.0
2023-08-16 09:05:00+00:00,434.75,619.95,185.2,22.25,2.21
2023-08-16 10:05:00+00:00,449.46,516.56,67.1,22.46,2.69
2023-08-16 11:05:00+00:00,246.86,664.6800000000001,417.82,22.67,2.69
2023-08-16 12:05:00+00:00,330.08,487.95,157.87,23.03,2.83
2023-08-16 13:05:00+00:00,253.95999999999998,342.58,88.62,22.83,2.9
2023-08-16 14:05:00+00:00,150.17000000000002,188.49,38.32,22.72,3.03
2023-08-16 15:05:00+00:00,41.64,41.64,0.0,21.9,2.97
2023-08-16 16:05:00+00:00,0.0,0.0,0.0,20.9,2.62
2023-08-16 17:05:00+00:00,0.0,0.0,0.0,19.97,2.69
2023-08-16 18:05:00+00:00,0.0,0.0,0.0,19.01,2.83
2023-08-16 19:05:00+00:00,0.0,0.0,0.0,17.86,2.97
2023-08-16 20:05:00+00:00,0.0,0.0,0.0,16.85,2.07
2023-08-16 21:05:00+00:00,0.0,0.0,0.0,15.94,1.66
2023-08-16 22:05:00+00:00,0.0,0.0,0.0,15.25,1.72
2023-08-16 23:05:00+00:00,0.0,0.0,0.0,14.69,1.72
2023-08-17 00:05:00+00:00,0.0,0.0,0.0,14.54,1.59
2023-08-17 01:05:00+00:00,0.0,0.0,0.0,14.23,1.38
2023-08-17 02:05:00+00:00,0.0,0.0,0.0,14.08,1.24
2023-08-17 03:05:00+00:00,0.0,0.0,0.0,14.17,1.17
2023-08-17 04:05:00+00:00,33.49,33.49,0.0,14.25,1.17
2023-08-17 05:05:00+00:00,52.97,52.97,0.0,15.31,1.59
2023-08-17 06:05:00+00:00,189.10999999999999,191.07,1.96,17.11,1.86
2023-08-17 07:05:00+00:00,343.07000000000005,462.95000000000005,119.88,18.68,1.93
2023-08-17 08:05:00+00:00,220.41,220.41,0.0,19.05,1.79
2023-08-17 09:05:00+00:00,456.27,553.65,97.38,20.29,1.86
2023-08-17 10:05:00+00:00,455.53,546.3399999999999,90.81,21.57,1.93
2023-08-17 11:05:00+00:00,342.29,350.25,7.96,22.2,2.48
2023-08-17 12:05:00+00:00,349.22,392.75,43.53,22.27,2.76
2023-08-17 13:05:00+00:00,139.06,139.06,0.0,22.29,2.9
2023-08-17 14:05:00+00:00,94.17999999999999,203.66,109.48,22.44,2.97
2023-08-17 15:05:00+00:00,42.54,42.54,0.0,21.9,2.62
2023-08-17 16:05:00+00:00,0.0,0.0,0.0,20.93,1.93
2023-08-17 17:05:00+00:00,0.0,0.0,0.0,20.05,2.14
2023-08-17 18:05:00+00:00,0.0,0.0,0.0,19.1,2.9
2023-08-17 19:05:00+00:00,0.0,0.0,0.0,18.19,3.17
2023-08-17 20:05:00+00:00,0.0,0.0,0.0,17.16,3.38
2023-08-17 21:05:00+00:00,0.0,0.0,0.0,16.16,3.31
2023-08-17 22:05:00+00:00,0.0,0.0,0.0,15.48,3.31
2023-08-17 23:05:00+00:00,0.0,0.0,0.0,14.97,2.9
2023-08-18 00:05:00+00:00,0.0,0.0,0.0,14.72,2.28
2023-08-18 01:05:00+00:00,0.0,0.0,0.0,14.3,1.72
2023-08-18 02:05:00+00:00,0.0,0.0,0.0,14.05,1.72
2023-08-18 03:05:00+00:00,0.0,0.0,0.0,13.83,1.59
2023-08-18 04:05:00+00:00,5.43,5.43,0.0,13.82,1.52
2023-08-18 05:05:00+00:00,49.190000000000005,49.190000000000005,0.0,14.41,1.66
2023-08-18 06:05:00+00:00,80.41,80.41,0.0,15.64,2.14
2023-08-18 07:05:00+00:00,176.89999999999998,176.89999999999998,0.0,17.84,2.48
2023-08-18 08:05:00+00:00,133.38,133.38,0.0,19.62,2.41
2023-08-18 09:05:00+00:00,412.92999999999995,436.4599999999999,23.53,20.38,2.0
2023-08-18 10:05:00+00:00,362.78000000000003,692.19,329.41,21.43,2.0
2023-08-18 11:05:00+00:00,290.92,656.45,365.53,22.37,2.21
2023-08-18 12:05:00+00:00,332.47999999999996,492.69999999999993,160.22,22.94,2.48
2023-08-18 13:05:00+00:00,168.0,392.03999999999996,224.04,23.07,2.69
2023-08-18 14:05:00+00:00,122.75,124.94,2.19,22.83,2.97
2023-08-18 15:05:00+00:00,37.11,37.11,0.0,22.06,3.17
2023-08-18 16:05:00+00:00,0.0,0.0,0.0,20.61,2.9
2023-08-18 17:05:00+00:00,0.0,0.0,0.0,19.17,2.97
2023-08-18 18:05:00+00:00,0.0,0.0,0.0,17.97,3.24
2023-08-18 19:05:00+00:00,0.0,0.0,0.0,17.45,3.45
2023-08-18 20:05:00+00:00,0.0,0.0,0.0,16.4,3.17
2023-08-18 21:05:00+00:00,0.0,0.0,0.0,15.45,2.62
2023-08-18 22:05:00+00:00,0.0,0.0,0.0,14.73,2.21
2023-08-18 23:05:00+00:00,0.0,0.0,0.0,14.1,2.07
2023-08-19 00:05:00+00:00,0.0,0.0,0.0,13.6,1.72
2023-08-19 01:05:00+00:00,0.0,0.0,0.0,13.08,1.38
2023-08-19 02:05:00+00:00,0.0,0.0,0.0,12.58,1.1
2023-08-19 03:05:00+00:00,0.0,0.0,0.0,11.99,1.03
2023-08-19 04:05:00+00:00,34.39,34.39,0.0,11.59,0.97
2023-08-19 05:05:00+00:00,126.14,200.32,74.18,13.75,1.1
2023-08-19 06:05:00+00:00,193.83,386.45000000000005,192.62,16.4,1.24
2023-08-19 07:05:00+00:00,124.71,589.02,464.31,18.56,1.66
2023-08-19 08:05:00+00:00,139.55,718.1400000000001,578.59,20.89,2.14
2023-08-19 09:05:00+00:00,102.58,809.8000000000001,707.22,22.71,2.28
2023-08-19 10:05:00+00:00,132.9,795.17,662.27,24.21,2.34
2023-08-19 11:05:00+00:00,134.27,724.03,589.76,25.15,2.48
2023-08-19 12:05:00+00:00,121.18,596.54,475.36,25.73,2.69
2023-08-19 13:05:00+00:00,98.08,422.21999999999997,324.14,25.7,2.9
2023-08-19 14:05:00+00:00,78.69000000000001,213.22000000000003,134.53,25.11,3.24
2023-08-19 15:05:00+00:00,40.72,40.72,0.0,23.94,3.24
2023-08-19 16:05:00+00:00,0.0,0.0,0.0,21.97,3.03
2023-08-19 17:05:00+00:00,0.0,0.0,0.0,20.37,2.9
2023-08-19 18:05:00+00:00,0.0,0.0,0.0,19.05,2.62
2023-08-19 19:05:00+00:00,0.0,0.0,0.0,18.13,2.76
2023-08-19 20:05:00+00:00,0.0,0.0,0.0,17.1,2.62
2023-08-19 21:05:00+00:00,0.0,0.0,0.0,16.11,2.48
2023-08-19 22:05:00+00:00,0.0,0.0,0.0,15.21,2.28
2023-08-19 23:05:00+00:00,0.0,0.0,0.0,14.47,2.0
2023-08-20 00:05:00+00:00,0.0,0.0,0.0,13.93,1.52
2023-08-20 01:05:00+00:00,0.0,0.0,0.0,13.35,1.24
2023-08-20 02:05:00+00:00,0.0,0.0,0.0,12.75,1.24
2023-08-20 03:05:00+00:00,0.0,0.0,0.0,12.15,1.17
2023-08-20 04:05:00+00:00,35.290000000000006,35.290000000000006,0.0,11.84,1.03
2023-08-20 05:05:00+00:00,83.13000000000001,207.09,123.96,14.32,1.03
2023-08-20 06:05:00+00:00,104.79,413.42,308.63,17.31,1.03
2023-08-20 07:05:00+00:00,126.94,588.85,461.91,19.99,1.17
2023-08-20 08:05:00+00:00,130.32,721.8199999999999,591.5,22.41,1.72
2023-08-20 09:05:00+00:00,104.64,807.4,702.76,24.34,2.21
2023-08-20 10:05:00+00:00,128.07,796.03,667.96,25.75,2.69
2023-08-20 11:05:00+00:00,125.03,727.67,602.64,26.52,2.97
2023-08-20 12:05:00+00:00,126.94,592.6600000000001,465.72,26.97,3.52
2023-08-20 13:05:00+00:00,115.50999999999999,412.46,296.95,26.47,3.72
2023-08-20 14:05:00+00:00,88.39,211.78,123.39,25.92,4.07
2023-08-20 15:05:00+00:00,37.11,37.11,0.0,24.65,3.79
2023-08-20 16:05:00+00:00,0.0,0.0,0.0,22.72,3.03
2023-08-20 17:05:00+00:00,0.0,0.0,0.0,21.19,2.69
2023-08-20 18:05:00+00:00,0.0,0.0,0.0,19.9,2.55
2023-08-20 19:05:00+00:00,0.0,0.0,0.0,18.76,2.62
2023-08-20 20:05:00+00:00,0.0,0.0,0.0,17.66,2.28
2023-08-20 21:05:00+00:00,0.0,0.0,0.0,16.65,2.0
2023-08-20 22:05:00+00:00,0.0,0.0,0.0,15.77,1.86
2023-08-20 23:05:00+00:00,0.0,0.0,0.0,14.94,1.86
2023-08-21 00:05:00+00:00,0.0,0.0,0.0,14.37,1.93
2023-08-21 01:05:00+00:00,0.0,0.0,0.0,13.8,1.86
2023-08-21 02:05:00+00:00,0.0,0.0,0.0,13.51,1.79
2023-08-21 03:05:00+00:00,0.0,0.0,0.0,13.12,1.72
2023-08-21 04:05:00+00:00,35.290000000000006,35.290000000000006,0.0,12.99,1.59
2023-08-21 05:05:00+00:00,86.48,207.88,121.4,15.18,1.38
2023-08-21 06:05:00+00:00,117.0,407.84,290.84,17.8,1.79
2023-08-21 07:05:00+00:00,266.04,539.86,273.82,20.29,2.21
2023-08-21 08:05:00+00:00,178.18,701.71,523.53,22.55,2.69
2023-08-21 09:05:00+00:00,194.68,765.6400000000001,570.96,24.22,2.9
2023-08-21 10:05:00+00:00,152.42999999999998,779.9799999999999,627.55,25.53,3.1
2023-08-21 11:05:00+00:00,364.18,624.86,260.68,26.26,3.24
2023-08-21 12:05:00+00:00,341.43,486.97,145.54,26.14,3.45
2023-08-21 13:05:00+00:00,254.09,279.74,25.65,26.08,3.52
2023-08-21 14:05:00+00:00,120.88,123.14999999999999,2.27,25.22,3.59
2023-08-21 15:05:00+00:00,38.010000000000005,38.010000000000005,0.0,24.36,3.38
2023-08-21 16:05:00+00:00,0.0,0.0,0.0,23.08,2.76
2023-08-21 17:05:00+00:00,0.0,0.0,0.0,21.58,2.83
2023-08-21 18:05:00+00:00,0.0,0.0,0.0,20.24,3.31
2023-08-21 19:05:00+00:00,0.0,0.0,0.0,18.52,2.97
2023-08-21 20:05:00+00:00,0.0,0.0,0.0,17.64,2.9
2023-08-21 21:05:00+00:00,0.0,0.0,0.0,17.01,2.69
2023-08-21 22:05:00+00:00,0.0,0.0,0.0,16.59,2.41
2023-08-21 23:05:00+00:00,0.0,0.0,0.0,16.28,2.07
2023-08-22 00:05:00+00:00,0.0,0.0,0.0,16.07,1.72
2023-08-22 01:05:00+00:00,0.0,0.0,0.0,15.92,2.0
2023-08-22 02:05:00+00:00,0.0,0.0,0.0,15.66,1.66
2023-08-22 03:05:00+00:00,0.0,0.0,0.0,15.37,1.31
2023-08-22 04:05:00+00:00,6.62,6.62,0.0,15.07,1.1
2023-08-22 05:05:00+00:00,149.87,187.33,37.46,16.13,1.31
2023-08-22 06:05:00+00:00,257.64,341.98,84.34,17.87,1.52
2023-08-22 07:05:00+00:00,275.09999999999997,538.92,263.82,19.42,2.07
2023-08-22 08:05:00+00:00,315.54,655.81,340.27,21.3,2.28
2023-08-22 09:05:00+00:00,177.91,774.43,596.52,23.07,2.34
2023-08-22 10:05:00+00:00,360.62,705.22,344.6,24.95,2.69
2023-08-22 11:05:00+00:00,365.49,627.3299999999999,261.84,25.99,2.76
2023-08-22 12:05:00+00:00,358.28,427.46999999999997,69.19,26.57,2.76
2023-08-22 13:05:00+00:00,232.57999999999998,371.96,139.38,26.54,3.03
2023-08-22 14:05:00+00:00,151.88,187.57,35.69,25.61,3.72
2023-08-22 15:05:00+00:00,19.86,19.86,0.0,24.3,3.79
2023-08-22 16:05:00+00:00,0.0,0.0,0.0,22.71,3.66
2023-08-22 17:05:00+00:00,0.0,0.0,0.0,21.34,3.24
2023-08-22 18:05:00+00:00,0.0,0.0,0.0,20.29,2.9
2023-08-22 19:05:00+00:00,0.0,0.0,0.0,19.62,3.1
2023-08-22 20:05:00+00:00,0.0,0.0,0.0,18.53,3.03
2023-08-22 21:05:00+00:00,0.0,0.0,0.0,17.62,3.03
2023-08-22 22:05:00+00:00,0.0,0.0,0.0,16.77,3.03
2023-08-22 23:05:00+00:00,0.0,0.0,0.0,15.98,2.69
2023-08-23 00:05:00+00:00,0.0,0.0,0.0,15.15,2.0
2023-08-23 01:05:00+00:00,0.0,0.0,0.0,14.5,1.52
2023-08-23 02:05:00+00:00,0.0,0.0,0.0,13.98,1.38
2023-08-23 03:05:00+00:00,0.0,0.0,0.0,13.5,1.24
2023-08-23 04:05:00+00:00,40.75,41.49,0.74,13.22,1.03
2023-08-23 05:05:00+00:00,96.28,215.67000000000002,119.39,15.18,1.1
2023-08-23 06:05:00+00:00,158.79,407.64,248.85,17.81,1.45
2023-08-23 07:05:00+00:00,220.35999999999999,569.73,349.37,20.11,2.48
2023-08-23 08:05:00+00:00,147.42,724.8199999999999,577.4,22.32,2.9
2023-08-23 09:05:00+00:00,160.2,790.0,629.8,23.56,3.1
2023-08-23 10:05:00+00:00,244.92,763.5899999999999,518.67,24.84,3.1
2023-08-23 11:05:00+00:00,337.75,653.51,315.76,25.52,3.17
2023-08-23 12:05:00+00:00,349.81,485.28999999999996,135.48,26.0,3.38
2023-08-23 13:05:00+00:00,265.39,311.95,46.56,25.86,3.52
2023-08-23 14:05:00+00:00,93.29,215.14,121.85,24.99,3.86
2023-08-23 15:05:00+00:00,39.75,40.32,0.57,23.89,3.79
2023-08-23 16:05:00+00:00,0.0,0.0,0.0,22.34,3.52
2023-08-23 17:05:00+00:00,0.0,0.0,0.0,20.86,3.45
2023-08-23 18:05:00+00:00,0.0,0.0,0.0,19.67,3.31
2023-08-23 19:05:00+00:00,0.0,0.0,0.0,18.72,3.66
2023-08-23 20:05:00+00:00,0.0,0.0,0.0,17.68,3.72
2023-08-23 21:05:00+00:00,0.0,0.0,0.0,16.68,3.38
2023-08-23 22:05:00+00:00,0.0,0.0,0.0,15.93,2.76
2023-08-23 23:05:00+00:00,0.0,0.0,0.0,15.22,2.55
2023-08-24 00:05:00+00:00,0.0,0.0,0.0,14.65,2.41
2023-08-24 01:05:00+00:00,0.0,0.0,0.0,14.19,1.86
2023-08-24 02:05:00+00:00,0.0,0.0,0.0,13.79,1.45
2023-08-24 03:05:00+00:00,0.0,0.0,0.0,13.44,1.31
2023-08-24 04:05:00+00:00,10.41,10.41,0.0,13.23,1.24
2023-08-24 05:05:00+00:00,57.71,57.71,0.0,14.74,1.72
2023-08-24 06:05:00+00:00,190.10999999999999,191.48999999999998,1.38,17.12,1.86
2023-08-24 07:05:00+00:00,358.92,416.5,57.58,19.06,2.9
2023-08-24 08:05:00+00:00,379.71,626.81,247.1,21.42,3.03
2023-08-24 09:05:00+00:00,148.04,800.0899999999999,652.05,24.07,3.1
2023-08-24 10:05:00+00:00,147.15,799.13,651.98,25.39,3.17
2023-08-24 11:05:00+00:00,128.10999999999999,740.0600000000001,611.95,25.84,3.52
2023-08-24 12:05:00+00:00,129.26000000000002,602.6700000000001,473.41,25.57,3.79
2023-08-24 13:05:00+00:00,99.05000000000001,431.47,332.42,25.21,3.86
2023-08-24 14:05:00+00:00,75.09,223.32,148.23,24.71,4.07
2023-08-24 15:05:00+00:00,29.41,31.54,2.13,23.63,3.93
2023-08-24 16:05:00+00:00,0.0,0.0,0.0,21.97,3.03
2023-08-24 17:05:00+00:00,0.0,0.0,0.0,20.72,3.03
2023-08-24 18:05:00+00:00,0.0,0.0,0.0,19.76,3.17
2023-08-24 19:05:00+00:00,0.0,0.0,0.0,19.0,2.97
2023-08-24 20:05:00+00:00,0.0,0.0,0.0,17.92,2.9
2023-08-24 21:05:00+00:00,0.0,0.0,0.0,16.93,2.55
2023-08-24 22:05:00+00:00,0.0,0.0,0.0,16.08,2.07
2023-08-24 23:05:00+00:00,0.0,0.0,0.0,15.28,1.79
2023-08-25 00:05:00+00:00,0.0,0.0,0.0,14.62,1.66
2023-08-25 01:05:00+00:00,0.0,0.0,0.0,14.07,1.52
2023-08-25 02:05:00+00:00,0.0,0.0,0.0,13.59,1.38
2023-08-25 03:05:00+00:00,0.0,0.0,0.0,13.11,1.31
2023-08-25 04:05:00+00:00,39.13,42.07,2.94,12.89,1.17
2023-08-25 05:05:00+00:00,90.52,223.83999999999997,133.32,15.1,1.31
2023-08-25 06:05:00+00:00,168.89,414.69,245.8,17.64,1.59
2023-08-25 07:05:00+00:00,287.63,550.03,262.4,20.07,2.34
2023-08-25 08:05:00+00:00,253.42,701.16,447.74,22.35,2.83
2023-08-25 09:05:00+00:00,112.11000000000001,827.46,715.35,24.2,3.17
2023-08-25 10:05:00+00:00,254.12,770.3100000000001,516.19,25.52,3.45
2023-08-25 11:05:00+00:00,405.27,606.17,200.9,26.24,3.66
2023-08-25 12:05:00+00:00,346.38,381.52,35.14,26.35,3.79
2023-08-25 13:05:00+00:00,266.55,334.62,68.07,26.05,3.93
2023-08-25 14:05:00+00:00,153.92,175.45,21.53,25.41,4.07
2023-08-25 15:05:00+00:00,39.410000000000004,40.50000000000001,1.09,24.26,3.93
2023-08-25 16:05:00+00:00,0.0,0.0,0.0,22.55,3.52
2023-08-25 17:05:00+00:00,0.0,0.0,0.0,20.71,4.07
2023-08-25 18:05:00+00:00,0.0,0.0,0.0,18.9,4.14
2023-08-25 19:05:00+00:00,0.0,0.0,0.0,17.46,3.79
2023-08-25 20:05:00+00:00,0.0,0.0,0.0,16.52,2.97
2023-08-25 21:05:00+00:00,0.0,0.0,0.0,16.19,2.9
2023-08-25 22:05:00+00:00,0.0,0.0,0.0,15.79,2.14
2023-08-25 23:05:00+00:00,0.0,0.0,0.0,15.47,2.07
2023-08-26 00:05:00+00:00,0.0,0.0,0.0,15.27,1.72
2023-08-26 01:05:00+00:00,0.0,0.0,0.0,14.89,1.52
2023-08-26 02:05:00+00:00,0.0,0.0,0.0,14.62,1.38
2023-08-26 03:05:00+00:00,0.0,0.0,0.0,14.34,1.24
2023-08-26 04:05:00+00:00,17.029999999999998,17.029999999999998,0.0,14.07,1.17
2023-08-26 05:05:00+00:00,155.27999999999997,195.68999999999997,40.41,15.34,1.52
2023-08-26 06:05:00+00:00,127.91,428.97,301.06,17.64,1.72
2023-08-26 07:05:00+00:00,130.11,614.34,484.23,20.06,1.93
2023-08-26 08:05:00+00:00,128.84,751.1800000000001,622.34,22.34,2.14
2023-08-26 09:05:00+00:00,113.3,830.15,716.85,24.49,2.34
2023-08-26 10:05:00+00:00,389.96,705.38,315.42,25.62,2.48
2023-08-26 11:05:00+00:00,430.87,528.76,97.89,26.3,2.34
2023-08-26 12:05:00+00:00,100.27,100.27,0.0,26.73,2.48
2023-08-26 13:05:00+00:00,199.53,401.01,201.48,26.35,2.62
2023-08-26 14:05:00+00:00,152.5,170.67000000000002,18.17,26.0,3.03
2023-08-26 15:05:00+00:00,34.49,37.0,2.51,25.06,3.31
2023-08-26 16:05:00+00:00,0.0,0.0,0.0,23.56,3.38
2023-08-26 17:05:00+00:00,0.0,0.0,0.0,21.76,3.38
2023-08-26 18:05:00+00:00,0.0,0.0,0.0,20.37,3.17
2023-08-26 19:05:00+00:00,0.0,0.0,0.0,19.02,3.17
2023-08-26 20:05:00+00:00,0.0,0.0,0.0,17.97,3.03
2023-08-26 21:05:00+00:00,0.0,0.0,0.0,17.06,3.03
2023-08-26 22:05:00+00:00,0.0,0.0,0.0,16.18,2.41
2023-08-26 23:05:00+00:00,0.0,0.0,0.0,15.42,1.93
2023-08-27 00:05:00+00:00,0.0,0.0,0.0,14.79,1.59
2023-08-27 01:05:00+00:00,0.0,0.0,0.0,14.29,1.45
2023-08-27 02:05:00+00:00,0.0,0.0,0.0,13.88,1.31
2023-08-27 03:05:00+00:00,0.0,0.0,0.0,13.35,1.24
2023-08-27 04:05:00+00:00,17.029999999999998,17.029999999999998,0.0,13.18,1.17
2023-08-27 05:05:00+00:00,89.53,230.56,141.03,15.42,1.24
2023-08-27 06:05:00+00:00,137.42000000000002,430.91,293.49,18.24,1.24
2023-08-27 07:05:00+00:00,138.6,614.41,475.81,20.72,2.07
2023-08-27 08:05:00+00:00,145.26,747.77,602.51,22.86,2.41
2023-08-27 09:05:00+00:00,154.48,811.76,657.28,24.66,2.62
2023-08-27 10:05:00+00:00,207.94,793.3299999999999,585.39,25.8,2.55
2023-08-27 11:05:00+00:00,330.84000000000003,669.7,338.86,26.58,2.41
2023-08-27 12:05:00+00:00,248.34,570.96,322.62,26.96,2.55
2023-08-27 13:05:00+00:00,208.59,398.83000000000004,190.24,27.02,2.9
2023-08-27 14:05:00+00:00,153.77,179.54000000000002,25.77,26.4,3.52
2023-08-27 15:05:00+00:00,13.25,13.25,0.0,25.08,3.86
2023-08-27 16:05:00+00:00,0.0,0.0,0.0,23.32,3.93
2023-08-27 17:05:00+00:00,0.0,0.0,0.0,21.73,4.0
2023-08-27 18:05:00+00:00,0.0,0.0,0.0,20.34,3.59
2023-08-27 19:05:00+00:00,0.0,0.0,0.0,19.24,3.24
2023-08-27 20:05:00+00:00,0.0,0.0,0.0,18.2,2.97
2023-08-27 21:05:00+00:00,0.0,0.0,0.0,17.25,2.83
2023-08-27 22:05:00+00:00,0.0,0.0,0.0,16.42,2.69
2023-08-27 23:05:00+00:00,0.0,0.0,0.0,15.67,2.14
2023-08-28 00:05:00+00:00,0.0,0.0,0.0,15.23,1.59
2023-08-28 01:05:00+00:00,0.0,0.0,0.0,14.63,1.45
2023-08-28 02:05:00+00:00,0.0,0.0,0.0,14.13,1.31
2023-08-28 03:05:00+00:00,0.0,0.0,0.0,13.82,1.24
2023-08-28 04:05:00+00:00,7.57,7.57,0.0,13.56,1.03
2023-08-28 05:05:00+00:00,40.68,40.68,0.0,15.3,1.03
2023-08-28 06:05:00+00:00,252.01,271.25,19.24,17.28,1.17
2023-08-28 07:05:00+00:00,332.69,353.56,20.87,18.63,1.79
2023-08-28 08:05:00+00:00,275.28,275.28,0.0,20.2,1.72
2023-08-28 09:05:00+00:00,439.66999999999996,477.22999999999996,37.56,20.75,1.79
2023-08-28 10:05:00+00:00,354.73,359.33000000000004,4.6,21.61,2.07
2023-08-28 11:05:00+00:00,212.84,212.84,0.0,22.54,2.41
2023-08-28 12:05:00+00:00,165.54,165.54,0.0,22.81,2.69
2023-08-28 13:05:00+00:00,262.64,300.25,37.61,23.59,3.1
2023-08-28 14:05:00+00:00,36.89,36.89,0.0,23.37,3.24
2023-08-28 15:05:00+00:00,20.81,20.81,0.0,22.77,3.1
2023-08-28 16:05:00+00:00,0.0,0.0,0.0,21.62,2.62
2023-08-28 17:05:00+00:00,0.0,0.0,0.0,20.49,3.03
2023-08-28 18:05:00+00:00,0.0,0.0,0.0,18.97,3.66
2023-08-28 19:05:00+00:00,0.0,0.0,0.0,18.07,3.45
2023-08-28 20:05:00+00:00,0.0,0.0,0.0,16.91,3.31
2023-08-28 21:05:00+00:00,0.0,0.0,0.0,15.9,3.1
2023-08-28 22:05:00+00:00,0.0,0.0,0.0,15.27,2.48
2023-08-28 23:05:00+00:00,0.0,0.0,0.0,14.95,2.0
2023-08-29 00:05:00+00:00,0.0,0.0,0.0,14.77,1.52
2023-08-29 01:05:00+00:00,0.0,0.0,0.0,14.79,1.45
2023-08-29 02:05:00+00:00,0.0,0.0,0.0,14.7,1.38
2023-08-29 03:05:00+00:00,0.0,0.0,0.0,14.67,1.31
2023-08-29 04:05:00+00:00,8.51,8.51,0.0,14.62,1.31
2023-08-29 05:05:00+00:00,59.59,59.59,0.0,15.32,1.24
2023-08-29 06:05:00+00:00,254.84,276.38,21.54,16.78,1.1
2023-08-29 07:05:00+00:00,351.28999999999996,506.40999999999997,155.12,18.91,2.0
2023-08-29 08:05:00+00:00,275.28,275.28,0.0,20.62,2.34
2023-08-29 09:05:00+00:00,441.61,480.87,39.26,21.52,2.07
2023-08-29 10:05:00+00:00,418.04999999999995,441.90999999999997,23.86,22.78,2.0
2023-08-29 11:05:00+00:00,431.39000000000004,529.84,98.45,23.4,2.21
2023-08-29 12:05:00+00:00,357.51,473.43,115.92,23.48,2.28
2023-08-29 13:05:00+00:00,244.70999999999998,374.08,129.37,23.03,2.69
2023-08-29 14:05:00+00:00,140.34,149.15,8.81,22.73,2.83
2023-08-29 15:05:00+00:00,35.14,39.04,3.9,22.35,2.69
2023-08-29 16:05:00+00:00,0.0,0.0,0.0,21.39,2.28
2023-08-29 17:05:00+00:00,0.0,0.0,0.0,20.38,2.41
2023-08-29 18:05:00+00:00,0.0,0.0,0.0,19.31,2.76
2023-08-29 19:05:00+00:00,0.0,0.0,0.0,18.47,3.03
2023-08-29 20:05:00+00:00,0.0,0.0,0.0,17.66,2.97
2023-08-29 21:05:00+00:00,0.0,0.0,0.0,16.99,3.31
2023-08-29 22:05:00+00:00,0.0,0.0,0.0,16.4,2.9
2023-08-29 23:05:00+00:00,0.0,0.0,0.0,16.05,2.48
2023-08-30 00:05:00+00:00,0.0,0.0,0.0,15.95,1.79
2023-08-30 01:05:00+00:00,0.0,0.0,0.0,15.77,1.52
2023-08-30 02:05:00+00:00,0.0,0.0,0.0,15.51,1.24
2023-08-30 03:05:00+00:00,0.0,0.0,0.0,15.44,1.38
2023-08-30 04:05:00+00:00,14.19,14.19,0.0,15.54,1.03
2023-08-30 05:05:00+00:00,28.38,28.38,0.0,15.86,1.17
2023-08-30 06:05:00+00:00,136.22,136.22,0.0,16.81,1.31
2023-08-30 07:05:00+00:00,365.83,454.74,88.91,17.78,1.66
2023-08-30 08:05:00+00:00,297.04,298.57,1.53,19.46,1.38
2023-08-30 09:05:00+00:00,194.87,194.87,0.0,20.18,1.66
2023-08-30 10:05:00+00:00,406.76000000000005,426.08000000000004,19.32,21.6,2.0
2023-08-30 11:05:00+00:00,428.81,520.04,91.23,22.25,2.62
2023-08-30 12:05:00+00:00,194.87,194.87,0.0,22.61,2.97
2023-08-30 13:05:00+00:00,239.92999999999998,254.32999999999998,14.4,22.8,3.17
2023-08-30 14:05:00+00:00,138.02,208.11,70.09,22.15,3.38
2023-08-30 15:05:00+00:00,5.68,5.68,0.0,21.48,3.24
2023-08-30 16:05:00+00:00,0.0,0.0,0.0,20.66,2.55
2023-08-30 17:05:00+00:00,0.0,0.0,0.0,20.15,2.9
2023-08-30 18:05:00+00:00,0.0,0.0,0.0,19.64,2.9
2023-08-30 19:05:00+00:00,0.0,0.0,0.0,18.67,2.48
2023-08-30 20:05:00+00:00,0.0,0.0,0.0,18.16,2.62
2023-08-30 21:05:00+00:00,0.0,0.0,0.0,17.71,2.83
2023-08-30 22:05:00+00:00,0.0,0.0,0.0,17.03,2.83
2023-08-30 23:05:00+00:00,0.0,0.0,0.0,16.59,2.83
2023-08-31 00:05:00+00:00,0.0,0.0,0.0,16.15,2.21
2023-08-31 01:05:00+00:00,0.0,0.0,0.0,15.89,1.93
2023-08-31 02:05:00+00:00,0.0,0.0,0.0,15.66,1.86
2023-08-31 03:05:00+00:00,0.0,0.0,0.0,15.3,1.66
2023-08-31 04:05:00+00:00,17.029999999999998,17.029999999999998,0.0,15.16,1.52
2023-08-31 05:05:00+00:00,30.27,30.27,0.0,15.82,1.79
2023-08-31 06:05:00+00:00,102.17,102.17,0.0,17.07,2.28
2023-08-31 07:05:00+00:00,166.49,166.49,0.0,17.72,2.07
2023-08-31 08:05:00+00:00,245.95,245.95,0.0,19.18,2.14
2023-08-31 09:05:00+00:00,410.34999999999997,699.9399999999999,289.59,20.29,2.41
2023-08-31 10:05:00+00:00,454.35,637.51,183.16,21.6,2.41
2023-08-31 11:05:00+00:00,220.41,220.41,0.0,22.4,2.48
2023-08-31 12:05:00+00:00,218.52,218.52,0.0,22.68,2.48
2023-08-31 13:05:00+00:00,260.08,299.22999999999996,39.15,22.38,2.55
2023-08-31 14:05:00+00:00,150.7,188.12,37.42,22.03,2.9
2023-08-31 15:05:00+00:00,21.759999999999998,21.759999999999998,0.0,21.43,2.76
2023-08-31 16:05:00+00:00,0.0,0.0,0.0,20.51,2.41
2023-08-31 17:05:00+00:00,0.0,0.0,0.0,19.81,2.07
2023-08-31 18:05:00+00:00,0.0,0.0,0.0,19.14,2.0
2023-08-31 19:05:00+00:00,0.0,0.0,0.0,18.33,2.34
2023-08-31 20:05:00+00:00,0.0,0.0,0.0,17.87,2.55
2023-08-31 21:05:00+00:00,0.0,0.0,0.0,17.3,2.55
2023-08-31 22:05:00+00:00,0.0,0.0,0.0,16.79,2.41
2023-08-31 23:05:00+00:00,0.0,0.0,0.0,16.33,2.28
2023-09-01 00:05:00+00:00,0.0,0.0,0.0,16.0,1.93
2023-09-01 01:05:00+00:00,0.0,0.0,0.0,15.65,1.59
2023-09-01 02:05:00+00:00,0.0,0.0,0.0,15.29,1.38
2023-09-01 03:05:00+00:00,0.0,0.0,0.0,14.99,1.38
2023-09-01 04:05:00+00:00,13.25,13.25,0.0,14.9,1.24
2023-09-01 05:05:00+00:00,43.519999999999996,43.519999999999996,0.0,15.91,1.52
2023-09-01 06:05:00+00:00,170.27,170.27,0.0,17.98,1.59
2023-09-01 07:05:00+00:00,167.44,167.44,0.0,19.02,1.72
2023-09-01 08:05:00+00:00,181.63,181.63,0.0,20.82,1.59
2023-09-01 09:05:00+00:00,196.6,807.85,611.25,22.03,1.17
2023-09-01 10:05:00+00:00,441.25,663.37,222.12,23.09,1.38
2023-09-01 11:05:00+00:00,428.23,510.23,82.0,23.23,1.72
2023-09-01 12:05:00+00:00,282.14,556.45,274.31,23.74,2.0
2023-09-01 13:05:00+00:00,140.27,428.71000000000004,288.44,23.58,2.41
2023-09-01 14:05:00+00:00,49.190000000000005,49.190000000000005,0.0,23.18,2.55
2023-09-01 15:05:00+00:00,5.68,5.68,0.0,22.19,2.69
2023-09-01 16:05:00+00:00,0.0,0.0,0.0,21.27,2.07
2023-09-01 17:05:00+00:00,0.0,0.0,0.0,20.42,2.41
2023-09-01 18:05:00+00:00,0.0,0.0,0.0,19.47,3.17
2023-09-01 19:05:00+00:00,0.0,0.0,0.0,18.02,3.03
2023-09-01 20:05:00+00:00,0.0,0.0,0.0,17.21,2.62
2023-09-01 21:05:00+00:00,0.0,0.0,0.0,16.46,2.0
2023-09-01 22:05:00+00:00,0.0,0.0,0.0,15.9,1.93
2023-09-01 23:05:00+00:00,0.0,0.0,0.0,15.54,1.79
2023-09-02 00:05:00+00:00,0.0,0.0,0.0,15.21,1.52
2023-09-02 01:05:00+00:00,0.0,0.0,0.0,15.02,1.38
2023-09-02 02:05:00+00:00,0.0,0.0,0.0,14.86,1.45
2023-09-02 03:05:00+00:00,0.0,0.0,0.0,14.68,1.31
2023-09-02 04:05:00+00:00,9.46,9.46,0.0,14.71,1.52
2023-09-02 05:05:00+00:00,44.46,44.46,0.0,15.82,1.79
2023-09-02 06:05:00+00:00,273.73,353.66,79.93,17.51,1.93
2023-09-02 07:05:00+00:00,168.38,168.38,0.0,19.55,1.72
2023-09-02 08:05:00+00:00,195.81,195.81,0.0,20.98,1.86
2023-09-02 09:05:00+00:00,465.49,539.87,74.38,22.01,2.07
2023-09-02 10:05:00+00:00,467.29999999999995,607.4,140.1,22.82,2.0
2023-09-02 11:05:00+00:00,414.7,600.43,185.73,23.85,2.0
2023-09-02 12:05:00+00:00,314.96999999999997,538.03,223.06,24.39,2.28
2023-09-02 13:05:00+00:00,167.59,422.8,255.21,24.16,2.48
2023-09-02 14:05:00+00:00,146.35,200.59,54.24,23.59,2.97
2023-09-02 15:05:00+00:00,26.49,26.49,0.0,22.73,3.03
2023-09-02 16:05:00+00:00,0.0,0.0,0.0,21.58,2.55
2023-09-02 17:05:00+00:00,0.0,0.0,0.0,20.64,2.62
2023-09-02 18:05:00+00:00,0.0,0.0,0.0,19.7,2.48
2023-09-02 19:05:00+00:00,0.0,0.0,0.0,18.72,2.21
2023-09-02 20:05:00+00:00,0.0,0.0,0.0,17.91,2.48
2023-09-02 21:05:00+00:00,0.0,0.0,0.0,16.93,2.62
2023-09-02 22:05:00+00:00,0.0,0.0,0.0,15.98,2.21
2023-09-02 23:05:00+00:00,0.0,0.0,0.0,15.13,1.93
2023-09-03 00:05:00+00:00,0.0,0.0,0.0,14.49,1.66
2023-09-03 01:05:00+00:00,0.0,0.0,0.0,14.04,1.52
2023-09-03 02:05:00+00:00,0.0,0.0,0.0,13.65,1.38
2023-09-03 03:05:00+00:00,0.0,0.0,0.0,13.27,1.24
2023-09-03 04:05:00+00:00,16.08,16.08,0.0,13.12,1.17
2023-09-03 05:05:00+00:00,70.0,70.0,0.0,15.04,1.38
2023-09-03 06:05:00+00:00,125.81,125.81,0.0,17.48,1.38
2023-09-03 07:05:00+00:00,331.05,347.99,16.94,19.32,1.66
2023-09-03 08:05:00+00:00,422.59,621.12,198.53,21.61,1.93
2023-09-03 09:05:00+00:00,127.3,860.87,733.57,23.53,2.14
2023-09-03 10:05:00+00:00,133.5,853.43,719.93,25.13,2.07
2023-09-03 11:05:00+00:00,130.5,779.19,648.69,26.12,2.07
2023-09-03 12:05:00+00:00,148.29,628.28,479.99,26.56,1.66
2023-09-03 13:05:00+00:00,108.86999999999999,453.32,344.45,26.88,1.45
2023-09-03 14:05:00+00:00,89.0,234.34,145.34,26.6,1.72
2023-09-03 15:05:00+00:00,5.68,5.68,0.0,25.63,1.86
2023-09-03 16:05:00+00:00,0.0,0.0,0.0,23.77,2.34
2023-09-03 17:05:00+00:00,0.0,0.0,0.0,21.95,3.03
2023-09-03 18:05:00+00:00,0.0,0.0,0.0,20.42,3.24
2023-09-03 19:05:00+00:00,0.0,0.0,0.0,19.24,3.24
2023-09-03 20:05:00+00:00,0.0,0.0,0.0,17.96,3.24
2023-09-03 21:05:00+00:00,0.0,0.0,0.0,16.65,3.1
2023-09-03 22:05:00+00:00,0.0,0.0,0.0,15.74,2.28
2023-09-03 23:05:00+00:00,0.0,0.0,0.0,15.02,1.93
2023-09-04 00:05:00+00:00,0.0,0.0,0.0,14.49,1.72
2023-09-04 01:05:00+00:00,0.0,0.0,0.0,14.03,1.45
2023-09-04 02:05:00+00:00,0.0,0.0,0.0,13.67,1.31
2023-09-04 03:05:00+00:00,0.0,0.0,0.0,13.26,1.17
2023-09-04 04:05:00+00:00,8.51,8.51,0.0,13.14,0.97
2023-09-04 05:05:00+00:00,43.519999999999996,43.519999999999996,0.0,14.89,1.1
2023-09-04 06:05:00+00:00,114.46000000000001,114.46000000000001,0.0,17.56,1.1
2023-09-04 07:05:00+00:00,337.70000000000005,359.38000000000005,21.68,19.33,1.17
2023-09-04 08:05:00+00:00,276.22,276.22,0.0,22.3,1.59
2023-09-04 09:05:00+00:00,432.46000000000004,460.88000000000005,28.42,23.61,1.45
2023-09-04 10:05:00+00:00,151.94,844.9000000000001,692.96,24.94,1.59
2023-09-04 11:05:00+00:00,148.06,771.46,623.4,26.11,1.93
2023-09-04 12:05:00+00:00,286.10999999999996,571.01,284.9,26.22,2.62
2023-09-04 13:05:00+00:00,265.40000000000003,346.72,81.32,25.62,3.1
2023-09-04 14:05:00+00:00,70.0,70.0,0.0,25.16,3.52
2023-09-04 15:05:00+00:00,29.22,29.49,0.27,24.1,3.31
2023-09-04 16:05:00+00:00,0.0,0.0,0.0,22.84,3.52
2023-09-04 17:05:00+00:00,0.0,0.0,0.0,21.08,4.07
2023-09-04 18:05:00+00:00,0.0,0.0,0.0,19.14,3.93
2023-09-04 19:05:00+00:00,0.0,0.0,0.0,17.72,3.17
2023-09-04 20:05:00+00:00,0.0,0.0,0.0,16.96,2.62
2023-09-04 21:05:00+00:00,0.0,0.0,0.0,16.31,2.28
2023-09-04 22:05:00+00:00,0.0,0.0,0.0,15.87,2.14
2023-09-04 23:05:00+00:00,0.0,0.0,0.0,15.56,1.93
2023-09-05 00:05:00+00:00,0.0,0.0,0.0,15.26,1.72
2023-09-05 01:05:00+00:00,0.0,0.0,0.0,14.91,1.59
2023-09-05 02:05:00+00:00,0.0,0.0,0.0,14.77,1.31
2023-09-05 03:05:00+00:00,0.0,0.0,0.0,14.65,1.1
2023-09-05 04:05:00+00:00,50.01,59.75,9.74,14.62,0.97
2023-09-05 05:05:00+00:00,143.62,149.94,6.32,15.55,1.17
2023-09-05 06:05:00+00:00,175.81,454.98,279.17,17.65,1.17
2023-09-05 07:05:00+00:00,145.9,651.17,505.27,20.17,0.97
2023-09-05 08:05:00+00:00,182.6,770.23,587.63,22.24,0.97
2023-09-05 09:05:00+00:00,360.33,757.5699999999999,397.24,23.85,1.17
2023-09-05 10:05:00+00:00,427.47,698.53,271.06,24.74,1.31
2023-09-05 11:05:00+00:00,394.76,638.95,244.19,25.54,1.45
2023-09-05 12:05:00+00:00,357.48,414.14,56.66,25.87,1.66
2023-09-05 13:05:00+00:00,255.07999999999998,283.63,28.55,25.45,2.14
2023-09-05 14:05:00+00:00,142.94,206.79,63.85,24.83,2.62
2023-09-05 15:05:00+00:00,28.290000000000003,28.580000000000002,0.29,24.0,2.55
2023-09-05 16:05:00+00:00,0.0,0.0,0.0,22.91,1.86
2023-09-05 17:05:00+00:00,0.0,0.0,0.0,22.0,2.21
2023-09-05 18:05:00+00:00,0.0,0.0,0.0,20.89,2.83
2023-09-05 19:05:00+00:00,0.0,0.0,0.0,19.95,2.97
2023-09-05 20:05:00+00:00,0.0,0.0,0.0,18.96,2.41
2023-09-05 21:05:00+00:00,0.0,0.0,0.0,18.06,1.45
2023-09-05 22:05:00+00:00,0.0,0.0,0.0,17.17,1.24
2023-09-05 23:05:00+00:00,0.0,0.0,0.0,16.43,1.17
2023-09-06 00:05:00+00:00,0.0,0.0,0.0,15.72,1.1
2023-09-06 01:05:00+00:00,0.0,0.0,0.0,15.05,0.97
2023-09-06 02:05:00+00:00,0.0,0.0,0.0,14.6,0.83
2023-09-06 03:05:00+00:00,0.0,0.0,0.0,14.09,0.83
2023-09-06 04:05:00+00:00,48.800000000000004,61.940000000000005,13.14,13.84,0.69
2023-09-06 05:05:00+00:00,104.79,263.98,159.19,16.69,0.69
2023-09-06 06:05:00+00:00,111.58000000000001,484.99,373.41,19.68,0.62
2023-09-06 07:05:00+00:00,147.25,653.6700000000001,506.42,21.9,0.55
2023-09-06 08:05:00+00:00,214.54999999999998,759.6899999999999,545.14,23.95,0.34
2023-09-06 09:05:00+00:00,422.27,710.5,288.23,25.34,0.21
2023-09-06 10:05:00+00:00,375.91,743.61,367.7,25.59,0.28
2023-09-06 11:05:00+00:00,428.9,503.28,74.38,25.81,0.76
2023-09-06 12:05:00+00:00,107.84,107.84,0.0,26.04,1.86
2023-09-06 13:05:00+00:00,259.75,299.1,39.35,26.21,2.48
2023-09-06 14:05:00+00:00,84.19,84.19,0.0,24.42,2.69
2023-09-06 15:05:00+00:00,5.68,5.68,0.0,22.53,2.0
2023-09-06 16:05:00+00:00,0.0,0.0,0.0,21.57,1.38
2023-09-06 17:05:00+00:00,0.0,0.0,0.0,20.92,1.03
2023-09-06 18:05:00+00:00,0.0,0.0,0.0,20.43,1.1
2023-09-06 19:05:00+00:00,0.0,0.0,0.0,19.77,0.76
2023-09-06 20:05:00+00:00,0.0,0.0,0.0,19.3,0.55
2023-09-06 21:05:00+00:00,0.0,0.0,0.0,18.86,0.48
2023-09-06 22:05:00+00:00,0.0,0.0,0.0,18.01,0.62
2023-09-06 23:05:00+00:00,0.0,0.0,0.0,17.52,0.48
2023-09-07 00:05:00+00:00,0.0,0.0,0.0,16.82,0.48
2023-09-07 01:05:00+00:00,0.0,0.0,0.0,16.48,0.41
2023-09-07 02:05:00+00:00,0.0,0.0,0.0,15.88,0.48
2023-09-07 03:05:00+00:00,0.0,0.0,0.0,15.41,0.48
2023-09-07 04:05:00+00:00,38.730000000000004,39.230000000000004,0.5,15.53,0.34
2023-09-07 05:05:00+00:00,87.03,87.03,0.0,17.77,0.55
2023-09-07 06:05:00+00:00,189.03,453.83000000000004,264.8,20.28,0.9
2023-09-07 07:05:00+00:00,256.69,610.8,354.11,21.52,0.62
2023-09-07 08:05:00+00:00,383.44,668.39,284.95,23.64,1.38
2023-09-07 09:05:00+00:00,378.35,748.55,370.2,25.14,1.72
2023-09-07 10:05:00+00:00,335.79,768.1800000000001,432.39,26.03,2.0
2023-09-07 11:05:00+00:00,165.76999999999998,763.49,597.72,26.33,2.28
2023-09-07 12:05:00+00:00,352.96999999999997,404.75,51.78,26.26,2.76
2023-09-07 13:05:00+00:00,106.89,106.89,0.0,25.8,2.9
2023-09-07 14:05:00+00:00,56.75,56.75,0.0,24.12,1.38
2023-09-07 15:05:00+00:00,17.029999999999998,17.029999999999998,0.0,20.4,1.1
2023-09-07 16:05:00+00:00,0.0,0.0,0.0,18.61,1.24
2023-09-07 17:05:00+00:00,0.0,0.0,0.0,17.5,0.62
2023-09-07 18:05:00+00:00,0.0,0.0,0.0,17.0,0.41
2023-09-07 19:05:00+00:00,0.0,0.0,0.0,16.85,0.34
2023-09-07 20:05:00+00:00,0.0,0.0,0.0,16.8,0.28
2023-09-07 21:05:00+00:00,0.0,0.0,0.0,16.48,0.48
2023-09-07 22:05:00+00:00,0.0,0.0,0.0,16.37,0.55
2023-09-07 23:05:00+00:00,0.0,0.0,0.0,16.35,0.48
2023-09-08 00:05:00+00:00,0.0,0.0,0.0,16.07,0.83
2023-09-08 01:05:00+00:00,0.0,0.0,0.0,15.73,0.97
2023-09-08 02:05:00+00:00,0.0,0.0,0.0,15.44,0.97
2023-09-08 03:05:00+00:00,0.0,0.0,0.0,15.17,0.97
2023-09-08 04:05:00+00:00,47.94,50.55,2.61,15.2,1.1
2023-09-08 05:05:00+00:00,159.58,174.87,15.29,15.9,1.52
2023-09-08 06:05:00+00:00,171.22,171.22,0.0,17.35,1.38
2023-09-08 07:05:00+00:00,129.6,129.6,0.0,18.52,1.24
2023-09-08 08:05:00+00:00,297.05,297.85,0.8,19.82,1.59
2023-09-08 09:05:00+00:00,462.36,650.24,187.88,20.98,2.0
2023-09-08 10:05:00+00:00,368.07,375.29,7.22,21.61,2.14
2023-09-08 11:05:00+00:00,428.25,509.69,81.44,22.38,2.28
2023-09-08 12:05:00+00:00,282.89000000000004,288.41,5.52,22.53,2.62
2023-09-08 13:05:00+00:00,72.84,72.84,0.0,21.87,2.97
2023-09-08 14:05:00+00:00,35.949999999999996,35.949999999999996,0.0,20.44,2.62
2023-09-08 15:05:00+00:00,9.46,9.46,0.0,19.2,1.66
2023-09-08 16:05:00+00:00,0.0,0.0,0.0,18.45,1.59
2023-09-08 17:05:00+00:00,0.0,0.0,0.0,18.06,1.86
2023-09-08 18:05:00+00:00,0.0,0.0,0.0,17.96,2.0
2023-09-08 19:05:00+00:00,0.0,0.0,0.0,17.62,2.48
2023-09-08 20:05:00+00:00,0.0,0.0,0.0,17.25,2.55
2023-09-08 21:05:00+00:00,0.0,0.0,0.0,16.82,2.76
2023-09-08 22:05:00+00:00,0.0,0.0,0.0,16.36,2.76
2023-09-08 23:05:00+00:00,0.0,0.0,0.0,16.07,2.69
2023-09-09 00:05:00+00:00,0.0,0.0,0.0,15.83,2.07
2023-09-09 01:05:00+00:00,0.0,0.0,0.0,15.54,1.93
2023-09-09 02:05:00+00:00,0.0,0.0,0.0,15.47,1.66
2023-09-09 03:05:00+00:00,0.0,0.0,0.0,15.16,1.45
2023-09-09 04:05:00+00:00,8.51,8.51,0.0,15.17,1.38
2023-09-09 05:05:00+00:00,36.89,36.89,0.0,15.61,1.52
2023-09-09 06:05:00+00:00,95.53999999999999,95.53999999999999,0.0,16.44,1.66
2023-09-09 07:05:00+00:00,105.95,105.95,0.0,16.86,1.86
2023-09-09 08:05:00+00:00,141.89999999999998,141.89999999999998,0.0,17.95,2.14
2023-09-09 09:05:00+00:00,195.81,195.81,0.0,19.03,2.34
2023-09-09 10:05:00+00:00,185.42,185.42,0.0,19.4,2.41
2023-09-09 11:05:00+00:00,245.95,245.95,0.0,20.25,2.14
2023-09-09 12:05:00+00:00,192.03,192.03,0.0,20.46,2.34
2023-09-09 13:05:00+00:00,255.35,288.6,33.25,20.73,2.76
2023-09-09 14:05:00+00:00,129.48,135.97,6.49,20.74,2.9
2023-09-09 15:05:00+00:00,27.36,27.75,0.39,20.31,2.69
2023-09-09 16:05:00+00:00,0.0,0.0,0.0,19.58,2.48
2023-09-09 17:05:00+00:00,0.0,0.0,0.0,18.83,2.28
2023-09-09 18:05:00+00:00,0.0,0.0,0.0,18.48,2.34
2023-09-09 19:05:00+00:00,0.0,0.0,0.0,18.23,2.28
2023-09-09 20:05:00+00:00,0.0,0.0,0.0,17.71,2.48
2023-09-09 21:05:00+00:00,0.0,0.0,0.0,17.01,2.48
2023-09-09 22:05:00+00:00,0.0,0.0,0.0,16.46,2.14
2023-09-09 23:05:00+00:00,0.0,0.0,0.0,15.92,1.79
2023-09-10 00:05:00+00:00,0.0,0.0,0.0,15.53,1.52
2023-09-10 01:05:00+00:00,0.0,0.0,0.0,15.27,1.45
2023-09-10 02:05:00+00:00,0.0,0.0,0.0,14.83,1.24
2023-09-10 03:05:00+00:00,0.0,0.0,0.0,14.52,1.17
2023-09-10 04:05:00+00:00,12.29,12.29,0.0,14.35,1.03
2023-09-10 05:05:00+00:00,50.14,50.14,0.0,15.64,1.1
2023-09-10 06:05:00+00:00,264.0,285.95,21.95,17.42,1.24
2023-09-10 07:05:00+00:00,378.25,474.19,95.94,18.92,1.59
2023-09-10 08:05:00+00:00,130.52,819.5,688.98,20.65,2.0
2023-09-10 09:05:00+00:00,184.64,858.26,673.62,21.49,2.21
2023-09-10 10:05:00+00:00,333.46000000000004,785.8700000000001,452.41,22.62,2.34
2023-09-10 11:05:00+00:00,406.04,635.6600000000001,229.62,23.05,2.55
2023-09-10 12:05:00+00:00,211.9,211.9,0.0,23.29,2.76
2023-09-10 13:05:00+00:00,171.23,172.01,0.78,23.25,3.1
2023-09-10 14:05:00+00:00,26.49,26.49,0.0,22.84,3.31
2023-09-10 15:05:00+00:00,30.85,41.32,10.47,22.14,2.55
2023-09-10 16:05:00+00:00,0.0,0.0,0.0,21.17,2.55
2023-09-10 17:05:00+00:00,0.0,0.0,0.0,20.61,2.9
2023-09-10 18:05:00+00:00,0.0,0.0,0.0,19.69,3.38
2023-09-10 19:05:00+00:00,0.0,0.0,0.0,19.23,3.59
2023-09-10 20:05:00+00:00,0.0,0.0,0.0,18.27,3.45
2023-09-10 21:05:00+00:00,0.0,0.0,0.0,17.48,2.97
2023-09-10 22:05:00+00:00,0.0,0.0,0.0,16.82,2.76
2023-09-10 23:05:00+00:00,0.0,0.0,0.0,16.09,2.14
2023-09-11 00:05:00+00:00,0.0,0.0,0.0,15.66,1.79
2023-09-11 01:05:00+00:00,0.0,0.0,0.0,15.13,1.38
2023-09-11 02:05:00+00:00,0.0,0.0,0.0,14.74,1.31
2023-09-11 03:05:00+00:00,0.0,0.0,0.0,14.37,1.24
2023-09-11 04:05:00+00:00,15.13,15.13,0.0,14.24,1.1
2023-09-11 05:05:00+00:00,39.730000000000004,39.730000000000004,0.0,15.87,1.52
2023-09-11 06:05:00+00:00,276.41999999999996,312.72999999999996,36.31,17.99,2.07
2023-09-11 07:05:00+00:00,304.71,312.75,8.04,20.0,2.0
2023-09-11 08:05:00+00:00,429.04999999999995,635.6999999999999,206.65,21.28,1.86
2023-09-11 09:05:00+00:00,378.34999999999997,770.22,391.87,22.03,2.07
2023-09-11 10:05:00+00:00,347.16,782.77,435.61,22.62,2.21
2023-09-11 11:05:00+00:00,253.09,749.2,496.11,23.47,2.28
2023-09-11 12:05:00+00:00,345.71000000000004,520.4100000000001,174.7,23.29,2.48
2023-09-11 13:05:00+00:00,154.62,447.16,292.54,23.52,2.48
2023-09-11 14:05:00+00:00,25.54,25.54,0.0,23.48,2.41
2023-09-11 15:05:00+00:00,6.62,6.62,0.0,22.7,2.21
2023-09-11 16:05:00+00:00,0.0,0.0,0.0,21.39,2.21
2023-09-11 17:05:00+00:00,0.0,0.0,0.0,20.38,2.62
2023-09-11 18:05:00+00:00,0.0,0.0,0.0,19.52,2.69
2023-09-11 19:05:00+00:00,0.0,0.0,0.0,18.71,3.31
2023-09-11 20:05:00+00:00,0.0,0.0,0.0,17.89,2.62
2023-09-11 21:05:00+00:00,0.0,0.0,0.0,17.12,2.14
2023-09-11 22:05:00+00:00,0.0,0.0,0.0,16.52,1.66
2023-09-11 23:05:00+00:00,0.0,0.0,0.0,16.01,1.38
2023-09-12 00:05:00+00:00,0.0,0.0,0.0,15.76,1.31
2023-09-12 01:05:00+00:00,0.0,0.0,0.0,15.66,1.24
2023-09-12 02:05:00+00:00,0.0,0.0,0.0,15.43,1.17
2023-09-12 03:05:00+00:00,0.0,0.0,0.0,15.07,1.03
2023-09-12 04:05:00+00:00,17.029999999999998,17.029999999999998,0.0,14.88,0.9
2023-09-12 05:05:00+00:00,163.59,178.85,15.26,16.56,1.17
2023-09-12 06:05:00+00:00,247.81,440.96000000000004,193.15,18.57,1.1
2023-09-12 07:05:00+00:00,241.21,645.97,404.76,20.98,1.31
2023-09-12 08:05:00+00:00,153.26,814.22,660.96,22.52,1.72
2023-09-12 09:05:00+00:00,279.90999999999997,827.7099999999999,547.8,23.69,2.0
2023-09-12 10:05:00+00:00,314.68,802.7,488.02,24.27,2.21
2023-09-12 11:05:00+00:00,337.41999999999996,704.06,366.64,25.14,2.41
2023-09-12 12:05:00+00:00,334.83,535.44,200.61,25.01,2.9
2023-09-12 13:05:00+00:00,76.63000000000001,76.63000000000001,0.0,24.93,3.03
2023-09-12 14:05:00+00:00,38.79,38.79,0.0,23.87,3.03
2023-09-12 15:05:00+00:00,4.73,4.73,0.0,23.18,2.41
2023-09-12 16:05:00+00:00,0.0,0.0,0.0,21.91,1.66
2023-09-12 17:05:00+00:00,0.0,0.0,0.0,20.78,1.59
2023-09-12 18:05:00+00:00,0.0,0.0,0.0,20.2,1.66
2023-09-12 19:05:00+00:00,0.0,0.0,0.0,19.28,1.52
2023-09-12 20:05:00+00:00,0.0,0.0,0.0,18.74,1.59
2023-09-12 21:05:00+00:00,0.0,0.0,0.0,18.23,1.93
2023-09-12 22:05:00+00:00,0.0,0.0,0.0,17.3,1.72
2023-09-12 23:05:00+00:00,0.0,0.0,0.0,16.67,1.45
2023-09-13 00:05:00+00:00,0.0,0.0,0.0,16.1,1.24
2023-09-13 01:05:00+00:00,0.0,0.0,0.0,15.74,1.31
2023-09-13 02:05:00+00:00,0.0,0.0,0.0,15.42,1.38
2023-09-13 03:05:00+00:00,0.0,0.0,0.0,15.26,1.31
2023-09-13 04:05:00+00:00,15.13,15.13,0.0,15.13,1.1
2023-09-13 05:05:00+00:00,47.300000000000004,47.300000000000004,0.0,16.63,1.45
2023-09-13 06:05:00+00:00,141.89999999999998,141.89999999999998,0.0,18.36,1.66
2023-09-13 07:05:00+00:00,382.34,460.29999999999995,77.96,20.44,2.14
2023-09-13 08:05:00+00:00,321.68,324.13,2.45,21.37,2.28
2023-09-13 09:05:00+00:00,295.15000000000003,295.15000000000003,0.0,22.36,2.83
2023-09-13 10:05:00+00:00,382.33,391.34,9.01,22.73,3.1
2023-09-13 11:05:00+00:00,266.77,266.77,0.0,22.99,3.1
2023-09-13 12:05:00+00:00,357.40000000000003,414.1,56.7,23.33,3.17
2023-09-13 13:05:00+00:00,221.32000000000002,413.84000000000003,192.52,23.42,3.31
2023-09-13 14:05:00+00:00,147.1,198.59,51.49,22.99,3.59
2023-09-13 15:05:00+00:00,12.29,12.29,0.0,21.87,3.86
2023-09-13 16:05:00+00:00,0.0,0.0,0.0,20.27,4.07
2023-09-13 17:05:00+00:00,0.0,0.0,0.0,18.88,4.28
2023-09-13 18:05:00+00:00,0.0,0.0,0.0,18.14,3.72
2023-09-13 19:05:00+00:00,0.0,0.0,0.0,17.64,3.45
2023-09-13 20:05:00+00:00,0.0,0.0,0.0,17.43,3.45
2023-09-13 21:05:00+00:00,0.0,0.0,0.0,17.06,3.31
2023-09-13 22:05:00+00:00,0.0,0.0,0.0,16.61,3.1
2023-09-13 23:05:00+00:00,0.0,0.0,0.0,16.2,2.9
2023-09-14 00:05:00+00:00,0.0,0.0,0.0,15.72,2.55
2023-09-14 01:05:00+00:00,0.0,0.0,0.0,15.23,2.07
2023-09-14 02:05:00+00:00,0.0,0.0,0.0,14.9,1.52
2023-09-14 03:05:00+00:00,0.0,0.0,0.0,14.74,1.38
2023-09-14 04:05:00+00:00,10.41,10.41,0.0,14.73,1.31
2023-09-14 05:05:00+00:00,113.52,113.52,0.0,15.58,1.24
2023-09-14 06:05:00+00:00,291.40000000000003,381.64000000000004,90.24,17.32,1.66
2023-09-14 07:05:00+00:00,370.59999999999997,414.67999999999995,44.08,19.39,2.48
2023-09-14 08:05:00+00:00,447.54,619.1800000000001,171.64,21.05,2.69
2023-09-14 09:05:00+00:00,475.55,674.76,199.21,22.34,2.76
2023-09-14 10:05:00+00:00,413.5,750.06,336.56,23.44,2.9
2023-09-14 11:05:00+00:00,439.84000000000003,544.84,105.0,24.64,3.03
2023-09-14 12:05:00+00:00,335.62,547.33,211.71,25.09,3.03
2023-09-14 13:05:00+00:00,266.45,333.75,67.3,25.31,3.17
2023-09-14 14:05:00+00:00,148.38,179.04,30.66,24.33,3.72
2023-09-14 15:05:00+00:00,13.25,13.25,0.0,22.71,3.86
2023-09-14 16:05:00+00:00,0.0,0.0,0.0,20.45,3.79
2023-09-14 17:05:00+00:00,0.0,0.0,0.0,19.14,3.45
2023-09-14 18:05:00+00:00,0.0,0.0,0.0,18.18,3.03
2023-09-14 19:05:00+00:00,0.0,0.0,0.0,17.73,2.9
2023-09-14 20:05:00+00:00,0.0,0.0,0.0,17.04,2.83
2023-09-14 21:05:00+00:00,0.0,0.0,0.0,16.48,2.76
2023-09-14 22:05:00+00:00,0.0,0.0,0.0,16.13,2.34
2023-09-14 23:05:00+00:00,0.0,0.0,0.0,15.75,1.79
2023-09-15 00:05:00+00:00,0.0,0.0,0.0,15.48,1.45
2023-09-15 01:05:00+00:00,0.0,0.0,0.0,15.23,1.52
2023-09-15 02:05:00+00:00,0.0,0.0,0.0,15.07,1.24
2023-09-15 03:05:00+00:00,0.0,0.0,0.0,14.95,1.24
2023-09-15 04:05:00+00:00,12.29,12.29,0.0,14.91,1.31
2023-09-15 05:05:00+00:00,44.46,44.46,0.0,15.66,1.79
2023-09-15 06:05:00+00:00,174.07,174.07,0.0,17.51,2.07
2023-09-15 07:05:00+00:00,304.73,312.11,7.38,19.1,2.55
2023-09-15 08:05:00+00:00,450.91,581.24,130.33,20.32,2.62
2023-09-15 09:05:00+00:00,365.24,370.2,4.96,21.26,2.76
2023-09-15 10:05:00+00:00,204.32999999999998,204.32999999999998,0.0,21.29,2.83
2023-09-15 11:05:00+00:00,170.27,170.27,0.0,21.63,2.76
2023-09-15 12:05:00+00:00,246.91,247.73,0.82,21.85,2.76
2023-09-15 13:05:00+00:00,262.08,347.61,85.53,22.11,2.9
2023-09-15 14:05:00+00:00,88.1,251.78,163.68,21.51,3.03
2023-09-15 15:05:00+00:00,21.759999999999998,21.759999999999998,0.0,20.88,2.83
2023-09-15 16:05:00+00:00,0.0,0.0,0.0,20.06,2.55
2023-09-15 17:05:00+00:00,0.0,0.0,0.0,19.41,2.34
2023-09-15 18:05:00+00:00,0.0,0.0,0.0,18.95,2.48
2023-09-15 19:05:00+00:00,0.0,0.0,0.0,18.13,2.28
2023-09-15 20:05:00+00:00,0.0,0.0,0.0,17.48,2.14
2023-09-15 21:05:00+00:00,0.0,0.0,0.0,16.77,1.79
2023-09-15 22:05:00+00:00,0.0,0.0,0.0,16.15,1.45
2023-09-15 23:05:00+00:00,0.0,0.0,0.0,15.65,1.52
2023-09-16 00:05:00+00:00,0.0,0.0,0.0,15.11,1.52
2023-09-16 01:05:00+00:00,0.0,0.0,0.0,14.65,1.45
2023-09-16 02:05:00+00:00,0.0,0.0,0.0,14.07,1.31
2023-09-16 03:05:00+00:00,0.0,0.0,0.0,13.72,1.1
2023-09-16 04:05:00+00:00,15.13,15.13,0.0,13.73,0.97
2023-09-16 05:05:00+00:00,97.44,97.44,0.0,15.39,1.1
2023-09-16 06:05:00+00:00,241.36,249.52,8.16,17.89,1.17
2023-09-16 07:05:00+00:00,188.68,691.72,503.04,19.97,1.72
2023-09-16 08:05:00+00:00,190.13000000000002,823.09,632.96,21.22,1.52
2023-09-16 09:05:00+00:00,140.76999999999998,910.98,770.21,22.47,1.52
2023-09-16 10:05:00+00:00,152.63,893.58,740.95,23.42,1.79
2023-09-16 11:05:00+00:00,301.71,741.21,439.5,24.24,1.86
2023-09-16 12:05:00+00:00,362.88,443.53,80.65,24.67,1.93
2023-09-16 13:05:00+00:00,263.92,328.93,65.01,24.69,2.14
2023-09-16 14:05:00+00:00,78.51,78.51,0.0,24.42,2.34
2023-09-16 15:05:00+00:00,26.35,37.07,10.72,23.63,2.07
2023-09-16 16:05:00+00:00,0.0,0.0,0.0,21.99,2.07
2023-09-16 17:05:00+00:00,0.0,0.0,0.0,20.74,2.34
2023-09-16 18:05:00+00:00,0.0,0.0,0.0,19.39,2.76
2023-09-16 19:05:00+00:00,0.0,0.0,0.0,18.26,2.69
2023-09-16 20:05:00+00:00,0.0,0.0,0.0,17.1,2.07
2023-09-16 21:05:00+00:00,0.0,0.0,0.0,16.21,1.86
2023-09-16 22:05:00+00:00,0.0,0.0,0.0,15.59,1.72
2023-09-16 23:05:00+00:00,0.0,0.0,0.0,15.37,1.59
2023-09-17 00:05:00+00:00,0.0,0.0,0.0,15.19,1.59
2023-09-17 01:05:00+00:00,0.0,0.0,0.0,15.02,1.38
2023-09-17 02:05:00+00:00,0.0,0.0,0.0,14.93,1.45
2023-09-17 03:05:00+00:00,0.0,0.0,0.0,14.66,1.17
2023-09-17 04:05:00+00:00,22.7,22.7,0.0,14.66,1.17
2023-09-17 05:05:00+00:00,108.79,108.79,0.0,16.21,1.45
2023-09-17 06:05:00+00:00,266.20000000000005,286.75000000000006,20.55,18.39,1.31
2023-09-17 07:05:00+00:00,376.13,549.36,173.23,21.02,0.9
2023-09-17 08:05:00+00:00,139.4,854.17,714.77,23.14,1.1
2023-09-17 09:05:00+00:00,115.39,932.92,817.53,24.36,1.38
2023-09-17 10:05:00+00:00,140.04,905.7099999999999,765.67,25.48,1.66
2023-09-17 11:05:00+00:00,126.98,831.99,705.01,25.9,1.79
2023-09-17 12:05:00+00:00,162.32999999999998,660.3599999999999,498.03,25.79,2.28
2023-09-17 13:05:00+00:00,240.64000000000001,398.6,157.96,25.6,2.62
2023-09-17 14:05:00+00:00,68.11,68.11,0.0,25.21,2.83
2023-09-17 15:05:00+00:00,22.61,37.69,15.08,24.36,2.28
2023-09-17 16:05:00+00:00,0.0,0.0,0.0,23.02,1.86
2023-09-17 17:05:00+00:00,0.0,0.0,0.0,21.88,1.86
2023-09-17 18:05:00+00:00,0.0,0.0,0.0,20.97,2.07
2023-09-17 19:05:00+00:00,0.0,0.0,0.0,20.12,3.52
2023-09-17 20:05:00+00:00,0.0,0.0,0.0,18.59,3.24
2023-09-17 21:05:00+00:00,0.0,0.0,0.0,17.46,2.34
2023-09-17 22:05:00+00:00,0.0,0.0,0.0,16.79,2.07
2023-09-17 23:05:00+00:00,0.0,0.0,0.0,16.41,1.86
2023-09-18 00:05:00+00:00,0.0,0.0,0.0,16.12,1.86
2023-09-18 01:05:00+00:00,0.0,0.0,0.0,15.89,1.59
2023-09-18 02:05:00+00:00,0.0,0.0,0.0,15.59,1.31
2023-09-18 03:05:00+00:00,0.0,0.0,0.0,15.27,1.17
2023-09-18 04:05:00+00:00,12.29,12.29,0.0,15.23,1.17
2023-09-18 05:05:00+00:00,60.55,60.55,0.0,16.36,1.45
2023-09-18 06:05:00+00:00,280.71,314.63,33.92,18.46,1.52
2023-09-18 07:05:00+00:00,274.39,276.89,2.5,20.84,1.59
2023-09-18 08:05:00+00:00,442.44,508.46,66.02,22.99,1.86
2023-09-18 09:05:00+00:00,475.78999999999996,676.62,200.83,24.35,2.0
2023-09-18 10:05:00+00:00,380.77,783.17,402.4,24.83,2.28
2023-09-18 11:05:00+00:00,359.96999999999997,704.03,344.06,25.51,2.41
2023-09-18 12:05:00+00:00,361.32,490.23,128.91,25.46,2.69
2023-09-18 13:05:00+00:00,254.71,375.05,120.34,25.38,2.9
2023-09-18 14:05:00+00:00,138.88,214.48,75.6,24.79,2.97
2023-09-18 15:05:00+00:00,4.73,4.73,0.0,23.99,2.62
2023-09-18 16:05:00+00:00,0.0,0.0,0.0,22.87,2.48
2023-09-18 17:05:00+00:00,0.0,0.0,0.0,21.84,2.55
2023-09-18 18:05:00+00:00,0.0,0.0,0.0,21.09,2.21
2023-09-18 19:05:00+00:00,0.0,0.0,0.0,19.6,2.48
2023-09-18 20:05:00+00:00,0.0,0.0,0.0,18.76,2.55
2023-09-18 21:05:00+00:00,0.0,0.0,0.0,17.81,2.48
2023-09-18 22:05:00+00:00,0.0,0.0,0.0,17.27,2.41
2023-09-18 23:05:00+00:00,0.0,0.0,0.0,16.52,2.34
2023-09-19 00:05:00+00:00,0.0,0.0,0.0,16.02,1.93
2023-09-19 01:05:00+00:00,0.0,0.0,0.0,15.7,1.66
2023-09-19 02:05:00+00:00,0.0,0.0,0.0,15.37,1.38
2023-09-19 03:05:00+00:00,0.0,0.0,0.0,14.85,1.1
2023-09-19 04:05:00+00:00,63.4,78.11,14.71,14.8,0.9
2023-09-19 05:05:00+00:00,102.8,323.75,220.95,16.46,1.03
2023-09-19 06:05:00+00:00,119.55,549.99,430.44,18.44,1.17
2023-09-19 07:05:00+00:00,381.18,540.25,159.07,20.73,1.38
2023-09-19 08:05:00+00:00,298.87,781.49,482.62,22.09,1.31
2023-09-19 09:05:00+00:00,379.52000000000004,797.09,417.57,23.33,1.38
2023-09-19 10:05:00+00:00,364.37,795.3,430.93,24.08,1.59
2023-09-19 11:05:00+00:00,422.89,624.21,201.32,23.95,2.28
2023-09-19 12:05:00+00:00,358.88,495.99,137.11,24.2,2.55
2023-09-19 13:05:00+00:00,147.57,147.57,0.0,23.9,3.24
2023-09-19 14:05:00+00:00,140.94000000000003,207.68,66.74,23.22,4.21
2023-09-19 15:05:00+00:00,25.03,37.59,12.56,21.98,2.97
2023-09-19 16:05:00+00:00,0.0,0.0,0.0,20.57,1.52
2023-09-19 17:05:00+00:00,0.0,0.0,0.0,20.27,1.66
2023-09-19 18:05:00+00:00,0.0,0.0,0.0,19.67,1.79
2023-09-19 19:05:00+00:00,0.0,0.0,0.0,19.26,1.52
2023-09-19 20:05:00+00:00,0.0,0.0,0.0,18.67,1.59
2023-09-19 21:05:00+00:00,0.0,0.0,0.0,18.12,1.93
2023-09-19 22:05:00+00:00,0.0,0.0,0.0,17.39,1.86
2023-09-19 23:05:00+00:00,0.0,0.0,0.0,17.0,1.66
2023-09-20 00:05:00+00:00,0.0,0.0,0.0,16.55,1.24
2023-09-20 01:05:00+00:00,0.0,0.0,0.0,16.2,1.1
2023-09-20 02:05:00+00:00,0.0,0.0,0.0,15.92,1.03
2023-09-20 03:05:00+00:00,0.0,0.0,0.0,15.51,0.9
2023-09-20 04:05:00+00:00,35.01,35.01,0.0,15.52,0.83
2023-09-20 05:05:00+00:00,137.92000000000002,308.8,170.88,17.05,0.76
2023-09-20 06:05:00+00:00,108.74000000000001,562.04,453.3,19.16,0.41
2023-09-20 07:05:00+00:00,231.07000000000002,688.77,457.7,20.86,0.48
2023-09-20 08:05:00+00:00,279.58,797.1600000000001,517.58,22.45,0.9
2023-09-20 09:05:00+00:00,350.94,821.6600000000001,470.72,23.57,1.17
2023-09-20 10:05:00+00:00,434.57,734.0,299.43,24.85,1.17
2023-09-20 11:05:00+00:00,303.72999999999996,748.5999999999999,444.87,25.5,1.45
2023-09-20 12:05:00+00:00,259.26,261.78,2.52,25.05,1.86
2023-09-20 13:05:00+00:00,47.300000000000004,47.300000000000004,0.0,24.82,2.62
2023-09-20 14:05:00+00:00,88.92,88.92,0.0,24.07,3.1
2023-09-20 15:05:00+00:00,17.029999999999998,17.029999999999998,0.0,22.95,3.17
2023-09-20 16:05:00+00:00,0.0,0.0,0.0,21.85,1.66
2023-09-20 17:05:00+00:00,0.0,0.0,0.0,21.34,0.97
2023-09-20 18:05:00+00:00,0.0,0.0,0.0,20.67,1.31
2023-09-20 19:05:00+00:00,0.0,0.0,0.0,19.67,2.0
2023-09-20 20:05:00+00:00,0.0,0.0,0.0,18.85,2.34
2023-09-20 21:05:00+00:00,0.0,0.0,0.0,18.0,2.41
2023-09-20 22:05:00+00:00,0.0,0.0,0.0,17.45,2.07
2023-09-20 23:05:00+00:00,0.0,0.0,0.0,17.17,1.86
2023-09-21 00:05:00+00:00,0.0,0.0,0.0,16.94,1.72
2023-09-21 01:05:00+00:00,0.0,0.0,0.0,16.82,1.59
2023-09-21 02:05:00+00:00,0.0,0.0,0.0,16.65,1.31
2023-09-21 03:05:00+00:00,0.0,0.0,0.0,16.36,1.03
2023-09-21 04:05:00+00:00,19.86,19.86,0.0,16.35,0.9
2023-09-21 05:05:00+00:00,173.60000000000002,193.70000000000002,20.1,17.44,0.83
2023-09-21 06:05:00+00:00,186.20999999999998,523.49,337.28,19.48,0.69
2023-09-21 07:05:00+00:00,291.82,656.23,364.41,21.45,1.38
2023-09-21 08:05:00+00:00,307.45,785.77,478.32,23.2,1.66
2023-09-21 09:05:00+00:00,483.53,656.3199999999999,172.79,24.25,1.79
2023-09-21 10:05:00+00:00,387.83,784.19,396.36,25.23,1.93
2023-09-21 11:05:00+00:00,392.78,676.29,283.51,25.92,2.0
2023-09-21 12:05:00+00:00,342.54999999999995,535.1899999999999,192.64,26.08,2.41
2023-09-21 13:05:00+00:00,258.06,363.29,105.23,25.69,2.9
2023-09-21 14:05:00+00:00,26.49,26.49,0.0,24.99,3.38
2023-09-21 15:05:00+00:00,26.580000000000002,29.67,3.09,23.77,3.38
2023-09-21 16:05:00+00:00,0.0,0.0,0.0,22.58,2.97
2023-09-21 17:05:00+00:00,0.0,0.0,0.0,21.73,3.1
2023-09-21 18:05:00+00:00,0.0,0.0,0.0,20.85,3.72
2023-09-21 19:05:00+00:00,0.0,0.0,0.0,19.18,4.14
2023-09-21 20:05:00+00:00,0.0,0.0,0.0,17.94,3.93
2023-09-21 21:05:00+00:00,0.0,0.0,0.0,17.14,3.59
2023-09-21 22:05:00+00:00,0.0,0.0,0.0,16.76,3.31
2023-09-21 23:05:00+00:00,0.0,0.0,0.0,16.53,2.97
2023-09-22 00:05:00+00:00,0.0,0.0,0.0,16.54,3.17
2023-09-22 01:05:00+00:00,0.0,0.0,0.0,16.33,2.41
2023-09-22 02:05:00+00:00,0.0,0.0,0.0,15.89,1.72
2023-09-22 03:05:00+00:00,0.0,0.0,0.0,15.62,1.72
2023-09-22 04:05:00+00:00,64.07000000000001,97.43,33.36,15.62,1.79
2023-09-22 05:05:00+00:00,186.98000000000002,245.33,58.35,16.61,2.14
2023-09-22 06:05:00+00:00,299.84000000000003,363.48,63.64,18.22,2.97
2023-09-22 07:05:00+00:00,395.86,506.32,110.46,20.06,2.34
2023-09-22 08:05:00+00:00,459.99,561.16,101.17,21.72,2.28
2023-09-22 09:05:00+00:00,411.94000000000005,793.78,381.84,22.79,2.62
2023-09-22 10:05:00+00:00,436.59999999999997,751.24,314.64,23.93,2.9
2023-09-22 11:05:00+00:00,381.44,702.76,321.32,24.87,3.1
2023-09-22 12:05:00+00:00,335.0,560.92,225.92,25.36,3.31
2023-09-22 13:05:00+00:00,262.89,361.23,98.34,25.07,3.59
2023-09-22 14:05:00+00:00,116.44999999999999,120.66999999999999,4.22,24.65,3.72
2023-09-22 15:05:00+00:00,12.29,12.29,0.0,23.51,3.52
2023-09-22 16:05:00+00:00,0.0,0.0,0.0,21.92,3.24
2023-09-22 17:05:00+00:00,0.0,0.0,0.0,20.72,3.03
2023-09-22 18:05:00+00:00,0.0,0.0,0.0,19.79,2.9
2023-09-22 19:05:00+00:00,0.0,0.0,0.0,19.12,3.24
2023-09-22 20:05:00+00:00,0.0,0.0,0.0,18.01,3.24
2023-09-22 21:05:00+00:00,0.0,0.0,0.0,17.04,3.03
2023-09-22 22:05:00+00:00,0.0,0.0,0.0,16.27,2.9
2023-09-22 23:05:00+00:00,0.0,0.0,0.0,15.83,2.41
2023-09-23 00:05:00+00:00,0.0,0.0,0.0,15.51,2.14
2023-09-23 01:05:00+00:00,0.0,0.0,0.0,15.19,1.72
2023-09-23 02:05:00+00:00,0.0,0.0,0.0,14.96,1.52
2023-09-23 03:05:00+00:00,0.0,0.0,0.0,14.55,1.24
2023-09-23 04:05:00+00:00,52.07,53.78,1.71,14.68,1.17
2023-09-23 05:05:00+00:00,93.66,93.66,0.0,15.89,1.31
2023-09-23 06:05:00+00:00,301.89,398.36,96.47,17.74,1.72
2023-09-23 07:05:00+00:00,394.24,541.09,146.85,20.17,2.41
2023-09-23 08:05:00+00:00,429.42,697.52,268.1,22.09,2.41
2023-09-23 09:05:00+00:00,438.25,768.6800000000001,330.43,23.02,2.48
2023-09-23 10:05:00+00:00,486.79,623.4000000000001,136.61,23.84,2.69
2023-09-23 11:05:00+00:00,427.59000000000003,487.36,59.77,24.23,2.9
2023-09-23 12:05:00+00:00,362.68,434.4,71.72,24.6,3.17
2023-09-23 13:05:00+00:00,252.6,284.19,31.59,24.7,3.38
2023-09-23 14:05:00+00:00,116.5,246.24,129.74,24.12,3.52
2023-09-23 15:05:00+00:00,22.380000000000003,24.080000000000002,1.7,23.31,3.31
2023-09-23 16:05:00+00:00,0.0,0.0,0.0,21.78,2.97
2023-09-23 17:05:00+00:00,0.0,0.0,0.0,20.46,3.24
2023-09-23 18:05:00+00:00,0.0,0.0,0.0,19.37,3.59
2023-09-23 19:05:00+00:00,0.0,0.0,0.0,18.51,3.24
2023-09-23 20:05:00+00:00,0.0,0.0,0.0,17.59,2.9
2023-09-23 21:05:00+00:00,0.0,0.0,0.0,16.77,2.48
2023-09-23 22:05:00+00:00,0.0,0.0,0.0,16.13,2.21
2023-09-23 23:05:00+00:00,0.0,0.0,0.0,15.59,1.93
2023-09-24 00:05:00+00:00,0.0,0.0,0.0,15.15,1.66
2023-09-24 01:05:00+00:00,0.0,0.0,0.0,14.87,1.66
2023-09-24 02:05:00+00:00,0.0,0.0,0.0,14.58,1.38
2023-09-24 03:05:00+00:00,0.0,0.0,0.0,14.28,1.38
2023-09-24 04:05:00+00:00,11.35,11.35,0.0,14.29,1.52
2023-09-24 05:05:00+00:00,40.68,40.68,0.0,15.69,2.0
2023-09-24 06:05:00+00:00,121.08,121.08,0.0,17.74,2.41
2023-09-24 07:05:00+00:00,256.38,257.24,0.86,19.43,2.55
2023-09-24 08:05:00+00:00,315.06,316.77,1.71,20.91,2.48
2023-09-24 09:05:00+00:00,453.44,492.02,38.58,21.13,2.69
2023-09-24 10:05:00+00:00,452.63,495.49,42.86,21.81,2.55
2023-09-24 11:05:00+00:00,439.21999999999997,532.6999999999999,93.48,22.48,2.62
2023-09-24 12:05:00+00:00,360.4,508.02,147.62,22.69,2.97
2023-09-24 13:05:00+00:00,207.31,443.73,236.42,22.71,3.31
2023-09-24 14:05:00+00:00,126.05,235.74,109.69,22.3,3.45
2023-09-24 15:05:00+00:00,10.41,10.41,0.0,21.52,3.24
2023-09-24 16:05:00+00:00,0.0,0.0,0.0,20.48,2.97
2023-09-24 17:05:00+00:00,0.0,0.0,0.0,19.56,2.62
2023-09-24 18:05:00+00:00,0.0,0.0,0.0,18.76,2.48
2023-09-24 19:05:00+00:00,0.0,0.0,0.0,18.01,2.62
2023-09-24 20:05:00+00:00,0.0,0.0,0.0,17.0,2.83
2023-09-24 21:05:00+00:00,0.0,0.0,0.0,16.13,1.79
2023-09-24 22:05:00+00:00,0.0,0.0,0.0,15.67,1.45
2023-09-24 23:05:00+00:00,0.0,0.0,0.0,15.32,1.45
2023-09-25 00:05:00+00:00,0.0,0.0,0.0,15.04,1.45
2023-09-25 01:05:00+00:00,0.0,0.0,0.0,14.91,1.31
2023-09-25 02:05:00+00:00,0.0,0.0,0.0,14.88,1.24
2023-09-25 03:05:00+00:00,0.0,0.0,0.0,14.61,1.17
2023-09-25 04:05:00+00:00,15.13,15.13,0.0,14.61,1.03
2023-09-25 05:05:00+00:00,74.73,74.73,0.0,15.76,1.17
2023-09-25 06:05:00+00:00,280.10999999999996,466.78999999999996,186.68,18.29,0.97
2023-09-25 07:05:00+00:00,126.77000000000001,773.31,646.54,20.65,0.9
2023-09-25 08:05:00+00:00,130.09,902.44,772.35,22.94,1.17
2023-09-25 09:05:00+00:00,124.24000000000001,966.82,842.58,24.48,1.31
2023-09-25 10:05:00+00:00,162.46,925.94,763.48,26.05,1.45
2023-09-25 11:05:00+00:00,239.16,804.1999999999999,565.04,26.76,1.66
2023-09-25 12:05:00+00:00,336.95,557.81,220.86,27.32,1.66
2023-09-25 13:05:00+00:00,157.98000000000002,157.98000000000002,0.0,27.29,1.79
2023-09-25 14:05:00+00:00,127.09,136.7,9.61,26.59,2.48
2023-09-25 15:05:00+00:00,25.02,32.53,7.51,25.43,2.41
2023-09-25 16:05:00+00:00,0.0,0.0,0.0,24.1,1.31
2023-09-25 17:05:00+00:00,0.0,0.0,0.0,23.05,1.59
2023-09-25 18:05:00+00:00,0.0,0.0,0.0,21.78,2.41
2023-09-25 19:05:00+00:00,0.0,0.0,0.0,20.79,2.62
2023-09-25 20:05:00+00:00,0.0,0.0,0.0,19.45,3.24
2023-09-25 21:05:00+00:00,0.0,0.0,0.0,18.11,2.62
2023-09-25 22:05:00+00:00,0.0,0.0,0.0,17.08,2.0
2023-09-25 23:05:00+00:00,0.0,0.0,0.0,16.52,2.0
2023-09-26 00:05:00+00:00,0.0,0.0,0.0,15.89,1.72
2023-09-26 01:05:00+00:00,0.0,0.0,0.0,15.53,1.66
2023-09-26 02:05:00+00:00,0.0,0.0,0.0,15.18,1.45
2023-09-26 03:05:00+00:00,0.0,0.0,0.0,14.77,1.31
2023-09-26 04:05:00+00:00,45.4,45.4,0.0,14.84,1.24
2023-09-26 05:05:00+00:00,151.53,156.79,5.26,16.68,1.38
2023-09-26 06:05:00+00:00,241.1,508.89,267.79,18.96,1.31
2023-09-26 07:05:00+00:00,137.48,764.59,627.11,20.73,1.17
2023-09-26 08:05:00+00:00,311.95,803.9300000000001,491.98,22.16,0.76
2023-09-26 09:05:00+00:00,203.6,920.77,717.17,23.5,0.83
2023-09-26 10:05:00+00:00,279.31,869.56,590.25,24.07,1.31
2023-09-26 11:05:00+00:00,438.44000000000005,556.1,117.66,25.44,1.38
2023-09-26 12:05:00+00:00,279.22999999999996,284.42999999999995,5.2,25.93,1.1
2023-09-26 13:05:00+00:00,260.32,341.39,81.07,25.79,1.59
2023-09-26 14:05:00+00:00,127.16999999999999,137.77999999999997,10.61,25.44,2.14
2023-09-26 15:05:00+00:00,17.86,18.84,0.98,23.53,2.55
2023-09-26 16:05:00+00:00,0.0,0.0,0.0,22.27,2.21
2023-09-26 17:05:00+00:00,0.0,0.0,0.0,21.49,2.21
2023-09-26 18:05:00+00:00,0.0,0.0,0.0,20.63,3.03
2023-09-26 19:05:00+00:00,0.0,0.0,0.0,19.23,2.69
2023-09-26 20:05:00+00:00,0.0,0.0,0.0,18.34,2.9
2023-09-26 21:05:00+00:00,0.0,0.0,0.0,17.45,2.48
2023-09-26 22:05:00+00:00,0.0,0.0,0.0,16.76,2.28
2023-09-26 23:05:00+00:00,0.0,0.0,0.0,16.45,2.21
2023-09-27 00:05:00+00:00,0.0,0.0,0.0,16.25,2.34
2023-09-27 01:05:00+00:00,0.0,0.0,0.0,15.98,2.0
2023-09-27 02:05:00+00:00,0.0,0.0,0.0,15.67,1.93
2023-09-27 03:05:00+00:00,0.0,0.0,0.0,15.5,1.93
2023-09-27 04:05:00+00:00,67.75,79.8,12.05,15.54,1.86
2023-09-27 05:05:00+00:00,185.69,215.78,30.09,16.95,2.14
2023-09-27 06:05:00+00:00,302.52000000000004,370.74,68.22,18.99,2.41
2023-09-27 07:05:00+00:00,395.87,535.11,139.24,21.29,2.76
2023-09-27 08:05:00+00:00,270.89,834.38,563.49,22.75,2.55
2023-09-27 09:05:00+00:00,164.29999999999998,944.16,779.86,23.84,2.34
2023-09-27 10:05:00+00:00,263.69,884.0699999999999,620.38,24.59,2.28
2023-09-27 11:05:00+00:00,369.77,718.2,348.43,25.43,2.55
2023-09-27 12:05:00+00:00,349.89000000000004,532.08,182.19,25.4,3.03
2023-09-27 13:05:00+00:00,242.20000000000002,402.84000000000003,160.64,25.2,3.31
2023-09-27 14:05:00+00:00,142.04,189.45,47.41,24.41,3.52
2023-09-27 15:05:00+00:00,23.049999999999997,38.5,15.45,23.47,3.38
2023-09-27 16:05:00+00:00,0.0,0.0,0.0,22.31,2.97
2023-09-27 17:05:00+00:00,0.0,0.0,0.0,21.37,3.31
2023-09-27 18:05:00+00:00,0.0,0.0,0.0,20.23,3.66
2023-09-27 19:05:00+00:00,0.0,0.0,0.0,19.9,3.59
2023-09-27 20:05:00+00:00,0.0,0.0,0.0,18.79,3.24
2023-09-27 21:05:00+00:00,0.0,0.0,0.0,17.76,3.03
2023-09-27 22:05:00+00:00,0.0,0.0,0.0,17.0,2.62
2023-09-27 23:05:00+00:00,0.0,0.0,0.0,16.28,2.34
2023-09-28 00:05:00+00:00,0.0,0.0,0.0,15.73,2.14
2023-09-28 01:05:00+00:00,0.0,0.0,0.0,15.42,2.34
2023-09-28 02:05:00+00:00,0.0,0.0,0.0,15.02,1.86
2023-09-28 03:05:00+00:00,0.0,0.0,0.0,14.65,1.59
2023-09-28 04:05:00+00:00,41.620000000000005,41.620000000000005,0.0,14.67,1.59
2023-09-28 05:05:00+00:00,97.44,97.44,0.0,15.95,2.0
2023-09-28 06:05:00+00:00,288.90999999999997,322.34,33.43,18.45,2.9
2023-09-28 07:05:00+00:00,389.98,572.72,182.74,19.77,2.76
2023-09-28 08:05:00+00:00,457.36,541.9300000000001,84.57,21.09,3.03
2023-09-28 09:05:00+00:00,494.31,630.1700000000001,135.86,22.1,3.17
2023-09-28 10:05:00+00:00,373.9,380.87,6.97,22.56,3.1
2023-09-28 11:05:00+00:00,442.24,575.76,133.52,22.91,3.17
2023-09-28 12:05:00+00:00,294.35,611.54,317.19,23.79,3.52
2023-09-28 13:05:00+00:00,261.07,352.11,91.04,23.72,3.79
2023-09-28 14:05:00+00:00,110.79,113.51,2.72,22.94,4.07
2023-09-28 15:05:00+00:00,20.689999999999998,21.769999999999996,1.08,21.81,3.72
2023-09-28 16:05:00+00:00,0.0,0.0,0.0,20.54,3.17
2023-09-28 17:05:00+00:00,0.0,0.0,0.0,19.38,2.9
2023-09-28 18:05:00+00:00,0.0,0.0,0.0,18.54,2.76
2023-09-28 19:05:00+00:00,0.0,0.0,0.0,17.83,2.55
2023-09-28 20:05:00+00:00,0.0,0.0,0.0,17.25,2.48
2023-09-28 21:05:00+00:00,0.0,0.0,0.0,16.73,2.34
2023-09-28 22:05:00+00:00,0.0,0.0,0.0,16.16,2.07
2023-09-28 23:05:00+00:00,0.0,0.0,0.0,15.71,1.66
2023-09-29 00:05:00+00:00,0.0,0.0,0.0,15.21,1.45
2023-09-29 01:05:00+00:00,0.0,0.0,0.0,14.8,1.31
2023-09-29 02:05:00+00:00,0.0,0.0,0.0,14.37,1.17
2023-09-29 03:05:00+00:00,0.0,0.0,0.0,14.15,1.1
2023-09-29 04:05:00+00:00,62.919999999999995,131.19,68.27,14.32,0.97
2023-09-29 05:05:00+00:00,165.03,326.21000000000004,161.18,16.18,1.45
2023-09-29 06:05:00+00:00,207.15,554.05,346.9,18.68,1.93
2023-09-29 07:05:00+00:00,285.7,702.97,417.27,21.12,2.14
2023-09-29 08:05:00+00:00,280.49,843.39,562.9,23.3,2.62
2023-09-29 09:05:00+00:00,383.85,838.48,454.63,24.83,3.03
2023-09-29 10:05:00+00:00,372.39,828.9300000000001,456.54,25.96,3.03
2023-09-29 11:05:00+00:00,321.53,768.53,447.0,26.13,3.17
2023-09-29 12:05:00+00:00,364.88,472.33,107.45,25.93,3.59
2023-09-29 13:05:00+00:00,118.24,118.24,0.0,25.39,3.93
2023-09-29 14:05:00+00:00,79.47,79.47,0.0,24.91,4.0
2023-09-29 15:05:00+00:00,7.57,7.57,0.0,23.6,3.66
2023-09-29 16:05:00+00:00,0.0,0.0,0.0,21.72,3.38
2023-09-29 17:05:00+00:00,0.0,0.0,0.0,20.12,3.72
2023-09-29 18:05:00+00:00,0.0,0.0,0.0,18.81,2.97
2023-09-29 19:05:00+00:00,0.0,0.0,0.0,18.07,2.83
2023-09-29 20:05:00+00:00,0.0,0.0,0.0,17.69,2.9
2023-09-29 21:05:00+00:00,0.0,0.0,0.0,17.4,2.69
2023-09-29 22:05:00+00:00,0.0,0.0,0.0,16.88,1.93
2023-09-29 23:05:00+00:00,0.0,0.0,0.0,16.55,1.59
2023-09-30 00:05:00+00:00,0.0,0.0,0.0,16.3,1.52
2023-09-30 01:05:00+00:00,0.0,0.0,0.0,16.17,1.52
2023-09-30 02:05:00+00:00,0.0,0.0,0.0,15.99,1.45
2023-09-30 03:05:00+00:00,0.0,0.0,0.0,15.7,1.24
2023-09-30 04:05:00+00:00,50.18,51.16,0.98,15.76,1.1
2023-09-30 05:05:00+00:00,81.35000000000001,81.35000000000001,0.0,16.7,1.31
2023-09-30 06:05:00+00:00,260.69,274.04,13.35,18.76,1.86
2023-09-30 07:05:00+00:00,359.86,629.9200000000001,270.06,20.17,2.07
2023-09-30 08:05:00+00:00,425.83000000000004,715.02,289.19,21.61,1.72
2023-09-30 09:05:00+00:00,330.75,870.53,539.78,22.45,1.79
2023-09-30 10:05:00+00:00,281.33,881.9300000000001,600.6,22.94,2.07
2023-09-30 11:05:00+00:00,218.70000000000002,823.44,604.74,24.64,2.41
2023-09-30 12:05:00+00:00,254.12,640.1,385.98,25.28,2.97
2023-09-30 13:05:00+00:00,217.07,434.83,217.76,25.02,3.31
2023-09-30 14:05:00+00:00,139.92999999999998,174.2,34.27,24.21,3.38
2023-09-30 15:05:00+00:00,5.68,5.68,0.0,23.05,3.38
2023-09-30 16:05:00+00:00,0.0,0.0,0.0,21.62,3.17
2023-09-30 17:05:00+00:00,0.0,0.0,0.0,20.48,3.17
2023-09-30 18:05:00+00:00,0.0,0.0,0.0,19.49,2.76
2023-09-30 19:05:00+00:00,0.0,0.0,0.0,18.88,3.03
2023-09-30 20:05:00+00:00,0.0,0.0,0.0,18.34,3.1
2023-09-30 21:05:00+00:00,0.0,0.0,0.0,17.51,3.1
2023-09-30 22:05:00+00:00,0.0,0.0,0.0,16.69,2.28
2023-09-30 23:05:00+00:00,0.0,0.0,0.0,16.13,2.0
2023-10-01 00:05:00+00:00,0.0,0.0,0.0,15.61,2.0
2023-10-01 01:05:00+00:00,0.0,0.0,0.0,15.17,1.72
2023-10-01 02:05:00+00:00,0.0,0.0,0.0,14.86,1.52
2023-10-01 03:05:00+00:00,0.0,0.0,0.0,14.48,1.38
2023-10-01 04:05:00+00:00,12.29,12.29,0.0,14.58,1.52
2023-10-01 05:05:00+00:00,71.89999999999999,71.89999999999999,0.0,16.17,1.72
2023-10-01 06:05:00+00:00,281.08,305.25,24.17,18.94,1.86
2023-10-01 07:05:00+00:00,368.41,623.75,255.34,20.01,1.79
2023-10-01 08:05:00+00:00,461.44,637.0699999999999,175.63,21.47,1.72
2023-10-01 09:05:00+00:00,261.99,913.11,651.12,22.64,1.86
2023-10-01 10:05:00+00:00,299.87,875.51,575.64,23.84,2.21
2023-10-01 11:05:00+00:00,291.37,785.56,494.19,24.67,2.41
2023-10-01 12:05:00+00:00,305.69,600.21,294.52,24.89,2.76
2023-10-01 13:05:00+00:00,145.41,491.89,346.48,24.95,3.03
2023-10-01 14:05:00+00:00,133.41,151.21,17.8,24.64,3.1
2023-10-01 15:05:00+00:00,20.970000000000002,38.25,17.28,23.82,3.03
2023-10-01 16:05:00+00:00,0.0,0.0,0.0,22.28,2.76
2023-10-01 17:05:00+00:00,0.0,0.0,0.0,21.45,2.9
2023-10-01 18:05:00+00:00,0.0,0.0,0.0,20.73,2.97
2023-10-01 19:05:00+00:00,0.0,0.0,0.0,19.99,3.17
2023-10-01 20:05:00+00:00,0.0,0.0,0.0,18.88,2.97
2023-10-01 21:05:00+00:00,0.0,0.0,0.0,17.85,2.41
2023-10-01 22:05:00+00:00,0.0,0.0,0.0,17.04,2.0
2023-10-01 23:05:00+00:00,0.0,0.0,0.0,16.41,1.59
2023-10-02 00:05:00+00:00,0.0,0.0,0.0,15.86,1.52
2023-10-02 01:05:00+00:00,0.0,0.0,0.0,15.46,1.45
2023-10-02 02:05:00+00:00,0.0,0.0,0.0,14.99,1.31
2023-10-02 03:05:00+00:00,0.0,0.0,0.0,14.63,1.17
2023-10-02 04:05:00+00:00,56.69,148.75,92.06,14.69,0.97
2023-10-02 05:05:00+00:00,124.49000000000001,370.97,246.48,16.58,0.97
2023-10-02 06:05:00+00:00,107.44,619.7,512.26,19.38,1.1
2023-10-02 07:05:00+00:00,126.35,797.01,670.66,22.16,1.59
2023-10-02 08:05:00+00:00,111.51,934.75,823.24,24.31,1.86
2023-10-02 09:05:00+00:00,132.91,978.48,845.57,25.89,2.21
2023-10-02 10:05:00+00:00,276.62,890.8,614.18,26.58,2.41
2023-10-02 11:05:00+00:00,375.34,393.09999999999997,17.76,27.11,2.48
2023-10-02 12:05:00+00:00,250.42000000000002,648.4000000000001,397.98,27.15,2.62
2023-10-02 13:05:00+00:00,110.4,512.84,402.44,26.65,2.83
2023-10-02 14:05:00+00:00,39.730000000000004,39.730000000000004,0.0,26.09,2.97
2023-10-02 15:05:00+00:00,4.73,4.73,0.0,24.97,2.97
2023-10-02 16:05:00+00:00,0.0,0.0,0.0,23.6,3.03
2023-10-02 17:05:00+00:00,0.0,0.0,0.0,22.54,3.38
2023-10-02 18:05:00+00:00,0.0,0.0,0.0,21.39,3.86
2023-10-02 19:05:00+00:00,0.0,0.0,0.0,20.56,4.34
2023-10-02 20:05:00+00:00,0.0,0.0,0.0,19.18,3.79
2023-10-02 21:05:00+00:00,0.0,0.0,0.0,18.03,3.66
2023-10-02 22:05:00+00:00,0.0,0.0,0.0,17.09,3.66
2023-10-02 23:05:00+00:00,0.0,0.0,0.0,16.2,3.45
2023-10-03 00:05:00+00:00,0.0,0.0,0.0,15.52,2.21
2023-10-03 01:05:00+00:00,0.0,0.0,0.0,15.13,1.79
2023-10-03 02:05:00+00:00,0.0,0.0,0.0,14.79,1.79
2023-10-03 03:05:00+00:00,0.0,0.0,0.0,14.58,1.86
2023-10-03 04:05:00+00:00,58.129999999999995,154.75,96.62,14.56,1.86
2023-10-03 05:05:00+00:00,106.0,395.42,289.42,15.79,2.0
2023-10-03 06:05:00+00:00,190.27,587.72,397.45,17.86,2.41
2023-10-03 07:05:00+00:00,150.65,798.41,647.76,20.25,3.38
2023-10-03 08:05:00+00:00,123.22,945.32,822.1,22.2,3.45
2023-10-03 09:05:00+00:00,132.33,998.01,865.68,23.93,3.52
2023-10-03 10:05:00+00:00,144.49,970.75,826.26,25.14,3.72
2023-10-03 11:05:00+00:00,90.49,915.27,824.78,25.87,3.93
2023-10-03 12:05:00+00:00,115.49,737.51,622.02,26.22,4.07
2023-10-03 13:05:00+00:00,132.03,511.6,379.57,26.17,4.07
2023-10-03 14:05:00+00:00,82.91,286.08,203.17,25.5,4.14
2023-10-03 15:05:00+00:00,20.17,40.36,20.19,24.02,3.86
2023-10-03 16:05:00+00:00,0.0,0.0,0.0,22.06,3.66
2023-10-03 17:05:00+00:00,0.0,0.0,0.0,20.54,3.45
2023-10-03 18:05:00+00:00,0.0,0.0,0.0,19.33,2.76
2023-10-03 19:05:00+00:00,0.0,0.0,0.0,18.66,3.72
2023-10-03 20:05:00+00:00,0.0,0.0,0.0,17.67,3.52
2023-10-03 21:05:00+00:00,0.0,0.0,0.0,16.9,2.76
2023-10-03 22:05:00+00:00,0.0,0.0,0.0,16.51,2.55
2023-10-03 23:05:00+00:00,0.0,0.0,0.0,16.36,3.17
2023-10-04 00:05:00+00:00,0.0,0.0,0.0,16.16,2.9
2023-10-04 01:05:00+00:00,0.0,0.0,0.0,15.76,2.41
2023-10-04 02:05:00+00:00,0.0,0.0,0.0,15.68,2.21
2023-10-04 03:05:00+00:00,0.0,0.0,0.0,15.34,2.07
2023-10-04 04:05:00+00:00,55.94,58.03,2.09,15.42,2.28
2023-10-04 05:05:00+00:00,108.79,108.79,0.0,16.83,2.83
2023-10-04 06:05:00+00:00,233.85999999999999,238.41,4.55,18.68,3.72
2023-10-04 07:05:00+00:00,174.07,174.07,0.0,19.75,4.14
2023-10-04 08:05:00+00:00,441.42999999999995,495.91999999999996,54.49,20.77,4.28
2023-10-04 09:05:00+00:00,186.35999999999999,186.35999999999999,0.0,21.44,4.48
2023-10-04 10:05:00+00:00,179.74,179.74,0.0,22.27,4.55
2023-10-04 11:05:00+00:00,294.23,295.13,0.9,22.54,4.41
2023-10-04 12:05:00+00:00,122.03,122.03,0.0,22.54,4.34
2023-10-04 13:05:00+00:00,156.09,156.09,0.0,22.48,4.21
2023-10-04 14:05:00+00:00,139.49,189.89000000000001,50.4,21.75,4.28
2023-10-04 15:05:00+00:00,14.19,14.19,0.0,20.78,4.14
2023-10-04 16:05:00+00:00,0.0,0.0,0.0,19.54,3.79
2023-10-04 17:05:00+00:00,0.0,0.0,0.0,18.74,3.45
2023-10-04 18:05:00+00:00,0.0,0.0,0.0,18.03,2.76
2023-10-04 19:05:00+00:00,0.0,0.0,0.0,17.31,2.21
2023-10-04 20:05:00+00:00,0.0,0.0,0.0,16.89,1.93
2023-10-04 21:05:00+00:00,0.0,0.0,0.0,16.47,1.45
2023-10-04 22:05:00+00:00,0.0,0.0,0.0,16.18,1.24
2023-10-04 23:05:00+00:00,0.0,0.0,0.0,16.0,1.17
2023-10-05 00:05:00+00:00,0.0,0.0,0.0,15.96,1.45
2023-10-05 01:05:00+00:00,0.0,0.0,0.0,15.74,1.17
2023-10-05 02:05:00+00:00,0.0,0.0,0.0,15.66,1.31
2023-10-05 03:05:00+00:00,0.0,0.0,0.0,15.51,1.31
2023-10-05 04:05:00+00:00,12.29,12.29,0.0,15.58,1.38
2023-10-05 05:05:00+00:00,88.92,88.92,0.0,16.45,1.86
2023-10-05 06:05:00+00:00,214.82,216.65,1.83,18.48,2.55
2023-10-05 07:05:00+00:00,322.96999999999997,331.99999999999994,9.03,17.65,2.34
2023-10-05 08:05:00+00:00,464.12,574.4300000000001,110.31,19.2,2.76
2023-10-05 09:05:00+00:00,414.13,431.13,17.0,21.06,3.17
2023-10-05 10:05:00+00:00,456.45,507.49,51.04,22.53,3.24
2023-10-05 11:05:00+00:00,398.43,692.48,294.05,22.85,3.24
2023-10-05 12:05:00+00:00,348.94,402.51,53.57,23.72,3.72
2023-10-05 13:05:00+00:00,209.43,216.85,7.42,23.56,4.07
2023-10-05 14:05:00+00:00,60.55,60.55,0.0,22.92,4.07
2023-10-05 15:05:00+00:00,15.13,15.13,0.0,22.12,3.72
2023-10-05 16:05:00+00:00,0.0,0.0,0.0,20.97,3.52
2023-10-05 17:05:00+00:00,0.0,0.0,0.0,20.02,3.24
2023-10-05 18:05:00+00:00,0.0,0.0,0.0,19.17,3.1
2023-10-05 19:05:00+00:00,0.0,0.0,0.0,18.17,2.76
2023-10-05 20:05:00+00:00,0.0,0.0,0.0,17.48,2.83
2023-10-05 21:05:00+00:00,0.0,0.0,0.0,16.83,2.76
2023-10-05 22:05:00+00:00,0.0,0.0,0.0,16.18,2.21
2023-10-05 23:05:00+00:00,0.0,0.0,0.0,15.74,1.72
2023-10-06 00:05:00+00:00,0.0,0.0,0.0,15.72,1.59
2023-10-06 01:05:00+00:00,0.0,0.0,0.0,15.52,1.86
2023-10-06 02:05:00+00:00,0.0,0.0,0.0,15.44,1.59
2023-10-06 03:05:00+00:00,0.0,0.0,0.0,15.18,1.45
2023-10-06 04:05:00+00:00,78.7,103.43,24.73,15.23,1.52
2023-10-06 05:05:00+00:00,197.02,295.15,98.13,16.51,1.79
2023-10-06 06:05:00+00:00,310.46999999999997,437.48999999999995,127.02,18.61,2.34
2023-10-06 07:05:00+00:00,330.02,687.28,357.26,20.99,3.24
2023-10-06 08:05:00+00:00,395.27000000000004,775.22,379.95,22.62,3.31
2023-10-06 09:05:00+00:00,322.52,896.35,573.83,24.31,3.38
2023-10-06 10:05:00+00:00,352.46999999999997,855.8,503.33,24.97,3.38
2023-10-06 11:05:00+00:00,335.15000000000003,765.8900000000001,430.74,25.43,3.52
2023-10-06 12:05:00+00:00,287.75,626.29,338.54,25.24,3.66
2023-10-06 13:05:00+00:00,87.69,542.1700000000001,454.48,25.03,3.86
2023-10-06 14:05:00+00:00,84.91000000000001,285.09000000000003,200.18,24.21,4.14
2023-10-06 15:05:00+00:00,20.0,35.28,15.28,22.94,3.86
2023-10-06 16:05:00+00:00,0.0,0.0,0.0,21.21,3.72
2023-10-06 17:05:00+00:00,0.0,0.0,0.0,19.85,3.52
2023-10-06 18:05:00+00:00,0.0,0.0,0.0,18.88,2.9
2023-10-06 19:05:00+00:00,0.0,0.0,0.0,18.29,3.59
2023-10-06 20:05:00+00:00,0.0,0.0,0.0,17.69,3.17
2023-10-06 21:05:00+00:00,0.0,0.0,0.0,17.2,3.03
2023-10-06 22:05:00+00:00,0.0,0.0,0.0,17.23,2.62
2023-10-06 23:05:00+00:00,0.0,0.0,0.0,17.0,1.93
2023-10-07 00:05:00+00:00,0.0,0.0,0.0,16.48,1.72
2023-10-07 01:05:00+00:00,0.0,0.0,0.0,16.09,1.38
2023-10-07 02:05:00+00:00,0.0,0.0,0.0,15.81,1.17
2023-10-07 03:05:00+00:00,0.0,0.0,0.0,15.52,0.97
2023-10-07 04:05:00+00:00,79.29,121.81,42.52,15.59,0.9
2023-10-07 05:05:00+00:00,196.62,301.26,104.64,17.02,0.9
2023-10-07 06:05:00+00:00,131.42,627.43,496.01,18.81,1.1
2023-10-07 07:05:00+00:00,145.34,806.5300000000001,661.19,21.32,2.14
2023-10-07 08:05:00+00:00,365.41,806.51,441.1,23.47,2.62
2023-10-07 09:05:00+00:00,371.95,864.11,492.16,24.96,2.97
2023-10-07 10:05:00+00:00,458.44,739.94,281.5,26.02,3.24
2023-10-07 11:05:00+00:00,300.02,794.23,494.21,26.63,3.52
2023-10-07 12:05:00+00:00,265.90000000000003,645.5600000000001,379.66,26.97,3.72
2023-10-07 13:05:00+00:00,257.71,360.11,102.4,26.68,3.93
2023-10-07 14:05:00+00:00,92.89,279.26,186.37,26.12,4.21
2023-10-07 15:05:00+00:00,19.439999999999998,28.99,9.55,24.73,3.86
2023-10-07 16:05:00+00:00,0.0,0.0,0.0,23.03,3.52
2023-10-07 17:05:00+00:00,0.0,0.0,0.0,21.61,3.52
2023-10-07 18:05:00+00:00,0.0,0.0,0.0,20.34,3.45
2023-10-07 19:05:00+00:00,0.0,0.0,0.0,19.16,3.31
2023-10-07 20:05:00+00:00,0.0,0.0,0.0,18.08,2.62
2023-10-07 21:05:00+00:00,0.0,0.0,0.0,17.16,2.34
2023-10-07 22:05:00+00:00,0.0,0.0,0.0,16.39,2.14
2023-10-07 23:05:00+00:00,0.0,0.0,0.0,15.7,1.72
2023-10-08 00:05:00+00:00,0.0,0.0,0.0,15.09,1.45
2023-10-08 01:05:00+00:00,0.0,0.0,0.0,14.6,1.31
2023-10-08 02:05:00+00:00,0.0,0.0,0.0,14.06,1.17
2023-10-08 03:05:00+00:00,0.0,0.0,0.0,13.53,1.03
2023-10-08 04:05:00+00:00,58.95,171.71,112.76,13.76,0.76
2023-10-08 05:05:00+00:00,88.54,428.02000000000004,339.48,16.98,0.9
2023-10-08 06:05:00+00:00,110.51,648.25,537.74,19.82,1.17
2023-10-08 07:05:00+00:00,134.15,820.18,686.03,22.01,1.52
2023-10-08 08:05:00+00:00,132.31,947.1600000000001,814.85,24.34,1.66
2023-10-08 09:05:00+00:00,128.04,1007.4499999999999,879.41,26.29,1.86
2023-10-08 10:05:00+00:00,126.89,987.3,860.41,27.64,2.34
2023-10-08 11:05:00+00:00,169.39000000000001,869.64,700.25,28.4,2.83
2023-10-08 12:05:00+00:00,147.02,721.18,574.16,28.45,3.31
2023-10-08 13:05:00+00:00,116.53,524.11,407.58,27.95,3.79
2023-10-08 14:05:00+00:00,127.61,238.03,110.42,26.95,4.07
2023-10-08 15:05:00+00:00,16.93,20.24,3.31,25.63,3.59
2023-10-08 16:05:00+00:00,0.0,0.0,0.0,24.26,3.45
2023-10-08 17:05:00+00:00,0.0,0.0,0.0,22.74,3.24
2023-10-08 18:05:00+00:00,0.0,0.0,0.0,21.57,3.24
2023-10-08 19:05:00+00:00,0.0,0.0,0.0,20.52,3.52
2023-10-08 20:05:00+00:00,0.0,0.0,0.0,19.38,3.45
2023-10-08 21:05:00+00:00,0.0,0.0,0.0,18.44,3.24
2023-10-08 22:05:00+00:00,0.0,0.0,0.0,17.58,2.62
2023-10-08 23:05:00+00:00,0.0,0.0,0.0,16.88,2.0
2023-10-09 00:05:00+00:00,0.0,0.0,0.0,16.26,1.45
2023-10-09 01:05:00+00:00,0.0,0.0,0.0,15.89,1.17
2023-10-09 02:05:00+00:00,0.0,0.0,0.0,15.52,0.97
2023-10-09 03:05:00+00:00,0.0,0.0,0.0,15.11,0.76
2023-10-09 04:05:00+00:00,66.61,165.20999999999998,98.6,15.39,0.55
2023-10-09 05:05:00+00:00,99.58,420.14,320.56,17.81,0.76
2023-10-09 06:05:00+00:00,150.62,625.75,475.13,20.63,1.03
2023-10-09 07:05:00+00:00,139.3,819.1200000000001,679.82,23.08,1.31
2023-10-09 08:05:00+00:00,140.32,946.48,806.16,25.51,1.93
2023-10-09 09:05:00+00:00,128.31,1010.0799999999999,881.77,27.37,2.48
2023-10-09 10:05:00+00:00,134.85,985.7900000000001,850.94,28.64,2.83
2023-10-09 11:05:00+00:00,150.44,880.1099999999999,729.67,29.31,3.03
2023-10-09 12:05:00+00:00,331.29999999999995,578.5799999999999,247.28,29.29,3.31
2023-10-09 13:05:00+00:00,134.36,514.1600000000001,379.8,28.49,3.45
2023-10-09 14:05:00+00:00,122.86,134.12,11.26,27.42,3.79
2023-10-09 15:05:00+00:00,18.71,25.61,6.9,25.95,3.93
2023-10-09 16:05:00+00:00,0.0,0.0,0.0,24.28,3.72
2023-10-09 17:05:00+00:00,0.0,0.0,0.0,23.05,3.86
2023-10-09 18:05:00+00:00,0.0,0.0,0.0,22.01,4.21
2023-10-09 19:05:00+00:00,0.0,0.0,0.0,20.79,4.28
2023-10-09 20:05:00+00:00,0.0,0.0,0.0,19.72,4.34
2023-10-09 21:05:00+00:00,0.0,0.0,0.0,18.61,4.07
2023-10-09 22:05:00+00:00,0.0,0.0,0.0,17.96,3.86
2023-10-09 23:05:00+00:00,0.0,0.0,0.0,17.49,3.31
2023-10-10 00:05:00+00:00,0.0,0.0,0.0,17.05,2.83
2023-10-10 01:05:00+00:00,0.0,0.0,0.0,16.79,2.55
2023-10-10 02:05:00+00:00,0.0,0.0,0.0,16.75,2.28
2023-10-10 03:05:00+00:00,0.0,0.0,0.0,16.45,2.0
2023-10-10 04:05:00+00:00,51.08,51.08,0.0,16.93,2.0
2023-10-10 05:05:00+00:00,175.76999999999998,187.54999999999998,11.78,18.23,2.62
2023-10-10 06:05:00+00:00,312.16999999999996,455.0799999999999,142.91,20.31,2.41
2023-10-10 07:05:00+00:00,289.31,736.78,447.47,21.27,2.48
2023-10-10 08:05:00+00:00,194.69,921.6500000000001,726.96,23.78,2.97
2023-10-10 09:05:00+00:00,169.01,988.4,819.39,25.32,2.69
2023-10-10 10:05:00+00:00,188.17,959.27,771.1,26.48,2.69
2023-10-10 11:05:00+00:00,313.74,791.1800000000001,477.44,27.6,2.97
2023-10-10 12:05:00+00:00,182.62,706.6,523.98,27.49,3.38
2023-10-10 13:05:00+00:00,139.62,513.28,373.66,26.86,3.93
2023-10-10 14:05:00+00:00,135.11999999999998,217.92999999999998,82.81,25.89,4.41
2023-10-10 15:05:00+00:00,18.68,27.65,8.97,24.57,4.14
2023-10-10 16:05:00+00:00,0.0,0.0,0.0,23.63,3.66
2023-10-10 17:05:00+00:00,0.0,0.0,0.0,22.72,3.59
2023-10-10 18:05:00+00:00,0.0,0.0,0.0,21.95,4.0
2023-10-10 19:05:00+00:00,0.0,0.0,0.0,20.4,4.48
2023-10-10 20:05:00+00:00,0.0,0.0,0.0,19.1,4.34
2023-10-10 21:05:00+00:00,0.0,0.0,0.0,18.04,4.0
2023-10-10 22:05:00+00:00,0.0,0.0,0.0,17.24,4.0
2023-10-10 23:05:00+00:00,0.0,0.0,0.0,16.67,3.45
2023-10-11 00:05:00+00:00,0.0,0.0,0.0,16.5,2.69
2023-10-11 01:05:00+00:00,0.0,0.0,0.0,16.35,2.34
2023-10-11 02:05:00+00:00,0.0,0.0,0.0,16.24,2.07
2023-10-11 03:05:00+00:00,0.0,0.0,0.0,15.96,1.66
2023-10-11 04:05:00+00:00,28.38,28.38,0.0,16.0,1.45
2023-10-11 05:05:00+00:00,192.09,219.77,27.68,17.5,1.66
2023-10-11 06:05:00+00:00,309.36,467.19000000000005,157.83,19.84,2.14
2023-10-11 07:05:00+00:00,284.15000000000003,743.72,459.57,22.03,2.62
2023-10-11 08:05:00+00:00,175.75,933.94,758.19,24.17,2.9
2023-10-11 09:05:00+00:00,332.61,903.4300000000001,570.82,25.74,3.31
2023-10-11 10:05:00+00:00,199.18,956.69,757.51,27.01,3.59
2023-10-11 11:05:00+00:00,230.42000000000002,846.26,615.84,27.5,3.72
2023-10-11 12:05:00+00:00,296.31,623.64,327.33,27.55,3.79
2023-10-11 13:05:00+00:00,248.98000000000002,294.3,45.32,27.15,3.93
2023-10-11 14:05:00+00:00,68.11,68.11,0.0,26.07,3.86
2023-10-11 15:05:00+00:00,2.84,2.84,0.0,25.02,3.66
2023-10-11 16:05:00+00:00,0.0,0.0,0.0,24.0,3.45
2023-10-11 17:05:00+00:00,0.0,0.0,0.0,23.19,3.59
2023-10-11 18:05:00+00:00,0.0,0.0,0.0,22.25,3.66
2023-10-11 19:05:00+00:00,0.0,0.0,0.0,21.05,3.86
2023-10-11 20:05:00+00:00,0.0,0.0,0.0,20.01,3.66
2023-10-11 21:05:00+00:00,0.0,0.0,0.0,19.15,3.59
2023-10-11 22:05:00+00:00,0.0,0.0,0.0,18.29,3.31
2023-10-11 23:05:00+00:00,0.0,0.0,0.0,17.58,2.41
2023-10-12 00:05:00+00:00,0.0,0.0,0.0,16.99,1.86
2023-10-12 01:05:00+00:00,0.0,0.0,0.0,16.57,1.59
2023-10-12 02:05:00+00:00,0.0,0.0,0.0,16.33,1.59
2023-10-12 03:05:00+00:00,0.0,0.0,0.0,15.98,1.38
2023-10-12 04:05:00+00:00,54.949999999999996,56.10999999999999,1.16,15.92,1.31
2023-10-12 05:05:00+00:00,201.32999999999998,303.88,102.55,17.51,1.38
2023-10-12 06:05:00+00:00,124.49000000000001,649.82,525.33,20.13,1.59
2023-10-12 07:05:00+00:00,174.32,809.8399999999999,635.52,22.6,2.69
2023-10-12 08:05:00+00:00,166.39000000000001,937.58,771.19,24.63,2.9
2023-10-12 09:05:00+00:00,212.25,970.61,758.36,26.07,2.9
2023-10-12 10:05:00+00:00,483.82,643.79,159.97,27.29,3.03
2023-10-12 11:05:00+00:00,401.85999999999996,694.3699999999999,292.51,28.15,3.31
2023-10-12 12:05:00+00:00,345.44,544.67,199.23,27.86,3.79
2023-10-12 13:05:00+00:00,198.09,466.92999999999995,268.84,27.18,4.07
2023-10-12 14:05:00+00:00,135.82,174.94,39.12,26.44,3.93
2023-10-12 15:05:00+00:00,15.09,18.96,3.87,25.6,3.45
2023-10-12 16:05:00+00:00,0.0,0.0,0.0,24.25,2.48
2023-10-12 17:05:00+00:00,0.0,0.0,0.0,23.17,2.21
2023-10-12 18:05:00+00:00,0.0,0.0,0.0,22.49,2.48
2023-10-12 19:05:00+00:00,0.0,0.0,0.0,21.6,3.17
2023-10-12 20:05:00+00:00,0.0,0.0,0.0,20.59,3.38
2023-10-12 21:05:00+00:00,0.0,0.0,0.0,19.48,3.03
2023-10-12 22:05:00+00:00,0.0,0.0,0.0,18.5,2.62
2023-10-12 23:05:00+00:00,0.0,0.0,0.0,17.83,1.86
2023-10-13 00:05:00+00:00,0.0,0.0,0.0,17.27,1.45
2023-10-13 01:05:00+00:00,0.0,0.0,0.0,16.78,1.24
2023-10-13 02:05:00+00:00,0.0,0.0,0.0,16.31,1.17
2023-10-13 03:05:00+00:00,0.0,0.0,0.0,15.82,0.97
2023-10-13 04:05:00+00:00,61.92,191.56,129.64,16.0,0.76
2023-10-13 05:05:00+00:00,98.19000000000001,440.09,341.9,18.33,1.17
2023-10-13 06:05:00+00:00,113.16999999999999,666.9599999999999,553.79,20.96,1.52
2023-10-13 07:05:00+00:00,148.46,828.69,680.23,23.64,1.93
2023-10-13 08:05:00+00:00,156.1,949.62,793.52,25.87,2.41
2023-10-13 09:05:00+00:00,171.04,997.56,826.52,27.59,2.97
2023-10-13 10:05:00+00:00,341.83000000000004,878.89,537.06,28.8,3.31
2023-10-13 11:05:00+00:00,404.25,698.87,294.62,29.48,3.66
2023-10-13 12:05:00+00:00,276.06,646.21,370.15,29.31,3.93
2023-10-13 13:05:00+00:00,105.63999999999999,543.22,437.58,28.86,4.14
2023-10-13 14:05:00+00:00,75.67999999999999,75.67999999999999,0.0,27.15,3.86
2023-10-13 15:05:00+00:00,16.970000000000002,22.990000000000002,6.02,26.01,3.93
2023-10-13 16:05:00+00:00,0.0,0.0,0.0,24.84,3.66
2023-10-13 17:05:00+00:00,0.0,0.0,0.0,23.85,3.79
2023-10-13 18:05:00+00:00,0.0,0.0,0.0,23.02,4.14
2023-10-13 19:05:00+00:00,0.0,0.0,0.0,21.69,4.28
2023-10-13 20:05:00+00:00,0.0,0.0,0.0,20.57,4.21
2023-10-13 21:05:00+00:00,0.0,0.0,0.0,19.55,4.0
2023-10-13 22:05:00+00:00,0.0,0.0,0.0,18.74,3.66
2023-10-13 23:05:00+00:00,0.0,0.0,0.0,18.09,3.24
2023-10-14 00:05:00+00:00,0.0,0.0,0.0,17.57,2.83
2023-10-14 01:05:00+00:00,0.0,0.0,0.0,17.06,2.14
2023-10-14 02:05:00+00:00,0.0,0.0,0.0,16.58,1.59
2023-10-14 03:05:00+00:00,0.0,0.0,0.0,16.13,1.24
2023-10-14 04:05:00+00:00,38.79,38.79,0.0,16.31,0.97
2023-10-14 05:05:00+00:00,133.44,134.45,1.01,18.73,1.45
2023-10-14 06:05:00+00:00,262.48,559.01,296.53,21.43,1.86
2023-10-14 07:05:00+00:00,327.48,716.86,389.38,23.73,3.17
2023-10-14 08:05:00+00:00,167.15,949.7099999999999,782.56,25.8,3.59
2023-10-14 09:05:00+00:00,192.76,991.73,798.97,27.0,3.72
2023-10-14 10:05:00+00:00,380.62,851.11,470.49,28.06,3.79
2023-10-14 11:05:00+00:00,326.89,788.8,461.91,28.44,3.86
2023-10-14 12:05:00+00:00,343.89,557.36,213.47,27.17,3.93
2023-10-14 13:05:00+00:00,148.51999999999998,148.51999999999998,0.0,26.24,3.79
2023-10-14 14:05:00+00:00,51.08,51.08,0.0,25.34,4.0
2023-10-14 15:05:00+00:00,16.93,31.490000000000002,14.56,23.91,4.0
2023-10-14 16:05:00+00:00,0.0,0.0,0.0,22.62,3.79
2023-10-14 17:05:00+00:00,0.0,0.0,0.0,21.7,3.59
2023-10-14 18:05:00+00:00,0.0,0.0,0.0,21.11,3.66
2023-10-14 19:05:00+00:00,0.0,0.0,0.0,21.19,3.93
2023-10-14 20:05:00+00:00,0.0,0.0,0.0,20.33,3.93
2023-10-14 21:05:00+00:00,0.0,0.0,0.0,19.63,3.93
2023-10-14 22:05:00+00:00,0.0,0.0,0.0,18.83,3.79
2023-10-14 23:05:00+00:00,0.0,0.0,0.0,18.25,3.31
2023-10-15 00:05:00+00:00,0.0,0.0,0.0,17.68,3.31
2023-10-15 01:05:00+00:00,0.0,0.0,0.0,17.21,2.97
2023-10-15 02:05:00+00:00,0.0,0.0,0.0,16.78,2.55
2023-10-15 03:05:00+00:00,0.0,0.0,0.0,16.44,2.07
2023-10-15 04:05:00+00:00,69.63,75.66,6.03,16.74,2.0
2023-10-15 05:05:00+00:00,128.65,128.65,0.0,18.75,3.59
2023-10-15 06:05:00+00:00,275.46999999999997,546.48,271.01,21.1,3.72
2023-10-15 07:05:00+00:00,394.62,620.74,226.12,22.53,4.21
2023-10-15 08:05:00+00:00,352.64000000000004,840.8700000000001,488.23,24.26,4.07
2023-10-15 09:05:00+00:00,433.41,821.32,387.91,25.49,4.14
2023-10-15 10:05:00+00:00,314.48,904.74,590.26,26.25,4.21
2023-10-15 11:05:00+00:00,190.52,878.1899999999999,687.67,26.81,4.34
2023-10-15 12:05:00+00:00,285.28000000000003,641.8,356.52,26.69,4.48
2023-10-15 13:05:00+00:00,196.78,477.69000000000005,280.91,25.27,4.41
2023-10-15 14:05:00+00:00,81.35000000000001,81.35000000000001,0.0,24.45,4.21
2023-10-15 15:05:00+00:00,2.84,2.84,0.0,23.47,4.21
2023-10-15 16:05:00+00:00,0.0,0.0,0.0,22.17,3.52
2023-10-15 17:05:00+00:00,0.0,0.0,0.0,20.85,3.79
2023-10-15 18:05:00+00:00,0.0,0.0,0.0,19.66,3.72
2023-10-15 19:05:00+00:00,0.0,0.0,0.0,19.33,3.66
2023-10-15 20:05:00+00:00,0.0,0.0,0.0,18.66,3.03
2023-10-15 21:05:00+00:00,0.0,0.0,0.0,18.14,2.76
2023-10-15 22:05:00+00:00,0.0,0.0,0.0,17.71,2.34
2023-10-15 23:05:00+00:00,0.0,0.0,0.0,17.37,1.86
2023-10-16 00:05:00+00:00,0.0,0.0,0.0,17.1,1.66
2023-10-16 01:05:00+00:00,0.0,0.0,0.0,16.76,1.38
2023-10-16 02:05:00+00:00,0.0,0.0,0.0,16.59,1.38
2023-10-16 03:05:00+00:00,0.0,0.0,0.0,16.44,1.31
2023-10-16 04:05:00+00:00,14.19,14.19,0.0,16.5,1.59
2023-10-16 05:05:00+00:00,183.82000000000002,200.19000000000003,16.37,17.13,1.86
2023-10-16 06:05:00+00:00,313.06,379.94,66.88,18.12,1.86
2023-10-16 07:05:00+00:00,189.20000000000002,189.20000000000002,0.0,19.49,1.45
2023-10-16 08:05:00+00:00,452.69,707.99,255.3,21.09,2.28
2023-10-16 09:05:00+00:00,410.38,849.02,438.64,22.83,3.31
2023-10-16 10:05:00+00:00,380.53000000000003,851.6500000000001,471.12,24.01,3.79
2023-10-16 11:05:00+00:00,343.5,775.23,431.73,24.57,3.93
2023-10-16 12:05:00+00:00,233.29,686.3,453.01,24.83,4.21
2023-10-16 13:05:00+00:00,231.60000000000002,255.49,23.89,24.21,4.21
2023-10-16 14:05:00+00:00,76.99000000000001,312.74,235.75,23.32,3.86
2023-10-16 15:05:00+00:00,16.09,38.39,22.3,22.35,3.24
2023-10-16 16:05:00+00:00,0.0,0.0,0.0,20.77,3.24
2023-10-16 17:05:00+00:00,0.0,0.0,0.0,19.76,3.1
2023-10-16 18:05:00+00:00,0.0,0.0,0.0,18.76,3.31
2023-10-16 19:05:00+00:00,0.0,0.0,0.0,19.34,2.83
2023-10-16 20:05:00+00:00,0.0,0.0,0.0,18.63,2.69
2023-10-16 21:05:00+00:00,0.0,0.0,0.0,18.23,2.69
2023-10-16 22:05:00+00:00,0.0,0.0,0.0,17.71,2.55
2023-10-16 23:05:00+00:00,0.0,0.0,0.0,17.41,2.28
2023-10-17 00:05:00+00:00,0.0,0.0,0.0,17.21,1.93
2023-10-17 01:05:00+00:00,0.0,0.0,0.0,16.9,2.07
2023-10-17 02:05:00+00:00,0.0,0.0,0.0,16.63,1.66
2023-10-17 03:05:00+00:00,0.0,0.0,0.0,16.42,1.45
2023-10-17 04:05:00+00:00,57.809999999999995,59.03999999999999,1.23,16.53,1.45
2023-10-17 05:05:00+00:00,149.67,152.76,3.09,18.29,2.07
2023-10-17 06:05:00+00:00,302.93,346.76,43.83,20.79,2.55
2023-10-17 07:05:00+00:00,390.07,629.4300000000001,239.36,22.06,3.1
2023-10-17 08:05:00+00:00,208.15,934.61,726.46,23.28,3.17
2023-10-17 09:05:00+00:00,279.14,949.23,670.09,24.15,3.24
2023-10-17 10:05:00+00:00,432.32,790.91,358.59,25.32,3.24
2023-10-17 11:05:00+00:00,435.32,602.46,167.14,25.88,3.31
2023-10-17 12:05:00+00:00,356.44,449.77,93.33,26.31,3.38
2023-10-17 13:05:00+00:00,64.33,64.33,0.0,25.33,4.0
2023-10-17 14:05:00+00:00,103.47,107.92,4.45,23.69,3.72
2023-10-17 15:05:00+00:00,17.09,35.53,18.44,21.49,2.48
2023-10-17 16:05:00+00:00,0.0,0.0,0.0,20.36,2.48
2023-10-17 17:05:00+00:00,0.0,0.0,0.0,19.58,2.48
2023-10-17 18:05:00+00:00,0.0,0.0,0.0,18.95,2.62
2023-10-17 19:05:00+00:00,0.0,0.0,0.0,19.63,3.38
2023-10-17 20:05:00+00:00,0.0,0.0,0.0,19.04,3.24
2023-10-17 21:05:00+00:00,0.0,0.0,0.0,18.45,3.03
2023-10-17 22:05:00+00:00,0.0,0.0,0.0,17.96,2.69
2023-10-17 23:05:00+00:00,0.0,0.0,0.0,17.62,2.14
2023-10-18 00:05:00+00:00,0.0,0.0,0.0,17.35,1.93
2023-10-18 01:05:00+00:00,0.0,0.0,0.0,17.41,2.28
2023-10-18 02:05:00+00:00,0.0,0.0,0.0,17.24,2.21
2023-10-18 03:05:00+00:00,0.0,0.0,0.0,17.11,1.86
2023-10-18 04:05:00+00:00,14.19,14.19,0.0,17.11,1.86
2023-10-18 05:05:00+00:00,175.95,188.39999999999998,12.45,18.24,2.14
2023-10-18 06:05:00+00:00,306.35,357.24,50.89,20.2,2.34
2023-10-18 07:05:00+00:00,396.29,466.86,70.57,21.6,2.97
2023-10-18 08:05:00+00:00,465.21999999999997,581.0799999999999,115.86,22.52,3.1
2023-10-18 09:05:00+00:00,437.0,814.01,377.01,24.24,3.24
2023-10-18 10:05:00+00:00,355.26,871.1,515.84,25.54,3.66
2023-10-18 11:05:00+00:00,377.6,733.09,355.49,26.07,3.93
2023-10-18 12:05:00+00:00,172.19000000000003,724.1500000000001,551.96,25.61,4.21
2023-10-18 13:05:00+00:00,150.44,515.1700000000001,364.73,24.69,4.55
2023-10-18 14:05:00+00:00,115.0,264.45,149.45,23.2,4.55
2023-10-18 15:05:00+00:00,17.16,36.21,19.05,21.95,4.0
2023-10-18 16:05:00+00:00,0.0,0.0,0.0,20.64,3.24
2023-10-18 17:05:00+00:00,0.0,0.0,0.0,19.61,3.03
2023-10-18 18:05:00+00:00,0.0,0.0,0.0,18.92,2.83
2023-10-18 19:05:00+00:00,0.0,0.0,0.0,19.16,3.59
2023-10-18 20:05:00+00:00,0.0,0.0,0.0,18.46,3.17
2023-10-18 21:05:00+00:00,0.0,0.0,0.0,17.87,2.9
2023-10-18 22:05:00+00:00,0.0,0.0,0.0,17.63,2.62
2023-10-18 23:05:00+00:00,0.0,0.0,0.0,17.25,1.93
2023-10-19 00:05:00+00:00,0.0,0.0,0.0,17.18,1.45
2023-10-19 01:05:00+00:00,0.0,0.0,0.0,16.91,1.24
2023-10-19 02:05:00+00:00,0.0,0.0,0.0,16.65,1.38
2023-10-19 03:05:00+00:00,0.0,0.0,0.0,16.67,1.31
2023-10-19 04:05:00+00:00,63.88,207.74,143.86,16.82,1.59
2023-10-19 05:05:00+00:00,80.41,80.41,0.0,17.73,1.79
2023-10-19 06:05:00+00:00,295.74,518.98,223.24,18.89,2.14
2023-10-19 07:05:00+00:00,407.75,548.5,140.75,19.67,2.83
2023-10-19 08:05:00+00:00,467.89000000000004,593.62,125.73,21.52,3.52
2023-10-19 09:05:00+00:00,440.95,474.83,33.88,23.26,3.79
2023-10-19 10:05:00+00:00,406.34000000000003,825.94,419.6,23.83,3.86
2023-10-19 11:05:00+00:00,419.11,663.6800000000001,244.57,24.51,3.93
2023-10-19 12:05:00+00:00,340.3,390.8,50.5,24.02,3.86
2023-10-19 13:05:00+00:00,249.6,306.36,56.76,23.58,4.07
2023-10-19 14:05:00+00:00,112.34,120.28,7.94,22.93,4.34
2023-10-19 15:05:00+00:00,16.150000000000002,23.520000000000003,7.37,21.89,4.28
2023-10-19 16:05:00+00:00,0.0,0.0,0.0,20.77,3.86
2023-10-19 17:05:00+00:00,0.0,0.0,0.0,19.7,3.72
2023-10-19 18:05:00+00:00,0.0,0.0,0.0,18.85,4.0
2023-10-19 19:05:00+00:00,0.0,0.0,0.0,18.29,3.38
2023-10-19 20:05:00+00:00,0.0,0.0,0.0,17.91,3.24
2023-10-19 21:05:00+00:00,0.0,0.0,0.0,17.64,3.1
2023-10-19 22:05:00+00:00,0.0,0.0,0.0,17.24,2.55
2023-10-19 23:05:00+00:00,0.0,0.0,0.0,17.02,1.79
2023-10-20 00:05:00+00:00,0.0,0.0,0.0,16.8,1.59
2023-10-20 01:05:00+00:00,0.0,0.0,0.0,16.52,1.52
2023-10-20 02:05:00+00:00,0.0,0.0,0.0,16.24,1.45
2023-10-20 03:05:00+00:00,0.0,0.0,0.0,15.96,1.31
2023-10-20 04:05:00+00:00,21.759999999999998,21.759999999999998,0.0,15.96,1.17
2023-10-20 05:05:00+00:00,206.33,317.70000000000005,111.37,17.17,1.24
2023-10-20 06:05:00+00:00,299.78,520.13,220.35,19.02,1.66
2023-10-20 07:05:00+00:00,355.38,699.51,344.13,21.56,3.66
2023-10-20 08:05:00+00:00,335.29999999999995,864.6899999999999,529.39,22.26,3.79
2023-10-20 09:05:00+00:00,305.56,943.9000000000001,638.34,23.61,4.14
2023-10-20 10:05:00+00:00,300.59000000000003,923.22,622.63,24.42,4.14
2023-10-20 11:05:00+00:00,428.54,647.3,218.76,24.65,4.07
2023-10-20 12:05:00+00:00,354.2,520.03,165.83,25.09,4.28
2023-10-20 13:05:00+00:00,238.25,271.9,33.65,24.73,4.34
2023-10-20 14:05:00+00:00,121.72,137.76,16.04,23.84,4.28
2023-10-20 15:05:00+00:00,16.27,31.47,15.2,22.88,3.72
2023-10-20 16:05:00+00:00,0.0,0.0,0.0,21.89,3.45
2023-10-20 17:05:00+00:00,0.0,0.0,0.0,20.89,3.38
2023-10-20 18:05:00+00:00,0.0,0.0,0.0,20.01,3.45
2023-10-20 19:05:00+00:00,0.0,0.0,0.0,18.96,2.97
2023-10-20 20:05:00+00:00,0.0,0.0,0.0,18.19,2.34
2023-10-20 21:05:00+00:00,0.0,0.0,0.0,17.69,2.34
2023-10-20 22:05:00+00:00,0.0,0.0,0.0,17.08,1.59
2023-10-20 23:05:00+00:00,0.0,0.0,0.0,16.78,1.52
2023-10-21 00:05:00+00:00,0.0,0.0,0.0,16.43,1.45
2023-10-21 01:05:00+00:00,0.0,0.0,0.0,16.25,1.31
2023-10-21 02:05:00+00:00,0.0,0.0,0.0,16.08,1.17
2023-10-21 03:05:00+00:00,0.0,0.0,0.0,15.98,1.1
2023-10-21 04:05:00+00:00,14.19,14.19,0.0,16.03,1.17
2023-10-21 05:05:00+00:00,144.88000000000002,146.99000000000004,2.11,17.68,1.79
2023-10-21 06:05:00+00:00,306.46,356.09999999999997,49.64,19.35,2.28
2023-10-21 07:05:00+00:00,325.11,335.73,10.62,20.52,2.83
2023-10-21 08:05:00+00:00,341.75,346.51,4.76,22.08,3.17
2023-10-21 09:05:00+00:00,454.91999999999996,498.51,43.59,23.57,2.97
2023-10-21 10:05:00+00:00,434.5,469.63,35.13,24.68,2.83
2023-10-21 11:05:00+00:00,437.67,584.39,146.72,25.04,3.03
2023-10-21 12:05:00+00:00,159.87,159.87,0.0,25.23,3.31
2023-10-21 13:05:00+00:00,194.28,199.41,5.13,24.34,3.72
2023-10-21 14:05:00+00:00,98.58,100.89,2.31,23.79,3.66
2023-10-21 15:05:00+00:00,16.38,37.239999999999995,20.86,22.92,3.45
2023-10-21 16:05:00+00:00,0.0,0.0,0.0,21.86,3.24
2023-10-21 17:05:00+00:00,0.0,0.0,0.0,20.81,3.31
2023-10-21 18:05:00+00:00,0.0,0.0,0.0,19.89,3.1
2023-10-21 19:05:00+00:00,0.0,0.0,0.0,19.55,3.03
2023-10-21 20:05:00+00:00,0.0,0.0,0.0,18.98,2.83
2023-10-21 21:05:00+00:00,0.0,0.0,0.0,18.25,2.83
2023-10-21 22:05:00+00:00,0.0,0.0,0.0,17.5,2.69
2023-10-21 23:05:00+00:00,0.0,0.0,0.0,17.13,2.97
2023-10-22 00:05:00+00:00,0.0,0.0,0.0,16.73,1.93
2023-10-22 01:05:00+00:00,0.0,0.0,0.0,16.4,1.59
2023-10-22 02:05:00+00:00,0.0,0.0,0.0,16.17,1.59
2023-10-22 03:05:00+00:00,0.0,0.0,0.0,15.91,1.45
2023-10-22 04:05:00+00:00,18.919999999999998,18.919999999999998,0.0,16.05,1.72
2023-10-22 05:05:00+00:00,171.99,181.57000000000002,9.58,17.7,2.21
2023-10-22 06:05:00+00:00,230.16,616.16,386.0,19.63,2.55
2023-10-22 07:05:00+00:00,127.83,876.69,748.86,21.41,2.62
2023-10-22 08:05:00+00:00,294.56,902.19,607.63,23.44,2.76
2023-10-22 09:05:00+00:00,281.51000000000005,966.01,684.5,24.52,2.55
2023-10-22 10:05:00+00:00,400.17,416.37,16.2,25.66,2.41
2023-10-22 11:05:00+00:00,333.38,340.12,6.74,25.81,2.48
2023-10-22 12:05:00+00:00,307.85,327.53000000000003,19.68,26.26,2.9
2023-10-22 13:05:00+00:00,230.23,438.64,208.41,25.88,3.66
2023-10-22 14:05:00+00:00,79.1,323.03,243.93,25.42,4.07
2023-10-22 15:05:00+00:00,15.440000000000001,34.21,18.77,24.21,3.52
2023-10-22 16:05:00+00:00,0.0,0.0,0.0,22.59,2.97
2023-10-22 17:05:00+00:00,0.0,0.0,0.0,21.28,2.48
2023-10-22 18:05:00+00:00,0.0,0.0,0.0,20.2,2.34
2023-10-22 19:05:00+00:00,0.0,0.0,0.0,19.48,2.76
2023-10-22 20:05:00+00:00,0.0,0.0,0.0,18.7,3.03
2023-10-22 21:05:00+00:00,0.0,0.0,0.0,17.97,3.24
2023-10-22 22:05:00+00:00,0.0,0.0,0.0,17.16,2.83
2023-10-22 23:05:00+00:00,0.0,0.0,0.0,16.51,2.55
2023-10-23 00:05:00+00:00,0.0,0.0,0.0,15.96,2.41
2023-10-23 01:05:00+00:00,0.0,0.0,0.0,15.5,2.07
2023-10-23 02:05:00+00:00,0.0,0.0,0.0,15.05,1.72
2023-10-23 03:05:00+00:00,0.0,0.0,0.0,14.76,1.38
2023-10-23 04:05:00+00:00,20.81,20.81,0.0,15.16,1.38
2023-10-23 05:05:00+00:00,87.03,87.03,0.0,17.05,1.86
2023-10-23 06:05:00+00:00,181.63,181.63,0.0,19.46,2.28
2023-10-23 07:05:00+00:00,392.90000000000003,450.28000000000003,57.38,21.34,2.76
2023-10-23 08:05:00+00:00,357.55,861.8299999999999,504.28,23.08,2.83
2023-10-23 09:05:00+00:00,255.9,990.38,734.48,24.68,2.83
2023-10-23 10:05:00+00:00,194.10999999999999,999.12,805.01,25.82,2.9
2023-10-23 11:05:00+00:00,202.57,896.26,693.69,26.86,3.03
2023-10-23 12:05:00+00:00,128.74,774.27,645.53,27.27,3.38
2023-10-23 13:05:00+00:00,99.06,577.44,478.38,27.15,3.72
2023-10-23 14:05:00+00:00,88.24000000000001,312.02,223.78,26.4,4.0
2023-10-23 15:05:00+00:00,15.43,31.96,16.53,24.99,3.72
2023-10-23 16:05:00+00:00,0.0,0.0,0.0,23.23,3.31
2023-10-23 17:05:00+00:00,0.0,0.0,0.0,21.91,3.03
2023-10-23 18:05:00+00:00,0.0,0.0,0.0,20.89,2.97
2023-10-23 19:05:00+00:00,0.0,0.0,0.0,20.25,3.45
2023-10-23 20:05:00+00:00,0.0,0.0,0.0,19.33,3.59
2023-10-23 21:05:00+00:00,0.0,0.0,0.0,18.43,3.45
2023-10-23 22:05:00+00:00,0.0,0.0,0.0,17.67,3.1
2023-10-23 23:05:00+00:00,0.0,0.0,0.0,17.04,2.48
2023-10-24 00:05:00+00:00,0.0,0.0,0.0,16.63,2.07
2023-10-24 01:05:00+00:00,0.0,0.0,0.0,16.19,1.72
2023-10-24 02:05:00+00:00,0.0,0.0,0.0,15.84,1.45
2023-10-24 03:05:00+00:00,0.0,0.0,0.0,15.66,1.17
2023-10-24 04:05:00+00:00,83.75,183.45,99.7,15.97,0.97
2023-10-24 05:05:00+00:00,185.35,388.95,203.6,18.01,1.52
2023-10-24 06:05:00+00:00,255.13,597.38,342.25,20.12,1.72
2023-10-24 07:05:00+00:00,246.44,810.69,564.25,22.37,2.69
2023-10-24 08:05:00+00:00,272.44,924.6800000000001,652.24,24.19,3.03
2023-10-24 09:05:00+00:00,264.99,982.76,717.77,25.72,2.97
2023-10-24 10:05:00+00:00,194.41,997.35,802.94,26.59,3.17
2023-10-24 11:05:00+00:00,292.93,835.0,542.07,27.5,3.38
2023-10-24 12:05:00+00:00,137.92000000000002,764.4100000000001,626.49,27.42,3.79
2023-10-24 13:05:00+00:00,147.15,535.37,388.22,26.73,4.0
2023-10-24 14:05:00+00:00,90.42,309.08,218.66,25.64,3.93
2023-10-24 15:05:00+00:00,15.3,23.78,8.48,24.27,3.72
2023-10-24 16:05:00+00:00,0.0,0.0,0.0,22.64,3.59
2023-10-24 17:05:00+00:00,0.0,0.0,0.0,21.47,3.31
2023-10-24 18:05:00+00:00,0.0,0.0,0.0,20.54,3.1
2023-10-24 19:05:00+00:00,0.0,0.0,0.0,20.42,3.45
2023-10-24 20:05:00+00:00,0.0,0.0,0.0,19.63,3.38
2023-10-24 21:05:00+00:00,0.0,0.0,0.0,18.93,3.38
2023-10-24 22:05:00+00:00,0.0,0.0,0.0,18.31,3.1
2023-10-24 23:05:00+00:00,0.0,0.0,0.0,17.96,3.17
2023-10-25 00:05:00+00:00,0.0,0.0,0.0,17.76,3.17
2023-10-25 01:05:00+00:00,0.0,0.0,0.0,17.44,2.55
2023-10-25 02:05:00+00:00,0.0,0.0,0.0,17.31,2.07
2023-10-25 03:05:00+00:00,0.0,0.0,0.0,17.14,1.72
2023-10-25 04:05:00+00:00,84.66,103.46,18.8,17.11,1.86
2023-10-25 05:05:00+00:00,210.8,308.35,97.55,17.59,2.14
2023-10-25 06:05:00+00:00,278.92,572.1600000000001,293.24,19.38,2.34
2023-10-25 07:05:00+00:00,388.45,660.86,272.41,21.69,3.1
2023-10-25 08:05:00+00:00,384.99,835.78,450.79,23.16,3.38
2023-10-25 09:05:00+00:00,391.77,891.05,499.28,24.59,3.59
2023-10-25 10:05:00+00:00,371.89,882.03,510.14,25.65,3.79
2023-10-25 11:05:00+00:00,243.45000000000002,875.1,631.65,26.49,4.07
2023-10-25 12:05:00+00:00,326.5,602.71,276.21,26.38,4.21
2023-10-25 13:05:00+00:00,219.56,465.14,245.58,26.22,4.34
2023-10-25 14:05:00+00:00,112.47,120.86,8.39,25.02,4.48
2023-10-25 15:05:00+00:00,11.4,14.3,2.9,23.86,4.28
2023-10-25 16:05:00+00:00,0.0,0.0,0.0,22.51,3.52
2023-10-25 17:05:00+00:00,0.0,0.0,0.0,21.53,3.24
2023-10-25 18:05:00+00:00,0.0,0.0,0.0,20.73,3.31
2023-10-25 19:05:00+00:00,0.0,0.0,0.0,20.04,3.45
2023-10-25 20:05:00+00:00,0.0,0.0,0.0,19.36,3.59
2023-10-25 21:05:00+00:00,0.0,0.0,0.0,18.66,3.52
2023-10-25 22:05:00+00:00,0.0,0.0,0.0,17.98,3.17
2023-10-25 23:05:00+00:00,0.0,0.0,0.0,17.63,2.9
2023-10-26 00:05:00+00:00,0.0,0.0,0.0,17.24,2.34
2023-10-26 01:05:00+00:00,0.0,0.0,0.0,17.05,2.34
2023-10-26 02:05:00+00:00,0.0,0.0,0.0,16.79,2.14
2023-10-26 03:05:00+00:00,0.0,0.0,0.0,16.55,2.14
2023-10-26 04:05:00+00:00,14.19,14.19,0.0,16.63,2.41
2023-10-26 05:05:00+00:00,139.13,140.22,1.09,17.86,3.03
2023-10-26 06:05:00+00:00,216.69000000000003,217.71000000000004,1.02,19.89,3.72
2023-10-26 07:05:00+00:00,379.65000000000003,422.93000000000006,43.28,20.25,3.93
2023-10-26 08:05:00+00:00,463.22,563.95,100.73,21.54,4.41
2023-10-26 09:05:00+00:00,484.95,730.5799999999999,245.63,23.03,4.55
2023-10-26 10:05:00+00:00,465.06,540.39,75.33,24.16,4.9
2023-10-26 11:05:00+00:00,323.78,808.26,484.48,24.06,4.76
2023-10-26 12:05:00+00:00,235.66,701.3,465.64,24.0,4.76
2023-10-26 13:05:00+00:00,216.99,464.99,248.0,23.27,4.9
2023-10-26 14:05:00+00:00,123.77000000000001,254.37,130.6,22.76,4.9
2023-10-26 15:05:00+00:00,13.370000000000001,19.3,5.93,21.61,4.28
2023-10-26 16:05:00+00:00,0.0,0.0,0.0,20.45,3.52
2023-10-26 17:05:00+00:00,0.0,0.0,0.0,19.71,3.66
2023-10-26 18:05:00+00:00,0.0,0.0,0.0,18.89,3.17
2023-10-26 19:05:00+00:00,0.0,0.0,0.0,18.57,3.31
2023-10-26 20:05:00+00:00,0.0,0.0,0.0,17.97,3.03
2023-10-26 21:05:00+00:00,0.0,0.0,0.0,17.77,2.9
2023-10-26 22:05:00+00:00,0.0,0.0,0.0,17.35,2.62
2023-10-26 23:05:00+00:00,0.0,0.0,0.0,17.23,2.62
2023-10-27 00:05:00+00:00,0.0,0.0,0.0,17.02,2.0
2023-10-27 01:05:00+00:00,0.0,0.0,0.0,16.83,1.93
2023-10-27 02:05:00+00:00,0.0,0.0,0.0,16.58,1.79
2023-10-27 03:05:00+00:00,0.0,0.0,0.0,16.14,1.45
2023-10-27 04:05:00+00:00,90.75,133.19,42.44,16.27,1.86
2023-10-27 05:05:00+00:00,205.41,254.76999999999998,49.36,18.1,2.76
2023-10-27 06:05:00+00:00,305.21000000000004,520.48,215.27,19.99,3.38
2023-10-27 07:05:00+00:00,372.68,683.6500000000001,310.97,20.43,3.38
2023-10-27 08:05:00+00:00,394.58,822.16,427.58,21.82,3.66
2023-10-27 09:05:00+00:00,447.62,816.77,369.15,23.04,3.59
2023-10-27 10:05:00+00:00,281.90000000000003,281.90000000000003,0.0,24.64,3.93
2023-10-27 11:05:00+00:00,429.65000000000003,639.4300000000001,209.78,25.29,4.21
2023-10-27 12:05:00+00:00,332.52000000000004,374.75000000000006,42.23,25.27,4.28
2023-10-27 13:05:00+00:00,249.13,313.86,64.73,24.93,4.21
2023-10-27 14:05:00+00:00,128.62,243.25,114.63,24.23,4.0
2023-10-27 15:05:00+00:00,14.48,26.6,12.12,23.23,3.59
2023-10-27 16:05:00+00:00,0.0,0.0,0.0,21.92,3.24
2023-10-27 17:05:00+00:00,0.0,0.0,0.0,20.76,3.1
2023-10-27 18:05:00+00:00,0.0,0.0,0.0,19.97,3.17
2023-10-27 19:05:00+00:00,0.0,0.0,0.0,19.29,2.83
2023-10-27 20:05:00+00:00,0.0,0.0,0.0,18.61,2.69
2023-10-27 21:05:00+00:00,0.0,0.0,0.0,18.05,2.55
2023-10-27 22:05:00+00:00,0.0,0.0,0.0,17.55,2.41
2023-10-27 23:05:00+00:00,0.0,0.0,0.0,17.19,2.07
2023-10-28 00:05:00+00:00,0.0,0.0,0.0,16.82,1.86
2023-10-28 01:05:00+00:00,0.0,0.0,0.0,16.47,1.59
2023-10-28 02:05:00+00:00,0.0,0.0,0.0,16.23,1.45
2023-10-28 03:05:00+00:00,0.0,0.0,0.0,16.0,1.31
2023-10-28 04:05:00+00:00,83.31,193.91,110.6,16.33,1.45
2023-10-28 05:05:00+00:00,202.81,244.74,41.93,17.94,2.21
2023-10-28 06:05:00+00:00,318.44,402.47,84.03,19.83,2.28
2023-10-28 07:05:00+00:00,348.56,368.38,19.82,20.91,3.1
2023-10-28 08:05:00+00:00,238.39,238.39,0.0,22.55,3.45
2023-10-28 09:05:00+00:00,378.87,386.63,7.76,24.03,3.59
2023-10-28 10:05:00+00:00,466.19,542.01,75.82,24.73,3.59
2023-10-28 11:05:00+00:00,238.39,238.39,0.0,25.76,3.86
2023-10-28 12:05:00+00:00,128.65,128.65,0.0,25.8,4.07
2023-10-28 13:05:00+00:00,141.89999999999998,141.89999999999998,0.0,25.19,4.14
2023-10-28 14:05:00+00:00,22.7,22.7,0.0,24.58,4.21
2023-10-28 15:05:00+00:00,12.37,15.459999999999999,3.09,23.52,3.93
2023-10-28 16:05:00+00:00,0.0,0.0,0.0,22.26,3.1
2023-10-28 17:05:00+00:00,0.0,0.0,0.0,21.29,2.69
2023-10-28 18:05:00+00:00,0.0,0.0,0.0,20.62,3.03
2023-10-28 19:05:00+00:00,0.0,0.0,0.0,19.7,3.66
2023-10-28 20:05:00+00:00,0.0,0.0,0.0,18.74,3.66
2023-10-28 21:05:00+00:00,0.0,0.0,0.0,17.76,3.38
2023-10-28 22:05:00+00:00,0.0,0.0,0.0,17.27,3.1
2023-10-28 23:05:00+00:00,0.0,0.0,0.0,16.89,3.24
2023-10-29 00:05:00+00:00,0.0,0.0,0.0,16.56,1.93
2023-10-29 01:05:00+00:00,0.0,0.0,0.0,16.19,1.59
2023-10-29 02:05:00+00:00,0.0,0.0,0.0,16.12,1.59
2023-10-29 03:05:00+00:00,0.0,0.0,0.0,15.77,1.17
2023-10-29 04:05:00+00:00,21.759999999999998,21.759999999999998,0.0,16.06,1.45
2023-10-29 05:05:00+00:00,88.92,88.92,0.0,17.9,1.79
2023-10-29 06:05:00+00:00,321.05,422.94,101.89,19.72,2.14
2023-10-29 07:05:00+00:00,353.57,717.53,363.96,21.35,2.62
2023-10-29 08:05:00+00:00,450.07,731.78,281.71,22.25,2.76
2023-10-29 09:05:00+00:00,486.25,589.33,103.08,23.36,3.03
2023-10-29 10:05:00+00:00,472.79,722.4300000000001,249.64,24.1,3.24
2023-10-29 11:05:00+00:00,280.69,850.29,569.6,24.41,3.31
2023-10-29 12:05:00+00:00,354.4,451.72999999999996,97.33,24.93,3.52
2023-10-29 13:05:00+00:00,217.14999999999998,469.16999999999996,252.02,24.27,3.93
2023-10-29 14:05:00+00:00,135.07,195.81,60.74,23.66,4.07
2023-10-29 15:05:00+00:00,15.05,46.59,31.54,22.59,3.59
2023-10-29 16:05:00+00:00,0.0,0.0,0.0,21.37,2.83
2023-10-29 17:05:00+00:00,0.0,0.0,0.0,20.37,2.9
2023-10-29 18:05:00+00:00,0.0,0.0,0.0,19.52,2.97
2023-10-29 19:05:00+00:00,0.0,0.0,0.0,19.72,3.31
2023-10-29 20:05:00+00:00,0.0,0.0,0.0,18.98,3.31
2023-10-29 21:05:00+00:00,0.0,0.0,0.0,18.31,3.24
2023-10-29 22:05:00+00:00,0.0,0.0,0.0,17.7,2.9
2023-10-29 23:05:00+00:00,0.0,0.0,0.0,17.1,2.55
2023-10-30 00:05:00+00:00,0.0,0.0,0.0,16.87,2.21
2023-10-30 01:05:00+00:00,0.0,0.0,0.0,16.8,2.28
2023-10-30 02:05:00+00:00,0.0,0.0,0.0,16.57,2.0
2023-10-30 03:05:00+00:00,0.0,0.0,0.0,16.4,1.72
2023-10-30 04:05:00+00:00,21.759999999999998,21.759999999999998,0.0,16.58,1.93
2023-10-30 05:05:00+00:00,69.06,69.06,0.0,17.94,2.62
2023-10-30 06:05:00+00:00,286.95,313.82,26.87,20.13,3.38
2023-10-30 07:05:00+00:00,410.15000000000003,546.87,136.72,21.61,4.0
2023-10-30 08:05:00+00:00,407.67,434.17,26.5,23.28,4.07
2023-10-30 09:05:00+00:00,490.26,607.3199999999999,117.06,24.16,4.07
2023-10-30 10:05:00+00:00,457.26,764.4300000000001,307.17,25.32,4.21
2023-10-30 11:05:00+00:00,435.20000000000005,580.82,145.62,25.83,4.28
2023-10-30 12:05:00+00:00,331.75,374.5,42.75,26.06,4.34
2023-10-30 13:05:00+00:00,243.03,291.54,48.51,25.49,4.48
2023-10-30 14:05:00+00:00,125.71,256.90999999999997,131.2,24.46,4.62
2023-10-30 15:05:00+00:00,14.75,34.019999999999996,19.27,23.02,4.21
2023-10-30 16:05:00+00:00,0.0,0.0,0.0,21.65,3.93
2023-10-30 17:05:00+00:00,0.0,0.0,0.0,20.16,4.0
2023-10-30 18:05:00+00:00,0.0,0.0,0.0,18.71,4.0
2023-10-30 19:05:00+00:00,0.0,0.0,0.0,19.05,3.86
2023-10-30 20:05:00+00:00,0.0,0.0,0.0,18.33,3.17
2023-10-30 21:05:00+00:00,0.0,0.0,0.0,17.91,3.38
2023-10-30 22:05:00+00:00,0.0,0.0,0.0,17.56,3.31
2023-10-30 23:05:00+00:00,0.0,0.0,0.0,17.15,1.93
2023-10-31 00:05:00+00:00,0.0,0.0,0.0,16.95,1.66
2023-10-31 01:05:00+00:00,0.0,0.0,0.0,16.66,1.45
2023-10-31 02:05:00+00:00,0.0,0.0,0.0,16.08,1.17
2023-10-31 03:05:00+00:00,0.0,0.0,0.0,15.97,1.17
2023-10-31 04:05:00+00:00,35.949999999999996,35.949999999999996,0.0,16.01,1.52
2023-10-31 05:05:00+00:00,42.57,42.57,0.0,16.4,1.72
2023-10-31 06:05:00+00:00,296.53,334.93999999999994,38.41,17.79,2.21
2023-10-31 07:05:00+00:00,324.22,334.24,10.02,19.56,3.45
2023-10-31 08:05:00+00:00,461.52,688.93,227.41,21.5,4.07
2023-10-31 09:05:00+00:00,367.13,914.12,546.99,23.62,4.28
2023-10-31 10:05:00+00:00,456.5,762.6700000000001,306.17,24.32,4.21
2023-10-31 11:05:00+00:00,330.44,808.53,478.09,25.05,4.21
2023-10-31 12:05:00+00:00,190.0,742.91,552.91,25.29,4.21
2023-10-31 13:05:00+00:00,132.66,557.4,424.74,24.97,4.41
2023-10-31 14:05:00+00:00,92.49,316.63,224.14,24.0,4.55
2023-10-31 15:05:00+00:00,14.58,27.64,13.06,22.88,4.14
2023-10-31 16:05:00+00:00,0.0,0.0,0.0,21.46,3.66
2023-10-31 17:05:00+00:00,0.0,0.0,0.0,20.39,3.66
2023-10-31 18:05:00+00:00,0.0,0.0,0.0,19.49,3.66
2023-10-31 19:05:00+00:00,0.0,0.0,0.0,18.67,3.59
2023-10-31 20:05:00+00:00,0.0,0.0,0.0,17.92,3.52
2023-10-31 21:05:00+00:00,0.0,0.0,0.0,17.35,2.76
2023-10-31 22:05:00+00:00,0.0,0.0,0.0,17.07,2.48
2023-10-31 23:05:00+00:00,0.0,0.0,0.0,16.99,2.0
2023-11-01 00:05:00+00:00,0.0,0.0,0.0,16.7,1.52
2023-11-01 01:05:00+00:00,0.0,0.0,0.0,16.6,1.52
2023-11-01 02:05:00+00:00,0.0,0.0,0.0,16.49,1.24
2023-11-01 03:05:00+00:00,0.0,0.0,0.0,16.33,1.1
2023-11-01 04:05:00+00:00,32.17,32.17,0.0,16.48,1.24
2023-11-01 05:05:00+00:00,121.08,121.08,0.0,17.33,1.72
2023-11-01 06:05:00+00:00,211.95999999999998,212.99999999999997,1.04,19.25,2.48
2023-11-01 07:05:00+00:00,305.96000000000004,311.99,6.03,20.38,3.38
2023-11-01 08:05:00+00:00,277.18,277.18,0.0,22.34,3.59
2023-11-01 09:05:00+00:00,167.44,167.44,0.0,23.72,3.59
2023-11-01 10:05:00+00:00,176.89999999999998,176.89999999999998,0.0,25.12,3.72
2023-11-01 11:05:00+00:00,434.15,574.77,140.62,25.58,3.93
2023-11-01 12:05:00+00:00,169.33,169.33,0.0,25.72,3.86
2023-11-01 13:05:00+00:00,217.26000000000002,234.68,17.42,25.14,3.93
2023-11-01 14:05:00+00:00,133.44000000000003,186.73000000000002,53.29,24.53,4.14
2023-11-01 15:05:00+00:00,2.84,2.84,0.0,23.45,3.79
2023-11-01 16:05:00+00:00,0.0,0.0,0.0,22.19,3.38
2023-11-01 17:05:00+00:00,0.0,0.0,0.0,21.2,3.24
2023-11-01 18:05:00+00:00,0.0,0.0,0.0,20.58,3.59
2023-11-01 19:05:00+00:00,0.0,0.0,0.0,20.02,3.38
2023-11-01 20:05:00+00:00,0.0,0.0,0.0,19.49,3.59
2023-11-01 21:05:00+00:00,0.0,0.0,0.0,18.73,3.52
2023-11-01 22:05:00+00:00,0.0,0.0,0.0,18.26,3.17
2023-11-01 23:05:00+00:00,0.0,0.0,0.0,17.78,2.83
2023-11-02 00:05:00+00:00,0.0,0.0,0.0,17.6,2.62
2023-11-02 01:05:00+00:00,0.0,0.0,0.0,17.39,2.14
2023-11-02 02:05:00+00:00,0.0,0.0,0.0,17.14,1.72
2023-11-02 03:05:00+00:00,0.0,0.0,0.0,16.78,1.24
2023-11-02 04:05:00+00:00,14.19,14.19,0.0,16.96,1.31
2023-11-02 05:05:00+00:00,38.79,38.79,0.0,17.78,1.59
2023-11-02 06:05:00+00:00,138.12,138.12,0.0,19.17,1.86
2023-11-02 07:05:00+00:00,322.34,332.42999999999995,10.09,19.92,2.0
2023-11-02 08:05:00+00:00,185.42,185.42,0.0,20.92,2.48
2023-11-02 09:05:00+00:00,370.31,377.2,6.89,22.17,3.17
2023-11-02 10:05:00+00:00,466.84,558.66,91.82,22.13,3.52
2023-11-02 11:05:00+00:00,426.38,528.44,102.06,22.38,3.72
2023-11-02 12:05:00+00:00,297.38000000000005,313.86000000000007,16.48,22.73,3.72
2023-11-02 13:05:00+00:00,43.519999999999996,43.519999999999996,0.0,22.58,3.72
2023-11-02 14:05:00+00:00,79.47,79.47,0.0,20.62,2.9
2023-11-02 15:05:00+00:00,14.52,24.61,10.09,19.16,1.93
2023-11-02 16:05:00+00:00,0.0,0.0,0.0,18.35,1.86
2023-11-02 17:05:00+00:00,0.0,0.0,0.0,17.55,1.93
2023-11-02 18:05:00+00:00,0.0,0.0,0.0,16.93,1.45
2023-11-02 19:05:00+00:00,0.0,0.0,0.0,16.89,1.45
2023-11-02 20:05:00+00:00,0.0,0.0,0.0,16.63,1.1
2023-11-02 21:05:00+00:00,0.0,0.0,0.0,16.37,1.03
2023-11-02 22:05:00+00:00,0.0,0.0,0.0,16.22,1.1
2023-11-02 23:05:00+00:00,0.0,0.0,0.0,16.14,0.97
2023-11-03 00:05:00+00:00,0.0,0.0,0.0,16.07,0.62
2023-11-03 01:05:00+00:00,0.0,0.0,0.0,16.11,0.69
2023-11-03 02:05:00+00:00,0.0,0.0,0.0,16.01,0.76
2023-11-03 03:05:00+00:00,0.0,0.0,0.0,15.98,0.62
2023-11-03 04:05:00+00:00,56.75,56.75,0.0,16.35,0.48
2023-11-03 05:05:00+00:00,73.78999999999999,73.78999999999999,0.0,17.29,1.24
2023-11-03 06:05:00+00:00,222.46,224.56,2.1,19.17,1.72
2023-11-03 07:05:00+00:00,361.99,394.37,32.38,19.65,1.72
2023-11-03 08:05:00+00:00,449.2,713.53,264.33,20.17,2.14
2023-11-03 09:05:00+00:00,419.93,445.6,25.67,19.65,2.14
2023-11-03 10:05:00+00:00,475.69,631.17,155.48,19.1,2.0
2023-11-03 11:05:00+00:00,313.44,318.46,5.02,20.37,1.66
2023-11-03 12:05:00+00:00,81.35000000000001,81.35000000000001,0.0,18.93,1.79
2023-11-03 13:05:00+00:00,180.95,184.25,3.3,18.5,1.93
2023-11-03 14:05:00+00:00,130.98000000000002,228.81,97.83,17.25,1.59
2023-11-03 15:05:00+00:00,15.86,36.3,20.44,16.95,1.24
2023-11-03 16:05:00+00:00,0.0,0.0,0.0,16.65,1.17
2023-11-03 17:05:00+00:00,0.0,0.0,0.0,16.56,1.31
2023-11-03 18:05:00+00:00,0.0,0.0,0.0,16.39,1.31
2023-11-03 19:05:00+00:00,0.0,0.0,0.0,16.42,1.1
2023-11-03 20:05:00+00:00,0.0,0.0,0.0,16.34,0.9
2023-11-03 21:05:00+00:00,0.0,0.0,0.0,16.2,1.03
2023-11-03 22:05:00+00:00,0.0,0.0,0.0,15.94,1.03
2023-11-03 23:05:00+00:00,0.0,0.0,0.0,15.85,1.03
2023-11-04 00:05:00+00:00,0.0,0.0,0.0,15.74,1.1
2023-11-04 01:05:00+00:00,0.0,0.0,0.0,15.57,1.1
2023-11-04 02:05:00+00:00,0.0,0.0,0.0,15.36,1.17
2023-11-04 03:05:00+00:00,0.0,0.0,0.0,15.15,1.17
2023-11-04 04:05:00+00:00,54.870000000000005,54.870000000000005,0.0,15.14,1.17
2023-11-04 05:05:00+00:00,200.38000000000002,242.86,42.48,15.68,1.45
2023-11-04 06:05:00+00:00,314.64,478.23,163.59,16.48,1.52
2023-11-04 07:05:00+00:00,190.14,190.14,0.0,18.61,1.24
2023-11-04 08:05:00+00:00,369.75,381.71,11.96,19.09,1.59
2023-11-04 09:05:00+00:00,466.11,536.4200000000001,70.31,19.72,1.72
2023-11-04 10:05:00+00:00,475.96999999999997,620.99,145.02,19.35,1.72
2023-11-04 11:05:00+00:00,164.60000000000002,164.60000000000002,0.0,19.76,2.28
2023-11-04 12:05:00+00:00,74.73,74.73,0.0,19.68,2.28
2023-11-04 13:05:00+00:00,215.54,234.32,18.78,20.17,2.55
2023-11-04 14:05:00+00:00,133.14,197.95,64.81,19.77,2.62
2023-11-04 15:05:00+00:00,8.51,8.51,0.0,19.27,2.28
2023-11-04 16:05:00+00:00,0.0,0.0,0.0,18.44,1.52
2023-11-04 17:05:00+00:00,0.0,0.0,0.0,17.81,1.24
2023-11-04 18:05:00+00:00,0.0,0.0,0.0,17.5,1.31
2023-11-04 19:05:00+00:00,0.0,0.0,0.0,17.45,1.52
2023-11-04 20:05:00+00:00,0.0,0.0,0.0,17.18,1.31
2023-11-04 21:05:00+00:00,0.0,0.0,0.0,16.92,1.24
2023-11-04 22:05:00+00:00,0.0,0.0,0.0,16.63,1.24
2023-11-04 23:05:00+00:00,0.0,0.0,0.0,16.47,1.17
2023-11-05 00:05:00+00:00,0.0,0.0,0.0,16.26,1.03
2023-11-05 01:05:00+00:00,0.0,0.0,0.0,16.13,1.1
2023-11-05 02:05:00+00:00,0.0,0.0,0.0,16.07,1.03
2023-11-05 03:05:00+00:00,0.0,0.0,0.0,16.11,0.9
2023-11-05 04:05:00+00:00,76.08000000000001,86.50000000000001,10.42,16.33,0.97
2023-11-05 05:05:00+00:00,91.75999999999999,91.75999999999999,0.0,17.47,1.17
2023-11-05 06:05:00+00:00,106.89,106.89,0.0,19.2,1.59
2023-11-05 07:05:00+00:00,229.88,229.88,0.0,19.92,1.66
2023-11-05 08:05:00+00:00,457.9,687.8499999999999,229.95,20.98,2.14
2023-11-05 09:05:00+00:00,340.73,343.71000000000004,2.98,21.79,2.48
2023-11-05 10:05:00+00:00,190.14,190.14,0.0,22.2,2.55
2023-11-05 11:05:00+00:00,135.28,135.28,0.0,22.85,2.55
2023-11-05 12:05:00+00:00,77.57,77.57,0.0,22.37,2.62
2023-11-05 13:05:00+00:00,49.190000000000005,49.190000000000005,0.0,22.75,2.14
2023-11-05 14:05:00+00:00,89.92999999999999,328.75,238.82,21.48,2.14
2023-11-05 15:05:00+00:00,6.62,6.62,0.0,19.99,2.07
2023-11-05 16:05:00+00:00,0.0,0.0,0.0,18.68,1.38
2023-11-05 17:05:00+00:00,0.0,0.0,0.0,17.68,1.52
2023-11-05 18:05:00+00:00,0.0,0.0,0.0,17.15,1.38
2023-11-05 19:05:00+00:00,0.0,0.0,0.0,16.49,1.24
2023-11-05 20:05:00+00:00,0.0,0.0,0.0,16.35,1.17
2023-11-05 21:05:00+00:00,0.0,0.0,0.0,16.2,0.9
2023-11-05 22:05:00+00:00,0.0,0.0,0.0,16.17,0.83
2023-11-05 23:05:00+00:00,0.0,0.0,0.0,16.15,0.55
2023-11-06 00:05:00+00:00,0.0,0.0,0.0,16.19,0.62
2023-11-06 01:05:00+00:00,0.0,0.0,0.0,16.13,0.83
2023-11-06 02:05:00+00:00,0.0,0.0,0.0,16.07,0.76
2023-11-06 03:05:00+00:00,0.0,0.0,0.0,16.1,0.97
2023-11-06 04:05:00+00:00,14.19,14.19,0.0,16.28,1.17
2023-11-06 05:05:00+00:00,193.25,222.26,29.01,17.01,1.17
2023-11-06 06:05:00+00:00,291.59999999999997,325.64,34.04,19.23,1.72
2023-11-06 07:05:00+00:00,317.43,763.11,445.68,20.46,1.79
2023-11-06 08:05:00+00:00,453.96,706.65,252.69,21.41,1.79
2023-11-06 09:05:00+00:00,441.0,480.84000000000003,39.84,22.0,2.14
2023-11-06 10:05:00+00:00,388.9,403.89,14.99,22.95,2.28
2023-11-06 11:05:00+00:00,348.88,790.73,441.85,22.88,2.48
2023-11-06 12:05:00+00:00,298.58,317.39,18.81,22.89,2.69
2023-11-06 13:05:00+00:00,112.11,588.23,476.12,23.07,3.1
2023-11-06 14:05:00+00:00,133.53,224.17000000000002,90.64,22.15,3.03
2023-11-06 15:05:00+00:00,16.23,44.34,28.11,20.89,2.76
2023-11-06 16:05:00+00:00,0.0,0.0,0.0,19.52,2.9
2023-11-06 17:05:00+00:00,0.0,0.0,0.0,18.69,2.28
2023-11-06 18:05:00+00:00,0.0,0.0,0.0,18.17,2.0
2023-11-06 19:05:00+00:00,0.0,0.0,0.0,17.82,2.55
2023-11-06 20:05:00+00:00,0.0,0.0,0.0,17.36,1.86
2023-11-06 21:05:00+00:00,0.0,0.0,0.0,17.06,1.66
2023-11-06 22:05:00+00:00,0.0,0.0,0.0,16.9,1.52
2023-11-06 23:05:00+00:00,0.0,0.0,0.0,16.71,1.24
2023-11-07 00:05:00+00:00,0.0,0.0,0.0,16.53,1.1
2023-11-07 01:05:00+00:00,0.0,0.0,0.0,16.37,0.9
2023-11-07 02:05:00+00:00,0.0,0.0,0.0,16.39,0.97
2023-11-07 03:05:00+00:00,0.0,0.0,0.0,16.4,0.97
2023-11-07 04:05:00+00:00,14.19,14.19,0.0,16.61,1.03
2023-11-07 05:05:00+00:00,106.25,501.74,395.49,18.13,1.45
2023-11-07 06:05:00+00:00,172.10000000000002,686.91,514.81,19.43,1.72
2023-11-07 07:05:00+00:00,137.0,898.98,761.98,20.5,1.93
2023-11-07 08:05:00+00:00,309.40000000000003,906.77,597.37,21.79,2.28
2023-11-07 09:05:00+00:00,440.07,823.5699999999999,383.5,22.77,2.41
2023-11-07 10:05:00+00:00,473.13,687.54,214.41,23.32,2.14
2023-11-07 11:05:00+00:00,203.57,908.01,704.44,23.48,2.14
2023-11-07 12:05:00+00:00,340.62,559.85,219.23,23.74,2.21
2023-11-07 13:05:00+00:00,117.38,581.05,463.67,22.81,1.59
2023-11-07 14:05:00+00:00,99.25,320.02,220.77,20.87,1.45
2023-11-07 15:05:00+00:00,16.27,44.599999999999994,28.33,19.27,1.45
2023-11-07 16:05:00+00:00,0.0,0.0,0.0,18.01,1.03
2023-11-07 17:05:00+00:00,0.0,0.0,0.0,17.5,1.03
2023-11-07 18:05:00+00:00,0.0,0.0,0.0,17.18,1.24
2023-11-07 19:05:00+00:00,0.0,0.0,0.0,16.82,1.1
2023-11-07 20:05:00+00:00,0.0,0.0,0.0,16.77,1.17
2023-11-07 21:05:00+00:00,0.0,0.0,0.0,16.64,1.03
2023-11-07 22:05:00+00:00,0.0,0.0,0.0,16.34,0.83
2023-11-07 23:05:00+00:00,0.0,0.0,0.0,16.27,0.55
2023-11-08 00:05:00+00:00,0.0,0.0,0.0,16.31,0.34
2023-11-08 01:05:00+00:00,0.0,0.0,0.0,16.33,0.55
2023-11-08 02:05:00+00:00,0.0,0.0,0.0,16.45,1.38
2023-11-08 03:05:00+00:00,0.0,0.0,0.0,16.46,1.38
2023-11-08 04:05:00+00:00,21.759999999999998,21.759999999999998,0.0,16.58,1.38
2023-11-08 05:05:00+00:00,152.61999999999998,156.14,3.52,17.11,1.45
2023-11-08 06:05:00+00:00,198.73000000000002,199.8,1.07,18.48,1.31
2023-11-08 07:05:00+00:00,395.33000000000004,480.72,85.39,18.94,1.66
2023-11-08 08:05:00+00:00,462.09,603.29,141.2,20.81,1.72
2023-11-08 09:05:00+00:00,487.10999999999996,660.3599999999999,173.25,22.04,1.86
2023-11-08 10:05:00+00:00,472.48999999999995,592.05,119.56,22.85,2.34
2023-11-08 11:05:00+00:00,210.96,210.96,0.0,23.27,2.55
2023-11-08 12:05:00+00:00,351.43,489.32,137.89,22.29,3.24
2023-11-08 13:05:00+00:00,219.68,241.05,21.37,20.82,2.55
2023-11-08 14:05:00+00:00,129.18,169.08,39.9,19.42,1.72
2023-11-08 15:05:00+00:00,15.43,47.51,32.08,18.67,1.66
2023-11-08 16:05:00+00:00,0.0,0.0,0.0,17.86,1.79
2023-11-08 17:05:00+00:00,0.0,0.0,0.0,17.38,1.38
2023-11-08 18:05:00+00:00,0.0,0.0,0.0,17.2,1.38
2023-11-08 19:05:00+00:00,0.0,0.0,0.0,16.95,1.59
2023-11-08 20:05:00+00:00,0.0,0.0,0.0,16.9,1.59
2023-11-08 21:05:00+00:00,0.0,0.0,0.0,16.82,1.59
2023-11-08 22:05:00+00:00,0.0,0.0,0.0,16.61,1.52
2023-11-08 23:05:00+00:00,0.0,0.0,0.0,16.5,1.31
2023-11-09 00:05:00+00:00,0.0,0.0,0.0,16.44,1.24
2023-11-09 01:05:00+00:00,0.0,0.0,0.0,16.35,1.24
2023-11-09 02:05:00+00:00,0.0,0.0,0.0,16.22,1.03
2023-11-09 03:05:00+00:00,0.0,0.0,0.0,16.09,1.03
2023-11-09 04:05:00+00:00,71.94999999999999,79.65999999999998,7.71,16.22,1.59
2023-11-09 05:05:00+00:00,206.42,336.1,129.68,17.06,2.14
2023-11-09 06:05:00+00:00,141.42999999999998,712.9699999999999,571.54,18.66,2.97
2023-11-09 07:05:00+00:00,131.4,908.59,777.19,19.47,3.72
2023-11-09 08:05:00+00:00,173.19,1000.55,827.36,21.3,3.72
2023-11-09 09:05:00+00:00,187.4,1043.96,856.56,22.6,3.38
2023-11-09 10:05:00+00:00,391.0,408.13,17.13,23.18,3.31
2023-11-09 11:05:00+00:00,354.42,787.99,433.57,23.13,3.38
2023-11-09 12:05:00+00:00,345.03999999999996,423.18999999999994,78.15,23.66,3.38
2023-11-09 13:05:00+00:00,244.22,413.65999999999997,169.44,21.77,3.31
2023-11-09 14:05:00+00:00,111.82,304.5,192.68,20.82,2.97
2023-11-09 15:05:00+00:00,16.64,52.49,35.85,19.91,2.34
2023-11-09 16:05:00+00:00,0.0,0.0,0.0,19.01,2.48
2023-11-09 17:05:00+00:00,0.0,0.0,0.0,18.23,2.34
2023-11-09 18:05:00+00:00,0.0,0.0,0.0,17.68,1.86
2023-11-09 19:05:00+00:00,0.0,0.0,0.0,17.51,2.07
2023-11-09 20:05:00+00:00,0.0,0.0,0.0,17.11,1.79
2023-11-09 21:05:00+00:00,0.0,0.0,0.0,16.85,1.79
2023-11-09 22:05:00+00:00,0.0,0.0,0.0,16.56,1.79
2023-11-09 23:05:00+00:00,0.0,0.0,0.0,16.46,1.66
2023-11-10 00:05:00+00:00,0.0,0.0,0.0,16.31,1.45
2023-11-10 01:05:00+00:00,0.0,0.0,0.0,16.22,1.38
2023-11-10 02:05:00+00:00,0.0,0.0,0.0,16.03,1.17
2023-11-10 03:05:00+00:00,0.0,0.0,0.0,15.98,1.17
2023-11-10 04:05:00+00:00,28.38,28.38,0.0,16.2,1.86
2023-11-10 05:05:00+00:00,208.18,289.95,81.77,16.99,2.41
2023-11-10 06:05:00+00:00,209.14,210.22,1.08,18.53,3.03
2023-11-10 07:05:00+00:00,403.28000000000003,532.7,129.42,19.53,3.59
2023-11-10 08:05:00+00:00,367.92,380.09000000000003,12.17,20.97,3.52
2023-11-10 09:05:00+00:00,486.09999999999997,620.01,133.91,22.07,3.17
2023-11-10 10:05:00+00:00,466.95,563.93,96.98,22.29,3.03
2023-11-10 11:05:00+00:00,403.42,708.0,304.58,22.82,2.97
2023-11-10 12:05:00+00:00,350.03999999999996,449.65,99.61,22.18,3.03
2023-11-10 13:05:00+00:00,128.48,578.78,450.3,22.1,3.03
2023-11-10 14:05:00+00:00,134.09,187.92000000000002,53.83,21.95,3.45
2023-11-10 15:05:00+00:00,17.540000000000003,49.94,32.4,19.93,2.83
2023-11-10 16:05:00+00:00,0.0,0.0,0.0,18.72,2.76
2023-11-10 17:05:00+00:00,0.0,0.0,0.0,17.83,2.62
2023-11-10 18:05:00+00:00,0.0,0.0,0.0,17.29,2.14
2023-11-10 19:05:00+00:00,0.0,0.0,0.0,17.72,2.34
2023-11-10 20:05:00+00:00,0.0,0.0,0.0,17.2,2.0
2023-11-10 21:05:00+00:00,0.0,0.0,0.0,16.42,1.38
2023-11-10 22:05:00+00:00,0.0,0.0,0.0,15.94,1.31
2023-11-10 23:05:00+00:00,0.0,0.0,0.0,16.05,1.24
2023-11-11 00:05:00+00:00,0.0,0.0,0.0,16.22,1.52
2023-11-11 01:05:00+00:00,0.0,0.0,0.0,16.13,1.59
2023-11-11 02:05:00+00:00,0.0,0.0,0.0,16.08,1.45
2023-11-11 03:05:00+00:00,0.0,0.0,0.0,15.98,1.17
2023-11-11 04:05:00+00:00,85.85,115.67999999999999,29.83,16.17,1.72
2023-11-11 05:05:00+00:00,52.97,52.97,0.0,16.97,1.93
2023-11-11 06:05:00+00:00,268.42,286.86,18.44,17.65,1.72
2023-11-11 07:05:00+00:00,331.38,346.96,15.58,17.62,1.59
2023-11-11 08:05:00+00:00,265.45,946.9000000000001,681.45,17.64,2.0
2023-11-11 09:05:00+00:00,400.15,883.7,483.55,17.98,2.34
2023-11-11 10:05:00+00:00,261.09,261.09,0.0,19.26,2.9
2023-11-11 11:05:00+00:00,251.36,883.85,632.49,20.35,3.79
2023-11-11 12:05:00+00:00,261.13,696.99,435.86,20.76,4.07
2023-11-11 13:05:00+00:00,246.44,311.35,64.91,20.81,4.07
2023-11-11 14:05:00+00:00,128.65,163.83,35.18,20.66,3.59
2023-11-11 15:05:00+00:00,16.71,52.84,36.13,20.06,3.17
2023-11-11 16:05:00+00:00,0.0,0.0,0.0,19.01,2.97
2023-11-11 17:05:00+00:00,0.0,0.0,0.0,18.17,2.69
2023-11-11 18:05:00+00:00,0.0,0.0,0.0,17.42,2.34
2023-11-11 19:05:00+00:00,0.0,0.0,0.0,17.63,2.55
2023-11-11 20:05:00+00:00,0.0,0.0,0.0,17.19,2.14
2023-11-11 21:05:00+00:00,0.0,0.0,0.0,16.89,2.28
2023-11-11 22:05:00+00:00,0.0,0.0,0.0,16.44,2.0
2023-11-11 23:05:00+00:00,0.0,0.0,0.0,16.15,1.86
2023-11-12 00:05:00+00:00,0.0,0.0,0.0,15.88,1.59
2023-11-12 01:05:00+00:00,0.0,0.0,0.0,15.8,1.38
2023-11-12 02:05:00+00:00,0.0,0.0,0.0,15.75,1.38
2023-11-12 03:05:00+00:00,0.0,0.0,0.0,15.7,1.31
2023-11-12 04:05:00+00:00,78.66,227.56,148.9,15.9,1.66
2023-11-12 05:05:00+00:00,208.17,313.51,105.34,17.07,2.34
2023-11-12 06:05:00+00:00,307.51000000000005,506.70000000000005,199.19,18.5,2.83
2023-11-12 07:05:00+00:00,326.52,754.67,428.15,19.13,3.45
2023-11-12 08:05:00+00:00,462.25,633.58,171.33,19.82,4.07
2023-11-12 09:05:00+00:00,225.14,225.14,0.0,20.72,3.93
2023-11-12 10:05:00+00:00,473.6,682.79,209.19,21.91,3.72
2023-11-12 11:05:00+00:00,229.01000000000002,900.38,671.37,22.16,3.59
2023-11-12 12:05:00+00:00,331.22,593.56,262.34,22.52,4.07
2023-11-12 13:05:00+00:00,250.54000000000002,370.58000000000004,120.04,22.5,4.0
2023-11-12 14:05:00+00:00,130.70000000000002,261.29,130.59,21.89,3.86
2023-11-12 15:05:00+00:00,17.099999999999998,38.83,21.73,20.42,3.38
2023-11-12 16:05:00+00:00,0.0,0.0,0.0,18.57,2.97
2023-11-12 17:05:00+00:00,0.0,0.0,0.0,17.58,2.28
2023-11-12 18:05:00+00:00,0.0,0.0,0.0,16.95,1.86
2023-11-12 19:05:00+00:00,0.0,0.0,0.0,17.05,1.72
2023-11-12 20:05:00+00:00,0.0,0.0,0.0,16.87,1.59
2023-11-12 21:05:00+00:00,0.0,0.0,0.0,16.63,1.17
2023-11-12 22:05:00+00:00,0.0,0.0,0.0,16.47,1.24
2023-11-12 23:05:00+00:00,0.0,0.0,0.0,16.44,1.45
2023-11-13 00:05:00+00:00,0.0,0.0,0.0,16.5,1.1
2023-11-13 01:05:00+00:00,0.0,0.0,0.0,16.51,1.24
2023-11-13 02:05:00+00:00,0.0,0.0,0.0,16.26,1.45
2023-11-13 03:05:00+00:00,0.0,0.0,0.0,16.28,1.59
2023-11-13 04:05:00+00:00,14.19,14.19,0.0,16.36,1.66
2023-11-13 05:05:00+00:00,35.949999999999996,35.949999999999996,0.0,16.65,1.79
2023-11-13 06:05:00+00:00,129.6,129.6,0.0,17.99,2.07
2023-11-13 07:05:00+00:00,397.14,618.65,221.51,18.59,2.48
2023-11-13 08:05:00+00:00,455.99,564.38,108.39,20.25,3.66
2023-11-13 09:05:00+00:00,361.78999999999996,367.87999999999994,6.09,21.42,4.62
2023-11-13 10:05:00+00:00,452.45,766.02,313.57,21.68,4.41
2023-11-13 11:05:00+00:00,426.97,623.45,196.48,22.13,4.41
2023-11-13 12:05:00+00:00,100.11,835.01,734.9,22.61,4.41
2023-11-13 13:05:00+00:00,179.07999999999998,182.51999999999998,3.44,20.97,3.59
2023-11-13 14:05:00+00:00,21.759999999999998,21.759999999999998,0.0,20.86,3.24
2023-11-13 15:05:00+00:00,17.8,54.06,36.26,19.65,2.34
2023-11-13 16:05:00+00:00,0.0,0.0,0.0,18.81,2.28
2023-11-13 17:05:00+00:00,0.0,0.0,0.0,18.25,2.0
2023-11-13 18:05:00+00:00,0.0,0.0,0.0,17.65,1.79
2023-11-13 19:05:00+00:00,0.0,0.0,0.0,17.59,2.21
2023-11-13 20:05:00+00:00,0.0,0.0,0.0,17.3,1.93
2023-11-13 21:05:00+00:00,0.0,0.0,0.0,17.16,2.14
2023-11-13 22:05:00+00:00,0.0,0.0,0.0,16.73,1.38
2023-11-13 23:05:00+00:00,0.0,0.0,0.0,16.63,1.38
2023-11-14 00:05:00+00:00,0.0,0.0,0.0,16.35,1.17
2023-11-14 01:05:00+00:00,0.0,0.0,0.0,16.33,1.03
2023-11-14 02:05:00+00:00,0.0,0.0,0.0,16.19,0.9
2023-11-14 03:05:00+00:00,0.0,0.0,0.0,16.09,0.76
2023-11-14 04:05:00+00:00,65.88,70.72,4.84,16.26,1.17
2023-11-14 05:05:00+00:00,128.65,128.65,0.0,17.25,1.52
2023-11-14 06:05:00+00:00,204.42,205.51999999999998,1.1,18.41,1.93
2023-11-14 07:05:00+00:00,403.71,553.56,149.85,19.72,2.0
2023-11-14 08:05:00+00:00,231.9,975.2099999999999,743.31,21.37,2.55
2023-11-14 09:05:00+00:00,470.39,765.38,294.99,21.99,2.48
2023-11-14 10:05:00+00:00,415.76,445.36,29.6,23.35,2.41
2023-11-14 11:05:00+00:00,371.92,771.11,399.19,23.6,2.55
2023-11-14 12:05:00+00:00,279.7,683.13,403.43,23.83,2.9
2023-11-14 13:05:00+00:00,241.29,434.78999999999996,193.5,22.64,3.24
2023-11-14 14:05:00+00:00,80.41,80.41,0.0,21.76,2.69
2023-11-14 15:05:00+00:00,17.759999999999998,32.269999999999996,14.51,21.03,2.07
2023-11-14 16:05:00+00:00,0.0,0.0,0.0,19.86,2.28
2023-11-14 17:05:00+00:00,0.0,0.0,0.0,18.76,2.28
2023-11-14 18:05:00+00:00,0.0,0.0,0.0,18.12,2.21
2023-11-14 19:05:00+00:00,0.0,0.0,0.0,18.2,2.21
2023-11-14 20:05:00+00:00,0.0,0.0,0.0,17.63,2.21
2023-11-14 21:05:00+00:00,0.0,0.0,0.0,17.41,2.07
2023-11-14 22:05:00+00:00,0.0,0.0,0.0,17.27,1.86
2023-11-14 23:05:00+00:00,0.0,0.0,0.0,16.92,1.52
2023-11-15 00:05:00+00:00,0.0,0.0,0.0,16.67,1.38
2023-11-15 01:05:00+00:00,0.0,0.0,0.0,16.53,1.38
2023-11-15 02:05:00+00:00,0.0,0.0,0.0,16.43,1.38
2023-11-15 03:05:00+00:00,0.0,0.0,0.0,16.34,1.31
2023-11-15 04:05:00+00:00,68.76,73.64,4.88,16.47,1.45
2023-11-15 05:05:00+00:00,203.64999999999998,268.03999999999996,64.39,17.32,1.59
2023-11-15 06:05:00+00:00,301.02,532.0799999999999,231.06,18.33,1.79
2023-11-15 07:05:00+00:00,402.02,532.3399999999999,130.32,19.6,1.24
2023-11-15 08:05:00+00:00,444.87,732.6800000000001,287.81,20.75,1.93
2023-11-15 09:05:00+00:00,209.17,1041.23,832.06,21.93,2.62
2023-11-15 10:05:00+00:00,457.03,534.79,77.76,22.67,2.97
2023-11-15 11:05:00+00:00,429.63000000000005,608.4300000000001,178.8,22.67,3.45
2023-11-15 12:05:00+00:00,237.94,729.71,491.77,22.71,3.59
2023-11-15 13:05:00+00:00,213.53,500.19000000000005,286.66,22.71,3.59
2023-11-15 14:05:00+00:00,131.19,169.84,38.65,22.11,3.59
2023-11-15 15:05:00+00:00,18.2,61.7,43.5,21.17,3.24
2023-11-15 16:05:00+00:00,0.0,0.0,0.0,20.06,2.76
2023-11-15 17:05:00+00:00,0.0,0.0,0.0,19.08,2.97
2023-11-15 18:05:00+00:00,0.0,0.0,0.0,18.39,2.9
2023-11-15 19:05:00+00:00,0.0,0.0,0.0,17.92,2.76
2023-11-15 20:05:00+00:00,0.0,0.0,0.0,17.62,1.86
2023-11-15 21:05:00+00:00,0.0,0.0,0.0,17.39,1.86
2023-11-15 22:05:00+00:00,0.0,0.0,0.0,17.04,1.45
2023-11-15 23:05:00+00:00,0.0,0.0,0.0,16.61,1.24
2023-11-16 00:05:00+00:00,0.0,0.0,0.0,16.52,1.1
2023-11-16 01:05:00+00:00,0.0,0.0,0.0,16.4,1.17
2023-11-16 02:05:00+00:00,0.0,0.0,0.0,16.35,1.1
2023-11-16 03:05:00+00:00,0.0,0.0,0.0,16.33,1.1
2023-11-16 04:05:00+00:00,46.36,46.36,0.0,16.37,1.1
2023-11-16 05:05:00+00:00,137.28,138.5,1.22,17.0,1.03
2023-11-16 06:05:00+00:00,295.12,341.49,46.37,18.1,1.24
2023-11-16 07:05:00+00:00,287.89,292.11,4.22,19.35,2.28
2023-11-16 08:05:00+00:00,434.78000000000003,495.58000000000004,60.8,20.58,3.17
2023-11-16 09:05:00+00:00,167.44,167.44,0.0,21.54,3.72
2023-11-16 10:05:00+00:00,475.94,648.24,172.3,22.6,4.28
2023-11-16 11:05:00+00:00,430.21,603.21,173.0,22.58,4.41
2023-11-16 12:05:00+00:00,342.92,569.54,226.62,22.7,4.41
2023-11-16 13:05:00+00:00,43.519999999999996,43.519999999999996,0.0,22.35,4.34
2023-11-16 14:05:00+00:00,132.22,171.04,38.82,21.93,4.28
2023-11-16 15:05:00+00:00,17.779999999999998,32.26,14.48,20.73,4.28
2023-11-16 16:05:00+00:00,0.0,0.0,0.0,19.24,3.45
2023-11-16 17:05:00+00:00,0.0,0.0,0.0,18.35,3.03
2023-11-16 18:05:00+00:00,0.0,0.0,0.0,17.77,2.28
2023-11-16 19:05:00+00:00,0.0,0.0,0.0,17.73,1.86
2023-11-16 20:05:00+00:00,0.0,0.0,0.0,17.45,1.72
2023-11-16 21:05:00+00:00,0.0,0.0,0.0,17.2,1.72
2023-11-16 22:05:00+00:00,0.0,0.0,0.0,16.76,1.38
2023-11-16 23:05:00+00:00,0.0,0.0,0.0,16.63,1.31
2023-11-17 00:05:00+00:00,0.0,0.0,0.0,16.52,1.17
2023-11-17 01:05:00+00:00,0.0,0.0,0.0,16.49,1.17
2023-11-17 02:05:00+00:00,0.0,0.0,0.0,16.44,1.1
2023-11-17 03:05:00+00:00,0.0,0.0,0.0,16.45,1.1
2023-11-17 04:05:00+00:00,88.14,194.01,105.87,16.43,1.31
2023-11-17 05:05:00+00:00,159.56,165.69,6.13,16.85,1.72
2023-11-17 06:05:00+00:00,233.18,238.72,5.54,17.71,2.0
2023-11-17 07:05:00+00:00,379.84,435.85999999999996,56.02,19.8,2.9
2023-11-17 08:05:00+00:00,453.98,702.94,248.96,21.28,3.86
2023-11-17 09:05:00+00:00,255.42000000000002,255.42000000000002,0.0,21.8,4.07
2023-11-17 10:05:00+00:00,270.55,270.55,0.0,23.11,4.28
2023-11-17 11:05:00+00:00,151.68,962.4100000000001,810.73,22.92,4.07
2023-11-17 12:05:00+00:00,185.4,778.42,593.02,23.04,4.0
2023-11-17 13:05:00+00:00,100.24000000000001,632.08,531.84,22.77,4.07
2023-11-17 14:05:00+00:00,90.36,363.29,272.93,21.81,3.72
2023-11-17 15:05:00+00:00,18.74,51.25,32.51,20.8,3.24
2023-11-17 16:05:00+00:00,0.0,0.0,0.0,19.4,3.17
2023-11-17 17:05:00+00:00,0.0,0.0,0.0,18.32,2.62
2023-11-17 18:05:00+00:00,0.0,0.0,0.0,17.81,2.0
2023-11-17 19:05:00+00:00,0.0,0.0,0.0,17.68,2.0
2023-11-17 20:05:00+00:00,0.0,0.0,0.0,17.4,1.72
2023-11-17 21:05:00+00:00,0.0,0.0,0.0,16.96,1.72
2023-11-17 22:05:00+00:00,0.0,0.0,0.0,16.63,1.72
2023-11-17 23:05:00+00:00,0.0,0.0,0.0,16.45,1.66
2023-11-18 00:05:00+00:00,0.0,0.0,0.0,16.31,1.45
2023-11-18 01:05:00+00:00,0.0,0.0,0.0,16.07,0.97
2023-11-18 02:05:00+00:00,0.0,0.0,0.0,15.74,0.97
2023-11-18 03:05:00+00:00,0.0,0.0,0.0,15.83,1.31
2023-11-18 04:05:00+00:00,87.69,132.74,45.05,15.9,1.45
2023-11-18 05:05:00+00:00,205.43,331.13,125.7,16.77,1.86
2023-11-18 06:05:00+00:00,249.72,628.79,379.07,18.31,2.41
2023-11-18 07:05:00+00:00,401.22,581.39,180.17,20.37,3.24
2023-11-18 08:05:00+00:00,440.61,512.0600000000001,71.45,21.53,3.66
2023-11-18 09:05:00+00:00,485.73,638.73,153.0,22.4,3.72
2023-11-18 10:05:00+00:00,472.19,699.89,227.7,23.61,3.93
2023-11-18 11:05:00+00:00,429.73,616.14,186.41,23.81,4.0
2023-11-18 12:05:00+00:00,321.91,628.98,307.07,23.49,4.0
2023-11-18 13:05:00+00:00,190.94,538.85,347.91,22.82,3.93
2023-11-18 14:05:00+00:00,112.66999999999999,327.98,215.31,22.25,3.79
2023-11-18 15:05:00+00:00,19.32,62.54,43.22,21.3,3.17
2023-11-18 16:05:00+00:00,0.0,0.0,0.0,20.21,3.03
2023-11-18 17:05:00+00:00,0.0,0.0,0.0,19.4,3.17
2023-11-18 18:05:00+00:00,0.0,0.0,0.0,18.56,2.97
2023-11-18 19:05:00+00:00,0.0,0.0,0.0,18.15,2.34
2023-11-18 20:05:00+00:00,0.0,0.0,0.0,17.67,2.0
2023-11-18 21:05:00+00:00,0.0,0.0,0.0,17.36,1.79
2023-11-18 22:05:00+00:00,0.0,0.0,0.0,16.95,1.86
2023-11-18 23:05:00+00:00,0.0,0.0,0.0,16.67,1.52
2023-11-19 00:05:00+00:00,0.0,0.0,0.0,16.44,1.1
2023-11-19 01:05:00+00:00,0.0,0.0,0.0,16.33,1.03
2023-11-19 02:05:00+00:00,0.0,0.0,0.0,16.21,0.9
2023-11-19 03:05:00+00:00,0.0,0.0,0.0,15.81,0.9
2023-11-19 04:05:00+00:00,29.330000000000002,29.330000000000002,0.0,16.16,0.97
2023-11-19 05:05:00+00:00,128.77,130.01000000000002,1.24,17.62,1.24
2023-11-19 06:05:00+00:00,267.87,289.06,21.19,19.37,2.28
2023-11-19 07:05:00+00:00,387.9,637.63,249.73,20.28,3.1
2023-11-19 08:05:00+00:00,361.06,867.61,506.55,21.91,3.52
2023-11-19 09:05:00+00:00,442.95,821.6800000000001,378.73,22.99,3.72
2023-11-19 10:05:00+00:00,433.56,481.06,47.5,23.86,4.0
2023-11-19 11:05:00+00:00,427.33,618.38,191.05,23.35,4.0
2023-11-19 12:05:00+00:00,96.49000000000001,96.49000000000001,0.0,23.28,4.34
2023-11-19 13:05:00+00:00,43.519999999999996,43.519999999999996,0.0,22.53,4.21
2023-11-19 14:05:00+00:00,114.16999999999999,126.79999999999998,12.63,21.42,4.0
2023-11-19 15:05:00+00:00,20.2,59.67,39.47,20.28,3.59
2023-11-19 16:05:00+00:00,0.0,0.0,0.0,19.32,3.03
2023-11-19 17:05:00+00:00,0.0,0.0,0.0,18.7,2.69
2023-11-19 18:05:00+00:00,0.0,0.0,0.0,18.17,2.21
2023-11-19 19:05:00+00:00,0.0,0.0,0.0,17.84,3.03
2023-11-19 20:05:00+00:00,0.0,0.0,0.0,17.29,2.76
2023-11-19 21:05:00+00:00,0.0,0.0,0.0,17.01,2.14
2023-11-19 22:05:00+00:00,0.0,0.0,0.0,16.89,1.72
2023-11-19 23:05:00+00:00,0.0,0.0,0.0,16.74,1.45
2023-11-20 00:05:00+00:00,0.0,0.0,0.0,16.41,1.24
2023-11-20 01:05:00+00:00,0.0,0.0,0.0,15.9,1.24
2023-11-20 02:05:00+00:00,0.0,0.0,0.0,15.66,1.24
2023-11-20 03:05:00+00:00,0.0,0.0,0.0,15.7,1.24
2023-11-20 04:05:00+00:00,64.06,69.15,5.09,15.68,1.03
2023-11-20 05:05:00+00:00,169.92,183.6,13.68,16.09,1.17
2023-11-20 06:05:00+00:00,310.41,463.71000000000004,153.3,16.65,1.72
2023-11-20 07:05:00+00:00,303.31,310.77,7.46,18.09,2.14
2023-11-20 08:05:00+00:00,269.61,269.61,0.0,19.91,2.41
2023-11-20 09:05:00+00:00,473.86,735.84,261.98,21.41,2.76
2023-11-20 10:05:00+00:00,351.75,912.64,560.89,22.14,2.97
2023-11-20 11:05:00+00:00,418.56,664.75,246.19,22.32,3.38
2023-11-20 12:05:00+00:00,341.01,410.81,69.8,21.48,3.66
2023-11-20 13:05:00+00:00,252.07,388.32,136.25,21.56,3.66
2023-11-20 14:05:00+00:00,89.97,371.67999999999995,281.71,20.92,3.59
2023-11-20 15:05:00+00:00,21.28,60.58,39.3,19.93,3.1
2023-11-20 16:05:00+00:00,0.0,0.0,0.0,18.98,2.69
2023-11-20 17:05:00+00:00,0.0,0.0,0.0,18.44,2.83
2023-11-20 18:05:00+00:00,0.0,0.0,0.0,17.81,3.03
2023-11-20 19:05:00+00:00,0.0,0.0,0.0,17.82,1.79
2023-11-20 20:05:00+00:00,0.0,0.0,0.0,17.53,1.66
2023-11-20 21:05:00+00:00,0.0,0.0,0.0,17.34,1.59
2023-11-20 22:05:00+00:00,0.0,0.0,0.0,17.12,1.31
2023-11-20 23:05:00+00:00,0.0,0.0,0.0,16.8,1.17
2023-11-21 00:05:00+00:00,0.0,0.0,0.0,16.69,1.1
2023-11-21 01:05:00+00:00,0.0,0.0,0.0,16.44,1.03
2023-11-21 02:05:00+00:00,0.0,0.0,0.0,16.42,0.83
2023-11-21 03:05:00+00:00,0.0,0.0,0.0,16.43,0.83
2023-11-21 04:05:00+00:00,15.13,15.13,0.0,16.58,0.97
2023-11-21 05:05:00+00:00,62.43,62.43,0.0,16.8,1.1
2023-11-21 06:05:00+00:00,191.09,191.09,0.0,17.06,0.97
2023-11-21 07:05:00+00:00,219.47000000000003,219.47000000000003,0.0,16.88,1.52
2023-11-21 08:05:00+00:00,353.65,364.08,10.43,18.73,1.93
2023-11-21 09:05:00+00:00,422.0,854.04,432.04,19.92,2.62
2023-11-21 10:05:00+00:00,144.28,1064.13,919.85,20.08,2.9
2023-11-21 11:05:00+00:00,190.29,941.04,750.75,19.86,2.9
2023-11-21 12:05:00+00:00,351.01000000000005,461.43000000000006,110.42,18.61,2.34
2023-11-21 13:05:00+00:00,110.41999999999999,626.37,515.95,18.76,2.55
2023-11-21 14:05:00+00:00,87.22,381.20000000000005,293.98,18.93,2.76
2023-11-21 15:05:00+00:00,17.419999999999998,24.529999999999998,7.11,18.58,2.34
2023-11-21 16:05:00+00:00,0.0,0.0,0.0,17.74,1.66
2023-11-21 17:05:00+00:00,0.0,0.0,0.0,17.17,1.66
2023-11-21 18:05:00+00:00,0.0,0.0,0.0,16.8,1.66
2023-11-21 19:05:00+00:00,0.0,0.0,0.0,16.89,1.66
2023-11-21 20:05:00+00:00,0.0,0.0,0.0,16.65,1.52
2023-11-21 21:05:00+00:00,0.0,0.0,0.0,16.49,1.52
2023-11-21 22:05:00+00:00,0.0,0.0,0.0,16.17,1.31
2023-11-21 23:05:00+00:00,0.0,0.0,0.0,16.12,1.17
2023-11-22 00:05:00+00:00,0.0,0.0,0.0,16.38,1.52
2023-11-22 01:05:00+00:00,0.0,0.0,0.0,16.35,1.17
2023-11-22 02:05:00+00:00,0.0,0.0,0.0,16.32,1.17
2023-11-22 03:05:00+00:00,0.0,0.0,0.0,16.11,1.1
2023-11-22 04:05:00+00:00,27.43,27.43,0.0,16.22,1.03
2023-11-22 05:05:00+00:00,187.85999999999999,223.0,35.14,17.25,1.38
2023-11-22 06:05:00+00:00,285.07,324.48,39.41,18.18,1.66
2023-11-22 07:05:00+00:00,272.61,274.75,2.14,18.21,2.9
2023-11-22 08:05:00+00:00,455.65,646.91,191.26,18.61,3.31
2023-11-22 09:05:00+00:00,482.4,658.48,176.08,19.51,4.21
2023-11-22 10:05:00+00:00,450.43,765.3,314.87,20.32,4.14
2023-11-22 11:05:00+00:00,308.52,850.6,542.08,21.26,4.41
2023-11-22 12:05:00+00:00,272.53999999999996,699.93,427.39,21.89,4.69
2023-11-22 13:05:00+00:00,132.35,601.28,468.93,21.94,4.69
2023-11-22 14:05:00+00:00,101.11,354.91,253.8,20.94,4.34
2023-11-22 15:05:00+00:00,22.34,61.22,38.88,19.26,3.72
2023-11-22 16:05:00+00:00,0.0,0.0,0.0,17.87,2.9
2023-11-22 17:05:00+00:00,0.0,0.0,0.0,17.18,2.41
2023-11-22 18:05:00+00:00,0.0,0.0,0.0,16.66,2.07
2023-11-22 19:05:00+00:00,0.0,0.0,0.0,16.35,1.93
2023-11-22 20:05:00+00:00,0.0,0.0,0.0,16.06,1.79
2023-11-22 21:05:00+00:00,0.0,0.0,0.0,15.96,1.79
2023-11-22 22:05:00+00:00,0.0,0.0,0.0,16.04,1.79
2023-11-22 23:05:00+00:00,0.0,0.0,0.0,16.07,1.79
2023-11-23 00:05:00+00:00,0.0,0.0,0.0,16.17,1.45
2023-11-23 01:05:00+00:00,0.0,0.0,0.0,15.95,1.31
2023-11-23 02:05:00+00:00,0.0,0.0,0.0,15.78,1.45
2023-11-23 03:05:00+00:00,0.0,0.0,0.0,15.69,1.45
2023-11-23 04:05:00+00:00,13.25,13.25,0.0,15.79,2.07
2023-11-23 05:05:00+00:00,110.67999999999999,110.67999999999999,0.0,16.54,2.69
2023-11-23 06:05:00+00:00,252.92,266.47999999999996,13.56,18.21,4.14
2023-11-23 07:05:00+00:00,387.21000000000004,466.66,79.45,18.89,4.28
2023-11-23 08:05:00+00:00,457.58,657.63,200.05,20.26,4.83
2023-11-23 09:05:00+00:00,483.11,687.56,204.45,20.94,5.24
2023-11-23 10:05:00+00:00,319.79999999999995,951.8299999999999,632.03,21.6,5.03
2023-11-23 11:05:00+00:00,361.23,797.48,436.25,22.2,4.69
2023-11-23 12:05:00+00:00,144.73000000000002,818.03,673.3,22.32,4.34
2023-11-23 13:05:00+00:00,119.3,623.81,504.51,21.13,4.28
2023-11-23 14:05:00+00:00,95.86,98.7,2.84,20.38,4.34
2023-11-23 15:05:00+00:00,21.889999999999997,53.51,31.62,19.28,3.79
2023-11-23 16:05:00+00:00,0.0,0.0,0.0,18.4,3.31
2023-11-23 17:05:00+00:00,0.0,0.0,0.0,17.44,2.76
2023-11-23 18:05:00+00:00,0.0,0.0,0.0,17.0,2.21
2023-11-23 19:05:00+00:00,0.0,0.0,0.0,16.43,1.52
2023-11-23 20:05:00+00:00,0.0,0.0,0.0,16.35,1.24
2023-11-23 21:05:00+00:00,0.0,0.0,0.0,16.26,1.17
2023-11-23 22:05:00+00:00,0.0,0.0,0.0,16.15,1.17
2023-11-23 23:05:00+00:00,0.0,0.0,0.0,16.08,1.1
2023-11-24 00:05:00+00:00,0.0,0.0,0.0,16.0,1.03
2023-11-24 01:05:00+00:00,0.0,0.0,0.0,15.94,0.83
2023-11-24 02:05:00+00:00,0.0,0.0,0.0,15.92,0.9
2023-11-24 03:05:00+00:00,0.0,0.0,0.0,15.88,0.97
2023-11-24 04:05:00+00:00,13.25,13.25,0.0,16.04,1.03
2023-11-24 05:05:00+00:00,140.26,142.79,2.53,16.86,1.03
2023-11-24 06:05:00+00:00,253.05,267.78000000000003,14.73,17.88,0.83
2023-11-24 07:05:00+00:00,278.37,281.6,3.23,19.75,1.31
2023-11-24 08:05:00+00:00,408.57,796.9200000000001,388.35,20.85,1.93
2023-11-24 09:05:00+00:00,285.09,996.3599999999999,711.27,21.4,2.34
2023-11-24 10:05:00+00:00,416.36,450.79,34.43,21.54,2.28
2023-11-24 11:05:00+00:00,385.84,750.8199999999999,364.98,21.1,2.83
2023-11-24 12:05:00+00:00,324.88,366.71,41.83,20.07,2.62
2023-11-24 13:05:00+00:00,132.75,605.27,472.52,18.87,1.93
2023-11-24 14:05:00+00:00,135.05,179.26000000000002,44.21,18.31,1.86
2023-11-24 15:05:00+00:00,22.34,60.730000000000004,38.39,17.95,1.79
2023-11-24 16:05:00+00:00,0.0,0.0,0.0,17.24,1.45
2023-11-24 17:05:00+00:00,0.0,0.0,0.0,17.02,1.24
2023-11-24 18:05:00+00:00,0.0,0.0,0.0,16.8,1.24
2023-11-24 19:05:00+00:00,0.0,0.0,0.0,17.24,1.66
2023-11-24 20:05:00+00:00,0.0,0.0,0.0,16.95,1.38
2023-11-24 21:05:00+00:00,0.0,0.0,0.0,16.56,1.31
2023-11-24 22:05:00+00:00,0.0,0.0,0.0,16.11,0.9
2023-11-24 23:05:00+00:00,0.0,0.0,0.0,15.9,0.76
2023-11-25 00:05:00+00:00,0.0,0.0,0.0,15.87,0.48
2023-11-25 01:05:00+00:00,0.0,0.0,0.0,15.77,0.34
2023-11-25 02:05:00+00:00,0.0,0.0,0.0,15.64,0.28
2023-11-25 03:05:00+00:00,0.0,0.0,0.0,15.66,0.41
2023-11-25 04:05:00+00:00,85.0,134.6,49.6,15.75,0.48
2023-11-25 05:05:00+00:00,176.68,198.29000000000002,21.61,16.7,0.34
2023-11-25 06:05:00+00:00,299.73,366.78000000000003,67.05,17.42,0.48
2023-11-25 07:05:00+00:00,393.96000000000004,590.2900000000001,196.33,18.08,2.0
2023-11-25 08:05:00+00:00,435.59999999999997,511.33,75.73,19.34,2.21
2023-11-25 09:05:00+00:00,159.35,1077.22,917.87,20.6,2.28
2023-11-25 10:05:00+00:00,340.05,930.5799999999999,590.53,21.41,2.48
2023-11-25 11:05:00+00:00,216.48,929.77,713.29,21.89,2.9
2023-11-25 12:05:00+00:00,335.6,600.34,264.74,22.12,3.31
2023-11-25 13:05:00+00:00,253.75,392.99,139.24,20.32,3.52
2023-11-25 14:05:00+00:00,139.34,199.39,60.05,18.8,2.21
2023-11-25 15:05:00+00:00,22.930000000000003,54.11,31.18,18.16,1.72
2023-11-25 16:05:00+00:00,0.0,0.0,0.0,17.59,1.45
2023-11-25 17:05:00+00:00,0.0,0.0,0.0,17.08,1.38
2023-11-25 18:05:00+00:00,0.0,0.0,0.0,16.72,1.52
2023-11-25 19:05:00+00:00,0.0,0.0,0.0,17.02,1.59
2023-11-25 20:05:00+00:00,0.0,0.0,0.0,16.89,1.45
2023-11-25 21:05:00+00:00,0.0,0.0,0.0,16.65,1.31
2023-11-25 22:05:00+00:00,0.0,0.0,0.0,16.61,1.24
2023-11-25 23:05:00+00:00,0.0,0.0,0.0,16.43,1.1
2023-11-26 00:05:00+00:00,0.0,0.0,0.0,16.22,0.97
2023-11-26 01:05:00+00:00,0.0,0.0,0.0,16.14,0.97
2023-11-26 02:05:00+00:00,0.0,0.0,0.0,15.97,0.76
2023-11-26 03:05:00+00:00,0.0,0.0,0.0,15.79,0.55
2023-11-26 04:05:00+00:00,22.7,22.7,0.0,15.9,0.55
2023-11-26 05:05:00+00:00,116.36,116.36,0.0,17.5,1.31
2023-11-26 06:05:00+00:00,240.19,249.31,9.12,19.06,2.0
2023-11-26 07:05:00+00:00,155.14,155.14,0.0,19.86,3.24
2023-11-26 08:05:00+00:00,300.89,301.94,1.05,20.74,3.66
2023-11-26 09:05:00+00:00,437.33000000000004,483.26000000000005,45.93,21.53,3.79
2023-11-26 10:05:00+00:00,178.0,1048.12,870.12,22.88,3.59
2023-11-26 11:05:00+00:00,376.33000000000004,772.51,396.18,23.2,3.86
2023-11-26 12:05:00+00:00,261.71999999999997,723.73,462.01,22.32,4.14
2023-11-26 13:05:00+00:00,254.05,344.70000000000005,90.65,21.85,4.14
2023-11-26 14:05:00+00:00,136.15,288.07,151.92,21.0,3.93
2023-11-26 15:05:00+00:00,23.67,82.13,58.46,20.12,3.24
2023-11-26 16:05:00+00:00,0.0,0.0,0.0,18.86,2.28
2023-11-26 17:05:00+00:00,0.0,0.0,0.0,17.47,2.07
2023-11-26 18:05:00+00:00,0.0,0.0,0.0,16.88,1.79
2023-11-26 19:05:00+00:00,0.0,0.0,0.0,16.51,1.72
2023-11-26 20:05:00+00:00,0.0,0.0,0.0,16.32,1.72
2023-11-26 21:05:00+00:00,0.0,0.0,0.0,16.07,1.72
2023-11-26 22:05:00+00:00,0.0,0.0,0.0,15.8,1.24
2023-11-26 23:05:00+00:00,0.0,0.0,0.0,15.79,1.59
2023-11-27 00:05:00+00:00,0.0,0.0,0.0,15.87,1.59
2023-11-27 01:05:00+00:00,0.0,0.0,0.0,15.54,0.9
2023-11-27 02:05:00+00:00,0.0,0.0,0.0,15.56,0.9
2023-11-27 03:05:00+00:00,0.0,0.0,0.0,15.5,0.83
2023-11-27 04:05:00+00:00,12.29,12.29,0.0,15.53,0.83
2023-11-27 05:05:00+00:00,155.04,162.73,7.69,16.15,1.38
2023-11-27 06:05:00+00:00,138.53,731.6999999999999,593.17,18.15,1.79
2023-11-27 07:05:00+00:00,384.37,644.45,260.08,20.42,1.79
2023-11-27 08:05:00+00:00,144.34,1043.95,899.61,22.12,1.93
2023-11-27 09:05:00+00:00,159.82,1086.25,926.43,23.39,2.28
2023-11-27 10:05:00+00:00,151.55,1073.53,921.98,24.16,2.55
2023-11-27 11:05:00+00:00,136.0,995.92,859.92,24.52,2.76
2023-11-27 12:05:00+00:00,121.48,851.26,729.78,23.94,2.83
2023-11-27 13:05:00+00:00,106.24,648.91,542.67,23.73,3.17
2023-11-27 14:05:00+00:00,142.23000000000002,208.3,66.07,22.9,3.45
2023-11-27 15:05:00+00:00,24.77,82.76,57.99,21.75,3.1
2023-11-27 16:05:00+00:00,0.0,0.0,0.0,20.63,3.17
2023-11-27 17:05:00+00:00,0.0,0.0,0.0,19.62,2.83
2023-11-27 18:05:00+00:00,0.0,0.0,0.0,18.86,2.48
2023-11-27 19:05:00+00:00,0.0,0.0,0.0,18.29,2.69
2023-11-27 20:05:00+00:00,0.0,0.0,0.0,17.89,2.41
2023-11-27 21:05:00+00:00,0.0,0.0,0.0,17.46,2.28
2023-11-27 22:05:00+00:00,0.0,0.0,0.0,16.95,1.45
2023-11-27 23:05:00+00:00,0.0,0.0,0.0,16.7,1.45
2023-11-28 00:05:00+00:00,0.0,0.0,0.0,16.31,1.17
2023-11-28 01:05:00+00:00,0.0,0.0,0.0,16.26,1.45
2023-11-28 02:05:00+00:00,0.0,0.0,0.0,16.12,1.03
2023-11-28 03:05:00+00:00,0.0,0.0,0.0,16.01,0.76
2023-11-28 04:05:00+00:00,17.029999999999998,17.029999999999998,0.0,16.19,1.17
2023-11-28 05:05:00+00:00,144.20000000000002,148.06000000000003,3.86,17.51,1.72
2023-11-28 06:05:00+00:00,297.58,517.63,220.05,19.09,1.93
2023-11-28 07:05:00+00:00,362.52000000000004,693.76,331.24,20.14,2.14
2023-11-28 08:05:00+00:00,405.32,806.25,400.93,21.36,2.07
2023-11-28 09:05:00+00:00,474.64000000000004,731.26,256.62,22.45,1.93
2023-11-28 10:05:00+00:00,404.29999999999995,430.56999999999994,26.27,23.28,2.34
2023-11-28 11:05:00+00:00,299.16999999999996,302.37999999999994,3.21,23.82,3.1
2023-11-28 12:05:00+00:00,354.12,471.72,117.6,22.17,3.03
2023-11-28 13:05:00+00:00,225.13,250.28,25.15,20.93,3.45
2023-11-28 14:05:00+00:00,124.81,144.96,20.15,19.96,2.48
2023-11-28 15:05:00+00:00,25.220000000000002,89.49,64.27,19.53,2.07
2023-11-28 16:05:00+00:00,0.0,0.0,0.0,19.04,1.72
2023-11-28 17:05:00+00:00,0.0,0.0,0.0,18.34,1.86
2023-11-28 18:05:00+00:00,0.0,0.0,0.0,17.82,2.14
2023-11-28 19:05:00+00:00,0.0,0.0,0.0,17.21,2.14
2023-11-28 20:05:00+00:00,0.0,0.0,0.0,16.77,1.86
2023-11-28 21:05:00+00:00,0.0,0.0,0.0,16.45,1.59
2023-11-28 22:05:00+00:00,0.0,0.0,0.0,16.01,1.38
2023-11-28 23:05:00+00:00,0.0,0.0,0.0,15.57,1.24
2023-11-29 00:05:00+00:00,0.0,0.0,0.0,15.24,1.03
2023-11-29 01:05:00+00:00,0.0,0.0,0.0,15.01,1.03
2023-11-29 02:05:00+00:00,0.0,0.0,0.0,14.78,1.03
2023-11-29 03:05:00+00:00,0.0,0.0,0.0,14.44,1.03
2023-11-29 04:05:00+00:00,14.19,14.19,0.0,14.53,1.03
2023-11-29 05:05:00+00:00,100.27,100.27,0.0,16.93,1.1
2023-11-29 06:05:00+00:00,235.58999999999997,643.54,407.95,18.73,1.38
2023-11-29 07:05:00+00:00,175.91,898.56,722.65,20.87,2.28
2023-11-29 08:05:00+00:00,131.19,1059.56,928.37,22.54,2.55
2023-11-29 09:05:00+00:00,152.99,1097.25,944.26,23.52,2.76
2023-11-29 10:05:00+00:00,109.36,1114.35,1004.99,24.45,3.03
2023-11-29 11:05:00+00:00,142.59,996.83,854.24,24.89,3.17
2023-11-29 12:05:00+00:00,126.00999999999999,852.84,726.83,24.86,3.45
2023-11-29 13:05:00+00:00,246.42000000000002,464.81,218.39,24.27,4.07
2023-11-29 14:05:00+00:00,127.9,149.53,21.63,23.22,4.41
2023-11-29 15:05:00+00:00,5.68,5.68,0.0,21.72,4.0
2023-11-29 16:05:00+00:00,0.0,0.0,0.0,20.05,4.0
2023-11-29 17:05:00+00:00,0.0,0.0,0.0,18.73,3.86
2023-11-29 18:05:00+00:00,0.0,0.0,0.0,17.86,3.59
2023-11-29 19:05:00+00:00,0.0,0.0,0.0,17.37,2.97
2023-11-29 20:05:00+00:00,0.0,0.0,0.0,16.81,2.41
2023-11-29 21:05:00+00:00,0.0,0.0,0.0,16.32,2.21
2023-11-29 22:05:00+00:00,0.0,0.0,0.0,15.83,2.0
2023-11-29 23:05:00+00:00,0.0,0.0,0.0,15.59,1.52
2023-11-30 00:05:00+00:00,0.0,0.0,0.0,15.32,1.38
2023-11-30 01:05:00+00:00,0.0,0.0,0.0,15.04,1.31
2023-11-30 02:05:00+00:00,0.0,0.0,0.0,14.69,1.38
2023-11-30 03:05:00+00:00,0.0,0.0,0.0,14.44,1.24
2023-11-30 04:05:00+00:00,69.45,254.28000000000003,184.83,14.76,1.03
2023-11-30 05:05:00+00:00,129.25,489.96,360.71,17.1,1.38
2023-11-30 06:05:00+00:00,119.16,754.02,634.86,19.62,1.93
2023-11-30 07:05:00+00:00,158.39,907.61,749.22,21.48,3.59
2023-11-30 08:05:00+00:00,143.73999999999998,1046.1299999999999,902.39,22.84,4.28
2023-11-30 09:05:00+00:00,159.24,1089.25,930.01,23.86,4.48
2023-11-30 10:05:00+00:00,132.38,1096.76,964.38,24.02,4.28
2023-11-30 11:05:00+00:00,154.04999999999998,984.9599999999999,830.91,24.35,4.14
2023-11-30 12:05:00+00:00,141.88000000000002,839.85,697.97,24.09,4.14
2023-11-30 13:05:00+00:00,123.71,638.21,514.5,23.19,4.48
2023-11-30 14:05:00+00:00,133.01999999999998,163.33999999999997,30.32,22.31,4.34
2023-11-30 15:05:00+00:00,26.78,96.57000000000001,69.79,21.19,3.66
2023-11-30 16:05:00+00:00,0.0,0.0,0.0,20.03,3.93
2023-11-30 17:05:00+00:00,0.0,0.0,0.0,19.02,3.72
2023-11-30 18:05:00+00:00,0.0,0.0,0.0,18.26,3.38
2023-11-30 19:05:00+00:00,0.0,0.0,0.0,17.78,3.31
2023-11-30 20:05:00+00:00,0.0,0.0,0.0,17.05,2.41
2023-11-30 21:05:00+00:00,0.0,0.0,0.0,16.44,1.86
2023-11-30 22:05:00+00:00,0.0,0.0,0.0,15.92,1.66
2023-11-30 23:05:00+00:00,0.0,0.0,0.0,15.56,1.38
2023-12-01 00:05:00+00:00,0.0,0.0,0.0,15.2,1.24
2023-12-01 01:05:00+00:00,0.0,0.0,0.0,14.74,1.1
2023-12-01 02:05:00+00:00,0.0,0.0,0.0,14.46,0.97
2023-12-01 03:05:00+00:00,0.0,0.0,0.0,14.2,0.76
2023-12-01 04:05:00+00:00,49.42,51.28,1.86,14.49,0.55
2023-12-01 05:05:00+00:00,187.19,228.87,41.68,16.96,0.9
2023-12-01 06:05:00+00:00,297.19,364.19,67.0,19.49,1.45
2023-12-01 07:05:00+00:00,390.11,492.83000000000004,102.72,19.76,2.0
2023-12-01 08:05:00+00:00,151.21,1044.5,893.29,21.7,2.83
2023-12-01 09:05:00+00:00,159.46,1094.05,934.59,23.19,3.1
2023-12-01 10:05:00+00:00,138.77,1095.08,956.31,24.13,3.31
2023-12-01 11:05:00+00:00,161.55,985.1099999999999,823.56,24.43,3.59
2023-12-01 12:05:00+00:00,142.07000000000002,843.35,701.28,24.21,3.79
2023-12-01 13:05:00+00:00,108.08,663.1600000000001,555.08,23.58,4.0
2023-12-01 14:05:00+00:00,111.16,371.43999999999994,260.28,22.58,4.34
2023-12-01 15:05:00+00:00,27.25,73.34,46.09,21.45,3.72
2023-12-01 16:05:00+00:00,0.0,0.0,0.0,20.14,2.9
2023-12-01 17:05:00+00:00,0.0,0.0,0.0,19.32,2.41
2023-12-01 18:05:00+00:00,0.0,0.0,0.0,18.54,2.41
2023-12-01 19:05:00+00:00,0.0,0.0,0.0,17.88,2.21
2023-12-01 20:05:00+00:00,0.0,0.0,0.0,17.3,2.28
2023-12-01 21:05:00+00:00,0.0,0.0,0.0,17.03,2.21
2023-12-01 22:05:00+00:00,0.0,0.0,0.0,16.5,1.86
2023-12-01 23:05:00+00:00,0.0,0.0,0.0,15.97,1.52
2023-12-02 00:05:00+00:00,0.0,0.0,0.0,15.59,1.24
2023-12-02 01:05:00+00:00,0.0,0.0,0.0,15.21,1.1
2023-12-02 02:05:00+00:00,0.0,0.0,0.0,14.81,1.03
2023-12-02 03:05:00+00:00,0.0,0.0,0.0,14.58,0.9
2023-12-02 04:05:00+00:00,82.08000000000001,140.36,58.28,14.78,0.69
2023-12-02 05:05:00+00:00,161.22,443.62,282.4,17.21,1.03
2023-12-02 06:05:00+00:00,140.52,731.11,590.59,19.62,1.38
2023-12-02 07:05:00+00:00,308.76,779.54,470.78,21.71,2.34
2023-12-02 08:05:00+00:00,443.63,715.25,271.62,23.05,2.76
2023-12-02 09:05:00+00:00,265.43,1025.38,759.95,24.12,3.1
2023-12-02 10:05:00+00:00,279.21999999999997,996.9300000000001,717.71,24.71,3.38
2023-12-02 11:05:00+00:00,381.44,779.29,397.85,25.13,3.59
2023-12-02 12:05:00+00:00,281.96,718.53,436.57,24.95,3.66
2023-12-02 13:05:00+00:00,154.14000000000001,613.59,459.45,24.6,3.86
2023-12-02 14:05:00+00:00,143.31,196.88,53.57,23.57,4.07
2023-12-02 15:05:00+00:00,27.860000000000003,96.34,68.48,22.16,4.14
2023-12-02 16:05:00+00:00,0.0,0.0,0.0,20.48,4.34
2023-12-02 17:05:00+00:00,0.0,0.0,0.0,19.43,3.66
2023-12-02 18:05:00+00:00,0.0,0.0,0.0,18.79,3.31
2023-12-02 19:05:00+00:00,0.0,0.0,0.0,18.18,3.59
2023-12-02 20:05:00+00:00,0.0,0.0,0.0,17.51,3.38
2023-12-02 21:05:00+00:00,0.0,0.0,0.0,16.88,2.69
2023-12-02 22:05:00+00:00,0.0,0.0,0.0,16.59,1.86
2023-12-02 23:05:00+00:00,0.0,0.0,0.0,16.37,1.66
2023-12-03 00:05:00+00:00,0.0,0.0,0.0,16.14,1.52
2023-12-03 01:05:00+00:00,0.0,0.0,0.0,16.03,1.31
2023-12-03 02:05:00+00:00,0.0,0.0,0.0,16.03,1.45
2023-12-03 03:05:00+00:00,0.0,0.0,0.0,15.8,1.24
2023-12-03 04:05:00+00:00,50.37,52.269999999999996,1.9,15.84,1.31
2023-12-03 05:05:00+00:00,117.3,117.3,0.0,16.79,2.0
2023-12-03 06:05:00+00:00,274.13,306.63,32.5,18.94,2.34
2023-12-03 07:05:00+00:00,322.55,762.39,439.84,20.66,3.79
2023-12-03 08:05:00+00:00,293.9,941.47,647.57,21.98,4.0
2023-12-03 09:05:00+00:00,386.95,914.7,527.75,23.19,4.07
2023-12-03 10:05:00+00:00,227.43,1036.07,808.64,23.93,4.21
2023-12-03 11:05:00+00:00,409.31,724.78,315.47,23.59,4.28
2023-12-03 12:05:00+00:00,202.13,800.31,598.18,23.66,4.69
2023-12-03 13:05:00+00:00,251.98999999999998,453.65999999999997,201.67,23.39,4.83
2023-12-03 14:05:00+00:00,140.37,309.93,169.56,22.43,4.9
2023-12-03 15:05:00+00:00,29.22,100.26,71.04,21.33,4.48
2023-12-03 16:05:00+00:00,0.0,0.0,0.0,20.05,3.24
2023-12-03 17:05:00+00:00,0.0,0.0,0.0,19.21,3.38
2023-12-03 18:05:00+00:00,0.0,0.0,0.0,18.52,3.17
2023-12-03 19:05:00+00:00,0.0,0.0,0.0,17.87,3.03
2023-12-03 20:05:00+00:00,0.0,0.0,0.0,17.38,2.83
2023-12-03 21:05:00+00:00,0.0,0.0,0.0,17.05,2.48
2023-12-03 22:05:00+00:00,0.0,0.0,0.0,16.75,2.28
2023-12-03 23:05:00+00:00,0.0,0.0,0.0,16.35,1.79
2023-12-04 00:05:00+00:00,0.0,0.0,0.0,16.23,2.07
2023-12-04 01:05:00+00:00,0.0,0.0,0.0,16.01,1.86
2023-12-04 02:05:00+00:00,0.0,0.0,0.0,15.91,2.28
2023-12-04 03:05:00+00:00,0.0,0.0,0.0,15.94,2.14
2023-12-04 04:05:00+00:00,12.29,12.29,0.0,15.93,1.86
2023-12-04 05:05:00+00:00,152.43,161.65,9.22,16.63,2.62
2023-12-04 06:05:00+00:00,266.96,294.88,27.92,18.47,3.52
2023-12-04 07:05:00+00:00,214.73999999999998,214.73999999999998,0.0,20.22,4.21
2023-12-04 08:05:00+00:00,413.01,458.95,45.94,21.83,4.07
2023-12-04 09:05:00+00:00,208.19,1063.24,855.05,23.12,4.14
2023-12-04 10:05:00+00:00,358.22,927.32,569.1,23.91,4.21
2023-12-04 11:05:00+00:00,389.41999999999996,768.89,379.47,24.28,4.34
2023-12-04 12:05:00+00:00,152.85999999999999,838.01,685.15,24.35,4.69
2023-12-04 13:05:00+00:00,109.53,669.37,559.84,23.49,4.97
2023-12-04 14:05:00+00:00,105.61,386.99,281.38,22.6,4.76
2023-12-04 15:05:00+00:00,29.57,64.74000000000001,35.17,21.48,4.0
2023-12-04 16:05:00+00:00,0.0,0.0,0.0,20.23,3.52
2023-12-04 17:05:00+00:00,0.0,0.0,0.0,19.21,3.31
2023-12-04 18:05:00+00:00,0.0,0.0,0.0,18.45,3.24
2023-12-04 19:05:00+00:00,0.0,0.0,0.0,17.57,2.69
2023-12-04 20:05:00+00:00,0.0,0.0,0.0,16.95,2.34
2023-12-04 21:05:00+00:00,0.0,0.0,0.0,16.35,1.93
2023-12-04 22:05:00+00:00,0.0,0.0,0.0,15.78,1.59
2023-12-04 23:05:00+00:00,0.0,0.0,0.0,15.57,1.45
2023-12-05 00:05:00+00:00,0.0,0.0,0.0,15.23,1.52
2023-12-05 01:05:00+00:00,0.0,0.0,0.0,15.12,1.72
2023-12-05 02:05:00+00:00,0.0,0.0,0.0,14.91,1.52
2023-12-05 03:05:00+00:00,0.0,0.0,0.0,15.1,1.72
2023-12-05 04:05:00+00:00,17.97,17.97,0.0,15.51,2.07
2023-12-05 05:05:00+00:00,194.76,275.38,80.62,16.62,2.41
2023-12-05 06:05:00+00:00,252.39000000000001,268.72,16.33,18.43,2.76
2023-12-05 07:05:00+00:00,383.24,473.5,90.26,20.55,2.83
2023-12-05 08:05:00+00:00,307.78000000000003,929.4300000000001,621.65,22.21,2.48
2023-12-05 09:05:00+00:00,330.53000000000003,976.0799999999999,645.55,23.69,2.48
2023-12-05 10:05:00+00:00,346.37,942.68,596.31,24.41,2.62
2023-12-05 11:05:00+00:00,162.05,989.8900000000001,827.84,24.56,2.83
2023-12-05 12:05:00+00:00,148.88,846.05,697.17,24.94,3.59
2023-12-05 13:05:00+00:00,120.25999999999999,657.75,537.49,23.82,4.14
2023-12-05 14:05:00+00:00,106.89,389.9,283.01,22.83,4.28
2023-12-05 15:05:00+00:00,30.630000000000003,90.75,60.12,21.61,3.72
2023-12-05 16:05:00+00:00,0.0,0.0,0.0,20.34,3.45
2023-12-05 17:05:00+00:00,0.0,0.0,0.0,19.47,3.1
2023-12-05 18:05:00+00:00,0.0,0.0,0.0,18.78,2.76
2023-12-05 19:05:00+00:00,0.0,0.0,0.0,18.17,2.48
2023-12-05 20:05:00+00:00,0.0,0.0,0.0,17.5,2.34
2023-12-05 21:05:00+00:00,0.0,0.0,0.0,16.91,2.07
2023-12-05 22:05:00+00:00,0.0,0.0,0.0,16.55,1.72
2023-12-05 23:05:00+00:00,0.0,0.0,0.0,16.07,1.52
2023-12-06 00:05:00+00:00,0.0,0.0,0.0,15.73,1.38
2023-12-06 01:05:00+00:00,0.0,0.0,0.0,15.41,1.24
2023-12-06 02:05:00+00:00,0.0,0.0,0.0,15.2,1.1
2023-12-06 03:05:00+00:00,0.0,0.0,0.0,14.81,0.9
2023-12-06 04:05:00+00:00,45.4,45.4,0.0,15.27,0.62
2023-12-06 05:05:00+00:00,138.55,142.53,3.98,17.34,1.24
2023-12-06 06:05:00+00:00,262.94,288.65,25.71,19.28,1.31
2023-12-06 07:05:00+00:00,355.20000000000005,397.1,41.9,20.64,2.0
2023-12-06 08:05:00+00:00,402.27,810.48,408.21,22.51,2.0
2023-12-06 09:05:00+00:00,256.03000000000003,1031.63,775.6,23.72,2.0
2023-12-06 10:05:00+00:00,295.55,986.02,690.47,24.74,2.55
2023-12-06 11:05:00+00:00,343.41,838.28,494.87,25.16,3.1
2023-12-06 12:05:00+00:00,303.23,695.96,392.73,24.61,3.72
2023-12-06 13:05:00+00:00,256.02,447.49,191.47,23.86,4.07
2023-12-06 14:05:00+00:00,117.68,374.69,257.01,23.29,4.07
2023-12-06 15:05:00+00:00,31.38,100.28,68.9,22.19,3.66
2023-12-06 16:05:00+00:00,0.0,0.0,0.0,20.73,3.38
2023-12-06 17:05:00+00:00,0.0,0.0,0.0,19.72,3.24
2023-12-06 18:05:00+00:00,0.0,0.0,0.0,18.89,3.1
2023-12-06 19:05:00+00:00,0.0,0.0,0.0,18.02,1.93
2023-12-06 20:05:00+00:00,0.0,0.0,0.0,17.28,1.72
2023-12-06 21:05:00+00:00,0.0,0.0,0.0,16.65,1.59
2023-12-06 22:05:00+00:00,0.0,0.0,0.0,16.09,1.52
2023-12-06 23:05:00+00:00,0.0,0.0,0.0,15.74,1.45
2023-12-07 00:05:00+00:00,0.0,0.0,0.0,15.14,1.24
2023-12-07 01:05:00+00:00,0.0,0.0,0.0,14.49,0.83
2023-12-07 02:05:00+00:00,0.0,0.0,0.0,14.83,0.41
2023-12-07 03:05:00+00:00,0.0,0.0,0.0,14.69,0.07
2023-12-07 04:05:00+00:00,71.85000000000001,236.55,164.7,14.66,0.07
2023-12-07 05:05:00+00:00,114.45,513.65,399.2,17.3,0.21
2023-12-07 06:05:00+00:00,132.1,746.97,614.87,19.69,0.55
2023-12-07 07:05:00+00:00,163.83,912.51,748.68,21.75,1.1
2023-12-07 08:05:00+00:00,157.29,1048.79,891.5,23.47,1.59
2023-12-07 09:05:00+00:00,160.37,1107.6399999999999,947.27,24.92,2.14
2023-12-07 10:05:00+00:00,138.53,1111.52,972.99,25.83,2.76
2023-12-07 11:05:00+00:00,169.8,997.24,827.44,26.09,3.1
2023-12-07 12:05:00+00:00,133.6,873.7900000000001,740.19,26.1,3.38
2023-12-07 13:05:00+00:00,113.27000000000001,678.49,565.22,25.45,3.72
2023-12-07 14:05:00+00:00,106.49,401.34000000000003,294.85,24.43,4.14
2023-12-07 15:05:00+00:00,32.16,72.44999999999999,40.29,23.11,3.72
2023-12-07 16:05:00+00:00,0.0,0.0,0.0,21.63,3.86
2023-12-07 17:05:00+00:00,0.0,0.0,0.0,20.15,3.79
2023-12-07 18:05:00+00:00,0.0,0.0,0.0,19.25,3.79
2023-12-07 19:05:00+00:00,0.0,0.0,0.0,18.37,3.38
2023-12-07 20:05:00+00:00,0.0,0.0,0.0,17.71,3.1
2023-12-07 21:05:00+00:00,0.0,0.0,0.0,17.05,2.69
2023-12-07 22:05:00+00:00,0.0,0.0,0.0,16.44,2.21
2023-12-07 23:05:00+00:00,0.0,0.0,0.0,15.96,1.72
2023-12-08 00:05:00+00:00,0.0,0.0,0.0,15.77,1.31
2023-12-08 01:05:00+00:00,0.0,0.0,0.0,15.2,1.1
2023-12-08 02:05:00+00:00,0.0,0.0,0.0,14.84,1.03
2023-12-08 03:05:00+00:00,0.0,0.0,0.0,14.57,0.97
2023-12-08 04:05:00+00:00,70.06,91.81,21.75,14.65,0.76
2023-12-08 05:05:00+00:00,187.92999999999998,378.84,190.91,16.97,1.1
2023-12-08 06:05:00+00:00,155.41,725.76,570.35,19.34,1.31
2023-12-08 07:05:00+00:00,164.0,913.8,749.8,21.54,1.86
2023-12-08 08:05:00+00:00,163.68,1045.53,881.85,23.6,2.41
2023-12-08 09:05:00+00:00,166.72,1104.3899999999999,937.67,24.98,3.03
2023-12-08 10:05:00+00:00,144.92,1109.3,964.38,25.61,3.59
2023-12-08 11:05:00+00:00,150.21,1018.49,868.28,26.03,4.0
2023-12-08 12:05:00+00:00,143.23999999999998,868.37,725.13,25.91,4.21
2023-12-08 13:05:00+00:00,119.85,674.6,554.75,25.25,4.34
2023-12-08 14:05:00+00:00,109.81,401.78000000000003,291.97,24.35,4.41
2023-12-08 15:05:00+00:00,32.690000000000005,78.68,45.99,22.96,4.21
2023-12-08 16:05:00+00:00,0.0,0.0,0.0,21.13,4.07
2023-12-08 17:05:00+00:00,0.0,0.0,0.0,19.8,3.93
2023-12-08 18:05:00+00:00,0.0,0.0,0.0,18.89,3.72
2023-12-08 19:05:00+00:00,0.0,0.0,0.0,17.94,3.38
2023-12-08 20:05:00+00:00,0.0,0.0,0.0,17.19,3.03
2023-12-08 21:05:00+00:00,0.0,0.0,0.0,16.55,2.62
2023-12-08 22:05:00+00:00,0.0,0.0,0.0,16.0,2.14
2023-12-08 23:05:00+00:00,0.0,0.0,0.0,15.55,1.79
2023-12-09 00:05:00+00:00,0.0,0.0,0.0,15.08,1.52
2023-12-09 01:05:00+00:00,0.0,0.0,0.0,14.68,1.24
2023-12-09 02:05:00+00:00,0.0,0.0,0.0,14.3,1.03
2023-12-09 03:05:00+00:00,0.0,0.0,0.0,13.88,0.83
2023-12-09 04:05:00+00:00,13.25,13.25,0.0,14.07,0.55
2023-12-09 05:05:00+00:00,160.0,176.07,16.07,16.72,0.83
2023-12-09 06:05:00+00:00,301.66,452.17,150.51,19.0,1.03
2023-12-09 07:05:00+00:00,390.16999999999996,561.8299999999999,171.66,21.15,1.1
2023-12-09 08:05:00+00:00,287.08,947.3499999999999,660.27,23.02,1.03
2023-12-09 09:05:00+00:00,350.95,955.78,604.83,24.35,0.97
2023-12-09 10:05:00+00:00,187.25,1066.22,878.97,25.15,1.31
2023-12-09 11:05:00+00:00,317.24,875.28,558.04,25.43,1.72
2023-12-09 12:05:00+00:00,288.7,724.13,435.43,25.16,2.21
2023-12-09 13:05:00+00:00,221.12,547.88,326.76,24.46,2.97
2023-12-09 14:05:00+00:00,132.38000000000002,353.16,220.78,23.88,3.59
2023-12-09 15:05:00+00:00,32.55,65.91,33.36,22.82,3.59
2023-12-09 16:05:00+00:00,0.0,0.0,0.0,21.49,3.17
2023-12-09 17:05:00+00:00,0.0,0.0,0.0,20.48,3.38
2023-12-09 18:05:00+00:00,0.0,0.0,0.0,19.61,3.52
2023-12-09 19:05:00+00:00,0.0,0.0,0.0,18.69,3.31
2023-12-09 20:05:00+00:00,0.0,0.0,0.0,18.12,3.03
2023-12-09 21:05:00+00:00,0.0,0.0,0.0,17.48,2.76
2023-12-09 22:05:00+00:00,0.0,0.0,0.0,17.07,2.83
2023-12-09 23:05:00+00:00,0.0,0.0,0.0,16.93,2.55
2023-12-10 00:05:00+00:00,0.0,0.0,0.0,16.65,2.41
2023-12-10 01:05:00+00:00,0.0,0.0,0.0,16.45,2.41
2023-12-10 02:05:00+00:00,0.0,0.0,0.0,16.1,2.21
2023-12-10 03:05:00+00:00,0.0,0.0,0.0,15.91,2.0
2023-12-10 04:05:00+00:00,14.19,14.19,0.0,15.8,2.21
2023-12-10 05:05:00+00:00,189.5,331.9,142.4,17.32,3.1
2023-12-10 06:05:00+00:00,236.63,247.23,10.6,19.3,3.72
2023-12-10 07:05:00+00:00,285.22,290.76000000000005,5.54,18.99,2.69
2023-12-10 08:05:00+00:00,257.3,257.3,0.0,20.85,3.38
2023-12-10 09:05:00+00:00,472.61,592.84,120.23,22.01,3.38
2023-12-10 10:05:00+00:00,470.33000000000004,604.69,134.36,22.7,3.38
2023-12-10 11:05:00+00:00,426.71999999999997,665.29,238.57,22.69,3.38
2023-12-10 12:05:00+00:00,189.72,820.26,630.54,22.41,3.93
2023-12-10 13:05:00+00:00,243.48,502.36,258.88,22.87,4.34
2023-12-10 14:05:00+00:00,153.16,254.81,101.65,21.46,3.93
2023-12-10 15:05:00+00:00,33.57,66.57,33.0,20.38,3.72
2023-12-10 16:05:00+00:00,0.0,0.0,0.0,19.16,2.97
2023-12-10 17:05:00+00:00,0.0,0.0,0.0,18.39,2.97
2023-12-10 18:05:00+00:00,0.0,0.0,0.0,17.88,2.9
2023-12-10 19:05:00+00:00,0.0,0.0,0.0,17.7,2.62
2023-12-10 20:05:00+00:00,0.0,0.0,0.0,17.34,2.28
2023-12-10 21:05:00+00:00,0.0,0.0,0.0,16.82,1.93
2023-12-10 22:05:00+00:00,0.0,0.0,0.0,16.65,1.79
2023-12-10 23:05:00+00:00,0.0,0.0,0.0,16.28,1.52
2023-12-11 00:05:00+00:00,0.0,0.0,0.0,16.18,1.66
2023-12-11 01:05:00+00:00,0.0,0.0,0.0,16.0,1.52
2023-12-11 02:05:00+00:00,0.0,0.0,0.0,15.82,1.45
2023-12-11 03:05:00+00:00,0.0,0.0,0.0,15.75,1.38
2023-12-11 04:05:00+00:00,75.61,132.37,56.76,15.75,1.45
2023-12-11 05:05:00+00:00,172.59,203.58,30.99,16.63,2.21
2023-12-11 06:05:00+00:00,296.32,476.88,180.56,18.69,2.97
2023-12-11 07:05:00+00:00,354.59999999999997,697.71,343.11,21.11,3.86
2023-12-11 08:05:00+00:00,366.13,861.8399999999999,495.71,22.55,3.86
2023-12-11 09:05:00+00:00,307.11,995.03,687.92,23.8,3.93
2023-12-11 10:05:00+00:00,272.64,1010.03,737.39,24.89,3.86
2023-12-11 11:05:00+00:00,233.49,949.72,716.23,24.89,3.93
2023-12-11 12:05:00+00:00,154.62,849.78,695.16,24.98,4.28
2023-12-11 13:05:00+00:00,165.39,622.5899999999999,457.2,24.35,4.34
2023-12-11 14:05:00+00:00,121.12,382.41,261.29,23.35,4.62
2023-12-11 15:05:00+00:00,35.78,80.28999999999999,44.51,21.6,5.17
2023-12-11 16:05:00+00:00,0.0,0.0,0.0,19.91,4.21
2023-12-11 17:05:00+00:00,0.0,0.0,0.0,18.76,4.07
2023-12-11 18:05:00+00:00,0.0,0.0,0.0,18.04,3.31
2023-12-11 19:05:00+00:00,0.0,0.0,0.0,17.79,2.41
2023-12-11 20:05:00+00:00,0.0,0.0,0.0,17.5,2.9
2023-12-11 21:05:00+00:00,0.0,0.0,0.0,17.28,2.76
2023-12-11 22:05:00+00:00,0.0,0.0,0.0,16.82,1.93
2023-12-11 23:05:00+00:00,0.0,0.0,0.0,16.26,1.86
2023-12-12 00:05:00+00:00,0.0,0.0,0.0,16.13,1.59
2023-12-12 01:05:00+00:00,0.0,0.0,0.0,16.05,1.24
2023-12-12 02:05:00+00:00,0.0,0.0,0.0,15.88,1.03
2023-12-12 03:05:00+00:00,0.0,0.0,0.0,15.92,1.03
2023-12-12 04:05:00+00:00,27.43,27.43,0.0,15.88,1.1
2023-12-12 05:05:00+00:00,82.3,82.3,0.0,16.58,1.59
2023-12-12 06:05:00+00:00,197.92000000000002,200.28000000000003,2.36,18.82,2.0
2023-12-12 07:05:00+00:00,383.31,488.92,105.61,20.83,2.62
2023-12-12 08:05:00+00:00,404.42,803.52,399.1,22.37,2.83
2023-12-12 09:05:00+00:00,375.39000000000004,929.5800000000002,554.19,23.86,2.76
2023-12-12 10:05:00+00:00,319.75,973.3,653.55,24.92,2.9
2023-12-12 11:05:00+00:00,286.08,909.3699999999999,623.29,25.36,2.97
2023-12-12 12:05:00+00:00,251.76,773.6899999999999,521.93,24.92,3.17
2023-12-12 13:05:00+00:00,241.85,516.75,274.9,24.38,3.38
2023-12-12 14:05:00+00:00,137.26000000000002,353.43,216.17,23.84,3.66
2023-12-12 15:05:00+00:00,36.11,106.55,70.44,22.91,3.59
2023-12-12 16:05:00+00:00,0.0,0.0,0.0,21.54,3.45
2023-12-12 17:05:00+00:00,0.0,0.0,0.0,20.46,3.31
2023-12-12 18:05:00+00:00,0.0,0.0,0.0,19.63,3.17
2023-12-12 19:05:00+00:00,0.0,0.0,0.0,18.98,2.76
2023-12-12 20:05:00+00:00,0.0,0.0,0.0,18.71,2.14
2023-12-12 21:05:00+00:00,0.0,0.0,0.0,18.24,2.07
2023-12-12 22:05:00+00:00,0.0,0.0,0.0,17.75,1.59
2023-12-12 23:05:00+00:00,0.0,0.0,0.0,17.37,1.17
2023-12-13 00:05:00+00:00,0.0,0.0,0.0,17.2,0.97
2023-12-13 01:05:00+00:00,0.0,0.0,0.0,16.86,0.69
2023-12-13 02:05:00+00:00,0.0,0.0,0.0,16.49,0.41
2023-12-13 03:05:00+00:00,0.0,0.0,0.0,16.26,0.34
2023-12-13 04:05:00+00:00,62.79,81.34,18.55,16.49,0.41
2023-12-13 05:05:00+00:00,188.14,280.28999999999996,92.15,18.35,0.83
2023-12-13 06:05:00+00:00,257.65,584.44,326.79,20.53,0.55
2023-12-13 07:05:00+00:00,377.26,623.23,245.97,22.06,1.03
2023-12-13 08:05:00+00:00,392.33,818.76,426.43,23.38,1.17
2023-12-13 09:05:00+00:00,379.64,917.16,537.52,24.47,1.45
2023-12-13 10:05:00+00:00,359.23,928.77,569.54,25.16,1.93
2023-12-13 11:05:00+00:00,359.5,824.51,465.01,25.57,2.48
2023-12-13 12:05:00+00:00,338.63,635.24,296.61,25.32,3.1
2023-12-13 13:05:00+00:00,191.13,597.48,406.35,25.1,3.17
2023-12-13 14:05:00+00:00,146.3,326.07000000000005,179.77,23.91,2.76
2023-12-13 15:05:00+00:00,36.29,108.85,72.56,22.49,2.69
2023-12-13 16:05:00+00:00,0.0,0.0,0.0,21.24,3.17
2023-12-13 17:05:00+00:00,0.0,0.0,0.0,19.9,2.97
2023-12-13 18:05:00+00:00,0.0,0.0,0.0,19.03,3.03
2023-12-13 19:05:00+00:00,0.0,0.0,0.0,18.68,1.93
2023-12-13 20:05:00+00:00,0.0,0.0,0.0,18.19,1.66
2023-12-13 21:05:00+00:00,0.0,0.0,0.0,17.62,1.24
2023-12-13 22:05:00+00:00,0.0,0.0,0.0,17.27,0.97
2023-12-13 23:05:00+00:00,0.0,0.0,0.0,17.04,1.03
2023-12-14 00:05:00+00:00,0.0,0.0,0.0,16.86,0.9
2023-12-14 01:05:00+00:00,0.0,0.0,0.0,16.68,1.24
2023-12-14 02:05:00+00:00,0.0,0.0,0.0,16.81,1.24
2023-12-14 03:05:00+00:00,0.0,0.0,0.0,16.58,1.24
2023-12-14 04:05:00+00:00,10.41,10.41,0.0,16.65,0.97
2023-12-14 05:05:00+00:00,31.220000000000002,31.220000000000002,0.0,17.85,0.76
2023-12-14 06:05:00+00:00,145.68,145.68,0.0,19.41,0.69
2023-12-14 07:05:00+00:00,372.04,453.37,81.33,19.71,1.31
2023-12-14 08:05:00+00:00,420.77,757.87,337.1,20.86,1.59
2023-12-14 09:05:00+00:00,385.06,909.06,524.0,22.15,2.0
2023-12-14 10:05:00+00:00,319.59999999999997,967.5,647.9,22.87,2.41
2023-12-14 11:05:00+00:00,217.31,958.6300000000001,741.32,23.05,2.55
2023-12-14 12:05:00+00:00,251.51,769.35,517.84,23.16,3.1
2023-12-14 13:05:00+00:00,132.4,659.25,526.85,23.2,3.24
2023-12-14 14:05:00+00:00,147.60999999999999,192.51,44.9,22.69,3.93
2023-12-14 15:05:00+00:00,25.79,28.66,2.87,21.48,3.17
2023-12-14 16:05:00+00:00,0.0,0.0,0.0,19.08,1.86
2023-12-14 17:05:00+00:00,0.0,0.0,0.0,18.44,1.17
2023-12-14 18:05:00+00:00,0.0,0.0,0.0,18.05,0.76
2023-12-14 19:05:00+00:00,0.0,0.0,0.0,18.7,1.38
2023-12-14 20:05:00+00:00,0.0,0.0,0.0,18.46,1.45
2023-12-14 21:05:00+00:00,0.0,0.0,0.0,17.91,1.45
2023-12-14 22:05:00+00:00,0.0,0.0,0.0,17.74,1.31
2023-12-14 23:05:00+00:00,0.0,0.0,0.0,17.36,1.38
2023-12-15 00:05:00+00:00,0.0,0.0,0.0,17.01,1.17
2023-12-15 01:05:00+00:00,0.0,0.0,0.0,16.66,1.1
2023-12-15 02:05:00+00:00,0.0,0.0,0.0,16.25,1.1
2023-12-15 03:05:00+00:00,0.0,0.0,0.0,16.33,1.17
2023-12-15 04:05:00+00:00,16.08,16.08,0.0,16.46,0.97
2023-12-15 05:05:00+00:00,122.17,123.53,1.36,17.25,0.9
2023-12-15 06:05:00+00:00,289.29999999999995,373.60999999999996,84.31,18.08,1.1
2023-12-15 07:05:00+00:00,374.86,464.08000000000004,89.22,19.71,2.48
2023-12-15 08:05:00+00:00,420.72,484.51000000000005,63.79,21.0,3.38
2023-12-15 09:05:00+00:00,342.78,958.92,616.14,22.32,3.66
2023-12-15 10:05:00+00:00,437.17,814.76,377.59,23.23,3.79
2023-12-15 11:05:00+00:00,272.5,920.59,648.09,23.69,3.86
2023-12-15 12:05:00+00:00,294.59,723.41,428.82,23.17,3.79
2023-12-15 13:05:00+00:00,267.86,382.23,114.37,22.72,3.72
2023-12-15 14:05:00+00:00,140.91,166.96,26.05,22.15,3.86
2023-12-15 15:05:00+00:00,11.35,11.35,0.0,21.08,3.93
2023-12-15 16:05:00+00:00,0.0,0.0,0.0,19.39,3.72
2023-12-15 17:05:00+00:00,0.0,0.0,0.0,18.18,2.69
2023-12-15 18:05:00+00:00,0.0,0.0,0.0,17.67,2.07
2023-12-15 19:05:00+00:00,0.0,0.0,0.0,17.42,2.14
2023-12-15 20:05:00+00:00,0.0,0.0,0.0,17.0,1.93
2023-12-15 21:05:00+00:00,0.0,0.0,0.0,16.89,2.41
2023-12-15 22:05:00+00:00,0.0,0.0,0.0,16.52,1.72
2023-12-15 23:05:00+00:00,0.0,0.0,0.0,16.5,2.21
2023-12-16 00:05:00+00:00,0.0,0.0,0.0,16.37,1.79
2023-12-16 01:05:00+00:00,0.0,0.0,0.0,16.2,1.52
2023-12-16 02:05:00+00:00,0.0,0.0,0.0,16.18,1.31
2023-12-16 03:05:00+00:00,0.0,0.0,0.0,16.23,1.31
2023-12-16 04:05:00+00:00,11.35,11.35,0.0,16.33,1.38
2023-12-16 05:05:00+00:00,49.190000000000005,49.190000000000005,0.0,17.02,2.62
2023-12-16 06:05:00+00:00,75.67999999999999,75.67999999999999,0.0,17.79,3.52
2023-12-16 07:05:00+00:00,180.68,180.68,0.0,17.73,3.86
2023-12-16 08:05:00+00:00,405.71,790.87,385.16,17.97,4.48
2023-12-16 09:05:00+00:00,466.5,572.27,105.77,18.89,4.34
2023-12-16 10:05:00+00:00,456.93,759.77,302.84,20.41,4.83
2023-12-16 11:05:00+00:00,265.65,927.0,661.35,21.7,4.97
2023-12-16 12:05:00+00:00,198.26000000000002,822.42,624.16,22.89,5.1
2023-12-16 13:05:00+00:00,262.99,455.21000000000004,192.22,23.37,5.1
2023-12-16 14:05:00+00:00,151.35,201.94,50.59,22.67,4.9
2023-12-16 15:05:00+00:00,45.11,112.47,67.36,21.29,4.21
2023-12-16 16:05:00+00:00,0.0,0.0,0.0,19.83,4.07
2023-12-16 17:05:00+00:00,0.0,0.0,0.0,18.78,3.79
2023-12-16 18:05:00+00:00,0.0,0.0,0.0,17.98,3.45
2023-12-16 19:05:00+00:00,0.0,0.0,0.0,17.14,2.48
2023-12-16 20:05:00+00:00,0.0,0.0,0.0,16.69,2.48
2023-12-16 21:05:00+00:00,0.0,0.0,0.0,16.28,2.41
2023-12-16 22:05:00+00:00,0.0,0.0,0.0,16.05,2.07
2023-12-16 23:05:00+00:00,0.0,0.0,0.0,15.77,2.21
2023-12-17 00:05:00+00:00,0.0,0.0,0.0,15.45,2.14
2023-12-17 01:05:00+00:00,0.0,0.0,0.0,15.09,1.93
2023-12-17 02:05:00+00:00,0.0,0.0,0.0,14.98,1.59
2023-12-17 03:05:00+00:00,0.0,0.0,0.0,14.82,1.45
2023-12-17 04:05:00+00:00,42.86,44.99,2.13,14.89,1.72
2023-12-17 05:05:00+00:00,182.68,248.39,65.71,16.17,2.76
2023-12-17 06:05:00+00:00,238.95999999999998,615.17,376.21,18.37,3.86
2023-12-17 07:05:00+00:00,366.12,659.9100000000001,293.79,20.42,4.83
2023-12-17 08:05:00+00:00,332.84,902.26,569.42,22.02,4.9
2023-12-17 09:05:00+00:00,266.33,1032.68,766.35,23.13,4.83
2023-12-17 10:05:00+00:00,218.76000000000002,1055.8500000000001,837.09,24.15,4.69
2023-12-17 11:05:00+00:00,294.38,911.27,616.89,24.32,4.55
2023-12-17 12:05:00+00:00,308.61,714.97,406.36,24.28,4.41
2023-12-17 13:05:00+00:00,162.95,642.16,479.21,23.59,4.41
2023-12-17 14:05:00+00:00,138.5,372.34000000000003,233.84,22.9,4.48
2023-12-17 15:05:00+00:00,42.76,78.84,36.08,21.76,4.28
2023-12-17 16:05:00+00:00,0.0,0.0,0.0,20.43,4.07
2023-12-17 17:05:00+00:00,0.0,0.0,0.0,19.27,3.86
2023-12-17 18:05:00+00:00,0.0,0.0,0.0,18.53,3.72
2023-12-17 19:05:00+00:00,0.0,0.0,0.0,17.82,3.72
2023-12-17 20:05:00+00:00,0.0,0.0,0.0,17.3,3.38
2023-12-17 21:05:00+00:00,0.0,0.0,0.0,16.81,2.9
2023-12-17 22:05:00+00:00,0.0,0.0,0.0,16.24,2.41
2023-12-17 23:05:00+00:00,0.0,0.0,0.0,15.73,2.14
2023-12-18 00:05:00+00:00,0.0,0.0,0.0,15.36,1.79
2023-12-18 01:05:00+00:00,0.0,0.0,0.0,15.06,1.59
2023-12-18 02:05:00+00:00,0.0,0.0,0.0,14.6,1.52
2023-12-18 03:05:00+00:00,0.0,0.0,0.0,14.2,1.38
2023-12-18 04:05:00+00:00,22.7,22.7,0.0,14.2,1.17
2023-12-18 05:05:00+00:00,185.97,273.78,87.81,16.49,1.72
2023-12-18 06:05:00+00:00,246.58,608.92,362.34,18.78,2.07
2023-12-18 07:05:00+00:00,173.1,898.59,725.49,20.92,3.93
2023-12-18 08:05:00+00:00,172.63,1033.6799999999998,861.05,22.59,4.0
2023-12-18 09:05:00+00:00,176.66,1097.26,920.6,24.08,4.21
2023-12-18 10:05:00+00:00,146.47,1113.33,966.86,24.58,4.34
2023-12-18 11:05:00+00:00,150.72,1027.77,877.05,24.88,4.28
2023-12-18 12:05:00+00:00,168.94,862.0,693.06,25.37,4.28
2023-12-18 13:05:00+00:00,163.27,649.61,486.34,24.94,4.28
2023-12-18 14:05:00+00:00,153.42,333.59,180.17,24.25,4.41
2023-12-18 15:05:00+00:00,33.54,41.769999999999996,8.23,22.96,4.14
2023-12-18 16:05:00+00:00,0.0,0.0,0.0,21.27,3.79
2023-12-18 17:05:00+00:00,0.0,0.0,0.0,19.87,3.86
2023-12-18 18:05:00+00:00,0.0,0.0,0.0,18.75,3.86
2023-12-18 19:05:00+00:00,0.0,0.0,0.0,17.73,3.66
2023-12-18 20:05:00+00:00,0.0,0.0,0.0,17.13,3.17
2023-12-18 21:05:00+00:00,0.0,0.0,0.0,16.77,2.55
2023-12-18 22:05:00+00:00,0.0,0.0,0.0,16.33,2.07
2023-12-18 23:05:00+00:00,0.0,0.0,0.0,16.06,1.72
2023-12-19 00:05:00+00:00,0.0,0.0,0.0,15.79,1.45
2023-12-19 01:05:00+00:00,0.0,0.0,0.0,15.56,1.31
2023-12-19 02:05:00+00:00,0.0,0.0,0.0,15.2,1.17
2023-12-19 03:05:00+00:00,0.0,0.0,0.0,14.82,1.03
2023-12-19 04:05:00+00:00,17.029999999999998,17.029999999999998,0.0,14.86,0.76
2023-12-19 05:05:00+00:00,97.44,97.44,0.0,16.94,1.1
2023-12-19 06:05:00+00:00,288.13,369.26,81.13,19.16,1.79
2023-12-19 07:05:00+00:00,385.53000000000003,544.37,158.84,19.44,2.34
2023-12-19 08:05:00+00:00,446.21,579.48,133.27,20.5,2.55
2023-12-19 09:05:00+00:00,469.83,752.1800000000001,282.35,22.14,2.62
2023-12-19 10:05:00+00:00,394.62,897.95,503.33,23.78,2.83
2023-12-19 11:05:00+00:00,332.39,875.41,543.02,24.54,3.1
2023-12-19 12:05:00+00:00,345.29,648.9000000000001,303.61,24.85,3.45
2023-12-19 13:05:00+00:00,122.28999999999999,689.8299999999999,567.54,24.6,3.66
2023-12-19 14:05:00+00:00,103.47,443.08000000000004,339.61,23.96,3.79
2023-12-19 15:05:00+00:00,48.480000000000004,140.74,92.26,22.95,3.72
2023-12-19 16:05:00+00:00,0.0,0.0,0.0,21.36,3.31
2023-12-19 17:05:00+00:00,0.0,0.0,0.0,20.08,3.1
2023-12-19 18:05:00+00:00,0.0,0.0,0.0,19.05,2.9
2023-12-19 19:05:00+00:00,0.0,0.0,0.0,18.44,2.83
2023-12-19 20:05:00+00:00,0.0,0.0,0.0,17.83,2.62
2023-12-19 21:05:00+00:00,0.0,0.0,0.0,17.3,2.14
2023-12-19 22:05:00+00:00,0.0,0.0,0.0,16.77,1.66
2023-12-19 23:05:00+00:00,0.0,0.0,0.0,16.18,1.45
2023-12-20 00:05:00+00:00,0.0,0.0,0.0,15.8,1.31
2023-12-20 01:05:00+00:00,0.0,0.0,0.0,15.48,1.1
2023-12-20 02:05:00+00:00,0.0,0.0,0.0,15.08,1.1
2023-12-20 03:05:00+00:00,0.0,0.0,0.0,14.93,0.97
2023-12-20 04:05:00+00:00,69.63,174.31,104.68,15.16,0.83
2023-12-20 05:05:00+00:00,125.21000000000001,468.25,343.04,17.15,1.03
2023-12-20 06:05:00+00:00,143.4,713.0699999999999,569.67,19.6,1.72
2023-12-20 07:05:00+00:00,163.51,895.45,731.94,21.68,2.97
2023-12-20 08:05:00+00:00,202.6,1007.94,805.34,23.28,3.38
2023-12-20 09:05:00+00:00,219.91,1065.01,845.1,24.07,3.45
2023-12-20 10:05:00+00:00,362.07,940.4200000000001,578.35,24.72,3.38
2023-12-20 11:05:00+00:00,274.08,933.53,659.45,25.03,3.03
2023-12-20 12:05:00+00:00,161.45,864.46,703.01,25.3,2.83
2023-12-20 13:05:00+00:00,125.48,687.84,562.36,25.2,3.03
2023-12-20 14:05:00+00:00,114.39,423.24,308.85,24.49,3.45
2023-12-20 15:05:00+00:00,49.55,119.31,69.76,23.26,3.38
2023-12-20 16:05:00+00:00,0.0,0.0,0.0,21.83,3.31
2023-12-20 17:05:00+00:00,0.0,0.0,0.0,20.74,3.45
2023-12-20 18:05:00+00:00,0.0,0.0,0.0,19.7,3.03
2023-12-20 19:05:00+00:00,0.0,0.0,0.0,18.83,2.28
2023-12-20 20:05:00+00:00,0.0,0.0,0.0,18.1,1.93
2023-12-20 21:05:00+00:00,0.0,0.0,0.0,17.49,1.86
2023-12-20 22:05:00+00:00,0.0,0.0,0.0,16.93,1.86
2023-12-20 23:05:00+00:00,0.0,0.0,0.0,16.45,1.86
2023-12-21 00:05:00+00:00,0.0,0.0,0.0,16.05,1.86
2023-12-21 01:05:00+00:00,0.0,0.0,0.0,15.74,1.79
2023-12-21 02:05:00+00:00,0.0,0.0,0.0,15.51,1.66
2023-12-21 03:05:00+00:00,0.0,0.0,0.0,15.13,1.59
2023-12-21 04:05:00+00:00,15.13,15.13,0.0,15.15,1.52
2023-12-21 05:05:00+00:00,161.51,405.82,244.31,17.27,1.86
2023-12-21 06:05:00+00:00,216.12,642.84,426.72,20.0,2.62
2023-12-21 07:05:00+00:00,308.67,766.63,457.96,22.27,4.69
2023-12-21 08:05:00+00:00,360.77,871.4300000000001,510.66,23.83,4.55
2023-12-21 09:05:00+00:00,388.19,923.1400000000001,534.95,25.26,4.69
2023-12-21 10:05:00+00:00,355.76000000000005,951.27,595.51,25.68,4.69
2023-12-21 11:05:00+00:00,368.95,835.75,466.8,25.68,4.76
2023-12-21 12:05:00+00:00,307.51,729.4200000000001,421.91,25.61,4.76
2023-12-21 13:05:00+00:00,182.5,636.45,453.95,25.23,4.76
2023-12-21 14:05:00+00:00,137.43,153.20000000000002,15.77,24.3,4.9
2023-12-21 15:05:00+00:00,50.089999999999996,124.37,74.28,23.19,4.55
2023-12-21 16:05:00+00:00,0.0,0.0,0.0,21.65,3.79
2023-12-21 17:05:00+00:00,0.0,0.0,0.0,20.52,3.79
2023-12-21 18:05:00+00:00,0.0,0.0,0.0,19.64,4.0
2023-12-21 19:05:00+00:00,0.0,0.0,0.0,18.82,3.59
2023-12-21 20:05:00+00:00,0.0,0.0,0.0,18.26,3.24
2023-12-21 21:05:00+00:00,0.0,0.0,0.0,17.64,2.76
2023-12-21 22:05:00+00:00,0.0,0.0,0.0,17.28,2.48
2023-12-21 23:05:00+00:00,0.0,0.0,0.0,16.77,2.21
2023-12-22 00:05:00+00:00,0.0,0.0,0.0,16.37,2.0
2023-12-22 01:05:00+00:00,0.0,0.0,0.0,16.04,1.79
2023-12-22 02:05:00+00:00,0.0,0.0,0.0,15.84,1.72
2023-12-22 03:05:00+00:00,0.0,0.0,0.0,15.59,1.66
2023-12-22 04:05:00+00:00,68.19,134.64999999999998,66.46,15.65,1.52
2023-12-22 05:05:00+00:00,100.27,100.27,0.0,17.66,1.86
2023-12-22 06:05:00+00:00,292.66999999999996,450.56999999999994,157.9,19.76,2.55
2023-12-22 07:05:00+00:00,316.67,753.52,436.85,21.64,4.34
2023-12-22 08:05:00+00:00,293.02000000000004,941.49,648.47,23.09,4.76
2023-12-22 09:05:00+00:00,315.86,996.36,680.5,23.42,4.97
2023-12-22 10:05:00+00:00,219.0,1062.96,843.96,23.47,4.97
2023-12-22 11:05:00+00:00,163.20999999999998,1017.23,854.02,23.78,4.97
2023-12-22 12:05:00+00:00,260.3,786.9300000000001,526.63,23.98,4.83
2023-12-22 13:05:00+00:00,119.17999999999999,702.55,583.37,23.65,4.69
2023-12-22 14:05:00+00:00,109.66000000000001,440.20000000000005,330.54,23.04,4.83
2023-12-22 15:05:00+00:00,50.160000000000004,141.97,91.81,21.88,4.62
2023-12-22 16:05:00+00:00,0.0,0.0,0.0,20.63,3.93
2023-12-22 17:05:00+00:00,0.0,0.0,0.0,19.67,4.0
2023-12-22 18:05:00+00:00,0.0,0.0,0.0,18.93,3.93
2023-12-22 19:05:00+00:00,0.0,0.0,0.0,18.54,3.86
2023-12-22 20:05:00+00:00,0.0,0.0,0.0,17.87,3.03
2023-12-22 21:05:00+00:00,0.0,0.0,0.0,17.32,2.48
2023-12-22 22:05:00+00:00,0.0,0.0,0.0,17.12,2.76
2023-12-22 23:05:00+00:00,0.0,0.0,0.0,16.94,1.79
2023-12-23 00:05:00+00:00,0.0,0.0,0.0,16.69,1.72
2023-12-23 01:05:00+00:00,0.0,0.0,0.0,16.76,1.79
2023-12-23 02:05:00+00:00,0.0,0.0,0.0,16.54,1.52
2023-12-23 03:05:00+00:00,0.0,0.0,0.0,16.2,1.31
2023-12-23 04:05:00+00:00,12.29,12.29,0.0,16.19,1.38
2023-12-23 05:05:00+00:00,53.919999999999995,53.919999999999995,0.0,17.04,2.41
2023-12-23 06:05:00+00:00,285.22,482.72,197.5,18.98,3.17
2023-12-23 07:05:00+00:00,376.73,480.93,104.2,18.45,2.97
2023-12-23 08:05:00+00:00,444.37,587.53,143.16,19.84,3.31
2023-12-23 09:05:00+00:00,282.18,1015.0999999999999,732.92,21.31,3.72
2023-12-23 10:05:00+00:00,442.78999999999996,814.39,371.6,23.29,3.72
2023-12-23 11:05:00+00:00,295.32,913.1099999999999,617.79,24.26,3.79
2023-12-23 12:05:00+00:00,355.67,621.6800000000001,266.01,24.57,3.93
2023-12-23 13:05:00+00:00,250.72,528.21,277.49,23.72,3.93
2023-12-23 14:05:00+00:00,161.42,317.04999999999995,155.63,23.4,4.07
2023-12-23 15:05:00+00:00,49.97,151.13,101.16,22.52,3.72
2023-12-23 16:05:00+00:00,0.0,0.0,0.0,21.14,3.17
2023-12-23 17:05:00+00:00,0.0,0.0,0.0,19.96,3.79
2023-12-23 18:05:00+00:00,0.0,0.0,0.0,19.02,3.72
2023-12-23 19:05:00+00:00,0.0,0.0,0.0,18.54,2.69
2023-12-23 20:05:00+00:00,0.0,0.0,0.0,18.1,2.28
2023-12-23 21:05:00+00:00,0.0,0.0,0.0,17.49,2.0
2023-12-23 22:05:00+00:00,0.0,0.0,0.0,16.94,1.72
2023-12-23 23:05:00+00:00,0.0,0.0,0.0,16.42,1.52
2023-12-24 00:05:00+00:00,0.0,0.0,0.0,15.96,1.31
2023-12-24 01:05:00+00:00,0.0,0.0,0.0,15.57,1.17
2023-12-24 02:05:00+00:00,0.0,0.0,0.0,15.34,1.1
2023-12-24 03:05:00+00:00,0.0,0.0,0.0,15.08,1.17
2023-12-24 04:05:00+00:00,46.120000000000005,50.620000000000005,4.5,15.08,1.1
2023-12-24 05:05:00+00:00,177.25,331.23,153.98,17.53,1.86
2023-12-24 06:05:00+00:00,228.54,612.97,384.43,19.74,2.28
2023-12-24 07:05:00+00:00,261.43,809.44,548.01,22.1,4.48
2023-12-24 08:05:00+00:00,312.9,914.8299999999999,601.93,23.23,4.28
2023-12-24 09:05:00+00:00,187.86,1079.06,891.2,24.07,4.34
2023-12-24 10:05:00+00:00,208.48000000000002,1061.8200000000002,853.34,25.06,4.55
2023-12-24 11:05:00+00:00,164.08,1012.1700000000001,848.09,25.36,4.41
2023-12-24 12:05:00+00:00,244.59,801.11,556.52,24.54,4.41
2023-12-24 13:05:00+00:00,133.81,683.4000000000001,549.59,24.15,4.55
2023-12-24 14:05:00+00:00,112.39,435.77,323.38,22.41,4.62
2023-12-24 15:05:00+00:00,51.86,141.63,89.77,21.23,4.14
2023-12-24 16:05:00+00:00,0.0,0.0,0.0,20.19,2.69
2023-12-24 17:05:00+00:00,0.0,0.0,0.0,19.49,2.76
2023-12-24 18:05:00+00:00,0.0,0.0,0.0,18.78,2.69
2023-12-24 19:05:00+00:00,0.0,0.0,0.0,18.86,2.83
2023-12-24 20:05:00+00:00,0.0,0.0,0.0,18.24,2.41
2023-12-24 21:05:00+00:00,0.0,0.0,0.0,17.62,2.07
2023-12-24 22:05:00+00:00,0.0,0.0,0.0,17.23,1.86
2023-12-24 23:05:00+00:00,0.0,0.0,0.0,17.06,2.0
2023-12-25 00:05:00+00:00,0.0,0.0,0.0,16.74,1.66
2023-12-25 01:05:00+00:00,0.0,0.0,0.0,16.54,1.59
2023-12-25 02:05:00+00:00,0.0,0.0,0.0,16.33,1.45
2023-12-25 03:05:00+00:00,0.0,0.0,0.0,16.15,1.38
2023-12-25 04:05:00+00:00,23.639999999999997,23.639999999999997,0.0,16.01,1.31
2023-12-25 05:05:00+00:00,167.05,367.08000000000004,200.03,17.28,1.79
2023-12-25 06:05:00+00:00,250.84,277.2,26.36,19.96,2.69
2023-12-25 07:05:00+00:00,349.41,677.81,328.4,21.46,3.86
2023-12-25 08:05:00+00:00,298.29999999999995,924.06,625.76,22.9,3.86
2023-12-25 09:05:00+00:00,256.13,1031.6599999999999,775.53,24.33,4.0
2023-12-25 10:05:00+00:00,208.38,1059.35,850.97,24.48,4.21
2023-12-25 11:05:00+00:00,273.74,931.29,657.55,24.83,4.21
2023-12-25 12:05:00+00:00,145.49,879.55,734.06,24.96,4.14
2023-12-25 13:05:00+00:00,130.53,686.78,556.25,24.24,4.0
2023-12-25 14:05:00+00:00,110.13,438.42,328.29,24.06,4.48
2023-12-25 15:05:00+00:00,53.13,144.43,91.3,22.77,4.41
2023-12-25 16:05:00+00:00,0.0,0.0,0.0,21.26,3.38
2023-12-25 17:05:00+00:00,0.0,0.0,0.0,20.07,3.52
2023-12-25 18:05:00+00:00,0.0,0.0,0.0,19.29,3.31
2023-12-25 19:05:00+00:00,0.0,0.0,0.0,18.68,2.62
2023-12-25 20:05:00+00:00,0.0,0.0,0.0,18.2,2.55
2023-12-25 21:05:00+00:00,0.0,0.0,0.0,17.78,2.83
2023-12-25 22:05:00+00:00,0.0,0.0,0.0,17.31,2.14
2023-12-25 23:05:00+00:00,0.0,0.0,0.0,17.0,1.93
2023-12-26 00:05:00+00:00,0.0,0.0,0.0,16.66,1.93
2023-12-26 01:05:00+00:00,0.0,0.0,0.0,16.56,1.79
2023-12-26 02:05:00+00:00,0.0,0.0,0.0,16.42,1.79
2023-12-26 03:05:00+00:00,0.0,0.0,0.0,16.1,1.59
2023-12-26 04:05:00+00:00,8.51,8.51,0.0,16.14,2.0
2023-12-26 05:05:00+00:00,35.949999999999996,35.949999999999996,0.0,17.3,3.17
2023-12-26 06:05:00+00:00,57.71,57.71,0.0,19.41,4.62
2023-12-26 07:05:00+00:00,311.83,737.75,425.92,20.07,5.31
2023-12-26 08:05:00+00:00,424.75,732.71,307.96,21.74,5.52
2023-12-26 09:05:00+00:00,460.9,765.69,304.79,23.33,5.52
2023-12-26 10:05:00+00:00,272.44,272.44,0.0,24.38,5.45
2023-12-26 11:05:00+00:00,436.97,630.34,193.37,25.25,5.24
2023-12-26 12:05:00+00:00,294.09000000000003,740.73,446.64,24.08,5.59
2023-12-26 13:05:00+00:00,134.62,681.75,547.13,23.28,6.0
2023-12-26 14:05:00+00:00,156.42,344.96,188.54,22.41,5.93
2023-12-26 15:05:00+00:00,53.49,126.22,72.73,21.42,5.45
2023-12-26 16:05:00+00:00,0.0,0.0,0.0,20.19,4.55
2023-12-26 17:05:00+00:00,0.0,0.0,0.0,19.19,4.34
2023-12-26 18:05:00+00:00,0.0,0.0,0.0,18.45,4.28
2023-12-26 19:05:00+00:00,0.0,0.0,0.0,17.71,3.45
2023-12-26 20:05:00+00:00,0.0,0.0,0.0,17.23,3.03
2023-12-26 21:05:00+00:00,0.0,0.0,0.0,16.74,2.76
2023-12-26 22:05:00+00:00,0.0,0.0,0.0,16.4,2.48
2023-12-26 23:05:00+00:00,0.0,0.0,0.0,15.93,2.28
2023-12-27 00:05:00+00:00,0.0,0.0,0.0,15.66,2.07
2023-12-27 01:05:00+00:00,0.0,0.0,0.0,15.3,1.93
2023-12-27 02:05:00+00:00,0.0,0.0,0.0,14.96,1.86
2023-12-27 03:05:00+00:00,0.0,0.0,0.0,14.78,1.93
2023-12-27 04:05:00+00:00,9.46,9.46,0.0,14.79,2.0
2023-12-27 05:05:00+00:00,152.10000000000002,171.59000000000003,19.49,16.77,2.48
2023-12-27 06:05:00+00:00,281.48999999999995,488.89,207.4,19.41,4.55
2023-12-27 07:05:00+00:00,276.59999999999997,789.9099999999999,513.31,21.16,6.34
2023-12-27 08:05:00+00:00,201.41,1000.43,799.02,22.56,5.93
2023-12-27 09:05:00+00:00,168.12,1092.9099999999999,924.79,23.73,5.66
2023-12-27 10:05:00+00:00,154.63,1102.29,947.66,24.61,5.59
2023-12-27 11:05:00+00:00,210.64,986.93,776.29,25.21,5.45
2023-12-27 12:05:00+00:00,179.04000000000002,861.4000000000001,682.36,25.12,5.38
2023-12-27 13:05:00+00:00,150.5,672.8,522.3,24.71,5.17
2023-12-27 14:05:00+00:00,140.22,397.53999999999996,257.32,23.83,4.9
2023-12-27 15:05:00+00:00,49.47,81.71000000000001,32.24,22.6,4.48
2023-12-27 16:05:00+00:00,0.0,0.0,0.0,21.12,3.79
2023-12-27 17:05:00+00:00,0.0,0.0,0.0,19.92,3.45
2023-12-27 18:05:00+00:00,0.0,0.0,0.0,19.09,3.1
2023-12-27 19:05:00+00:00,0.0,0.0,0.0,18.35,2.48
2023-12-27 20:05:00+00:00,0.0,0.0,0.0,17.65,2.07
2023-12-27 21:05:00+00:00,0.0,0.0,0.0,16.95,1.72
2023-12-27 22:05:00+00:00,0.0,0.0,0.0,16.36,1.59
2023-12-27 23:05:00+00:00,0.0,0.0,0.0,15.77,1.45
2023-12-28 00:05:00+00:00,0.0,0.0,0.0,15.29,1.24
2023-12-28 01:05:00+00:00,0.0,0.0,0.0,14.82,1.03
2023-12-28 02:05:00+00:00,0.0,0.0,0.0,14.39,0.97
2023-12-28 03:05:00+00:00,0.0,0.0,0.0,14.17,0.76
2023-12-28 04:05:00+00:00,62.379999999999995,171.3,108.92,14.45,0.48
2023-12-28 05:05:00+00:00,113.80999999999999,465.05,351.24,17.21,0.55
2023-12-28 06:05:00+00:00,142.19,697.31,555.12,20.05,1.1
2023-12-28 07:05:00+00:00,157.1,888.85,731.75,22.48,2.07
2023-12-28 08:05:00+00:00,165.07,1023.48,858.41,24.39,2.28
2023-12-28 09:05:00+00:00,147.3,1110.21,962.91,25.94,2.55
2023-12-28 10:05:00+00:00,147.27,1107.29,960.02,26.91,2.83
2023-12-28 11:05:00+00:00,152.56,1028.18,875.62,27.35,3.1
2023-12-28 12:05:00+00:00,155.95,877.01,721.06,26.7,3.45
2023-12-28 13:05:00+00:00,180.05,646.22,466.17,25.7,3.72
2023-12-28 14:05:00+00:00,124.21000000000001,425.95000000000005,301.74,25.01,3.72
2023-12-28 15:05:00+00:00,54.63,152.74,98.11,23.75,3.72
2023-12-28 16:05:00+00:00,0.0,0.0,0.0,22.27,3.52
2023-12-28 17:05:00+00:00,0.0,0.0,0.0,20.99,3.45
2023-12-28 18:05:00+00:00,0.0,0.0,0.0,20.18,3.52
2023-12-28 19:05:00+00:00,0.0,0.0,0.0,19.2,3.24
2023-12-28 20:05:00+00:00,0.0,0.0,0.0,18.6,2.83
2023-12-28 21:05:00+00:00,0.0,0.0,0.0,18.1,2.14
2023-12-28 22:05:00+00:00,0.0,0.0,0.0,17.54,1.72
2023-12-28 23:05:00+00:00,0.0,0.0,0.0,17.22,1.38
2023-12-29 00:05:00+00:00,0.0,0.0,0.0,17.01,1.24
2023-12-29 01:05:00+00:00,0.0,0.0,0.0,16.61,1.1
2023-12-29 02:05:00+00:00,0.0,0.0,0.0,16.2,0.9
2023-12-29 03:05:00+00:00,0.0,0.0,0.0,15.98,0.83
2023-12-29 04:05:00+00:00,47.81,61.81,14.0,15.82,0.83
2023-12-29 05:05:00+00:00,166.86,352.39,185.53,17.85,1.38
2023-12-29 06:05:00+00:00,273.56,501.37,227.81,19.71,1.93
2023-12-29 07:05:00+00:00,342.45000000000005,684.1500000000001,341.7,21.65,2.14
2023-12-29 08:05:00+00:00,253.87,957.03,703.16,23.36,2.14
2023-12-29 09:05:00+00:00,306.3,989.97,683.67,24.34,2.28
2023-12-29 10:05:00+00:00,255.87,1027.3,771.43,25.05,2.48
2023-12-29 11:05:00+00:00,290.18,921.22,631.04,25.81,2.69
2023-12-29 12:05:00+00:00,170.37,862.68,692.31,25.58,3.03
2023-12-29 13:05:00+00:00,145.98999999999998,675.21,529.22,25.45,3.45
2023-12-29 14:05:00+00:00,116.95,434.69,317.74,24.83,4.0
2023-12-29 15:05:00+00:00,55.970000000000006,148.14000000000001,92.17,23.57,3.72
2023-12-29 16:05:00+00:00,0.0,0.0,0.0,22.22,3.38
2023-12-29 17:05:00+00:00,0.0,0.0,0.0,21.03,3.24
2023-12-29 18:05:00+00:00,0.0,0.0,0.0,20.08,3.03
2023-12-29 19:05:00+00:00,0.0,0.0,0.0,19.36,2.83
2023-12-29 20:05:00+00:00,0.0,0.0,0.0,18.77,2.55
2023-12-29 21:05:00+00:00,0.0,0.0,0.0,18.12,2.14
2023-12-29 22:05:00+00:00,0.0,0.0,0.0,17.73,2.0
2023-12-29 23:05:00+00:00,0.0,0.0,0.0,17.37,1.86
2023-12-30 00:05:00+00:00,0.0,0.0,0.0,17.09,1.79
2023-12-30 01:05:00+00:00,0.0,0.0,0.0,17.06,1.79
2023-12-30 02:05:00+00:00,0.0,0.0,0.0,16.99,1.79
2023-12-30 03:05:00+00:00,0.0,0.0,0.0,17.08,2.07
2023-12-30 04:05:00+00:00,17.029999999999998,17.029999999999998,0.0,17.03,1.59
2023-12-30 05:05:00+00:00,163.84,204.32,40.48,18.07,2.55
2023-12-30 06:05:00+00:00,275.59,347.52,71.93,20.33,2.97
2023-12-30 07:05:00+00:00,354.07,654.22,300.15,22.33,4.14
2023-12-30 08:05:00+00:00,317.02,899.66,582.64,23.8,4.07
2023-12-30 09:05:00+00:00,342.72,957.7,614.98,24.9,4.34
2023-12-30 10:05:00+00:00,348.27000000000004,949.44,601.17,25.64,4.41
2023-12-30 11:05:00+00:00,267.57,940.3599999999999,672.79,24.9,4.41
2023-12-30 12:05:00+00:00,257.77,793.55,535.78,25.82,4.69
2023-12-30 13:05:00+00:00,171.72,654.47,482.75,25.51,4.69
2023-12-30 14:05:00+00:00,112.92999999999999,443.75,330.82,24.81,4.76
2023-12-30 15:05:00+00:00,55.75,156.51,100.76,23.48,4.21
2023-12-30 16:05:00+00:00,0.0,0.0,0.0,22.02,3.93
2023-12-30 17:05:00+00:00,0.0,0.0,0.0,20.57,4.28
2023-12-30 18:05:00+00:00,0.0,0.0,0.0,19.29,3.86
2023-12-30 19:05:00+00:00,0.0,0.0,0.0,19.02,2.41
2023-12-30 20:05:00+00:00,0.0,0.0,0.0,18.4,1.86
2023-12-30 21:05:00+00:00,0.0,0.0,0.0,17.88,1.59
2023-12-30 22:05:00+00:00,0.0,0.0,0.0,17.7,1.79
2023-12-30 23:05:00+00:00,0.0,0.0,0.0,17.49,1.52
2023-12-31 00:05:00+00:00,0.0,0.0,0.0,17.26,1.31
2023-12-31 01:05:00+00:00,0.0,0.0,0.0,17.01,1.31
2023-12-31 02:05:00+00:00,0.0,0.0,0.0,16.74,1.1
2023-12-31 03:05:00+00:00,0.0,0.0,0.0,16.5,1.03
2023-12-31 04:05:00+00:00,13.25,13.25,0.0,16.4,0.76
2023-12-31 05:05:00+00:00,118.56,121.35000000000001,2.79,18.01,1.38
2023-12-31 06:05:00+00:00,271.05,503.58000000000004,232.53,20.03,1.59
2023-12-31 07:05:00+00:00,310.71000000000004,735.0,424.29,22.15,2.21
2023-12-31 08:05:00+00:00,268.63,944.06,675.43,23.65,2.34
2023-12-31 09:05:00+00:00,273.78000000000003,1017.49,743.71,24.98,2.69
2023-12-31 10:05:00+00:00,373.3,923.8900000000001,550.59,25.12,2.76
2023-12-31 11:05:00+00:00,211.25,984.13,772.88,25.14,2.9
2023-12-31 12:05:00+00:00,162.99,871.7,708.71,25.45,3.1
2023-12-31 13:05:00+00:00,141.72,683.61,541.89,25.38,3.03
2023-12-31 14:05:00+00:00,157.77,365.99,208.22,24.64,3.17
2023-12-31 15:05:00+00:00,56.15,179.53,123.38,23.41,2.41
2023-12-31 16:05:00+00:00,0.0,0.0,0.0,22.3,1.72
2023-12-31 17:05:00+00:00,0.0,0.0,0.0,21.16,1.79
2023-12-31 18:05:00+00:00,0.0,0.0,0.0,20.4,1.86
2023-12-31 19:05:00+00:00,0.0,0.0,0.0,19.91,1.52
2023-12-31 20:05:00+00:00,0.0,0.0,0.0,19.35,1.45
2023-12-31 21:05:00+00:00,0.0,0.0,0.0,18.62,1.45
2023-12-31 22:05:00+00:00,0.0,0.0,0.0,18.07,1.45
2023-12-31 23:05:00+00:00,0.0,0.0,0.0,17.76,1.17
